ISO-10303-21;
HEADER;
/* Generated by software containing ST-Developer
 * from STEP Tools, Inc. (www.steptools.com) 
 */

FILE_DESCRIPTION(
/* description */ (''),
/* implementation_level */ '2;1');

FILE_NAME(
/* name */ 'bottom half.step',
/* time_stamp */ '2026-06-18T22:58:32-04:00',
/* author */ (''),
/* organization */ (''),
/* preprocessor_version */ 'ST-DEVELOPER v20.1',
/* originating_system */ 'Autodesk Translation Framework v15.8.0.0',
/* authorisation */ '');

FILE_SCHEMA (('AUTOMOTIVE_DESIGN { 1 0 10303 214 3 1 1 }'));
ENDSEC;

DATA;
#10=MECHANICAL_DESIGN_GEOMETRIC_PRESENTATION_REPRESENTATION('',(#13),#19161);
#11=SHAPE_REPRESENTATION_RELATIONSHIP('SRR','None',#19168,#12);
#12=ADVANCED_BREP_SHAPE_REPRESENTATION('',(#14),#19160);
#13=STYLED_ITEM('',(#19178),#14);
#14=MANIFOLD_SOLID_BREP('Body1',#11272);
#15=CONICAL_SURFACE('',#11443,3.85089000361342,0.959931088596883);
#16=CONICAL_SURFACE('',#12109,3.8952461146952,0.959931088596883);
#17=CONICAL_SURFACE('',#12111,3.84339767322194,0.95993108859688);
#18=CONICAL_SURFACE('',#12116,4.09675158648068,0.959931088596881);
#19=CONICAL_SURFACE('',#12129,4.34100399920236,0.959931088596881);
#20=CONICAL_SURFACE('',#12132,4.78233992464749,0.959931088596882);
#21=CONICAL_SURFACE('',#12135,5.39318369164215,0.959931088596881);
#22=CONICAL_SURFACE('',#12138,6.03885843355674,0.959931088596883);
#23=CONICAL_SURFACE('',#12141,6.49785072596492,0.959931088596878);
#24=CONICAL_SURFACE('',#12143,6.25737139589167,0.95993108859688);
#25=CONICAL_SURFACE('',#12149,5.8304824322,0.959931088596879);
#26=CONICAL_SURFACE('',#12152,6.47697092141392,0.959931088596881);
#27=CONICAL_SURFACE('',#12154,5.98419556255993,0.959931088596883);
#28=CONICAL_SURFACE('',#12156,5.32304684992312,0.959931088596881);
#29=CONICAL_SURFACE('',#12158,5.33667133241652,0.959931088596885);
#30=CONICAL_SURFACE('',#12161,4.73873116770587,0.959931088596881);
#31=CONICAL_SURFACE('',#12170,4.62945494867683,0.959931088596881);
#32=CONICAL_SURFACE('',#12172,4.09275958224618,0.959931088596881);
#33=CONICAL_SURFACE('',#12175,4.05564603857433,0.959931088596879);
#34=CONICAL_SURFACE('',#12182,3.89660820899188,0.959931088596881);
#35=CONICAL_SURFACE('',#12188,5.20104093585151,0.95993108859688);
#36=CONICAL_SURFACE('',#12191,5.23021858608779,0.959931088596883);
#37=CONICAL_SURFACE('',#12192,5.50166295701782,0.959931088596877);
#38=CONICAL_SURFACE('',#12196,5.32492053661127,0.95993108859688);
#39=CONICAL_SURFACE('',#12197,6.54879740307468,0.959931088596886);
#40=CONICAL_SURFACE('',#12200,5.14541141271506,0.959931088596882);
#41=CONICAL_SURFACE('',#12202,5.39755779107947,0.959931088596882);
#42=CONICAL_SURFACE('',#12203,4.34318536452978,0.959931088596877);
#43=CONICAL_SURFACE('',#12207,3.80851500564895,0.959931088596882);
#44=CONICAL_SURFACE('',#12211,5.11836171458949,0.959931088596882);
#45=CONICAL_SURFACE('',#12214,5.30204107813404,0.959931088596881);
#46=CONICAL_SURFACE('',#12215,6.35434836435051,0.959931088596884);
#47=CONICAL_SURFACE('',#12218,5.39530771838025,0.959931088596885);
#48=CONICAL_SURFACE('',#12220,5.22147688413431,0.959931088596882);
#49=CONICAL_SURFACE('',#12222,5.6295410417394,0.959931088596881);
#50=CONICAL_SURFACE('',#12224,5.4724168106306,0.959931088596881);
#51=CONICAL_SURFACE('',#12225,3.89637174923727,0.95993108859688);
#52=CONICAL_SURFACE('',#12228,3.90565777758191,0.959931088596881);
#53=CONICAL_SURFACE('',#12232,5.26487412164072,0.959931088596883);
#54=CONICAL_SURFACE('',#12234,5.22664022007136,0.959931088596882);
#55=CONICAL_SURFACE('',#12236,5.38622539322663,0.959931088596881);
#56=CONICAL_SURFACE('',#12239,5.3394581033856,0.959931088596878);
#57=CONICAL_SURFACE('',#12241,5.12626149609235,0.959931088596881);
#58=CONICAL_SURFACE('',#12243,5.36307051044428,0.959931088596881);
#59=CONICAL_SURFACE('',#12244,3.79946441639259,0.959931088596881);
#60=CONICAL_SURFACE('',#12246,3.82804783076822,0.959931088596879);
#61=CONICAL_SURFACE('',#12250,5.17499935659959,0.95993108859688);
#62=CONICAL_SURFACE('',#12252,5.15967052065051,0.959931088596881);
#63=CONICAL_SURFACE('',#12254,5.31687752779297,0.95993108859688);
#64=CONICAL_SURFACE('',#12257,5.20299324319115,0.95993108859688);
#65=CONICAL_SURFACE('',#12258,5.46807646296178,0.959931088596881);
#66=(
BOUNDED_CURVE()
B_SPLINE_CURVE(2,(#16176,#16177,#16178),.UNSPECIFIED.,.F.,.F.)
B_SPLINE_CURVE_WITH_KNOTS((3,3),(0.370409615532928,0.370694120724781),
 .UNSPECIFIED.)
CURVE()
GEOMETRIC_REPRESENTATION_ITEM()
RATIONAL_B_SPLINE_CURVE((1.00017739753525,1.00008876689561,1.))
REPRESENTATION_ITEM('')
);
#67=(
BOUNDED_CURVE()
B_SPLINE_CURVE(2,(#16211,#16212,#16213),.UNSPECIFIED.,.F.,.F.)
B_SPLINE_CURVE_WITH_KNOTS((3,3),(0.,0.000435670963063531),.UNSPECIFIED.)
CURVE()
GEOMETRIC_REPRESENTATION_ITEM()
RATIONAL_B_SPLINE_CURVE((1.,1.00017086345007,1.00034146767558))
REPRESENTATION_ITEM('')
);
#68=B_SPLINE_CURVE_WITH_KNOTS('',3,(#15556,#15557,#15558,#15559,#15560,
#15561,#15562,#15563,#15564,#15565,#15566,#15567),.UNSPECIFIED.,.F.,.F.,
(4,2,2,2,2,4),(0.161267747659269,0.166325861205607,0.172547090703,0.192597974203644,
0.220952297679008,0.249307286450776),.UNSPECIFIED.);
#69=B_SPLINE_CURVE_WITH_KNOTS('',3,(#15577,#15578,#15579,#15580,#15581,
#15582,#15583,#15584,#15585,#15586,#15587,#15588),.UNSPECIFIED.,.F.,.F.,
(4,2,2,2,2,4),(0.063040757914951,0.0780891826045291,0.0937080742689637,
0.109346224898193,0.124968820854273,0.126081096366209),.UNSPECIFIED.);
#70=B_SPLINE_CURVE_WITH_KNOTS('',3,(#16255,#16256,#16257,#16258),
 .UNSPECIFIED.,.F.,.F.,(4,4),(-0.238961616862148,0.),.UNSPECIFIED.);
#71=B_SPLINE_CURVE_WITH_KNOTS('',3,(#16262,#16263,#16264,#16265),
 .UNSPECIFIED.,.F.,.F.,(4,4),(-0.238963715735537,0.),.UNSPECIFIED.);
#72=B_SPLINE_CURVE_WITH_KNOTS('',3,(#18391,#18392,#18393,#18394),
 .UNSPECIFIED.,.F.,.F.,(4,4),(0.,0.241823791729851),.UNSPECIFIED.);
#73=B_SPLINE_CURVE_WITH_KNOTS('',3,(#18395,#18396,#18397,#18398),
 .UNSPECIFIED.,.F.,.F.,(4,4),(0.,0.241349736245435),.UNSPECIFIED.);
#74=B_SPLINE_CURVE_WITH_KNOTS('',3,(#18401,#18402,#18403,#18404),
 .UNSPECIFIED.,.F.,.F.,(4,4),(-0.239083297240084,0.),.UNSPECIFIED.);
#75=B_SPLINE_CURVE_WITH_KNOTS('',3,(#18406,#18407,#18408,#18409),
 .UNSPECIFIED.,.F.,.F.,(4,4),(-0.238940430578571,0.),.UNSPECIFIED.);
#76=B_SPLINE_CURVE_WITH_KNOTS('',3,(#18411,#18412,#18413,#18414),
 .UNSPECIFIED.,.F.,.F.,(4,4),(-0.239282924619096,0.),.UNSPECIFIED.);
#77=B_SPLINE_CURVE_WITH_KNOTS('',3,(#18422,#18423,#18424,#18425),
 .UNSPECIFIED.,.F.,.F.,(4,4),(0.,0.239595654973821),.UNSPECIFIED.);
#78=B_SPLINE_CURVE_WITH_KNOTS('',3,(#18428,#18429,#18430,#18431),
 .UNSPECIFIED.,.F.,.F.,(4,4),(0.,0.239584286770278),.UNSPECIFIED.);
#79=B_SPLINE_CURVE_WITH_KNOTS('',3,(#18481,#18482,#18483,#18484),
 .UNSPECIFIED.,.F.,.F.,(4,4),(0.,0.240085834358562),.UNSPECIFIED.);
#80=B_SPLINE_CURVE_WITH_KNOTS('',3,(#18487,#18488,#18489,#18490),
 .UNSPECIFIED.,.F.,.F.,(4,4),(0.,0.240818822368603),.UNSPECIFIED.);
#81=B_SPLINE_CURVE_WITH_KNOTS('',3,(#18494,#18495,#18496,#18497),
 .UNSPECIFIED.,.F.,.F.,(4,4),(0.,0.240813233498686),.UNSPECIFIED.);
#82=B_SPLINE_CURVE_WITH_KNOTS('',3,(#18501,#18502,#18503,#18504),
 .UNSPECIFIED.,.F.,.F.,(4,4),(0.,0.241540226730528),.UNSPECIFIED.);
#83=B_SPLINE_CURVE_WITH_KNOTS('',3,(#18508,#18509,#18510,#18511),
 .UNSPECIFIED.,.F.,.F.,(4,4),(0.,0.241535558400259),.UNSPECIFIED.);
#84=B_SPLINE_CURVE_WITH_KNOTS('',3,(#18515,#18516,#18517,#18518),
 .UNSPECIFIED.,.F.,.F.,(4,4),(0.,0.242073676184666),.UNSPECIFIED.);
#85=B_SPLINE_CURVE_WITH_KNOTS('',3,(#18522,#18523,#18524,#18525),
 .UNSPECIFIED.,.F.,.F.,(4,4),(0.,0.242070774977192),.UNSPECIFIED.);
#86=B_SPLINE_CURVE_WITH_KNOTS('',3,(#18529,#18530,#18531,#18532),
 .UNSPECIFIED.,.F.,.F.,(4,4),(0.,0.242358930730114),.UNSPECIFIED.);
#87=B_SPLINE_CURVE_WITH_KNOTS('',3,(#18536,#18537,#18538,#18539),
 .UNSPECIFIED.,.F.,.F.,(4,4),(0.,0.242357474996916),.UNSPECIFIED.);
#88=B_SPLINE_CURVE_WITH_KNOTS('',3,(#18543,#18544,#18545,#18546,#18547,
#18548,#18549,#18550,#18551,#18552),.UNSPECIFIED.,.F.,.F.,(4,2,2,2,4),(0.,
0.0975502646118471,0.195100529223694,0.292650793835541,0.390201058447388),
 .UNSPECIFIED.);
#89=B_SPLINE_CURVE_WITH_KNOTS('',3,(#18554,#18555,#18556,#18557),
 .UNSPECIFIED.,.F.,.F.,(4,4),(0.,0.242217630147703),.UNSPECIFIED.);
#90=B_SPLINE_CURVE_WITH_KNOTS('',3,(#18564,#18565,#18566,#18567),
 .UNSPECIFIED.,.F.,.F.,(4,4),(0.,0.242119574140715),.UNSPECIFIED.);
#91=B_SPLINE_CURVE_WITH_KNOTS('',3,(#18574,#18575,#18576,#18577),
 .UNSPECIFIED.,.F.,.F.,(4,4),(0.,0.2419212666141),.UNSPECIFIED.);
#92=B_SPLINE_CURVE_WITH_KNOTS('',3,(#18581,#18582,#18583,#18584),
 .UNSPECIFIED.,.F.,.F.,(4,4),(0.,0.24191770594626),.UNSPECIFIED.);
#93=B_SPLINE_CURVE_WITH_KNOTS('',3,(#18588,#18589,#18590,#18591),
 .UNSPECIFIED.,.F.,.F.,(4,4),(0.,0.242276421405537),.UNSPECIFIED.);
#94=B_SPLINE_CURVE_WITH_KNOTS('',3,(#18595,#18596,#18597,#18598,#18599,
#18600,#18601,#18602,#18603,#18604),.UNSPECIFIED.,.F.,.F.,(4,2,2,2,4),(0.,
0.0942429426596089,0.188485885319218,0.282728827978827,0.376971770638436),
 .UNSPECIFIED.);
#95=B_SPLINE_CURVE_WITH_KNOTS('',3,(#18606,#18607,#18608,#18609),
 .UNSPECIFIED.,.F.,.F.,(4,4),(0.,0.242346944444405),.UNSPECIFIED.);
#96=B_SPLINE_CURVE_WITH_KNOTS('',3,(#18613,#18614,#18615,#18616,#18617,
#18618,#18619,#18620,#18621,#18622),.UNSPECIFIED.,.F.,.F.,(4,2,2,2,4),(0.,
0.10200355298243,0.204007105964861,0.306010658947291,0.408014211929722),
 .UNSPECIFIED.);
#97=B_SPLINE_CURVE_WITH_KNOTS('',3,(#18624,#18625,#18626,#18627),
 .UNSPECIFIED.,.F.,.F.,(4,4),(0.,0.242034410159604),.UNSPECIFIED.);
#98=B_SPLINE_CURVE_WITH_KNOTS('',3,(#18630,#18631,#18632,#18633,#18634,
#18635,#18636,#18637,#18638,#18639),.UNSPECIFIED.,.F.,.F.,(4,2,2,2,4),(0.,
0.114668828095909,0.229337656191817,0.344006484287726,0.458675312383635),
 .UNSPECIFIED.);
#99=B_SPLINE_CURVE_WITH_KNOTS('',3,(#18640,#18641,#18642,#18643),
 .UNSPECIFIED.,.F.,.F.,(4,4),(0.,0.241479306450248),.UNSPECIFIED.);
#100=B_SPLINE_CURVE_WITH_KNOTS('',3,(#18646,#18647,#18648,#18649),
 .UNSPECIFIED.,.F.,.F.,(4,4),(0.,0.241478303165972),.UNSPECIFIED.);
#101=B_SPLINE_CURVE_WITH_KNOTS('',3,(#18653,#18654,#18655,#18656),
 .UNSPECIFIED.,.F.,.F.,(4,4),(0.,0.241482778874055),.UNSPECIFIED.);
#102=B_SPLINE_CURVE_WITH_KNOTS('',3,(#18660,#18661,#18662,#18663),
 .UNSPECIFIED.,.F.,.F.,(4,4),(0.,0.240749503298346),.UNSPECIFIED.);
#103=B_SPLINE_CURVE_WITH_KNOTS('',3,(#18667,#18668,#18669,#18670),
 .UNSPECIFIED.,.F.,.F.,(4,4),(0.,0.240754858446266),.UNSPECIFIED.);
#104=B_SPLINE_CURVE_WITH_KNOTS('',3,(#18674,#18675,#18676,#18677),
 .UNSPECIFIED.,.F.,.F.,(4,4),(0.,0.24034903855914),.UNSPECIFIED.);
#105=B_SPLINE_CURVE_WITH_KNOTS('',3,(#18700,#18701,#18702,#18703),
 .UNSPECIFIED.,.F.,.F.,(4,4),(0.,0.242388466559855),.UNSPECIFIED.);
#106=B_SPLINE_CURVE_WITH_KNOTS('',3,(#18707,#18708,#18709,#18710,#18711,
#18712,#18713,#18714,#18715,#18716),.UNSPECIFIED.,.F.,.F.,(4,2,2,2,4),(0.,
0.131851553927286,0.263703107854573,0.395554661781859,0.527406215709145),
 .UNSPECIFIED.);
#107=B_SPLINE_CURVE_WITH_KNOTS('',3,(#18718,#18719,#18720,#18721),
 .UNSPECIFIED.,.F.,.F.,(4,4),(0.,0.240581851832009),.UNSPECIFIED.);
#108=B_SPLINE_CURVE_WITH_KNOTS('',3,(#18725,#18726,#18727,#18728,#18729,
#18730,#18731,#18732,#18733,#18734),.UNSPECIFIED.,.F.,.F.,(4,2,2,2,4),(0.,
0.149142856003763,0.298285712007527,0.44742856801129,0.596571424015053),
 .UNSPECIFIED.);
#109=B_SPLINE_CURVE_WITH_KNOTS('',3,(#18736,#18737,#18738,#18739),
 .UNSPECIFIED.,.F.,.F.,(4,4),(0.,0.239560354864209),.UNSPECIFIED.);
#110=B_SPLINE_CURVE_WITH_KNOTS('',3,(#18743,#18744,#18745,#18746),
 .UNSPECIFIED.,.F.,.F.,(4,4),(0.,0.239473878122315),.UNSPECIFIED.);
#111=B_SPLINE_CURVE_WITH_KNOTS('',3,(#18750,#18751,#18752,#18753),
 .UNSPECIFIED.,.F.,.F.,(4,4),(-0.270805498259879,0.),.UNSPECIFIED.);
#112=B_SPLINE_CURVE_WITH_KNOTS('',3,(#18768,#18769,#18770,#18771),
 .UNSPECIFIED.,.F.,.F.,(4,4),(-0.239087033691584,0.),.UNSPECIFIED.);
#113=B_SPLINE_CURVE_WITH_KNOTS('',3,(#18781,#18782,#18783,#18784),
 .UNSPECIFIED.,.F.,.F.,(4,4),(0.,0.24134632740196),.UNSPECIFIED.);
#114=B_SPLINE_CURVE_WITH_KNOTS('',3,(#18788,#18789,#18790,#18791),
 .UNSPECIFIED.,.F.,.F.,(4,4),(0.,0.241346512045432),.UNSPECIFIED.);
#115=B_SPLINE_CURVE_WITH_KNOTS('',3,(#18793,#18794,#18795,#18796),
 .UNSPECIFIED.,.F.,.F.,(4,4),(0.,0.241378445131279),.UNSPECIFIED.);
#116=B_SPLINE_CURVE_WITH_KNOTS('',3,(#18802,#18803,#18804,#18805),
 .UNSPECIFIED.,.F.,.F.,(4,4),(0.,0.241375458980883),.UNSPECIFIED.);
#117=B_SPLINE_CURVE_WITH_KNOTS('',3,(#18808,#18809,#18810,#18811,#18812,
#18813,#18814,#18815,#18816,#18817),.UNSPECIFIED.,.F.,.F.,(4,2,2,2,4),(0.,
0.110947586160113,0.221895172320227,0.33284275848034,0.443790344640453),
 .UNSPECIFIED.);
#118=B_SPLINE_CURVE_WITH_KNOTS('',3,(#18820,#18821,#18822,#18823),
 .UNSPECIFIED.,.F.,.F.,(4,4),(0.,0.241475848448319),.UNSPECIFIED.);
#119=B_SPLINE_CURVE_WITH_KNOTS('',3,(#18829,#18830,#18831,#18832),
 .UNSPECIFIED.,.F.,.F.,(4,4),(0.,0.241476320315759),.UNSPECIFIED.);
#120=B_SPLINE_CURVE_WITH_KNOTS('',3,(#18836,#18837,#18838,#18839),
 .UNSPECIFIED.,.F.,.F.,(4,4),(0.,0.241279883097121),.UNSPECIFIED.);
#121=B_SPLINE_CURVE_WITH_KNOTS('',3,(#18841,#18842,#18843,#18844),
 .UNSPECIFIED.,.F.,.F.,(4,4),(0.,0.241285886159899),.UNSPECIFIED.);
#122=B_SPLINE_CURVE_WITH_KNOTS('',3,(#18846,#18847,#18848,#18849),
 .UNSPECIFIED.,.F.,.F.,(4,4),(0.,0.241767590473453),.UNSPECIFIED.);
#123=B_SPLINE_CURVE_WITH_KNOTS('',3,(#18856,#18857,#18858,#18859),
 .UNSPECIFIED.,.F.,.F.,(4,4),(-0.23884050149975,0.),.UNSPECIFIED.);
#124=B_SPLINE_CURVE_WITH_KNOTS('',3,(#18864,#18865,#18866,#18867),
 .UNSPECIFIED.,.F.,.F.,(4,4),(0.,0.241255477428238),.UNSPECIFIED.);
#125=B_SPLINE_CURVE_WITH_KNOTS('',3,(#18871,#18872,#18873,#18874),
 .UNSPECIFIED.,.F.,.F.,(4,4),(0.,0.24125209780372),.UNSPECIFIED.);
#126=B_SPLINE_CURVE_WITH_KNOTS('',3,(#18876,#18877,#18878,#18879),
 .UNSPECIFIED.,.F.,.F.,(4,4),(0.,0.241454913383037),.UNSPECIFIED.);
#127=B_SPLINE_CURVE_WITH_KNOTS('',3,(#18885,#18886,#18887,#18888),
 .UNSPECIFIED.,.F.,.F.,(4,4),(0.,0.241451325120473),.UNSPECIFIED.);
#128=B_SPLINE_CURVE_WITH_KNOTS('',3,(#18892,#18893,#18894,#18895),
 .UNSPECIFIED.,.F.,.F.,(4,4),(0.,0.241546198761976),.UNSPECIFIED.);
#129=B_SPLINE_CURVE_WITH_KNOTS('',3,(#18897,#18898,#18899,#18900),
 .UNSPECIFIED.,.F.,.F.,(4,4),(0.,0.241547468858998),.UNSPECIFIED.);
#130=B_SPLINE_CURVE_WITH_KNOTS('',3,(#18902,#18903,#18904,#18905),
 .UNSPECIFIED.,.F.,.F.,(4,4),(0.,0.241365387074058),.UNSPECIFIED.);
#131=B_SPLINE_CURVE_WITH_KNOTS('',3,(#18907,#18908,#18909,#18910),
 .UNSPECIFIED.,.F.,.F.,(4,4),(0.,0.241370619089226),.UNSPECIFIED.);
#132=B_SPLINE_CURVE_WITH_KNOTS('',3,(#18912,#18913,#18914,#18915),
 .UNSPECIFIED.,.F.,.F.,(4,4),(0.,0.241833571261116),.UNSPECIFIED.);
#133=B_SPLINE_CURVE_WITH_KNOTS('',3,(#18920,#18921,#18922,#18923),
 .UNSPECIFIED.,.F.,.F.,(4,4),(-0.239087156927618,0.),.UNSPECIFIED.);
#134=B_SPLINE_CURVE_WITH_KNOTS('',3,(#18927,#18928,#18929,#18930),
 .UNSPECIFIED.,.F.,.F.,(4,4),(-0.239111612219246,0.),.UNSPECIFIED.);
#135=B_SPLINE_CURVE_WITH_KNOTS('',3,(#18938,#18939,#18940,#18941),
 .UNSPECIFIED.,.F.,.F.,(4,4),(0.,0.241415851320408),.UNSPECIFIED.);
#136=B_SPLINE_CURVE_WITH_KNOTS('',3,(#18943,#18944,#18945,#18946),
 .UNSPECIFIED.,.F.,.F.,(4,4),(0.,0.241416898083952),.UNSPECIFIED.);
#137=B_SPLINE_CURVE_WITH_KNOTS('',3,(#18948,#18949,#18950,#18951),
 .UNSPECIFIED.,.F.,.F.,(4,4),(0.,0.241375922494111),.UNSPECIFIED.);
#138=B_SPLINE_CURVE_WITH_KNOTS('',3,(#18953,#18954,#18955,#18956),
 .UNSPECIFIED.,.F.,.F.,(4,4),(0.,0.241372554859732),.UNSPECIFIED.);
#139=B_SPLINE_CURVE_WITH_KNOTS('',3,(#18958,#18959,#18960,#18961),
 .UNSPECIFIED.,.F.,.F.,(4,4),(0.,0.241539401154506),.UNSPECIFIED.);
#140=B_SPLINE_CURVE_WITH_KNOTS('',3,(#18963,#18964,#18965,#18966),
 .UNSPECIFIED.,.F.,.F.,(4,4),(0.,0.241536983086148),.UNSPECIFIED.);
#141=B_SPLINE_CURVE_WITH_KNOTS('',3,(#18970,#18971,#18972,#18973),
 .UNSPECIFIED.,.F.,.F.,(4,4),(0.,0.241489782139017),.UNSPECIFIED.);
#142=B_SPLINE_CURVE_WITH_KNOTS('',3,(#18975,#18976,#18977,#18978),
 .UNSPECIFIED.,.F.,.F.,(4,4),(0.,0.241492712191807),.UNSPECIFIED.);
#143=B_SPLINE_CURVE_WITH_KNOTS('',3,(#18980,#18981,#18982,#18983),
 .UNSPECIFIED.,.F.,.F.,(4,4),(0.,0.24125992776284),.UNSPECIFIED.);
#144=B_SPLINE_CURVE_WITH_KNOTS('',3,(#18985,#18986,#18987,#18988),
 .UNSPECIFIED.,.F.,.F.,(4,4),(0.,0.241264824184521),.UNSPECIFIED.);
#145=B_SPLINE_CURVE_WITH_KNOTS('',3,(#18990,#18991,#18992,#18993),
 .UNSPECIFIED.,.F.,.F.,(4,4),(0.,0.241713790577409),.UNSPECIFIED.);
#146=B_SPLINE_CURVE_WITH_KNOTS('',3,(#18996,#18997,#18998,#18999),
 .UNSPECIFIED.,.F.,.F.,(4,4),(-0.238814545623055,0.),.UNSPECIFIED.);
#147=B_SPLINE_CURVE_WITH_KNOTS('',3,(#19001,#19002,#19003,#19004),
 .UNSPECIFIED.,.F.,.F.,(4,4),(-0.238896915442721,0.),.UNSPECIFIED.);
#148=B_SPLINE_CURVE_WITH_KNOTS('',3,(#19012,#19013,#19014,#19015),
 .UNSPECIFIED.,.F.,.F.,(4,4),(0.,0.241317147300034),.UNSPECIFIED.);
#149=B_SPLINE_CURVE_WITH_KNOTS('',3,(#19017,#19018,#19019,#19020),
 .UNSPECIFIED.,.F.,.F.,(4,4),(0.,0.241318808356637),.UNSPECIFIED.);
#150=B_SPLINE_CURVE_WITH_KNOTS('',3,(#19022,#19023,#19024,#19025),
 .UNSPECIFIED.,.F.,.F.,(4,4),(0.,0.241301219243708),.UNSPECIFIED.);
#151=B_SPLINE_CURVE_WITH_KNOTS('',3,(#19027,#19028,#19029,#19030),
 .UNSPECIFIED.,.F.,.F.,(4,4),(0.,0.241297858929464),.UNSPECIFIED.);
#152=B_SPLINE_CURVE_WITH_KNOTS('',3,(#19032,#19033,#19034,#19035),
 .UNSPECIFIED.,.F.,.F.,(4,4),(0.,0.24146877694832),.UNSPECIFIED.);
#153=B_SPLINE_CURVE_WITH_KNOTS('',3,(#19037,#19038,#19039,#19040),
 .UNSPECIFIED.,.F.,.F.,(4,4),(0.,0.241466978347337),.UNSPECIFIED.);
#154=B_SPLINE_CURVE_WITH_KNOTS('',3,(#19042,#19043,#19044,#19045),
 .UNSPECIFIED.,.F.,.F.,(4,4),(0.,0.241343646882883),.UNSPECIFIED.);
#155=FACE_BOUND('',#3599,.T.);
#156=FACE_BOUND('',#3608,.T.);
#157=FACE_BOUND('',#3625,.T.);
#158=FACE_BOUND('',#3626,.T.);
#159=FACE_BOUND('',#3652,.T.);
#160=FACE_BOUND('',#3653,.T.);
#161=PLANE('',#11292);
#162=PLANE('',#11315);
#163=PLANE('',#11316);
#164=PLANE('',#11419);
#165=PLANE('',#11420);
#166=PLANE('',#11423);
#167=PLANE('',#11424);
#168=PLANE('',#11428);
#169=PLANE('',#11432);
#170=PLANE('',#11433);
#171=PLANE('',#11437);
#172=PLANE('',#11441);
#173=PLANE('',#11442);
#174=PLANE('',#11447);
#175=PLANE('',#11508);
#176=PLANE('',#11509);
#177=PLANE('',#11510);
#178=PLANE('',#11511);
#179=PLANE('',#11514);
#180=PLANE('',#11626);
#181=PLANE('',#11629);
#182=PLANE('',#11631);
#183=PLANE('',#11633);
#184=PLANE('',#11659);
#185=PLANE('',#11661);
#186=PLANE('',#11662);
#187=PLANE('',#11713);
#188=PLANE('',#11715);
#189=PLANE('',#11718);
#190=PLANE('',#11720);
#191=PLANE('',#11722);
#192=PLANE('',#11724);
#193=PLANE('',#11726);
#194=PLANE('',#11728);
#195=PLANE('',#11730);
#196=PLANE('',#11732);
#197=PLANE('',#11734);
#198=PLANE('',#11735);
#199=PLANE('',#11736);
#200=PLANE('',#11737);
#201=PLANE('',#11739);
#202=PLANE('',#11741);
#203=PLANE('',#11743);
#204=PLANE('',#11745);
#205=PLANE('',#11747);
#206=PLANE('',#11748);
#207=PLANE('',#11749);
#208=PLANE('',#11750);
#209=PLANE('',#11752);
#210=PLANE('',#11754);
#211=PLANE('',#11755);
#212=PLANE('',#11756);
#213=PLANE('',#11757);
#214=PLANE('',#11758);
#215=PLANE('',#11760);
#216=PLANE('',#11762);
#217=PLANE('',#11764);
#218=PLANE('',#11766);
#219=PLANE('',#11768);
#220=PLANE('',#11770);
#221=PLANE('',#11772);
#222=PLANE('',#11773);
#223=PLANE('',#11774);
#224=PLANE('',#11775);
#225=PLANE('',#11777);
#226=PLANE('',#11779);
#227=PLANE('',#11781);
#228=PLANE('',#11783);
#229=PLANE('',#11785);
#230=PLANE('',#11787);
#231=PLANE('',#11789);
#232=PLANE('',#11791);
#233=PLANE('',#11793);
#234=PLANE('',#11795);
#235=PLANE('',#11797);
#236=PLANE('',#11799);
#237=PLANE('',#11801);
#238=PLANE('',#11803);
#239=PLANE('',#11804);
#240=PLANE('',#11805);
#241=PLANE('',#11806);
#242=PLANE('',#11807);
#243=PLANE('',#11808);
#244=PLANE('',#11809);
#245=PLANE('',#11810);
#246=PLANE('',#11811);
#247=PLANE('',#11812);
#248=PLANE('',#11813);
#249=PLANE('',#11815);
#250=PLANE('',#11816);
#251=PLANE('',#11817);
#252=PLANE('',#11819);
#253=PLANE('',#11821);
#254=PLANE('',#11823);
#255=PLANE('',#11824);
#256=PLANE('',#11825);
#257=PLANE('',#11827);
#258=PLANE('',#11829);
#259=PLANE('',#11831);
#260=PLANE('',#11833);
#261=PLANE('',#11835);
#262=PLANE('',#11837);
#263=PLANE('',#11839);
#264=PLANE('',#11840);
#265=PLANE('',#11841);
#266=PLANE('',#11843);
#267=PLANE('',#11845);
#268=PLANE('',#11847);
#269=PLANE('',#11849);
#270=PLANE('',#11851);
#271=PLANE('',#11853);
#272=PLANE('',#11855);
#273=PLANE('',#11857);
#274=PLANE('',#11858);
#275=PLANE('',#11859);
#276=PLANE('',#11860);
#277=PLANE('',#11861);
#278=PLANE('',#11862);
#279=PLANE('',#11863);
#280=PLANE('',#11866);
#281=PLANE('',#11869);
#282=PLANE('',#11872);
#283=PLANE('',#11875);
#284=PLANE('',#11878);
#285=PLANE('',#11881);
#286=PLANE('',#11884);
#287=PLANE('',#11885);
#288=PLANE('',#11886);
#289=PLANE('',#11889);
#290=PLANE('',#11892);
#291=PLANE('',#11895);
#292=PLANE('',#11898);
#293=PLANE('',#11901);
#294=PLANE('',#11904);
#295=PLANE('',#11907);
#296=PLANE('',#11910);
#297=PLANE('',#11911);
#298=PLANE('',#11912);
#299=PLANE('',#11915);
#300=PLANE('',#11918);
#301=PLANE('',#11921);
#302=PLANE('',#11924);
#303=PLANE('',#11927);
#304=PLANE('',#11930);
#305=PLANE('',#11933);
#306=PLANE('',#11936);
#307=PLANE('',#11939);
#308=PLANE('',#11940);
#309=PLANE('',#11941);
#310=PLANE('',#11942);
#311=PLANE('',#11945);
#312=PLANE('',#11948);
#313=PLANE('',#11951);
#314=PLANE('',#11955);
#315=PLANE('',#11957);
#316=PLANE('',#11958);
#317=PLANE('',#11959);
#318=PLANE('',#11960);
#319=PLANE('',#11962);
#320=PLANE('',#11964);
#321=PLANE('',#11966);
#322=PLANE('',#11967);
#323=PLANE('',#11968);
#324=PLANE('',#11970);
#325=PLANE('',#11971);
#326=PLANE('',#11972);
#327=PLANE('',#11973);
#328=PLANE('',#11974);
#329=PLANE('',#11975);
#330=PLANE('',#11976);
#331=PLANE('',#11977);
#332=PLANE('',#11978);
#333=PLANE('',#11979);
#334=PLANE('',#11980);
#335=PLANE('',#11982);
#336=PLANE('',#11984);
#337=PLANE('',#11986);
#338=PLANE('',#11988);
#339=PLANE('',#11990);
#340=PLANE('',#11992);
#341=PLANE('',#11994);
#342=PLANE('',#11996);
#343=PLANE('',#11998);
#344=PLANE('',#12000);
#345=PLANE('',#12002);
#346=PLANE('',#12004);
#347=PLANE('',#12006);
#348=PLANE('',#12008);
#349=PLANE('',#12009);
#350=PLANE('',#12010);
#351=PLANE('',#12011);
#352=PLANE('',#12013);
#353=PLANE('',#12015);
#354=PLANE('',#12017);
#355=PLANE('',#12019);
#356=PLANE('',#12021);
#357=PLANE('',#12023);
#358=PLANE('',#12025);
#359=PLANE('',#12026);
#360=PLANE('',#12029);
#361=PLANE('',#12030);
#362=PLANE('',#12031);
#363=PLANE('',#12032);
#364=PLANE('',#12035);
#365=PLANE('',#12037);
#366=PLANE('',#12038);
#367=PLANE('',#12039);
#368=PLANE('',#12040);
#369=PLANE('',#12041);
#370=PLANE('',#12043);
#371=PLANE('',#12044);
#372=PLANE('',#12045);
#373=PLANE('',#12046);
#374=PLANE('',#12048);
#375=PLANE('',#12050);
#376=PLANE('',#12052);
#377=PLANE('',#12054);
#378=PLANE('',#12056);
#379=PLANE('',#12057);
#380=PLANE('',#12058);
#381=PLANE('',#12059);
#382=PLANE('',#12061);
#383=PLANE('',#12063);
#384=PLANE('',#12065);
#385=PLANE('',#12067);
#386=PLANE('',#12069);
#387=PLANE('',#12071);
#388=PLANE('',#12073);
#389=PLANE('',#12075);
#390=PLANE('',#12077);
#391=PLANE('',#12078);
#392=PLANE('',#12079);
#393=PLANE('',#12081);
#394=PLANE('',#12083);
#395=PLANE('',#12085);
#396=PLANE('',#12087);
#397=PLANE('',#12089);
#398=PLANE('',#12091);
#399=PLANE('',#12093);
#400=PLANE('',#12095);
#401=PLANE('',#12096);
#402=PLANE('',#12097);
#403=PLANE('',#12099);
#404=PLANE('',#12101);
#405=PLANE('',#12103);
#406=PLANE('',#12105);
#407=PLANE('',#12107);
#408=PLANE('',#12108);
#409=PLANE('',#12110);
#410=PLANE('',#12112);
#411=PLANE('',#12113);
#412=PLANE('',#12114);
#413=PLANE('',#12115);
#414=PLANE('',#12118);
#415=PLANE('',#12119);
#416=PLANE('',#12120);
#417=PLANE('',#12121);
#418=PLANE('',#12122);
#419=PLANE('',#12123);
#420=PLANE('',#12124);
#421=PLANE('',#12125);
#422=PLANE('',#12126);
#423=PLANE('',#12127);
#424=PLANE('',#12128);
#425=PLANE('',#12131);
#426=PLANE('',#12134);
#427=PLANE('',#12137);
#428=PLANE('',#12140);
#429=PLANE('',#12145);
#430=PLANE('',#12146);
#431=PLANE('',#12147);
#432=PLANE('',#12148);
#433=PLANE('',#12151);
#434=PLANE('',#12157);
#435=PLANE('',#12160);
#436=PLANE('',#12163);
#437=PLANE('',#12164);
#438=PLANE('',#12165);
#439=PLANE('',#12166);
#440=PLANE('',#12167);
#441=PLANE('',#12168);
#442=PLANE('',#12169);
#443=PLANE('',#12174);
#444=PLANE('',#12177);
#445=PLANE('',#12178);
#446=PLANE('',#12179);
#447=PLANE('',#12180);
#448=PLANE('',#12181);
#449=PLANE('',#12183);
#450=PLANE('',#12184);
#451=PLANE('',#12185);
#452=PLANE('',#12186);
#453=PLANE('',#12187);
#454=PLANE('',#12189);
#455=PLANE('',#12190);
#456=PLANE('',#12194);
#457=PLANE('',#12195);
#458=PLANE('',#12199);
#459=PLANE('',#12201);
#460=PLANE('',#12205);
#461=PLANE('',#12206);
#462=PLANE('',#12208);
#463=PLANE('',#12209);
#464=PLANE('',#12210);
#465=PLANE('',#12212);
#466=PLANE('',#12213);
#467=PLANE('',#12217);
#468=PLANE('',#12219);
#469=PLANE('',#12221);
#470=PLANE('',#12226);
#471=PLANE('',#12227);
#472=PLANE('',#12229);
#473=PLANE('',#12230);
#474=PLANE('',#12231);
#475=PLANE('',#12233);
#476=PLANE('',#12235);
#477=PLANE('',#12237);
#478=PLANE('',#12238);
#479=PLANE('',#12240);
#480=PLANE('',#12242);
#481=PLANE('',#12245);
#482=PLANE('',#12247);
#483=PLANE('',#12248);
#484=PLANE('',#12249);
#485=PLANE('',#12251);
#486=PLANE('',#12253);
#487=PLANE('',#12255);
#488=PLANE('',#12256);
#489=PLANE('',#12260);
#490=PLANE('',#12261);
#491=PLANE('',#12262);
#492=PLANE('',#12263);
#493=PLANE('',#12264);
#494=PLANE('',#12265);
#495=PLANE('',#12266);
#496=PLANE('',#12267);
#497=PLANE('',#12268);
#498=PLANE('',#12269);
#499=PLANE('',#12270);
#500=PLANE('',#12272);
#501=PLANE('',#12274);
#502=PLANE('',#12276);
#503=PLANE('',#12278);
#504=PLANE('',#12280);
#505=PLANE('',#12282);
#506=PLANE('',#12284);
#507=PLANE('',#12286);
#508=PLANE('',#12288);
#509=PLANE('',#12290);
#510=PLANE('',#12292);
#511=PLANE('',#12294);
#512=PLANE('',#12296);
#513=PLANE('',#12298);
#514=PLANE('',#12299);
#515=PLANE('',#12300);
#516=PLANE('',#12301);
#517=PLANE('',#12303);
#518=PLANE('',#12305);
#519=PLANE('',#12307);
#520=PLANE('',#12309);
#521=PLANE('',#12310);
#522=PLANE('',#12311);
#523=PLANE('',#12313);
#524=LINE('',#15525,#1668);
#525=LINE('',#15534,#1669);
#526=LINE('',#15538,#1670);
#527=LINE('',#15542,#1671);
#528=LINE('',#15546,#1672);
#529=LINE('',#15550,#1673);
#530=LINE('',#15592,#1674);
#531=LINE('',#15595,#1675);
#532=LINE('',#15598,#1676);
#533=LINE('',#15602,#1677);
#534=LINE('',#15607,#1678);
#535=LINE('',#15609,#1679);
#536=LINE('',#15611,#1680);
#537=LINE('',#15613,#1681);
#538=LINE('',#15615,#1682);
#539=LINE('',#15616,#1683);
#540=LINE('',#15619,#1684);
#541=LINE('',#15621,#1685);
#542=LINE('',#15625,#1686);
#543=LINE('',#15629,#1687);
#544=LINE('',#15633,#1688);
#545=LINE('',#15637,#1689);
#546=LINE('',#15641,#1690);
#547=LINE('',#15645,#1691);
#548=LINE('',#15649,#1692);
#549=LINE('',#15651,#1693);
#550=LINE('',#15653,#1694);
#551=LINE('',#15654,#1695);
#552=LINE('',#15656,#1696);
#553=LINE('',#15658,#1697);
#554=LINE('',#15660,#1698);
#555=LINE('',#15664,#1699);
#556=LINE('',#15668,#1700);
#557=LINE('',#15670,#1701);
#558=LINE('',#15672,#1702);
#559=LINE('',#15674,#1703);
#560=LINE('',#15678,#1704);
#561=LINE('',#15682,#1705);
#562=LINE('',#15686,#1706);
#563=LINE('',#15690,#1707);
#564=LINE('',#15694,#1708);
#565=LINE('',#15696,#1709);
#566=LINE('',#15698,#1710);
#567=LINE('',#15700,#1711);
#568=LINE('',#15704,#1712);
#569=LINE('',#15708,#1713);
#570=LINE('',#15712,#1714);
#571=LINE('',#15716,#1715);
#572=LINE('',#15720,#1716);
#573=LINE('',#15724,#1717);
#574=LINE('',#15728,#1718);
#575=LINE('',#15732,#1719);
#576=LINE('',#15736,#1720);
#577=LINE('',#15738,#1721);
#578=LINE('',#15740,#1722);
#579=LINE('',#15744,#1723);
#580=LINE('',#15748,#1724);
#581=LINE('',#15752,#1725);
#582=LINE('',#15756,#1726);
#583=LINE('',#15760,#1727);
#584=LINE('',#15764,#1728);
#585=LINE('',#15768,#1729);
#586=LINE('',#15772,#1730);
#587=LINE('',#15774,#1731);
#588=LINE('',#15776,#1732);
#589=LINE('',#15780,#1733);
#590=LINE('',#15784,#1734);
#591=LINE('',#15788,#1735);
#592=LINE('',#15792,#1736);
#593=LINE('',#15796,#1737);
#594=LINE('',#15800,#1738);
#595=LINE('',#15804,#1739);
#596=LINE('',#15806,#1740);
#597=LINE('',#15808,#1741);
#598=LINE('',#15810,#1742);
#599=LINE('',#15814,#1743);
#600=LINE('',#15816,#1744);
#601=LINE('',#15818,#1745);
#602=LINE('',#15820,#1746);
#603=LINE('',#15822,#1747);
#604=LINE('',#15824,#1748);
#605=LINE('',#15826,#1749);
#606=LINE('',#15828,#1750);
#607=LINE('',#15830,#1751);
#608=LINE('',#15832,#1752);
#609=LINE('',#15834,#1753);
#610=LINE('',#15838,#1754);
#611=LINE('',#15842,#1755);
#612=LINE('',#15846,#1756);
#613=LINE('',#15850,#1757);
#614=LINE('',#15854,#1758);
#615=LINE('',#15858,#1759);
#616=LINE('',#15862,#1760);
#617=LINE('',#15864,#1761);
#618=LINE('',#15866,#1762);
#619=LINE('',#15870,#1763);
#620=LINE('',#15874,#1764);
#621=LINE('',#15878,#1765);
#622=LINE('',#15882,#1766);
#623=LINE('',#15886,#1767);
#624=LINE('',#15890,#1768);
#625=LINE('',#15894,#1769);
#626=LINE('',#15896,#1770);
#627=LINE('',#15898,#1771);
#628=LINE('',#15900,#1772);
#629=LINE('',#15902,#1773);
#630=LINE('',#15904,#1774);
#631=LINE('',#15906,#1775);
#632=LINE('',#15908,#1776);
#633=LINE('',#15910,#1777);
#634=LINE('',#15912,#1778);
#635=LINE('',#15914,#1779);
#636=LINE('',#15918,#1780);
#637=LINE('',#15920,#1781);
#638=LINE('',#15922,#1782);
#639=LINE('',#15926,#1783);
#640=LINE('',#15930,#1784);
#641=LINE('',#15934,#1785);
#642=LINE('',#15936,#1786);
#643=LINE('',#15938,#1787);
#644=LINE('',#15942,#1788);
#645=LINE('',#15946,#1789);
#646=LINE('',#15950,#1790);
#647=LINE('',#15954,#1791);
#648=LINE('',#15958,#1792);
#649=LINE('',#15962,#1793);
#650=LINE('',#15966,#1794);
#651=LINE('',#15968,#1795);
#652=LINE('',#15970,#1796);
#653=LINE('',#15974,#1797);
#654=LINE('',#15978,#1798);
#655=LINE('',#15982,#1799);
#656=LINE('',#15986,#1800);
#657=LINE('',#15990,#1801);
#658=LINE('',#15994,#1802);
#659=LINE('',#15998,#1803);
#660=LINE('',#16002,#1804);
#661=LINE('',#16004,#1805);
#662=LINE('',#16006,#1806);
#663=LINE('',#16010,#1807);
#664=LINE('',#16014,#1808);
#665=LINE('',#16018,#1809);
#666=LINE('',#16022,#1810);
#667=LINE('',#16026,#1811);
#668=LINE('',#16030,#1812);
#669=LINE('',#16034,#1813);
#670=LINE('',#16038,#1814);
#671=LINE('',#16042,#1815);
#672=LINE('',#16044,#1816);
#673=LINE('',#16046,#1817);
#674=LINE('',#16048,#1818);
#675=LINE('',#16052,#1819);
#676=LINE('',#16056,#1820);
#677=LINE('',#16060,#1821);
#678=LINE('',#16064,#1822);
#679=LINE('',#16068,#1823);
#680=LINE('',#16070,#1824);
#681=LINE('',#16072,#1825);
#682=LINE('',#16074,#1826);
#683=LINE('',#16078,#1827);
#684=LINE('',#16082,#1828);
#685=LINE('',#16084,#1829);
#686=LINE('',#16086,#1830);
#687=LINE('',#16088,#1831);
#688=LINE('',#16090,#1832);
#689=LINE('',#16094,#1833);
#690=LINE('',#16098,#1834);
#691=LINE('',#16102,#1835);
#692=LINE('',#16106,#1836);
#693=LINE('',#16110,#1837);
#694=LINE('',#16114,#1838);
#695=LINE('',#16118,#1839);
#696=LINE('',#16120,#1840);
#697=LINE('',#16122,#1841);
#698=LINE('',#16124,#1842);
#699=LINE('',#16128,#1843);
#700=LINE('',#16132,#1844);
#701=LINE('',#16136,#1845);
#702=LINE('',#16140,#1846);
#703=LINE('',#16144,#1847);
#704=LINE('',#16148,#1848);
#705=LINE('',#16152,#1849);
#706=LINE('',#16153,#1850);
#707=LINE('',#16156,#1851);
#708=LINE('',#16158,#1852);
#709=LINE('',#16159,#1853);
#710=LINE('',#16164,#1854);
#711=LINE('',#16167,#1855);
#712=LINE('',#16169,#1856);
#713=LINE('',#16171,#1857);
#714=LINE('',#16172,#1858);
#715=LINE('',#16180,#1859);
#716=LINE('',#16181,#1860);
#717=LINE('',#16185,#1861);
#718=LINE('',#16187,#1862);
#719=LINE('',#16189,#1863);
#720=LINE('',#16190,#1864);
#721=LINE('',#16195,#1865);
#722=LINE('',#16199,#1866);
#723=LINE('',#16201,#1867);
#724=LINE('',#16202,#1868);
#725=LINE('',#16207,#1869);
#726=LINE('',#16214,#1870);
#727=LINE('',#16217,#1871);
#728=LINE('',#16219,#1872);
#729=LINE('',#16220,#1873);
#730=LINE('',#16225,#1874);
#731=LINE('',#16229,#1875);
#732=LINE('',#16231,#1876);
#733=LINE('',#16232,#1877);
#734=LINE('',#16239,#1878);
#735=LINE('',#16241,#1879);
#736=LINE('',#16243,#1880);
#737=LINE('',#16244,#1881);
#738=LINE('',#16247,#1882);
#739=LINE('',#16249,#1883);
#740=LINE('',#16250,#1884);
#741=LINE('',#16269,#1885);
#742=LINE('',#16271,#1886);
#743=LINE('',#16273,#1887);
#744=LINE('',#16275,#1888);
#745=LINE('',#16277,#1889);
#746=LINE('',#16281,#1890);
#747=LINE('',#16285,#1891);
#748=LINE('',#16289,#1892);
#749=LINE('',#16291,#1893);
#750=LINE('',#16293,#1894);
#751=LINE('',#16297,#1895);
#752=LINE('',#16299,#1896);
#753=LINE('',#16301,#1897);
#754=LINE('',#16303,#1898);
#755=LINE('',#16305,#1899);
#756=LINE('',#16307,#1900);
#757=LINE('',#16309,#1901);
#758=LINE('',#16311,#1902);
#759=LINE('',#16313,#1903);
#760=LINE('',#16315,#1904);
#761=LINE('',#16317,#1905);
#762=LINE('',#16321,#1906);
#763=LINE('',#16325,#1907);
#764=LINE('',#16329,#1908);
#765=LINE('',#16333,#1909);
#766=LINE('',#16337,#1910);
#767=LINE('',#16341,#1911);
#768=LINE('',#16345,#1912);
#769=LINE('',#16347,#1913);
#770=LINE('',#16351,#1914);
#771=LINE('',#16355,#1915);
#772=LINE('',#16359,#1916);
#773=LINE('',#16363,#1917);
#774=LINE('',#16367,#1918);
#775=LINE('',#16371,#1919);
#776=LINE('',#16375,#1920);
#777=LINE('',#16377,#1921);
#778=LINE('',#16379,#1922);
#779=LINE('',#16381,#1923);
#780=LINE('',#16385,#1924);
#781=LINE('',#16389,#1925);
#782=LINE('',#16393,#1926);
#783=LINE('',#16397,#1927);
#784=LINE('',#16401,#1928);
#785=LINE('',#16405,#1929);
#786=LINE('',#16409,#1930);
#787=LINE('',#16411,#1931);
#788=LINE('',#16413,#1932);
#789=LINE('',#16415,#1933);
#790=LINE('',#16417,#1934);
#791=LINE('',#16419,#1935);
#792=LINE('',#16421,#1936);
#793=LINE('',#16425,#1937);
#794=LINE('',#16429,#1938);
#795=LINE('',#16431,#1939);
#796=LINE('',#16433,#1940);
#797=LINE('',#16435,#1941);
#798=LINE('',#16439,#1942);
#799=LINE('',#16443,#1943);
#800=LINE('',#16447,#1944);
#801=LINE('',#16451,#1945);
#802=LINE('',#16455,#1946);
#803=LINE('',#16457,#1947);
#804=LINE('',#16459,#1948);
#805=LINE('',#16461,#1949);
#806=LINE('',#16465,#1950);
#807=LINE('',#16469,#1951);
#808=LINE('',#16473,#1952);
#809=LINE('',#16477,#1953);
#810=LINE('',#16481,#1954);
#811=LINE('',#16485,#1955);
#812=LINE('',#16489,#1956);
#813=LINE('',#16493,#1957);
#814=LINE('',#16497,#1958);
#815=LINE('',#16499,#1959);
#816=LINE('',#16501,#1960);
#817=LINE('',#16505,#1961);
#818=LINE('',#16509,#1962);
#819=LINE('',#16513,#1963);
#820=LINE('',#16517,#1964);
#821=LINE('',#16521,#1965);
#822=LINE('',#16525,#1966);
#823=LINE('',#16529,#1967);
#824=LINE('',#16533,#1968);
#825=LINE('',#16535,#1969);
#826=LINE('',#16537,#1970);
#827=LINE('',#16541,#1971);
#828=LINE('',#16545,#1972);
#829=LINE('',#16549,#1973);
#830=LINE('',#16553,#1974);
#831=LINE('',#16557,#1975);
#832=LINE('',#16561,#1976);
#833=LINE('',#16565,#1977);
#834=LINE('',#16569,#1978);
#835=LINE('',#16573,#1979);
#836=LINE('',#16577,#1980);
#837=LINE('',#16581,#1981);
#838=LINE('',#16582,#1982);
#839=LINE('',#16585,#1983);
#840=LINE('',#16587,#1984);
#841=LINE('',#16588,#1985);
#842=LINE('',#16591,#1986);
#843=LINE('',#16592,#1987);
#844=LINE('',#16595,#1988);
#845=LINE('',#16596,#1989);
#846=LINE('',#16600,#1990);
#847=LINE('',#16603,#1991);
#848=LINE('',#16605,#1992);
#849=LINE('',#16609,#1993);
#850=LINE('',#16613,#1994);
#851=LINE('',#16617,#1995);
#852=LINE('',#16621,#1996);
#853=LINE('',#16625,#1997);
#854=LINE('',#16629,#1998);
#855=LINE('',#16633,#1999);
#856=LINE('',#16635,#2000);
#857=LINE('',#16637,#2001);
#858=LINE('',#16639,#2002);
#859=LINE('',#16643,#2003);
#860=LINE('',#16647,#2004);
#861=LINE('',#16651,#2005);
#862=LINE('',#16655,#2006);
#863=LINE('',#16659,#2007);
#864=LINE('',#16663,#2008);
#865=LINE('',#16667,#2009);
#866=LINE('',#16669,#2010);
#867=LINE('',#16671,#2011);
#868=LINE('',#16673,#2012);
#869=LINE('',#16675,#2013);
#870=LINE('',#16679,#2014);
#871=LINE('',#16683,#2015);
#872=LINE('',#16685,#2016);
#873=LINE('',#16687,#2017);
#874=LINE('',#16689,#2018);
#875=LINE('',#16693,#2019);
#876=LINE('',#16697,#2020);
#877=LINE('',#16701,#2021);
#878=LINE('',#16705,#2022);
#879=LINE('',#16709,#2023);
#880=LINE('',#16711,#2024);
#881=LINE('',#16713,#2025);
#882=LINE('',#16715,#2026);
#883=LINE('',#16719,#2027);
#884=LINE('',#16723,#2028);
#885=LINE('',#16727,#2029);
#886=LINE('',#16731,#2030);
#887=LINE('',#16735,#2031);
#888=LINE('',#16739,#2032);
#889=LINE('',#16743,#2033);
#890=LINE('',#16747,#2034);
#891=LINE('',#16751,#2035);
#892=LINE('',#16753,#2036);
#893=LINE('',#16755,#2037);
#894=LINE('',#16759,#2038);
#895=LINE('',#16763,#2039);
#896=LINE('',#16767,#2040);
#897=LINE('',#16771,#2041);
#898=LINE('',#16775,#2042);
#899=LINE('',#16779,#2043);
#900=LINE('',#16783,#2044);
#901=LINE('',#16787,#2045);
#902=LINE('',#16789,#2046);
#903=LINE('',#16791,#2047);
#904=LINE('',#16795,#2048);
#905=LINE('',#16799,#2049);
#906=LINE('',#16803,#2050);
#907=LINE('',#16807,#2051);
#908=LINE('',#16811,#2052);
#909=LINE('',#16815,#2053);
#910=LINE('',#16819,#2054);
#911=LINE('',#16821,#2055);
#912=LINE('',#16823,#2056);
#913=LINE('',#16827,#2057);
#914=LINE('',#16831,#2058);
#915=LINE('',#16835,#2059);
#916=LINE('',#16837,#2060);
#917=LINE('',#16839,#2061);
#918=LINE('',#16843,#2062);
#919=LINE('',#16845,#2063);
#920=LINE('',#16847,#2064);
#921=LINE('',#16849,#2065);
#922=LINE('',#16851,#2066);
#923=LINE('',#16853,#2067);
#924=LINE('',#16855,#2068);
#925=LINE('',#16857,#2069);
#926=LINE('',#16859,#2070);
#927=LINE('',#16861,#2071);
#928=LINE('',#16863,#2072);
#929=LINE('',#16867,#2073);
#930=LINE('',#16871,#2074);
#931=LINE('',#16875,#2075);
#932=LINE('',#16879,#2076);
#933=LINE('',#16883,#2077);
#934=LINE('',#16887,#2078);
#935=LINE('',#16890,#2079);
#936=LINE('',#16892,#2080);
#937=LINE('',#16896,#2081);
#938=LINE('',#16900,#2082);
#939=LINE('',#16904,#2083);
#940=LINE('',#16908,#2084);
#941=LINE('',#16912,#2085);
#942=LINE('',#16916,#2086);
#943=LINE('',#16920,#2087);
#944=LINE('',#16922,#2088);
#945=LINE('',#16924,#2089);
#946=LINE('',#16926,#2090);
#947=LINE('',#16928,#2091);
#948=LINE('',#16930,#2092);
#949=LINE('',#16932,#2093);
#950=LINE('',#16934,#2094);
#951=LINE('',#16936,#2095);
#952=LINE('',#16938,#2096);
#953=LINE('',#16940,#2097);
#954=LINE('',#16944,#2098);
#955=LINE('',#16946,#2099);
#956=LINE('',#16948,#2100);
#957=LINE('',#16952,#2101);
#958=LINE('',#16956,#2102);
#959=LINE('',#16960,#2103);
#960=LINE('',#16962,#2104);
#961=LINE('',#16964,#2105);
#962=LINE('',#16965,#2106);
#963=LINE('',#16969,#2107);
#964=LINE('',#16973,#2108);
#965=LINE('',#16977,#2109);
#966=LINE('',#16981,#2110);
#967=LINE('',#16985,#2111);
#968=LINE('',#16989,#2112);
#969=LINE('',#16993,#2113);
#970=LINE('',#16995,#2114);
#971=LINE('',#16997,#2115);
#972=LINE('',#17001,#2116);
#973=LINE('',#17005,#2117);
#974=LINE('',#17009,#2118);
#975=LINE('',#17013,#2119);
#976=LINE('',#17017,#2120);
#977=LINE('',#17021,#2121);
#978=LINE('',#17025,#2122);
#979=LINE('',#17029,#2123);
#980=LINE('',#17031,#2124);
#981=LINE('',#17033,#2125);
#982=LINE('',#17037,#2126);
#983=LINE('',#17041,#2127);
#984=LINE('',#17045,#2128);
#985=LINE('',#17049,#2129);
#986=LINE('',#17053,#2130);
#987=LINE('',#17057,#2131);
#988=LINE('',#17061,#2132);
#989=LINE('',#17065,#2133);
#990=LINE('',#17069,#2134);
#991=LINE('',#17071,#2135);
#992=LINE('',#17073,#2136);
#993=LINE('',#17075,#2137);
#994=LINE('',#17079,#2138);
#995=LINE('',#17083,#2139);
#996=LINE('',#17087,#2140);
#997=LINE('',#17091,#2141);
#998=LINE('',#17095,#2142);
#999=LINE('',#17097,#2143);
#1000=LINE('',#17099,#2144);
#1001=LINE('',#17101,#2145);
#1002=LINE('',#17104,#2146);
#1003=LINE('',#17106,#2147);
#1004=LINE('',#17108,#2148);
#1005=LINE('',#17110,#2149);
#1006=LINE('',#17112,#2150);
#1007=LINE('',#17116,#2151);
#1008=LINE('',#17120,#2152);
#1009=LINE('',#17124,#2153);
#1010=LINE('',#17128,#2154);
#1011=LINE('',#17132,#2155);
#1012=LINE('',#17136,#2156);
#1013=LINE('',#17140,#2157);
#1014=LINE('',#17142,#2158);
#1015=LINE('',#17144,#2159);
#1016=LINE('',#17146,#2160);
#1017=LINE('',#17150,#2161);
#1018=LINE('',#17154,#2162);
#1019=LINE('',#17158,#2163);
#1020=LINE('',#17162,#2164);
#1021=LINE('',#17166,#2165);
#1022=LINE('',#17170,#2166);
#1023=LINE('',#17174,#2167);
#1024=LINE('',#17175,#2168);
#1025=LINE('',#17177,#2169);
#1026=LINE('',#17178,#2170);
#1027=LINE('',#17180,#2171);
#1028=LINE('',#17184,#2172);
#1029=LINE('',#17187,#2173);
#1030=LINE('',#17189,#2174);
#1031=LINE('',#17191,#2175);
#1032=LINE('',#17194,#2176);
#1033=LINE('',#17200,#2177);
#1034=LINE('',#17203,#2178);
#1035=LINE('',#17214,#2179);
#1036=LINE('',#17215,#2180);
#1037=LINE('',#17226,#2181);
#1038=LINE('',#17227,#2182);
#1039=LINE('',#17238,#2183);
#1040=LINE('',#17239,#2184);
#1041=LINE('',#17244,#2185);
#1042=LINE('',#17245,#2186);
#1043=LINE('',#17247,#2187);
#1044=LINE('',#17249,#2188);
#1045=LINE('',#17251,#2189);
#1046=LINE('',#17254,#2190);
#1047=LINE('',#17256,#2191);
#1048=LINE('',#17258,#2192);
#1049=LINE('',#17260,#2193);
#1050=LINE('',#17264,#2194);
#1051=LINE('',#17268,#2195);
#1052=LINE('',#17272,#2196);
#1053=LINE('',#17276,#2197);
#1054=LINE('',#17280,#2198);
#1055=LINE('',#17282,#2199);
#1056=LINE('',#17284,#2200);
#1057=LINE('',#17286,#2201);
#1058=LINE('',#17290,#2202);
#1059=LINE('',#17294,#2203);
#1060=LINE('',#17298,#2204);
#1061=LINE('',#17302,#2205);
#1062=LINE('',#17306,#2206);
#1063=LINE('',#17310,#2207);
#1064=LINE('',#17314,#2208);
#1065=LINE('',#17316,#2209);
#1066=LINE('',#17320,#2210);
#1067=LINE('',#17324,#2211);
#1068=LINE('',#17328,#2212);
#1069=LINE('',#17332,#2213);
#1070=LINE('',#17336,#2214);
#1071=LINE('',#17340,#2215);
#1072=LINE('',#17344,#2216);
#1073=LINE('',#17346,#2217);
#1074=LINE('',#17348,#2218);
#1075=LINE('',#17350,#2219);
#1076=LINE('',#17352,#2220);
#1077=LINE('',#17354,#2221);
#1078=LINE('',#17356,#2222);
#1079=LINE('',#17358,#2223);
#1080=LINE('',#17360,#2224);
#1081=LINE('',#17362,#2225);
#1082=LINE('',#17364,#2226);
#1083=LINE('',#17368,#2227);
#1084=LINE('',#17370,#2228);
#1085=LINE('',#17372,#2229);
#1086=LINE('',#17374,#2230);
#1087=LINE('',#17378,#2231);
#1088=LINE('',#17382,#2232);
#1089=LINE('',#17386,#2233);
#1090=LINE('',#17390,#2234);
#1091=LINE('',#17394,#2235);
#1092=LINE('',#17398,#2236);
#1093=LINE('',#17402,#2237);
#1094=LINE('',#17404,#2238);
#1095=LINE('',#17406,#2239);
#1096=LINE('',#17410,#2240);
#1097=LINE('',#17414,#2241);
#1098=LINE('',#17418,#2242);
#1099=LINE('',#17422,#2243);
#1100=LINE('',#17426,#2244);
#1101=LINE('',#17430,#2245);
#1102=LINE('',#17434,#2246);
#1103=LINE('',#17438,#2247);
#1104=LINE('',#17440,#2248);
#1105=LINE('',#17442,#2249);
#1106=LINE('',#17446,#2250);
#1107=LINE('',#17450,#2251);
#1108=LINE('',#17454,#2252);
#1109=LINE('',#17458,#2253);
#1110=LINE('',#17462,#2254);
#1111=LINE('',#17466,#2255);
#1112=LINE('',#17470,#2256);
#1113=LINE('',#17474,#2257);
#1114=LINE('',#17478,#2258);
#1115=LINE('',#17480,#2259);
#1116=LINE('',#17482,#2260);
#1117=LINE('',#17484,#2261);
#1118=LINE('',#17488,#2262);
#1119=LINE('',#17492,#2263);
#1120=LINE('',#17496,#2264);
#1121=LINE('',#17500,#2265);
#1122=LINE('',#17504,#2266);
#1123=LINE('',#17506,#2267);
#1124=LINE('',#17508,#2268);
#1125=LINE('',#17510,#2269);
#1126=LINE('',#17513,#2270);
#1127=LINE('',#17515,#2271);
#1128=LINE('',#17517,#2272);
#1129=LINE('',#17519,#2273);
#1130=LINE('',#17522,#2274);
#1131=LINE('',#17523,#2275);
#1132=LINE('',#17525,#2276);
#1133=LINE('',#17527,#2277);
#1134=LINE('',#17529,#2278);
#1135=LINE('',#17531,#2279);
#1136=LINE('',#17533,#2280);
#1137=LINE('',#17535,#2281);
#1138=LINE('',#17537,#2282);
#1139=LINE('',#17539,#2283);
#1140=LINE('',#17541,#2284);
#1141=LINE('',#17543,#2285);
#1142=LINE('',#17545,#2286);
#1143=LINE('',#17547,#2287);
#1144=LINE('',#17549,#2288);
#1145=LINE('',#17551,#2289);
#1146=LINE('',#17553,#2290);
#1147=LINE('',#17555,#2291);
#1148=LINE('',#17557,#2292);
#1149=LINE('',#17559,#2293);
#1150=LINE('',#17561,#2294);
#1151=LINE('',#17563,#2295);
#1152=LINE('',#17565,#2296);
#1153=LINE('',#17567,#2297);
#1154=LINE('',#17569,#2298);
#1155=LINE('',#17571,#2299);
#1156=LINE('',#17573,#2300);
#1157=LINE('',#17575,#2301);
#1158=LINE('',#17577,#2302);
#1159=LINE('',#17579,#2303);
#1160=LINE('',#17581,#2304);
#1161=LINE('',#17583,#2305);
#1162=LINE('',#17585,#2306);
#1163=LINE('',#17587,#2307);
#1164=LINE('',#17589,#2308);
#1165=LINE('',#17591,#2309);
#1166=LINE('',#17593,#2310);
#1167=LINE('',#17595,#2311);
#1168=LINE('',#17597,#2312);
#1169=LINE('',#17599,#2313);
#1170=LINE('',#17601,#2314);
#1171=LINE('',#17603,#2315);
#1172=LINE('',#17605,#2316);
#1173=LINE('',#17607,#2317);
#1174=LINE('',#17609,#2318);
#1175=LINE('',#17611,#2319);
#1176=LINE('',#17613,#2320);
#1177=LINE('',#17615,#2321);
#1178=LINE('',#17617,#2322);
#1179=LINE('',#17619,#2323);
#1180=LINE('',#17621,#2324);
#1181=LINE('',#17623,#2325);
#1182=LINE('',#17625,#2326);
#1183=LINE('',#17627,#2327);
#1184=LINE('',#17629,#2328);
#1185=LINE('',#17631,#2329);
#1186=LINE('',#17633,#2330);
#1187=LINE('',#17635,#2331);
#1188=LINE('',#17637,#2332);
#1189=LINE('',#17639,#2333);
#1190=LINE('',#17641,#2334);
#1191=LINE('',#17643,#2335);
#1192=LINE('',#17645,#2336);
#1193=LINE('',#17647,#2337);
#1194=LINE('',#17649,#2338);
#1195=LINE('',#17651,#2339);
#1196=LINE('',#17653,#2340);
#1197=LINE('',#17655,#2341);
#1198=LINE('',#17657,#2342);
#1199=LINE('',#17659,#2343);
#1200=LINE('',#17661,#2344);
#1201=LINE('',#17663,#2345);
#1202=LINE('',#17665,#2346);
#1203=LINE('',#17668,#2347);
#1204=LINE('',#17670,#2348);
#1205=LINE('',#17672,#2349);
#1206=LINE('',#17674,#2350);
#1207=LINE('',#17676,#2351);
#1208=LINE('',#17678,#2352);
#1209=LINE('',#17680,#2353);
#1210=LINE('',#17682,#2354);
#1211=LINE('',#17684,#2355);
#1212=LINE('',#17686,#2356);
#1213=LINE('',#17688,#2357);
#1214=LINE('',#17690,#2358);
#1215=LINE('',#17692,#2359);
#1216=LINE('',#17694,#2360);
#1217=LINE('',#17696,#2361);
#1218=LINE('',#17698,#2362);
#1219=LINE('',#17700,#2363);
#1220=LINE('',#17702,#2364);
#1221=LINE('',#17704,#2365);
#1222=LINE('',#17706,#2366);
#1223=LINE('',#17708,#2367);
#1224=LINE('',#17710,#2368);
#1225=LINE('',#17712,#2369);
#1226=LINE('',#17714,#2370);
#1227=LINE('',#17716,#2371);
#1228=LINE('',#17718,#2372);
#1229=LINE('',#17720,#2373);
#1230=LINE('',#17722,#2374);
#1231=LINE('',#17724,#2375);
#1232=LINE('',#17726,#2376);
#1233=LINE('',#17728,#2377);
#1234=LINE('',#17730,#2378);
#1235=LINE('',#17732,#2379);
#1236=LINE('',#17734,#2380);
#1237=LINE('',#17736,#2381);
#1238=LINE('',#17738,#2382);
#1239=LINE('',#17740,#2383);
#1240=LINE('',#17742,#2384);
#1241=LINE('',#17744,#2385);
#1242=LINE('',#17746,#2386);
#1243=LINE('',#17748,#2387);
#1244=LINE('',#17750,#2388);
#1245=LINE('',#17752,#2389);
#1246=LINE('',#17754,#2390);
#1247=LINE('',#17756,#2391);
#1248=LINE('',#17758,#2392);
#1249=LINE('',#17760,#2393);
#1250=LINE('',#17762,#2394);
#1251=LINE('',#17764,#2395);
#1252=LINE('',#17766,#2396);
#1253=LINE('',#17768,#2397);
#1254=LINE('',#17770,#2398);
#1255=LINE('',#17772,#2399);
#1256=LINE('',#17774,#2400);
#1257=LINE('',#17776,#2401);
#1258=LINE('',#17778,#2402);
#1259=LINE('',#17780,#2403);
#1260=LINE('',#17782,#2404);
#1261=LINE('',#17784,#2405);
#1262=LINE('',#17786,#2406);
#1263=LINE('',#17788,#2407);
#1264=LINE('',#17790,#2408);
#1265=LINE('',#17792,#2409);
#1266=LINE('',#17794,#2410);
#1267=LINE('',#17796,#2411);
#1268=LINE('',#17798,#2412);
#1269=LINE('',#17800,#2413);
#1270=LINE('',#17802,#2414);
#1271=LINE('',#17804,#2415);
#1272=LINE('',#17808,#2416);
#1273=LINE('',#17810,#2417);
#1274=LINE('',#17811,#2418);
#1275=LINE('',#17814,#2419);
#1276=LINE('',#17815,#2420);
#1277=LINE('',#17818,#2421);
#1278=LINE('',#17819,#2422);
#1279=LINE('',#17822,#2423);
#1280=LINE('',#17823,#2424);
#1281=LINE('',#17826,#2425);
#1282=LINE('',#17830,#2426);
#1283=LINE('',#17831,#2427);
#1284=LINE('',#17834,#2428);
#1285=LINE('',#17838,#2429);
#1286=LINE('',#17839,#2430);
#1287=LINE('',#17842,#2431);
#1288=LINE('',#17846,#2432);
#1289=LINE('',#17847,#2433);
#1290=LINE('',#17850,#2434);
#1291=LINE('',#17854,#2435);
#1292=LINE('',#17855,#2436);
#1293=LINE('',#17858,#2437);
#1294=LINE('',#17862,#2438);
#1295=LINE('',#17863,#2439);
#1296=LINE('',#17866,#2440);
#1297=LINE('',#17870,#2441);
#1298=LINE('',#17871,#2442);
#1299=LINE('',#17874,#2443);
#1300=LINE('',#17878,#2444);
#1301=LINE('',#17879,#2445);
#1302=LINE('',#17882,#2446);
#1303=LINE('',#17883,#2447);
#1304=LINE('',#17886,#2448);
#1305=LINE('',#17887,#2449);
#1306=LINE('',#17890,#2450);
#1307=LINE('',#17894,#2451);
#1308=LINE('',#17895,#2452);
#1309=LINE('',#17898,#2453);
#1310=LINE('',#17902,#2454);
#1311=LINE('',#17903,#2455);
#1312=LINE('',#17906,#2456);
#1313=LINE('',#17910,#2457);
#1314=LINE('',#17911,#2458);
#1315=LINE('',#17914,#2459);
#1316=LINE('',#17918,#2460);
#1317=LINE('',#17919,#2461);
#1318=LINE('',#17922,#2462);
#1319=LINE('',#17926,#2463);
#1320=LINE('',#17927,#2464);
#1321=LINE('',#17930,#2465);
#1322=LINE('',#17934,#2466);
#1323=LINE('',#17935,#2467);
#1324=LINE('',#17938,#2468);
#1325=LINE('',#17942,#2469);
#1326=LINE('',#17943,#2470);
#1327=LINE('',#17946,#2471);
#1328=LINE('',#17950,#2472);
#1329=LINE('',#17951,#2473);
#1330=LINE('',#17954,#2474);
#1331=LINE('',#17955,#2475);
#1332=LINE('',#17958,#2476);
#1333=LINE('',#17959,#2477);
#1334=LINE('',#17962,#2478);
#1335=LINE('',#17966,#2479);
#1336=LINE('',#17967,#2480);
#1337=LINE('',#17970,#2481);
#1338=LINE('',#17974,#2482);
#1339=LINE('',#17975,#2483);
#1340=LINE('',#17978,#2484);
#1341=LINE('',#17982,#2485);
#1342=LINE('',#17983,#2486);
#1343=LINE('',#17986,#2487);
#1344=LINE('',#17990,#2488);
#1345=LINE('',#17991,#2489);
#1346=LINE('',#17994,#2490);
#1347=LINE('',#17998,#2491);
#1348=LINE('',#17999,#2492);
#1349=LINE('',#18002,#2493);
#1350=LINE('',#18006,#2494);
#1351=LINE('',#18007,#2495);
#1352=LINE('',#18010,#2496);
#1353=LINE('',#18014,#2497);
#1354=LINE('',#18015,#2498);
#1355=LINE('',#18018,#2499);
#1356=LINE('',#18022,#2500);
#1357=LINE('',#18023,#2501);
#1358=LINE('',#18026,#2502);
#1359=LINE('',#18030,#2503);
#1360=LINE('',#18031,#2504);
#1361=LINE('',#18034,#2505);
#1362=LINE('',#18035,#2506);
#1363=LINE('',#18038,#2507);
#1364=LINE('',#18039,#2508);
#1365=LINE('',#18042,#2509);
#1366=LINE('',#18043,#2510);
#1367=LINE('',#18046,#2511);
#1368=LINE('',#18050,#2512);
#1369=LINE('',#18051,#2513);
#1370=LINE('',#18054,#2514);
#1371=LINE('',#18058,#2515);
#1372=LINE('',#18059,#2516);
#1373=LINE('',#18062,#2517);
#1374=LINE('',#18066,#2518);
#1375=LINE('',#18067,#2519);
#1376=LINE('',#18070,#2520);
#1377=LINE('',#18073,#2521);
#1378=LINE('',#18074,#2522);
#1379=LINE('',#18076,#2523);
#1380=LINE('',#18079,#2524);
#1381=LINE('',#18081,#2525);
#1382=LINE('',#18083,#2526);
#1383=LINE('',#18085,#2527);
#1384=LINE('',#18087,#2528);
#1385=LINE('',#18089,#2529);
#1386=LINE('',#18091,#2530);
#1387=LINE('',#18093,#2531);
#1388=LINE('',#18095,#2532);
#1389=LINE('',#18097,#2533);
#1390=LINE('',#18099,#2534);
#1391=LINE('',#18101,#2535);
#1392=LINE('',#18103,#2536);
#1393=LINE('',#18105,#2537);
#1394=LINE('',#18107,#2538);
#1395=LINE('',#18109,#2539);
#1396=LINE('',#18111,#2540);
#1397=LINE('',#18113,#2541);
#1398=LINE('',#18115,#2542);
#1399=LINE('',#18117,#2543);
#1400=LINE('',#18119,#2544);
#1401=LINE('',#18121,#2545);
#1402=LINE('',#18123,#2546);
#1403=LINE('',#18125,#2547);
#1404=LINE('',#18127,#2548);
#1405=LINE('',#18129,#2549);
#1406=LINE('',#18131,#2550);
#1407=LINE('',#18133,#2551);
#1408=LINE('',#18135,#2552);
#1409=LINE('',#18137,#2553);
#1410=LINE('',#18139,#2554);
#1411=LINE('',#18141,#2555);
#1412=LINE('',#18143,#2556);
#1413=LINE('',#18145,#2557);
#1414=LINE('',#18147,#2558);
#1415=LINE('',#18149,#2559);
#1416=LINE('',#18152,#2560);
#1417=LINE('',#18154,#2561);
#1418=LINE('',#18156,#2562);
#1419=LINE('',#18158,#2563);
#1420=LINE('',#18160,#2564);
#1421=LINE('',#18162,#2565);
#1422=LINE('',#18164,#2566);
#1423=LINE('',#18166,#2567);
#1424=LINE('',#18168,#2568);
#1425=LINE('',#18170,#2569);
#1426=LINE('',#18172,#2570);
#1427=LINE('',#18174,#2571);
#1428=LINE('',#18176,#2572);
#1429=LINE('',#18178,#2573);
#1430=LINE('',#18180,#2574);
#1431=LINE('',#18182,#2575);
#1432=LINE('',#18184,#2576);
#1433=LINE('',#18186,#2577);
#1434=LINE('',#18188,#2578);
#1435=LINE('',#18190,#2579);
#1436=LINE('',#18192,#2580);
#1437=LINE('',#18194,#2581);
#1438=LINE('',#18196,#2582);
#1439=LINE('',#18198,#2583);
#1440=LINE('',#18200,#2584);
#1441=LINE('',#18202,#2585);
#1442=LINE('',#18204,#2586);
#1443=LINE('',#18206,#2587);
#1444=LINE('',#18208,#2588);
#1445=LINE('',#18210,#2589);
#1446=LINE('',#18212,#2590);
#1447=LINE('',#18214,#2591);
#1448=LINE('',#18217,#2592);
#1449=LINE('',#18218,#2593);
#1450=LINE('',#18221,#2594);
#1451=LINE('',#18225,#2595);
#1452=LINE('',#18226,#2596);
#1453=LINE('',#18229,#2597);
#1454=LINE('',#18230,#2598);
#1455=LINE('',#18233,#2599);
#1456=LINE('',#18234,#2600);
#1457=LINE('',#18237,#2601);
#1458=LINE('',#18238,#2602);
#1459=LINE('',#18241,#2603);
#1460=LINE('',#18244,#2604);
#1461=LINE('',#18245,#2605);
#1462=LINE('',#18247,#2606);
#1463=LINE('',#18250,#2607);
#1464=LINE('',#18251,#2608);
#1465=LINE('',#18253,#2609);
#1466=LINE('',#18255,#2610);
#1467=LINE('',#18258,#2611);
#1468=LINE('',#18260,#2612);
#1469=LINE('',#18262,#2613);
#1470=LINE('',#18264,#2614);
#1471=LINE('',#18266,#2615);
#1472=LINE('',#18268,#2616);
#1473=LINE('',#18270,#2617);
#1474=LINE('',#18272,#2618);
#1475=LINE('',#18274,#2619);
#1476=LINE('',#18276,#2620);
#1477=LINE('',#18278,#2621);
#1478=LINE('',#18280,#2622);
#1479=LINE('',#18282,#2623);
#1480=LINE('',#18284,#2624);
#1481=LINE('',#18286,#2625);
#1482=LINE('',#18288,#2626);
#1483=LINE('',#18290,#2627);
#1484=LINE('',#18292,#2628);
#1485=LINE('',#18294,#2629);
#1486=LINE('',#18296,#2630);
#1487=LINE('',#18298,#2631);
#1488=LINE('',#18300,#2632);
#1489=LINE('',#18302,#2633);
#1490=LINE('',#18304,#2634);
#1491=LINE('',#18306,#2635);
#1492=LINE('',#18308,#2636);
#1493=LINE('',#18310,#2637);
#1494=LINE('',#18312,#2638);
#1495=LINE('',#18314,#2639);
#1496=LINE('',#18316,#2640);
#1497=LINE('',#18318,#2641);
#1498=LINE('',#18320,#2642);
#1499=LINE('',#18322,#2643);
#1500=LINE('',#18324,#2644);
#1501=LINE('',#18326,#2645);
#1502=LINE('',#18328,#2646);
#1503=LINE('',#18330,#2647);
#1504=LINE('',#18332,#2648);
#1505=LINE('',#18334,#2649);
#1506=LINE('',#18336,#2650);
#1507=LINE('',#18338,#2651);
#1508=LINE('',#18340,#2652);
#1509=LINE('',#18342,#2653);
#1510=LINE('',#18344,#2654);
#1511=LINE('',#18346,#2655);
#1512=LINE('',#18348,#2656);
#1513=LINE('',#18350,#2657);
#1514=LINE('',#18352,#2658);
#1515=LINE('',#18354,#2659);
#1516=LINE('',#18356,#2660);
#1517=LINE('',#18358,#2661);
#1518=LINE('',#18360,#2662);
#1519=LINE('',#18362,#2663);
#1520=LINE('',#18364,#2664);
#1521=LINE('',#18366,#2665);
#1522=LINE('',#18368,#2666);
#1523=LINE('',#18370,#2667);
#1524=LINE('',#18372,#2668);
#1525=LINE('',#18374,#2669);
#1526=LINE('',#18376,#2670);
#1527=LINE('',#18378,#2671);
#1528=LINE('',#18380,#2672);
#1529=LINE('',#18382,#2673);
#1530=LINE('',#18384,#2674);
#1531=LINE('',#18386,#2675);
#1532=LINE('',#18388,#2676);
#1533=LINE('',#18400,#2677);
#1534=LINE('',#18416,#2678);
#1535=LINE('',#18418,#2679);
#1536=LINE('',#18420,#2680);
#1537=LINE('',#18435,#2681);
#1538=LINE('',#18436,#2682);
#1539=LINE('',#18439,#2683);
#1540=LINE('',#18440,#2684);
#1541=LINE('',#18443,#2685);
#1542=LINE('',#18444,#2686);
#1543=LINE('',#18447,#2687);
#1544=LINE('',#18448,#2688);
#1545=LINE('',#18450,#2689);
#1546=LINE('',#18451,#2690);
#1547=LINE('',#18454,#2691);
#1548=LINE('',#18455,#2692);
#1549=LINE('',#18458,#2693);
#1550=LINE('',#18459,#2694);
#1551=LINE('',#18462,#2695);
#1552=LINE('',#18463,#2696);
#1553=LINE('',#18466,#2697);
#1554=LINE('',#18467,#2698);
#1555=LINE('',#18470,#2699);
#1556=LINE('',#18471,#2700);
#1557=LINE('',#18474,#2701);
#1558=LINE('',#18475,#2702);
#1559=LINE('',#18480,#2703);
#1560=LINE('',#18491,#2704);
#1561=LINE('',#18505,#2705);
#1562=LINE('',#18519,#2706);
#1563=LINE('',#18533,#2707);
#1564=LINE('',#18560,#2708);
#1565=LINE('',#18561,#2709);
#1566=LINE('',#18568,#2710);
#1567=LINE('',#18570,#2711);
#1568=LINE('',#18571,#2712);
#1569=LINE('',#18578,#2713);
#1570=LINE('',#18592,#2714);
#1571=LINE('',#18650,#2715);
#1572=LINE('',#18664,#2716);
#1573=LINE('',#18678,#2717);
#1574=LINE('',#18680,#2718);
#1575=LINE('',#18681,#2719);
#1576=LINE('',#18683,#2720);
#1577=LINE('',#18687,#2721);
#1578=LINE('',#18688,#2722);
#1579=LINE('',#18689,#2723);
#1580=LINE('',#18692,#2724);
#1581=LINE('',#18693,#2725);
#1582=LINE('',#18696,#2726);
#1583=LINE('',#18697,#2727);
#1584=LINE('',#18704,#2728);
#1585=LINE('',#18747,#2729);
#1586=LINE('',#18757,#2730);
#1587=LINE('',#18758,#2731);
#1588=LINE('',#18761,#2732);
#1589=LINE('',#18762,#2733);
#1590=LINE('',#18764,#2734);
#1591=LINE('',#18765,#2735);
#1592=LINE('',#18773,#2736);
#1593=LINE('',#18775,#2737);
#1594=LINE('',#18777,#2738);
#1595=LINE('',#18779,#2739);
#1596=LINE('',#18786,#2740);
#1597=LINE('',#18799,#2741);
#1598=LINE('',#18800,#2742);
#1599=LINE('',#18826,#2743);
#1600=LINE('',#18827,#2744);
#1601=LINE('',#18854,#2745);
#1602=LINE('',#18861,#2746);
#1603=LINE('',#18869,#2747);
#1604=LINE('',#18882,#2748);
#1605=LINE('',#18883,#2749);
#1606=LINE('',#18925,#2750);
#1607=LINE('',#18932,#2751);
#1608=LINE('',#18934,#2752);
#1609=LINE('',#18936,#2753);
#1610=LINE('',#18968,#2754);
#1611=LINE('',#19006,#2755);
#1612=LINE('',#19008,#2756);
#1613=LINE('',#19010,#2757);
#1614=LINE('',#19047,#2758);
#1615=LINE('',#19051,#2759);
#1616=LINE('',#19053,#2760);
#1617=LINE('',#19055,#2761);
#1618=LINE('',#19057,#2762);
#1619=LINE('',#19059,#2763);
#1620=LINE('',#19061,#2764);
#1621=LINE('',#19063,#2765);
#1622=LINE('',#19065,#2766);
#1623=LINE('',#19067,#2767);
#1624=LINE('',#19069,#2768);
#1625=LINE('',#19071,#2769);
#1626=LINE('',#19073,#2770);
#1627=LINE('',#19075,#2771);
#1628=LINE('',#19077,#2772);
#1629=LINE('',#19079,#2773);
#1630=LINE('',#19081,#2774);
#1631=LINE('',#19083,#2775);
#1632=LINE('',#19085,#2776);
#1633=LINE('',#19087,#2777);
#1634=LINE('',#19089,#2778);
#1635=LINE('',#19091,#2779);
#1636=LINE('',#19093,#2780);
#1637=LINE('',#19095,#2781);
#1638=LINE('',#19097,#2782);
#1639=LINE('',#19100,#2783);
#1640=LINE('',#19102,#2784);
#1641=LINE('',#19104,#2785);
#1642=LINE('',#19106,#2786);
#1643=LINE('',#19108,#2787);
#1644=LINE('',#19110,#2788);
#1645=LINE('',#19112,#2789);
#1646=LINE('',#19114,#2790);
#1647=LINE('',#19116,#2791);
#1648=LINE('',#19118,#2792);
#1649=LINE('',#19120,#2793);
#1650=LINE('',#19122,#2794);
#1651=LINE('',#19124,#2795);
#1652=LINE('',#19126,#2796);
#1653=LINE('',#19128,#2797);
#1654=LINE('',#19130,#2798);
#1655=LINE('',#19132,#2799);
#1656=LINE('',#19134,#2800);
#1657=LINE('',#19136,#2801);
#1658=LINE('',#19138,#2802);
#1659=LINE('',#19140,#2803);
#1660=LINE('',#19142,#2804);
#1661=LINE('',#19144,#2805);
#1662=LINE('',#19146,#2806);
#1663=LINE('',#19148,#2807);
#1664=LINE('',#19150,#2808);
#1665=LINE('',#19152,#2809);
#1666=LINE('',#19154,#2810);
#1667=LINE('',#19156,#2811);
#1668=VECTOR('',#12326,4.);
#1669=VECTOR('',#12335,10.);
#1670=VECTOR('',#12338,10.);
#1671=VECTOR('',#12341,10.);
#1672=VECTOR('',#12344,10.);
#1673=VECTOR('',#12347,10.);
#1674=VECTOR('',#12370,10.);
#1675=VECTOR('',#12373,10.);
#1676=VECTOR('',#12376,10.);
#1677=VECTOR('',#12381,10.);
#1678=VECTOR('',#12386,10.);
#1679=VECTOR('',#12387,10.);
#1680=VECTOR('',#12388,10.);
#1681=VECTOR('',#12389,10.);
#1682=VECTOR('',#12390,10.);
#1683=VECTOR('',#12391,10.);
#1684=VECTOR('',#12394,10.);
#1685=VECTOR('',#12395,10.);
#1686=VECTOR('',#12398,10.);
#1687=VECTOR('',#12401,10.);
#1688=VECTOR('',#12404,10.);
#1689=VECTOR('',#12407,10.);
#1690=VECTOR('',#12410,10.);
#1691=VECTOR('',#12413,10.);
#1692=VECTOR('',#12416,10.);
#1693=VECTOR('',#12417,10.);
#1694=VECTOR('',#12418,10.);
#1695=VECTOR('',#12419,10.);
#1696=VECTOR('',#12420,10.);
#1697=VECTOR('',#12421,10.);
#1698=VECTOR('',#12422,10.);
#1699=VECTOR('',#12425,10.);
#1700=VECTOR('',#12428,10.);
#1701=VECTOR('',#12429,10.);
#1702=VECTOR('',#12430,10.);
#1703=VECTOR('',#12431,10.);
#1704=VECTOR('',#12434,10.);
#1705=VECTOR('',#12437,10.);
#1706=VECTOR('',#12440,10.);
#1707=VECTOR('',#12443,10.);
#1708=VECTOR('',#12446,10.);
#1709=VECTOR('',#12447,10.);
#1710=VECTOR('',#12448,10.);
#1711=VECTOR('',#12449,10.);
#1712=VECTOR('',#12452,10.);
#1713=VECTOR('',#12455,10.);
#1714=VECTOR('',#12458,10.);
#1715=VECTOR('',#12461,10.);
#1716=VECTOR('',#12464,10.);
#1717=VECTOR('',#12467,10.);
#1718=VECTOR('',#12470,10.);
#1719=VECTOR('',#12473,10.);
#1720=VECTOR('',#12476,10.);
#1721=VECTOR('',#12477,10.);
#1722=VECTOR('',#12478,10.);
#1723=VECTOR('',#12481,10.);
#1724=VECTOR('',#12484,10.);
#1725=VECTOR('',#12487,10.);
#1726=VECTOR('',#12490,10.);
#1727=VECTOR('',#12493,10.);
#1728=VECTOR('',#12496,10.);
#1729=VECTOR('',#12499,10.);
#1730=VECTOR('',#12502,10.);
#1731=VECTOR('',#12503,10.);
#1732=VECTOR('',#12504,10.);
#1733=VECTOR('',#12507,10.);
#1734=VECTOR('',#12510,10.);
#1735=VECTOR('',#12513,10.);
#1736=VECTOR('',#12516,10.);
#1737=VECTOR('',#12519,10.);
#1738=VECTOR('',#12522,10.);
#1739=VECTOR('',#12525,10.);
#1740=VECTOR('',#12526,10.);
#1741=VECTOR('',#12527,10.);
#1742=VECTOR('',#12528,10.);
#1743=VECTOR('',#12531,10.);
#1744=VECTOR('',#12532,10.);
#1745=VECTOR('',#12533,10.);
#1746=VECTOR('',#12534,10.);
#1747=VECTOR('',#12535,10.);
#1748=VECTOR('',#12536,10.);
#1749=VECTOR('',#12537,10.);
#1750=VECTOR('',#12538,10.);
#1751=VECTOR('',#12539,10.);
#1752=VECTOR('',#12540,10.);
#1753=VECTOR('',#12541,10.);
#1754=VECTOR('',#12544,10.);
#1755=VECTOR('',#12547,10.);
#1756=VECTOR('',#12550,10.);
#1757=VECTOR('',#12553,10.);
#1758=VECTOR('',#12556,10.);
#1759=VECTOR('',#12559,10.);
#1760=VECTOR('',#12562,10.);
#1761=VECTOR('',#12563,10.);
#1762=VECTOR('',#12564,10.);
#1763=VECTOR('',#12567,10.);
#1764=VECTOR('',#12570,10.);
#1765=VECTOR('',#12573,10.);
#1766=VECTOR('',#12576,10.);
#1767=VECTOR('',#12579,10.);
#1768=VECTOR('',#12582,10.);
#1769=VECTOR('',#12585,10.);
#1770=VECTOR('',#12586,10.);
#1771=VECTOR('',#12587,10.);
#1772=VECTOR('',#12588,10.);
#1773=VECTOR('',#12589,10.);
#1774=VECTOR('',#12590,10.);
#1775=VECTOR('',#12591,10.);
#1776=VECTOR('',#12592,10.);
#1777=VECTOR('',#12593,10.);
#1778=VECTOR('',#12594,10.);
#1779=VECTOR('',#12595,10.);
#1780=VECTOR('',#12598,10.);
#1781=VECTOR('',#12599,10.);
#1782=VECTOR('',#12600,10.);
#1783=VECTOR('',#12603,10.);
#1784=VECTOR('',#12606,10.);
#1785=VECTOR('',#12609,10.);
#1786=VECTOR('',#12610,10.);
#1787=VECTOR('',#12611,10.);
#1788=VECTOR('',#12614,10.);
#1789=VECTOR('',#12617,10.);
#1790=VECTOR('',#12620,10.);
#1791=VECTOR('',#12623,10.);
#1792=VECTOR('',#12626,10.);
#1793=VECTOR('',#12629,10.);
#1794=VECTOR('',#12632,10.);
#1795=VECTOR('',#12633,10.);
#1796=VECTOR('',#12634,10.);
#1797=VECTOR('',#12637,10.);
#1798=VECTOR('',#12640,10.);
#1799=VECTOR('',#12643,10.);
#1800=VECTOR('',#12646,10.);
#1801=VECTOR('',#12649,10.);
#1802=VECTOR('',#12652,10.);
#1803=VECTOR('',#12655,10.);
#1804=VECTOR('',#12658,10.);
#1805=VECTOR('',#12659,10.);
#1806=VECTOR('',#12660,10.);
#1807=VECTOR('',#12663,10.);
#1808=VECTOR('',#12666,10.);
#1809=VECTOR('',#12669,10.);
#1810=VECTOR('',#12672,10.);
#1811=VECTOR('',#12675,10.);
#1812=VECTOR('',#12678,10.);
#1813=VECTOR('',#12681,10.);
#1814=VECTOR('',#12684,10.);
#1815=VECTOR('',#12687,10.);
#1816=VECTOR('',#12688,10.);
#1817=VECTOR('',#12689,10.);
#1818=VECTOR('',#12690,10.);
#1819=VECTOR('',#12693,10.);
#1820=VECTOR('',#12696,10.);
#1821=VECTOR('',#12699,10.);
#1822=VECTOR('',#12702,10.);
#1823=VECTOR('',#12705,10.);
#1824=VECTOR('',#12706,10.);
#1825=VECTOR('',#12707,10.);
#1826=VECTOR('',#12708,10.);
#1827=VECTOR('',#12711,10.);
#1828=VECTOR('',#12714,10.);
#1829=VECTOR('',#12715,10.);
#1830=VECTOR('',#12716,10.);
#1831=VECTOR('',#12717,10.);
#1832=VECTOR('',#12718,10.);
#1833=VECTOR('',#12721,10.);
#1834=VECTOR('',#12724,10.);
#1835=VECTOR('',#12727,10.);
#1836=VECTOR('',#12730,10.);
#1837=VECTOR('',#12733,10.);
#1838=VECTOR('',#12736,10.);
#1839=VECTOR('',#12739,10.);
#1840=VECTOR('',#12740,10.);
#1841=VECTOR('',#12741,10.);
#1842=VECTOR('',#12742,10.);
#1843=VECTOR('',#12745,10.);
#1844=VECTOR('',#12748,10.);
#1845=VECTOR('',#12751,10.);
#1846=VECTOR('',#12754,10.);
#1847=VECTOR('',#12757,10.);
#1848=VECTOR('',#12760,10.);
#1849=VECTOR('',#12763,10.);
#1850=VECTOR('',#12764,10.);
#1851=VECTOR('',#12767,10.);
#1852=VECTOR('',#12768,10.);
#1853=VECTOR('',#12769,10.);
#1854=VECTOR('',#12774,10.);
#1855=VECTOR('',#12777,10.);
#1856=VECTOR('',#12778,10.);
#1857=VECTOR('',#12779,10.);
#1858=VECTOR('',#12780,10.);
#1859=VECTOR('',#12783,10.);
#1860=VECTOR('',#12784,10.);
#1861=VECTOR('',#12787,10.);
#1862=VECTOR('',#12788,10.);
#1863=VECTOR('',#12789,10.);
#1864=VECTOR('',#12790,10.);
#1865=VECTOR('',#12795,10.);
#1866=VECTOR('',#12800,10.);
#1867=VECTOR('',#12801,10.);
#1868=VECTOR('',#12802,10.);
#1869=VECTOR('',#12807,10.);
#1870=VECTOR('',#12812,10.);
#1871=VECTOR('',#12815,10.);
#1872=VECTOR('',#12816,10.);
#1873=VECTOR('',#12817,10.);
#1874=VECTOR('',#12822,10.);
#1875=VECTOR('',#12827,10.);
#1876=VECTOR('',#12828,10.);
#1877=VECTOR('',#12829,10.);
#1878=VECTOR('',#12838,10.);
#1879=VECTOR('',#12839,10.);
#1880=VECTOR('',#12840,10.);
#1881=VECTOR('',#12841,10.);
#1882=VECTOR('',#12844,10.);
#1883=VECTOR('',#12845,10.);
#1884=VECTOR('',#12846,10.);
#1885=VECTOR('',#12857,10.);
#1886=VECTOR('',#12858,10.);
#1887=VECTOR('',#12859,10.);
#1888=VECTOR('',#12860,10.);
#1889=VECTOR('',#12861,10.);
#1890=VECTOR('',#12864,10.);
#1891=VECTOR('',#12867,10.);
#1892=VECTOR('',#12870,10.);
#1893=VECTOR('',#12871,10.);
#1894=VECTOR('',#12872,10.);
#1895=VECTOR('',#12875,10.);
#1896=VECTOR('',#12876,10.);
#1897=VECTOR('',#12877,10.);
#1898=VECTOR('',#12878,10.);
#1899=VECTOR('',#12879,10.);
#1900=VECTOR('',#12880,10.);
#1901=VECTOR('',#12881,10.);
#1902=VECTOR('',#12882,10.);
#1903=VECTOR('',#12883,10.);
#1904=VECTOR('',#12884,10.);
#1905=VECTOR('',#12885,10.);
#1906=VECTOR('',#12888,10.);
#1907=VECTOR('',#12891,10.);
#1908=VECTOR('',#12894,10.);
#1909=VECTOR('',#12897,10.);
#1910=VECTOR('',#12900,10.);
#1911=VECTOR('',#12903,10.);
#1912=VECTOR('',#12906,10.);
#1913=VECTOR('',#12907,10.);
#1914=VECTOR('',#12910,10.);
#1915=VECTOR('',#12913,10.);
#1916=VECTOR('',#12916,10.);
#1917=VECTOR('',#12919,10.);
#1918=VECTOR('',#12922,10.);
#1919=VECTOR('',#12925,10.);
#1920=VECTOR('',#12928,10.);
#1921=VECTOR('',#12929,10.);
#1922=VECTOR('',#12930,10.);
#1923=VECTOR('',#12931,10.);
#1924=VECTOR('',#12934,10.);
#1925=VECTOR('',#12937,10.);
#1926=VECTOR('',#12940,10.);
#1927=VECTOR('',#12943,10.);
#1928=VECTOR('',#12946,10.);
#1929=VECTOR('',#12949,10.);
#1930=VECTOR('',#12952,10.);
#1931=VECTOR('',#12953,10.);
#1932=VECTOR('',#12954,10.);
#1933=VECTOR('',#12955,10.);
#1934=VECTOR('',#12956,10.);
#1935=VECTOR('',#12957,10.);
#1936=VECTOR('',#12958,10.);
#1937=VECTOR('',#12961,10.);
#1938=VECTOR('',#12964,10.);
#1939=VECTOR('',#12965,10.);
#1940=VECTOR('',#12966,10.);
#1941=VECTOR('',#12967,10.);
#1942=VECTOR('',#12970,10.);
#1943=VECTOR('',#12973,10.);
#1944=VECTOR('',#12976,10.);
#1945=VECTOR('',#12979,10.);
#1946=VECTOR('',#12982,10.);
#1947=VECTOR('',#12983,10.);
#1948=VECTOR('',#12984,10.);
#1949=VECTOR('',#12985,10.);
#1950=VECTOR('',#12988,10.);
#1951=VECTOR('',#12991,10.);
#1952=VECTOR('',#12994,10.);
#1953=VECTOR('',#12997,10.);
#1954=VECTOR('',#13000,10.);
#1955=VECTOR('',#13003,10.);
#1956=VECTOR('',#13006,10.);
#1957=VECTOR('',#13009,10.);
#1958=VECTOR('',#13012,10.);
#1959=VECTOR('',#13013,10.);
#1960=VECTOR('',#13014,10.);
#1961=VECTOR('',#13017,10.);
#1962=VECTOR('',#13020,10.);
#1963=VECTOR('',#13023,10.);
#1964=VECTOR('',#13026,10.);
#1965=VECTOR('',#13029,10.);
#1966=VECTOR('',#13032,10.);
#1967=VECTOR('',#13035,10.);
#1968=VECTOR('',#13038,10.);
#1969=VECTOR('',#13039,10.);
#1970=VECTOR('',#13040,10.);
#1971=VECTOR('',#13043,10.);
#1972=VECTOR('',#13046,10.);
#1973=VECTOR('',#13049,10.);
#1974=VECTOR('',#13052,10.);
#1975=VECTOR('',#13055,10.);
#1976=VECTOR('',#13058,10.);
#1977=VECTOR('',#13061,10.);
#1978=VECTOR('',#13064,10.);
#1979=VECTOR('',#13067,10.);
#1980=VECTOR('',#13070,10.);
#1981=VECTOR('',#13075,10.);
#1982=VECTOR('',#13076,10.);
#1983=VECTOR('',#13079,10.);
#1984=VECTOR('',#13080,10.);
#1985=VECTOR('',#13081,10.);
#1986=VECTOR('',#13084,10.);
#1987=VECTOR('',#13085,10.);
#1988=VECTOR('',#13088,10.);
#1989=VECTOR('',#13089,10.);
#1990=VECTOR('',#13094,10.);
#1991=VECTOR('',#13097,10.);
#1992=VECTOR('',#13098,10.);
#1993=VECTOR('',#13101,10.);
#1994=VECTOR('',#13104,10.);
#1995=VECTOR('',#13107,10.);
#1996=VECTOR('',#13110,10.);
#1997=VECTOR('',#13113,10.);
#1998=VECTOR('',#13116,10.);
#1999=VECTOR('',#13119,10.);
#2000=VECTOR('',#13120,10.);
#2001=VECTOR('',#13121,10.);
#2002=VECTOR('',#13122,10.);
#2003=VECTOR('',#13125,10.);
#2004=VECTOR('',#13128,10.);
#2005=VECTOR('',#13131,10.);
#2006=VECTOR('',#13134,10.);
#2007=VECTOR('',#13137,10.);
#2008=VECTOR('',#13140,10.);
#2009=VECTOR('',#13143,10.);
#2010=VECTOR('',#13144,10.);
#2011=VECTOR('',#13145,10.);
#2012=VECTOR('',#13146,10.);
#2013=VECTOR('',#13147,10.);
#2014=VECTOR('',#13150,10.);
#2015=VECTOR('',#13153,10.);
#2016=VECTOR('',#13154,10.);
#2017=VECTOR('',#13155,10.);
#2018=VECTOR('',#13156,10.);
#2019=VECTOR('',#13159,10.);
#2020=VECTOR('',#13162,10.);
#2021=VECTOR('',#13165,10.);
#2022=VECTOR('',#13168,10.);
#2023=VECTOR('',#13171,10.);
#2024=VECTOR('',#13172,10.);
#2025=VECTOR('',#13173,10.);
#2026=VECTOR('',#13174,10.);
#2027=VECTOR('',#13177,10.);
#2028=VECTOR('',#13180,10.);
#2029=VECTOR('',#13183,10.);
#2030=VECTOR('',#13186,10.);
#2031=VECTOR('',#13189,10.);
#2032=VECTOR('',#13192,10.);
#2033=VECTOR('',#13195,10.);
#2034=VECTOR('',#13198,10.);
#2035=VECTOR('',#13201,10.);
#2036=VECTOR('',#13202,10.);
#2037=VECTOR('',#13203,10.);
#2038=VECTOR('',#13206,10.);
#2039=VECTOR('',#13209,10.);
#2040=VECTOR('',#13212,10.);
#2041=VECTOR('',#13215,10.);
#2042=VECTOR('',#13218,10.);
#2043=VECTOR('',#13221,10.);
#2044=VECTOR('',#13224,10.);
#2045=VECTOR('',#13227,10.);
#2046=VECTOR('',#13228,10.);
#2047=VECTOR('',#13229,10.);
#2048=VECTOR('',#13232,10.);
#2049=VECTOR('',#13235,10.);
#2050=VECTOR('',#13238,10.);
#2051=VECTOR('',#13241,10.);
#2052=VECTOR('',#13244,10.);
#2053=VECTOR('',#13247,10.);
#2054=VECTOR('',#13250,10.);
#2055=VECTOR('',#13251,10.);
#2056=VECTOR('',#13252,10.);
#2057=VECTOR('',#13255,10.);
#2058=VECTOR('',#13258,10.);
#2059=VECTOR('',#13261,10.);
#2060=VECTOR('',#13262,10.);
#2061=VECTOR('',#13263,10.);
#2062=VECTOR('',#13266,10.);
#2063=VECTOR('',#13267,10.);
#2064=VECTOR('',#13268,10.);
#2065=VECTOR('',#13269,10.);
#2066=VECTOR('',#13270,10.);
#2067=VECTOR('',#13271,10.);
#2068=VECTOR('',#13272,10.);
#2069=VECTOR('',#13273,10.);
#2070=VECTOR('',#13274,10.);
#2071=VECTOR('',#13275,10.);
#2072=VECTOR('',#13276,10.);
#2073=VECTOR('',#13279,10.);
#2074=VECTOR('',#13282,10.);
#2075=VECTOR('',#13285,10.);
#2076=VECTOR('',#13288,10.);
#2077=VECTOR('',#13291,10.);
#2078=VECTOR('',#13294,10.);
#2079=VECTOR('',#13297,10.);
#2080=VECTOR('',#13298,10.);
#2081=VECTOR('',#13301,10.);
#2082=VECTOR('',#13304,10.);
#2083=VECTOR('',#13307,10.);
#2084=VECTOR('',#13310,10.);
#2085=VECTOR('',#13313,10.);
#2086=VECTOR('',#13316,10.);
#2087=VECTOR('',#13319,10.);
#2088=VECTOR('',#13320,10.);
#2089=VECTOR('',#13321,10.);
#2090=VECTOR('',#13322,10.);
#2091=VECTOR('',#13323,10.);
#2092=VECTOR('',#13324,10.);
#2093=VECTOR('',#13325,10.);
#2094=VECTOR('',#13326,10.);
#2095=VECTOR('',#13327,10.);
#2096=VECTOR('',#13328,10.);
#2097=VECTOR('',#13329,10.);
#2098=VECTOR('',#13332,10.);
#2099=VECTOR('',#13333,10.);
#2100=VECTOR('',#13334,10.);
#2101=VECTOR('',#13337,10.);
#2102=VECTOR('',#13340,10.);
#2103=VECTOR('',#13343,10.);
#2104=VECTOR('',#13344,10.);
#2105=VECTOR('',#13345,10.);
#2106=VECTOR('',#13346,10.);
#2107=VECTOR('',#13349,10.);
#2108=VECTOR('',#13352,10.);
#2109=VECTOR('',#13355,10.);
#2110=VECTOR('',#13358,10.);
#2111=VECTOR('',#13361,10.);
#2112=VECTOR('',#13364,10.);
#2113=VECTOR('',#13367,10.);
#2114=VECTOR('',#13368,10.);
#2115=VECTOR('',#13369,10.);
#2116=VECTOR('',#13372,10.);
#2117=VECTOR('',#13375,10.);
#2118=VECTOR('',#13378,10.);
#2119=VECTOR('',#13381,10.);
#2120=VECTOR('',#13384,10.);
#2121=VECTOR('',#13387,10.);
#2122=VECTOR('',#13390,10.);
#2123=VECTOR('',#13393,10.);
#2124=VECTOR('',#13394,10.);
#2125=VECTOR('',#13395,10.);
#2126=VECTOR('',#13398,10.);
#2127=VECTOR('',#13401,10.);
#2128=VECTOR('',#13404,10.);
#2129=VECTOR('',#13407,10.);
#2130=VECTOR('',#13410,10.);
#2131=VECTOR('',#13413,10.);
#2132=VECTOR('',#13416,10.);
#2133=VECTOR('',#13419,10.);
#2134=VECTOR('',#13422,10.);
#2135=VECTOR('',#13423,10.);
#2136=VECTOR('',#13424,10.);
#2137=VECTOR('',#13425,10.);
#2138=VECTOR('',#13428,10.);
#2139=VECTOR('',#13431,10.);
#2140=VECTOR('',#13434,10.);
#2141=VECTOR('',#13437,10.);
#2142=VECTOR('',#13440,10.);
#2143=VECTOR('',#13441,10.);
#2144=VECTOR('',#13442,10.);
#2145=VECTOR('',#13443,10.);
#2146=VECTOR('',#13446,10.);
#2147=VECTOR('',#13447,10.);
#2148=VECTOR('',#13448,10.);
#2149=VECTOR('',#13449,10.);
#2150=VECTOR('',#13450,10.);
#2151=VECTOR('',#13453,10.);
#2152=VECTOR('',#13456,10.);
#2153=VECTOR('',#13459,10.);
#2154=VECTOR('',#13462,10.);
#2155=VECTOR('',#13465,10.);
#2156=VECTOR('',#13468,10.);
#2157=VECTOR('',#13471,10.);
#2158=VECTOR('',#13472,10.);
#2159=VECTOR('',#13473,10.);
#2160=VECTOR('',#13474,10.);
#2161=VECTOR('',#13477,10.);
#2162=VECTOR('',#13480,10.);
#2163=VECTOR('',#13483,10.);
#2164=VECTOR('',#13486,10.);
#2165=VECTOR('',#13489,10.);
#2166=VECTOR('',#13492,10.);
#2167=VECTOR('',#13495,10.);
#2168=VECTOR('',#13496,10.);
#2169=VECTOR('',#13499,10.);
#2170=VECTOR('',#13500,10.);
#2171=VECTOR('',#13501,10.);
#2172=VECTOR('',#13504,10.);
#2173=VECTOR('',#13509,10.);
#2174=VECTOR('',#13512,10.);
#2175=VECTOR('',#13515,10.);
#2176=VECTOR('',#13520,10.);
#2177=VECTOR('',#13525,10.);
#2178=VECTOR('',#13528,10.);
#2179=VECTOR('',#13541,10.);
#2180=VECTOR('',#13542,10.);
#2181=VECTOR('',#13555,10.);
#2182=VECTOR('',#13556,10.);
#2183=VECTOR('',#13569,10.);
#2184=VECTOR('',#13570,10.);
#2185=VECTOR('',#13579,10.);
#2186=VECTOR('',#13580,10.);
#2187=VECTOR('',#13583,10.);
#2188=VECTOR('',#13586,10.);
#2189=VECTOR('',#13589,10.);
#2190=VECTOR('',#13592,10.);
#2191=VECTOR('',#13593,10.);
#2192=VECTOR('',#13594,10.);
#2193=VECTOR('',#13595,10.);
#2194=VECTOR('',#13598,10.);
#2195=VECTOR('',#13601,10.);
#2196=VECTOR('',#13604,10.);
#2197=VECTOR('',#13607,10.);
#2198=VECTOR('',#13610,10.);
#2199=VECTOR('',#13611,10.);
#2200=VECTOR('',#13612,10.);
#2201=VECTOR('',#13613,10.);
#2202=VECTOR('',#13616,10.);
#2203=VECTOR('',#13619,10.);
#2204=VECTOR('',#13622,10.);
#2205=VECTOR('',#13625,10.);
#2206=VECTOR('',#13628,10.);
#2207=VECTOR('',#13631,10.);
#2208=VECTOR('',#13634,10.);
#2209=VECTOR('',#13635,10.);
#2210=VECTOR('',#13638,10.);
#2211=VECTOR('',#13641,10.);
#2212=VECTOR('',#13644,10.);
#2213=VECTOR('',#13647,10.);
#2214=VECTOR('',#13650,10.);
#2215=VECTOR('',#13653,10.);
#2216=VECTOR('',#13656,10.);
#2217=VECTOR('',#13657,10.);
#2218=VECTOR('',#13658,10.);
#2219=VECTOR('',#13659,10.);
#2220=VECTOR('',#13660,10.);
#2221=VECTOR('',#13661,10.);
#2222=VECTOR('',#13662,10.);
#2223=VECTOR('',#13663,10.);
#2224=VECTOR('',#13664,10.);
#2225=VECTOR('',#13665,10.);
#2226=VECTOR('',#13666,10.);
#2227=VECTOR('',#13669,10.);
#2228=VECTOR('',#13670,10.);
#2229=VECTOR('',#13671,10.);
#2230=VECTOR('',#13672,10.);
#2231=VECTOR('',#13675,10.);
#2232=VECTOR('',#13678,10.);
#2233=VECTOR('',#13681,10.);
#2234=VECTOR('',#13684,10.);
#2235=VECTOR('',#13687,10.);
#2236=VECTOR('',#13690,10.);
#2237=VECTOR('',#13693,10.);
#2238=VECTOR('',#13694,10.);
#2239=VECTOR('',#13695,10.);
#2240=VECTOR('',#13698,10.);
#2241=VECTOR('',#13701,10.);
#2242=VECTOR('',#13704,10.);
#2243=VECTOR('',#13707,10.);
#2244=VECTOR('',#13710,10.);
#2245=VECTOR('',#13713,10.);
#2246=VECTOR('',#13716,10.);
#2247=VECTOR('',#13719,10.);
#2248=VECTOR('',#13720,10.);
#2249=VECTOR('',#13721,10.);
#2250=VECTOR('',#13724,10.);
#2251=VECTOR('',#13727,10.);
#2252=VECTOR('',#13730,10.);
#2253=VECTOR('',#13733,10.);
#2254=VECTOR('',#13736,10.);
#2255=VECTOR('',#13739,10.);
#2256=VECTOR('',#13742,10.);
#2257=VECTOR('',#13745,10.);
#2258=VECTOR('',#13748,10.);
#2259=VECTOR('',#13749,10.);
#2260=VECTOR('',#13750,10.);
#2261=VECTOR('',#13751,10.);
#2262=VECTOR('',#13754,10.);
#2263=VECTOR('',#13757,10.);
#2264=VECTOR('',#13760,10.);
#2265=VECTOR('',#13763,10.);
#2266=VECTOR('',#13766,10.);
#2267=VECTOR('',#13767,10.);
#2268=VECTOR('',#13768,10.);
#2269=VECTOR('',#13769,10.);
#2270=VECTOR('',#13772,10.);
#2271=VECTOR('',#13775,10.);
#2272=VECTOR('',#13778,10.);
#2273=VECTOR('',#13781,10.);
#2274=VECTOR('',#13786,10.);
#2275=VECTOR('',#13787,10.);
#2276=VECTOR('',#13790,10.);
#2277=VECTOR('',#13793,10.);
#2278=VECTOR('',#13796,10.);
#2279=VECTOR('',#13799,10.);
#2280=VECTOR('',#13802,10.);
#2281=VECTOR('',#13805,10.);
#2282=VECTOR('',#13808,10.);
#2283=VECTOR('',#13811,10.);
#2284=VECTOR('',#13814,10.);
#2285=VECTOR('',#13817,10.);
#2286=VECTOR('',#13820,10.);
#2287=VECTOR('',#13823,10.);
#2288=VECTOR('',#13826,10.);
#2289=VECTOR('',#13829,10.);
#2290=VECTOR('',#13832,10.);
#2291=VECTOR('',#13835,10.);
#2292=VECTOR('',#13838,10.);
#2293=VECTOR('',#13841,10.);
#2294=VECTOR('',#13844,10.);
#2295=VECTOR('',#13847,10.);
#2296=VECTOR('',#13850,10.);
#2297=VECTOR('',#13853,10.);
#2298=VECTOR('',#13856,10.);
#2299=VECTOR('',#13859,10.);
#2300=VECTOR('',#13862,10.);
#2301=VECTOR('',#13865,10.);
#2302=VECTOR('',#13868,10.);
#2303=VECTOR('',#13871,10.);
#2304=VECTOR('',#13874,10.);
#2305=VECTOR('',#13877,10.);
#2306=VECTOR('',#13880,10.);
#2307=VECTOR('',#13883,10.);
#2308=VECTOR('',#13886,10.);
#2309=VECTOR('',#13889,10.);
#2310=VECTOR('',#13892,10.);
#2311=VECTOR('',#13895,10.);
#2312=VECTOR('',#13898,10.);
#2313=VECTOR('',#13901,10.);
#2314=VECTOR('',#13904,10.);
#2315=VECTOR('',#13907,10.);
#2316=VECTOR('',#13910,10.);
#2317=VECTOR('',#13913,10.);
#2318=VECTOR('',#13916,10.);
#2319=VECTOR('',#13919,10.);
#2320=VECTOR('',#13922,10.);
#2321=VECTOR('',#13925,10.);
#2322=VECTOR('',#13928,10.);
#2323=VECTOR('',#13931,10.);
#2324=VECTOR('',#13934,10.);
#2325=VECTOR('',#13937,10.);
#2326=VECTOR('',#13940,10.);
#2327=VECTOR('',#13943,10.);
#2328=VECTOR('',#13946,10.);
#2329=VECTOR('',#13949,10.);
#2330=VECTOR('',#13952,10.);
#2331=VECTOR('',#13955,10.);
#2332=VECTOR('',#13958,10.);
#2333=VECTOR('',#13961,10.);
#2334=VECTOR('',#13964,10.);
#2335=VECTOR('',#13967,10.);
#2336=VECTOR('',#13970,10.);
#2337=VECTOR('',#13973,10.);
#2338=VECTOR('',#13976,10.);
#2339=VECTOR('',#13979,10.);
#2340=VECTOR('',#13982,10.);
#2341=VECTOR('',#13985,10.);
#2342=VECTOR('',#13988,10.);
#2343=VECTOR('',#13991,10.);
#2344=VECTOR('',#13994,10.);
#2345=VECTOR('',#13997,10.);
#2346=VECTOR('',#14000,10.);
#2347=VECTOR('',#14005,10.);
#2348=VECTOR('',#14008,10.);
#2349=VECTOR('',#14011,10.);
#2350=VECTOR('',#14014,10.);
#2351=VECTOR('',#14017,10.);
#2352=VECTOR('',#14020,10.);
#2353=VECTOR('',#14023,10.);
#2354=VECTOR('',#14026,10.);
#2355=VECTOR('',#14029,10.);
#2356=VECTOR('',#14032,10.);
#2357=VECTOR('',#14035,10.);
#2358=VECTOR('',#14038,10.);
#2359=VECTOR('',#14041,10.);
#2360=VECTOR('',#14044,10.);
#2361=VECTOR('',#14047,10.);
#2362=VECTOR('',#14050,10.);
#2363=VECTOR('',#14053,10.);
#2364=VECTOR('',#14056,10.);
#2365=VECTOR('',#14059,10.);
#2366=VECTOR('',#14062,10.);
#2367=VECTOR('',#14065,10.);
#2368=VECTOR('',#14068,10.);
#2369=VECTOR('',#14071,10.);
#2370=VECTOR('',#14074,10.);
#2371=VECTOR('',#14077,10.);
#2372=VECTOR('',#14080,10.);
#2373=VECTOR('',#14083,10.);
#2374=VECTOR('',#14086,10.);
#2375=VECTOR('',#14089,10.);
#2376=VECTOR('',#14092,10.);
#2377=VECTOR('',#14095,10.);
#2378=VECTOR('',#14098,10.);
#2379=VECTOR('',#14101,10.);
#2380=VECTOR('',#14104,10.);
#2381=VECTOR('',#14107,10.);
#2382=VECTOR('',#14110,10.);
#2383=VECTOR('',#14113,10.);
#2384=VECTOR('',#14116,10.);
#2385=VECTOR('',#14119,10.);
#2386=VECTOR('',#14122,10.);
#2387=VECTOR('',#14125,10.);
#2388=VECTOR('',#14128,10.);
#2389=VECTOR('',#14131,10.);
#2390=VECTOR('',#14134,10.);
#2391=VECTOR('',#14137,10.);
#2392=VECTOR('',#14140,10.);
#2393=VECTOR('',#14143,10.);
#2394=VECTOR('',#14146,10.);
#2395=VECTOR('',#14149,10.);
#2396=VECTOR('',#14152,10.);
#2397=VECTOR('',#14155,10.);
#2398=VECTOR('',#14158,10.);
#2399=VECTOR('',#14161,10.);
#2400=VECTOR('',#14164,10.);
#2401=VECTOR('',#14167,10.);
#2402=VECTOR('',#14170,10.);
#2403=VECTOR('',#14173,10.);
#2404=VECTOR('',#14176,10.);
#2405=VECTOR('',#14179,10.);
#2406=VECTOR('',#14182,10.);
#2407=VECTOR('',#14185,10.);
#2408=VECTOR('',#14188,10.);
#2409=VECTOR('',#14191,10.);
#2410=VECTOR('',#14194,10.);
#2411=VECTOR('',#14197,10.);
#2412=VECTOR('',#14200,10.);
#2413=VECTOR('',#14203,10.);
#2414=VECTOR('',#14206,10.);
#2415=VECTOR('',#14209,10.);
#2416=VECTOR('',#14214,10.);
#2417=VECTOR('',#14215,10.);
#2418=VECTOR('',#14216,10.);
#2419=VECTOR('',#14219,10.);
#2420=VECTOR('',#14220,10.);
#2421=VECTOR('',#14223,10.);
#2422=VECTOR('',#14224,10.);
#2423=VECTOR('',#14227,10.);
#2424=VECTOR('',#14228,10.);
#2425=VECTOR('',#14231,10.);
#2426=VECTOR('',#14236,10.);
#2427=VECTOR('',#14237,10.);
#2428=VECTOR('',#14240,10.);
#2429=VECTOR('',#14245,10.);
#2430=VECTOR('',#14246,10.);
#2431=VECTOR('',#14249,10.);
#2432=VECTOR('',#14254,10.);
#2433=VECTOR('',#14255,10.);
#2434=VECTOR('',#14258,10.);
#2435=VECTOR('',#14263,10.);
#2436=VECTOR('',#14264,10.);
#2437=VECTOR('',#14267,10.);
#2438=VECTOR('',#14272,10.);
#2439=VECTOR('',#14273,10.);
#2440=VECTOR('',#14276,10.);
#2441=VECTOR('',#14281,10.);
#2442=VECTOR('',#14282,10.);
#2443=VECTOR('',#14285,10.);
#2444=VECTOR('',#14290,10.);
#2445=VECTOR('',#14291,10.);
#2446=VECTOR('',#14294,10.);
#2447=VECTOR('',#14295,10.);
#2448=VECTOR('',#14298,10.);
#2449=VECTOR('',#14299,10.);
#2450=VECTOR('',#14302,10.);
#2451=VECTOR('',#14307,10.);
#2452=VECTOR('',#14308,10.);
#2453=VECTOR('',#14311,10.);
#2454=VECTOR('',#14316,10.);
#2455=VECTOR('',#14317,10.);
#2456=VECTOR('',#14320,10.);
#2457=VECTOR('',#14325,10.);
#2458=VECTOR('',#14326,10.);
#2459=VECTOR('',#14329,10.);
#2460=VECTOR('',#14334,10.);
#2461=VECTOR('',#14335,10.);
#2462=VECTOR('',#14338,10.);
#2463=VECTOR('',#14343,10.);
#2464=VECTOR('',#14344,10.);
#2465=VECTOR('',#14347,10.);
#2466=VECTOR('',#14352,10.);
#2467=VECTOR('',#14353,10.);
#2468=VECTOR('',#14356,10.);
#2469=VECTOR('',#14361,10.);
#2470=VECTOR('',#14362,10.);
#2471=VECTOR('',#14365,10.);
#2472=VECTOR('',#14370,10.);
#2473=VECTOR('',#14371,10.);
#2474=VECTOR('',#14374,10.);
#2475=VECTOR('',#14375,10.);
#2476=VECTOR('',#14378,10.);
#2477=VECTOR('',#14379,10.);
#2478=VECTOR('',#14382,10.);
#2479=VECTOR('',#14387,10.);
#2480=VECTOR('',#14388,10.);
#2481=VECTOR('',#14391,10.);
#2482=VECTOR('',#14396,10.);
#2483=VECTOR('',#14397,10.);
#2484=VECTOR('',#14400,10.);
#2485=VECTOR('',#14405,10.);
#2486=VECTOR('',#14406,10.);
#2487=VECTOR('',#14409,10.);
#2488=VECTOR('',#14414,10.);
#2489=VECTOR('',#14415,10.);
#2490=VECTOR('',#14418,10.);
#2491=VECTOR('',#14423,10.);
#2492=VECTOR('',#14424,10.);
#2493=VECTOR('',#14427,10.);
#2494=VECTOR('',#14432,10.);
#2495=VECTOR('',#14433,10.);
#2496=VECTOR('',#14436,10.);
#2497=VECTOR('',#14441,10.);
#2498=VECTOR('',#14442,10.);
#2499=VECTOR('',#14445,10.);
#2500=VECTOR('',#14450,10.);
#2501=VECTOR('',#14451,10.);
#2502=VECTOR('',#14454,10.);
#2503=VECTOR('',#14459,10.);
#2504=VECTOR('',#14460,10.);
#2505=VECTOR('',#14463,10.);
#2506=VECTOR('',#14464,10.);
#2507=VECTOR('',#14467,10.);
#2508=VECTOR('',#14468,10.);
#2509=VECTOR('',#14471,10.);
#2510=VECTOR('',#14472,10.);
#2511=VECTOR('',#14475,10.);
#2512=VECTOR('',#14480,10.);
#2513=VECTOR('',#14481,10.);
#2514=VECTOR('',#14484,10.);
#2515=VECTOR('',#14489,10.);
#2516=VECTOR('',#14490,10.);
#2517=VECTOR('',#14493,10.);
#2518=VECTOR('',#14498,10.);
#2519=VECTOR('',#14499,10.);
#2520=VECTOR('',#14502,10.);
#2521=VECTOR('',#14507,10.);
#2522=VECTOR('',#14508,10.);
#2523=VECTOR('',#14511,10.);
#2524=VECTOR('',#14516,10.);
#2525=VECTOR('',#14519,10.);
#2526=VECTOR('',#14522,10.);
#2527=VECTOR('',#14525,10.);
#2528=VECTOR('',#14528,10.);
#2529=VECTOR('',#14531,10.);
#2530=VECTOR('',#14534,10.);
#2531=VECTOR('',#14537,10.);
#2532=VECTOR('',#14540,10.);
#2533=VECTOR('',#14543,10.);
#2534=VECTOR('',#14546,10.);
#2535=VECTOR('',#14549,10.);
#2536=VECTOR('',#14552,10.);
#2537=VECTOR('',#14555,10.);
#2538=VECTOR('',#14558,10.);
#2539=VECTOR('',#14561,10.);
#2540=VECTOR('',#14564,10.);
#2541=VECTOR('',#14567,10.);
#2542=VECTOR('',#14570,10.);
#2543=VECTOR('',#14573,10.);
#2544=VECTOR('',#14576,10.);
#2545=VECTOR('',#14579,10.);
#2546=VECTOR('',#14582,10.);
#2547=VECTOR('',#14585,10.);
#2548=VECTOR('',#14588,10.);
#2549=VECTOR('',#14591,10.);
#2550=VECTOR('',#14594,10.);
#2551=VECTOR('',#14597,10.);
#2552=VECTOR('',#14600,10.);
#2553=VECTOR('',#14603,10.);
#2554=VECTOR('',#14606,10.);
#2555=VECTOR('',#14609,10.);
#2556=VECTOR('',#14612,10.);
#2557=VECTOR('',#14615,10.);
#2558=VECTOR('',#14618,10.);
#2559=VECTOR('',#14621,10.);
#2560=VECTOR('',#14626,10.);
#2561=VECTOR('',#14629,10.);
#2562=VECTOR('',#14632,10.);
#2563=VECTOR('',#14635,10.);
#2564=VECTOR('',#14638,10.);
#2565=VECTOR('',#14641,10.);
#2566=VECTOR('',#14644,10.);
#2567=VECTOR('',#14647,10.);
#2568=VECTOR('',#14650,10.);
#2569=VECTOR('',#14653,10.);
#2570=VECTOR('',#14656,10.);
#2571=VECTOR('',#14659,10.);
#2572=VECTOR('',#14662,10.);
#2573=VECTOR('',#14665,10.);
#2574=VECTOR('',#14668,10.);
#2575=VECTOR('',#14671,10.);
#2576=VECTOR('',#14674,10.);
#2577=VECTOR('',#14677,10.);
#2578=VECTOR('',#14680,10.);
#2579=VECTOR('',#14683,10.);
#2580=VECTOR('',#14686,10.);
#2581=VECTOR('',#14689,10.);
#2582=VECTOR('',#14692,10.);
#2583=VECTOR('',#14695,10.);
#2584=VECTOR('',#14698,10.);
#2585=VECTOR('',#14701,10.);
#2586=VECTOR('',#14704,10.);
#2587=VECTOR('',#14707,10.);
#2588=VECTOR('',#14710,10.);
#2589=VECTOR('',#14713,10.);
#2590=VECTOR('',#14716,10.);
#2591=VECTOR('',#14719,10.);
#2592=VECTOR('',#14722,10.);
#2593=VECTOR('',#14723,10.);
#2594=VECTOR('',#14726,10.);
#2595=VECTOR('',#14731,10.);
#2596=VECTOR('',#14732,10.);
#2597=VECTOR('',#14735,10.);
#2598=VECTOR('',#14736,10.);
#2599=VECTOR('',#14739,10.);
#2600=VECTOR('',#14740,10.);
#2601=VECTOR('',#14743,10.);
#2602=VECTOR('',#14744,10.);
#2603=VECTOR('',#14747,10.);
#2604=VECTOR('',#14752,10.);
#2605=VECTOR('',#14753,10.);
#2606=VECTOR('',#14756,10.);
#2607=VECTOR('',#14759,10.);
#2608=VECTOR('',#14760,10.);
#2609=VECTOR('',#14763,10.);
#2610=VECTOR('',#14766,10.);
#2611=VECTOR('',#14771,10.);
#2612=VECTOR('',#14774,10.);
#2613=VECTOR('',#14777,10.);
#2614=VECTOR('',#14780,10.);
#2615=VECTOR('',#14783,10.);
#2616=VECTOR('',#14786,10.);
#2617=VECTOR('',#14789,10.);
#2618=VECTOR('',#14792,10.);
#2619=VECTOR('',#14795,10.);
#2620=VECTOR('',#14798,10.);
#2621=VECTOR('',#14801,10.);
#2622=VECTOR('',#14804,10.);
#2623=VECTOR('',#14807,10.);
#2624=VECTOR('',#14810,10.);
#2625=VECTOR('',#14813,10.);
#2626=VECTOR('',#14816,10.);
#2627=VECTOR('',#14819,10.);
#2628=VECTOR('',#14822,10.);
#2629=VECTOR('',#14825,10.);
#2630=VECTOR('',#14828,10.);
#2631=VECTOR('',#14831,10.);
#2632=VECTOR('',#14834,10.);
#2633=VECTOR('',#14837,10.);
#2634=VECTOR('',#14840,10.);
#2635=VECTOR('',#14843,10.);
#2636=VECTOR('',#14846,10.);
#2637=VECTOR('',#14849,10.);
#2638=VECTOR('',#14852,10.);
#2639=VECTOR('',#14855,10.);
#2640=VECTOR('',#14858,10.);
#2641=VECTOR('',#14861,10.);
#2642=VECTOR('',#14864,10.);
#2643=VECTOR('',#14867,10.);
#2644=VECTOR('',#14870,10.);
#2645=VECTOR('',#14873,10.);
#2646=VECTOR('',#14876,10.);
#2647=VECTOR('',#14879,10.);
#2648=VECTOR('',#14882,10.);
#2649=VECTOR('',#14885,10.);
#2650=VECTOR('',#14888,10.);
#2651=VECTOR('',#14891,10.);
#2652=VECTOR('',#14894,10.);
#2653=VECTOR('',#14897,10.);
#2654=VECTOR('',#14900,10.);
#2655=VECTOR('',#14903,10.);
#2656=VECTOR('',#14906,10.);
#2657=VECTOR('',#14909,10.);
#2658=VECTOR('',#14912,10.);
#2659=VECTOR('',#14915,10.);
#2660=VECTOR('',#14918,10.);
#2661=VECTOR('',#14921,10.);
#2662=VECTOR('',#14924,10.);
#2663=VECTOR('',#14927,10.);
#2664=VECTOR('',#14930,10.);
#2665=VECTOR('',#14933,10.);
#2666=VECTOR('',#14936,10.);
#2667=VECTOR('',#14939,10.);
#2668=VECTOR('',#14942,10.);
#2669=VECTOR('',#14945,10.);
#2670=VECTOR('',#14948,10.);
#2671=VECTOR('',#14951,10.);
#2672=VECTOR('',#14954,10.);
#2673=VECTOR('',#14957,10.);
#2674=VECTOR('',#14960,10.);
#2675=VECTOR('',#14963,10.);
#2676=VECTOR('',#14966,10.);
#2677=VECTOR('',#14973,10.);
#2678=VECTOR('',#14980,10.);
#2679=VECTOR('',#14983,10.);
#2680=VECTOR('',#14986,10.);
#2681=VECTOR('',#14995,10.);
#2682=VECTOR('',#14996,10.);
#2683=VECTOR('',#14999,10.);
#2684=VECTOR('',#15000,10.);
#2685=VECTOR('',#15003,10.);
#2686=VECTOR('',#15004,10.);
#2687=VECTOR('',#15007,10.);
#2688=VECTOR('',#15008,10.);
#2689=VECTOR('',#15011,10.);
#2690=VECTOR('',#15012,10.);
#2691=VECTOR('',#15015,10.);
#2692=VECTOR('',#15016,10.);
#2693=VECTOR('',#15019,10.);
#2694=VECTOR('',#15020,10.);
#2695=VECTOR('',#15023,10.);
#2696=VECTOR('',#15024,10.);
#2697=VECTOR('',#15027,10.);
#2698=VECTOR('',#15028,10.);
#2699=VECTOR('',#15031,10.);
#2700=VECTOR('',#15032,10.);
#2701=VECTOR('',#15035,10.);
#2702=VECTOR('',#15036,10.);
#2703=VECTOR('',#15041,10.);
#2704=VECTOR('',#15044,10.);
#2705=VECTOR('',#15051,10.);
#2706=VECTOR('',#15058,10.);
#2707=VECTOR('',#15065,10.);
#2708=VECTOR('',#15076,10.);
#2709=VECTOR('',#15077,10.);
#2710=VECTOR('',#15080,10.);
#2711=VECTOR('',#15083,10.);
#2712=VECTOR('',#15084,10.);
#2713=VECTOR('',#15087,10.);
#2714=VECTOR('',#15094,10.);
#2715=VECTOR('',#15107,10.);
#2716=VECTOR('',#15114,10.);
#2717=VECTOR('',#15121,10.);
#2718=VECTOR('',#15124,10.);
#2719=VECTOR('',#15125,10.);
#2720=VECTOR('',#15128,10.);
#2721=VECTOR('',#15131,10.);
#2722=VECTOR('',#15132,10.);
#2723=VECTOR('',#15133,10.);
#2724=VECTOR('',#15136,10.);
#2725=VECTOR('',#15137,10.);
#2726=VECTOR('',#15140,10.);
#2727=VECTOR('',#15141,10.);
#2728=VECTOR('',#15144,10.);
#2729=VECTOR('',#15155,10.);
#2730=VECTOR('',#15162,10.);
#2731=VECTOR('',#15163,10.);
#2732=VECTOR('',#15166,10.);
#2733=VECTOR('',#15167,10.);
#2734=VECTOR('',#15170,10.);
#2735=VECTOR('',#15171,10.);
#2736=VECTOR('',#15178,10.);
#2737=VECTOR('',#15181,10.);
#2738=VECTOR('',#15184,10.);
#2739=VECTOR('',#15187,10.);
#2740=VECTOR('',#15192,10.);
#2741=VECTOR('',#15199,10.);
#2742=VECTOR('',#15200,10.);
#2743=VECTOR('',#15211,10.);
#2744=VECTOR('',#15212,10.);
#2745=VECTOR('',#15233,10.);
#2746=VECTOR('',#15238,10.);
#2747=VECTOR('',#15245,10.);
#2748=VECTOR('',#15252,10.);
#2749=VECTOR('',#15253,10.);
#2750=VECTOR('',#15280,10.);
#2751=VECTOR('',#15285,10.);
#2752=VECTOR('',#15288,10.);
#2753=VECTOR('',#15291,10.);
#2754=VECTOR('',#15306,10.);
#2755=VECTOR('',#15325,10.);
#2756=VECTOR('',#15328,10.);
#2757=VECTOR('',#15331,10.);
#2758=VECTOR('',#15348,10.);
#2759=VECTOR('',#15355,10.);
#2760=VECTOR('',#15358,10.);
#2761=VECTOR('',#15361,10.);
#2762=VECTOR('',#15364,10.);
#2763=VECTOR('',#15367,10.);
#2764=VECTOR('',#15370,10.);
#2765=VECTOR('',#15373,10.);
#2766=VECTOR('',#15376,10.);
#2767=VECTOR('',#15379,10.);
#2768=VECTOR('',#15382,10.);
#2769=VECTOR('',#15385,10.);
#2770=VECTOR('',#15388,10.);
#2771=VECTOR('',#15391,10.);
#2772=VECTOR('',#15394,10.);
#2773=VECTOR('',#15397,10.);
#2774=VECTOR('',#15400,10.);
#2775=VECTOR('',#15403,10.);
#2776=VECTOR('',#15406,10.);
#2777=VECTOR('',#15409,10.);
#2778=VECTOR('',#15412,10.);
#2779=VECTOR('',#15415,10.);
#2780=VECTOR('',#15418,10.);
#2781=VECTOR('',#15421,10.);
#2782=VECTOR('',#15424,10.);
#2783=VECTOR('',#15429,10.);
#2784=VECTOR('',#15432,10.);
#2785=VECTOR('',#15435,10.);
#2786=VECTOR('',#15438,10.);
#2787=VECTOR('',#15441,10.);
#2788=VECTOR('',#15444,10.);
#2789=VECTOR('',#15447,10.);
#2790=VECTOR('',#15450,10.);
#2791=VECTOR('',#15453,10.);
#2792=VECTOR('',#15456,10.);
#2793=VECTOR('',#15459,10.);
#2794=VECTOR('',#15462,10.);
#2795=VECTOR('',#15465,10.);
#2796=VECTOR('',#15468,10.);
#2797=VECTOR('',#15471,10.);
#2798=VECTOR('',#15474,10.);
#2799=VECTOR('',#15477,10.);
#2800=VECTOR('',#15480,10.);
#2801=VECTOR('',#15483,10.);
#2802=VECTOR('',#15486,10.);
#2803=VECTOR('',#15489,10.);
#2804=VECTOR('',#15492,10.);
#2805=VECTOR('',#15495,10.);
#2806=VECTOR('',#15498,10.);
#2807=VECTOR('',#15501,10.);
#2808=VECTOR('',#15504,10.);
#2809=VECTOR('',#15507,10.);
#2810=VECTOR('',#15510,10.);
#2811=VECTOR('',#15513,10.);
#2812=CYLINDRICAL_SURFACE('',#11290,4.);
#2813=CYLINDRICAL_SURFACE('',#11309,1.24999997934679);
#2814=CYLINDRICAL_SURFACE('',#11311,6.50000000000001);
#2815=CYLINDRICAL_SURFACE('',#11313,2.);
#2816=CYLINDRICAL_SURFACE('',#11425,1.50000000000002);
#2817=CYLINDRICAL_SURFACE('',#11429,1.50000000000002);
#2818=CYLINDRICAL_SURFACE('',#11434,1.50000000000002);
#2819=CYLINDRICAL_SURFACE('',#11438,1.50000000000004);
#2820=CYLINDRICAL_SURFACE('',#11512,6.35089000361301);
#2821=CYLINDRICAL_SURFACE('',#11630,1.54999999999701);
#2822=CYLINDRICAL_SURFACE('',#11632,1.55);
#2823=CYLINDRICAL_SURFACE('',#11634,0.75);
#2824=CYLINDRICAL_SURFACE('',#11641,0.75);
#2825=CYLINDRICAL_SURFACE('',#11647,0.75);
#2826=CYLINDRICAL_SURFACE('',#11653,0.75);
#2827=CYLINDRICAL_SURFACE('',#11658,0.550000143789174);
#2828=CYLINDRICAL_SURFACE('',#11660,0.550000143780017);
#2829=CYLINDRICAL_SURFACE('',#11714,0.550000143789991);
#2830=CYLINDRICAL_SURFACE('',#11716,0.550000143790018);
#2831=CYLINDRICAL_SURFACE('',#11717,4.70565777758174);
#2832=CYLINDRICAL_SURFACE('',#11719,4.69637174926303);
#2833=CYLINDRICAL_SURFACE('',#11721,4.6724167203394);
#2834=CYLINDRICAL_SURFACE('',#11723,4.4214768841343);
#2835=CYLINDRICAL_SURFACE('',#11725,4.59530771838025);
#2836=CYLINDRICAL_SURFACE('',#11727,4.50204107813405);
#2837=CYLINDRICAL_SURFACE('',#11729,4.31836171458947);
#2838=CYLINDRICAL_SURFACE('',#11731,4.52304685545208);
#2839=CYLINDRICAL_SURFACE('',#11733,4.60851500564894);
#2840=CYLINDRICAL_SURFACE('',#11738,4.59755769828153);
#2841=CYLINDRICAL_SURFACE('',#11740,4.34541141271509);
#2842=CYLINDRICAL_SURFACE('',#11742,4.52492053661128);
#2843=CYLINDRICAL_SURFACE('',#11744,4.43021858608779);
#2844=CYLINDRICAL_SURFACE('',#11746,4.40104093585152);
#2845=CYLINDRICAL_SURFACE('',#11751,4.69660820899206);
#2846=CYLINDRICAL_SURFACE('',#11753,4.65089000361335);
#2847=CYLINDRICAL_SURFACE('',#11759,0.689251343698127);
#2848=CYLINDRICAL_SURFACE('',#11761,0.809197741528991);
#2849=CYLINDRICAL_SURFACE('',#11763,3.25564603857433);
#2850=CYLINDRICAL_SURFACE('',#11765,3.2927595822462);
#2851=CYLINDRICAL_SURFACE('',#11767,3.82945494867684);
#2852=CYLINDRICAL_SURFACE('',#11769,4.70166295701784);
#2853=CYLINDRICAL_SURFACE('',#11771,5.74879740307468);
#2854=CYLINDRICAL_SURFACE('',#11776,3.54318527778247);
#2855=CYLINDRICAL_SURFACE('',#11778,3.93873116770589);
#2856=CYLINDRICAL_SURFACE('',#11780,4.53667133241652);
#2857=CYLINDRICAL_SURFACE('',#11782,5.18419556255992);
#2858=CYLINDRICAL_SURFACE('',#11784,5.67697092141392);
#2859=CYLINDRICAL_SURFACE('',#11786,5.55434836435051);
#2860=CYLINDRICAL_SURFACE('',#11788,5.0304824322);
#2861=CYLINDRICAL_SURFACE('',#11790,4.82954099166366);
#2862=CYLINDRICAL_SURFACE('',#11792,5.45737139589167);
#2863=CYLINDRICAL_SURFACE('',#11794,5.69785072596493);
#2864=CYLINDRICAL_SURFACE('',#11796,5.23885843355673);
#2865=CYLINDRICAL_SURFACE('',#11798,4.59318369164218);
#2866=CYLINDRICAL_SURFACE('',#11800,3.9823399246475);
#2867=CYLINDRICAL_SURFACE('',#11802,3.54100400067015);
#2868=CYLINDRICAL_SURFACE('',#11814,3.29675158648066);
#2869=CYLINDRICAL_SURFACE('',#11818,0.791472407817972);
#2870=CYLINDRICAL_SURFACE('',#11820,0.679128515653013);
#2871=CYLINDRICAL_SURFACE('',#11822,0.675395404028466);
#2872=CYLINDRICAL_SURFACE('',#11826,4.64339767322241);
#2873=CYLINDRICAL_SURFACE('',#11828,4.69524611493368);
#2874=CYLINDRICAL_SURFACE('',#11830,4.66807637814573);
#2875=CYLINDRICAL_SURFACE('',#11832,4.40299324319116);
#2876=CYLINDRICAL_SURFACE('',#11834,4.516877527793);
#2877=CYLINDRICAL_SURFACE('',#11836,4.35967052065051);
#2878=CYLINDRICAL_SURFACE('',#11838,4.3749993565996);
#2879=CYLINDRICAL_SURFACE('',#11842,4.62804783076822);
#2880=CYLINDRICAL_SURFACE('',#11844,4.59946441657465);
#2881=CYLINDRICAL_SURFACE('',#11846,4.56307042153671);
#2882=CYLINDRICAL_SURFACE('',#11848,4.32626149609235);
#2883=CYLINDRICAL_SURFACE('',#11850,4.53945810338562);
#2884=CYLINDRICAL_SURFACE('',#11852,4.58622539322663);
#2885=CYLINDRICAL_SURFACE('',#11854,4.42664022007136);
#2886=CYLINDRICAL_SURFACE('',#11856,4.46487412164073);
#2887=CYLINDRICAL_SURFACE('',#11864,2.84339767322194);
#2888=CYLINDRICAL_SURFACE('',#11867,2.8952461146952);
#2889=CYLINDRICAL_SURFACE('',#11870,6.46807646296178);
#2890=CYLINDRICAL_SURFACE('',#11873,6.20299324319114);
#2891=CYLINDRICAL_SURFACE('',#11876,6.31687752779298);
#2892=CYLINDRICAL_SURFACE('',#11879,6.1596705206505);
#2893=CYLINDRICAL_SURFACE('',#11882,6.17499935659958);
#2894=CYLINDRICAL_SURFACE('',#11887,2.82804783076821);
#2895=CYLINDRICAL_SURFACE('',#11890,2.79946441639261);
#2896=CYLINDRICAL_SURFACE('',#11893,6.36307051044428);
#2897=CYLINDRICAL_SURFACE('',#11896,6.12626149609237);
#2898=CYLINDRICAL_SURFACE('',#11899,6.3394581033856);
#2899=CYLINDRICAL_SURFACE('',#11902,6.38622539322662);
#2900=CYLINDRICAL_SURFACE('',#11905,6.22664022007137);
#2901=CYLINDRICAL_SURFACE('',#11908,6.26487412164072);
#2902=CYLINDRICAL_SURFACE('',#11913,2.9056577775819);
#2903=CYLINDRICAL_SURFACE('',#11916,2.89637174923727);
#2904=CYLINDRICAL_SURFACE('',#11919,6.4724168106306);
#2905=CYLINDRICAL_SURFACE('',#11922,6.22147688413431);
#2906=CYLINDRICAL_SURFACE('',#11925,6.39530771838026);
#2907=CYLINDRICAL_SURFACE('',#11928,6.30204107813404);
#2908=CYLINDRICAL_SURFACE('',#11931,6.11836171458949);
#2909=CYLINDRICAL_SURFACE('',#11934,6.32304684992312);
#2910=CYLINDRICAL_SURFACE('',#11937,2.80851500564895);
#2911=CYLINDRICAL_SURFACE('',#11943,6.39755779107947);
#2912=CYLINDRICAL_SURFACE('',#11946,6.14541141271507);
#2913=CYLINDRICAL_SURFACE('',#11949,6.32492053661127);
#2914=CYLINDRICAL_SURFACE('',#11952,6.23021858608778);
#2915=CYLINDRICAL_SURFACE('',#11954,6.39524611469499);
#2916=CYLINDRICAL_SURFACE('',#11956,6.34339767322198);
#2917=CYLINDRICAL_SURFACE('',#11961,2.37539540205099);
#2918=CYLINDRICAL_SURFACE('',#11963,2.37912851565402);
#2919=CYLINDRICAL_SURFACE('',#11965,2.491472407818);
#2920=CYLINDRICAL_SURFACE('',#11969,1.59675158648229);
#2921=CYLINDRICAL_SURFACE('',#11981,1.84100414426797);
#2922=CYLINDRICAL_SURFACE('',#11983,2.282339924649);
#2923=CYLINDRICAL_SURFACE('',#11985,2.89318369164718);
#2924=CYLINDRICAL_SURFACE('',#11987,3.53885843355299);
#2925=CYLINDRICAL_SURFACE('',#11989,3.99785072596377);
#2926=CYLINDRICAL_SURFACE('',#11991,3.75737139589304);
#2927=CYLINDRICAL_SURFACE('',#11993,3.12954099166653);
#2928=CYLINDRICAL_SURFACE('',#11995,3.33048243220188);
#2929=CYLINDRICAL_SURFACE('',#11997,3.85434836435111);
#2930=CYLINDRICAL_SURFACE('',#11999,3.97697092141507);
#2931=CYLINDRICAL_SURFACE('',#12001,3.48419556256044);
#2932=CYLINDRICAL_SURFACE('',#12003,2.8366713324178);
#2933=CYLINDRICAL_SURFACE('',#12005,2.23873116770546);
#2934=CYLINDRICAL_SURFACE('',#12007,1.84318527778095);
#2935=CYLINDRICAL_SURFACE('',#12012,4.04879740307367);
#2936=CYLINDRICAL_SURFACE('',#12014,3.00166295701477);
#2937=CYLINDRICAL_SURFACE('',#12016,2.12945494867331);
#2938=CYLINDRICAL_SURFACE('',#12018,1.59275958224305);
#2939=CYLINDRICAL_SURFACE('',#12020,1.5556460385738);
#2940=CYLINDRICAL_SURFACE('',#12022,2.50919774152901);
#2941=CYLINDRICAL_SURFACE('',#12024,2.389251343698);
#2942=CYLINDRICAL_SURFACE('',#12027,6.20104093585151);
#2943=CYLINDRICAL_SURFACE('',#12033,2.89660820899188);
#2944=CYLINDRICAL_SURFACE('',#12036,2.85089000361342);
#2945=CYLINDRICAL_SURFACE('',#12042,6.396608208992);
#2946=CYLINDRICAL_SURFACE('',#12047,2.70104093585298);
#2947=CYLINDRICAL_SURFACE('',#12049,2.730218586087);
#2948=CYLINDRICAL_SURFACE('',#12051,2.8249205366083);
#2949=CYLINDRICAL_SURFACE('',#12053,2.64541141271144);
#2950=CYLINDRICAL_SURFACE('',#12055,2.89755769827791);
#2951=CYLINDRICAL_SURFACE('',#12060,6.30851500564901);
#2952=CYLINDRICAL_SURFACE('',#12062,2.82304730231081);
#2953=CYLINDRICAL_SURFACE('',#12064,2.61836171456424);
#2954=CYLINDRICAL_SURFACE('',#12066,2.80204107813251);
#2955=CYLINDRICAL_SURFACE('',#12068,2.89530771837821);
#2956=CYLINDRICAL_SURFACE('',#12070,2.72147688412819);
#2957=CYLINDRICAL_SURFACE('',#12072,2.97241672034286);
#2958=CYLINDRICAL_SURFACE('',#12074,6.39637174923701);
#2959=CYLINDRICAL_SURFACE('',#12076,6.405657777582);
#2960=CYLINDRICAL_SURFACE('',#12080,2.76487412164008);
#2961=CYLINDRICAL_SURFACE('',#12082,2.72664022007016);
#2962=CYLINDRICAL_SURFACE('',#12084,2.88622539322923);
#2963=CYLINDRICAL_SURFACE('',#12086,2.8394581034027);
#2964=CYLINDRICAL_SURFACE('',#12088,2.62626149609781);
#2965=CYLINDRICAL_SURFACE('',#12090,2.86307042154861);
#2966=CYLINDRICAL_SURFACE('',#12092,6.299464416392);
#2967=CYLINDRICAL_SURFACE('',#12094,6.32804783076899);
#2968=CYLINDRICAL_SURFACE('',#12098,2.67499935659733);
#2969=CYLINDRICAL_SURFACE('',#12100,2.65967052065278);
#2970=CYLINDRICAL_SURFACE('',#12102,2.81687752779529);
#2971=CYLINDRICAL_SURFACE('',#12104,2.70299324319603);
#2972=CYLINDRICAL_SURFACE('',#12106,2.96807637814741);
#2973=CYLINDRICAL_SURFACE('',#12259,5.09675158648067);
#2974=CYLINDRICAL_SURFACE('',#12271,5.34100399920236);
#2975=CYLINDRICAL_SURFACE('',#12273,5.78233992464749);
#2976=CYLINDRICAL_SURFACE('',#12275,6.39318369164216);
#2977=CYLINDRICAL_SURFACE('',#12277,7.03885843355674);
#2978=CYLINDRICAL_SURFACE('',#12279,7.49785072596492);
#2979=CYLINDRICAL_SURFACE('',#12281,7.25737139589167);
#2980=CYLINDRICAL_SURFACE('',#12283,6.6295410417394);
#2981=CYLINDRICAL_SURFACE('',#12285,6.8304824322);
#2982=CYLINDRICAL_SURFACE('',#12287,7.35434836435051);
#2983=CYLINDRICAL_SURFACE('',#12289,7.47697092141391);
#2984=CYLINDRICAL_SURFACE('',#12291,6.98419556255992);
#2985=CYLINDRICAL_SURFACE('',#12293,6.33667133241652);
#2986=CYLINDRICAL_SURFACE('',#12295,5.73873116770588);
#2987=CYLINDRICAL_SURFACE('',#12297,5.34318536452978);
#2988=CYLINDRICAL_SURFACE('',#12302,7.54879740307468);
#2989=CYLINDRICAL_SURFACE('',#12304,6.50166295701783);
#2990=CYLINDRICAL_SURFACE('',#12306,5.62945494867682);
#2991=CYLINDRICAL_SURFACE('',#12308,5.09275958224618);
#2992=CYLINDRICAL_SURFACE('',#12312,5.05564603857433);
#2993=FACE_OUTER_BOUND('',#3596,.T.);
#2994=FACE_OUTER_BOUND('',#3597,.T.);
#2995=FACE_OUTER_BOUND('',#3598,.T.);
#2996=FACE_OUTER_BOUND('',#3600,.T.);
#2997=FACE_OUTER_BOUND('',#3601,.T.);
#2998=FACE_OUTER_BOUND('',#3602,.T.);
#2999=FACE_OUTER_BOUND('',#3603,.T.);
#3000=FACE_OUTER_BOUND('',#3604,.T.);
#3001=FACE_OUTER_BOUND('',#3605,.T.);
#3002=FACE_OUTER_BOUND('',#3606,.T.);
#3003=FACE_OUTER_BOUND('',#3607,.T.);
#3004=FACE_OUTER_BOUND('',#3609,.T.);
#3005=FACE_OUTER_BOUND('',#3610,.T.);
#3006=FACE_OUTER_BOUND('',#3611,.T.);
#3007=FACE_OUTER_BOUND('',#3612,.T.);
#3008=FACE_OUTER_BOUND('',#3613,.T.);
#3009=FACE_OUTER_BOUND('',#3614,.T.);
#3010=FACE_OUTER_BOUND('',#3615,.T.);
#3011=FACE_OUTER_BOUND('',#3616,.T.);
#3012=FACE_OUTER_BOUND('',#3617,.T.);
#3013=FACE_OUTER_BOUND('',#3618,.T.);
#3014=FACE_OUTER_BOUND('',#3619,.T.);
#3015=FACE_OUTER_BOUND('',#3620,.T.);
#3016=FACE_OUTER_BOUND('',#3621,.T.);
#3017=FACE_OUTER_BOUND('',#3622,.T.);
#3018=FACE_OUTER_BOUND('',#3623,.T.);
#3019=FACE_OUTER_BOUND('',#3624,.T.);
#3020=FACE_OUTER_BOUND('',#3627,.T.);
#3021=FACE_OUTER_BOUND('',#3628,.T.);
#3022=FACE_OUTER_BOUND('',#3629,.T.);
#3023=FACE_OUTER_BOUND('',#3630,.T.);
#3024=FACE_OUTER_BOUND('',#3631,.T.);
#3025=FACE_OUTER_BOUND('',#3632,.T.);
#3026=FACE_OUTER_BOUND('',#3633,.T.);
#3027=FACE_OUTER_BOUND('',#3634,.T.);
#3028=FACE_OUTER_BOUND('',#3635,.T.);
#3029=FACE_OUTER_BOUND('',#3636,.T.);
#3030=FACE_OUTER_BOUND('',#3637,.T.);
#3031=FACE_OUTER_BOUND('',#3638,.T.);
#3032=FACE_OUTER_BOUND('',#3639,.T.);
#3033=FACE_OUTER_BOUND('',#3640,.T.);
#3034=FACE_OUTER_BOUND('',#3641,.T.);
#3035=FACE_OUTER_BOUND('',#3642,.T.);
#3036=FACE_OUTER_BOUND('',#3643,.T.);
#3037=FACE_OUTER_BOUND('',#3644,.T.);
#3038=FACE_OUTER_BOUND('',#3645,.T.);
#3039=FACE_OUTER_BOUND('',#3646,.T.);
#3040=FACE_OUTER_BOUND('',#3647,.T.);
#3041=FACE_OUTER_BOUND('',#3648,.T.);
#3042=FACE_OUTER_BOUND('',#3649,.T.);
#3043=FACE_OUTER_BOUND('',#3650,.T.);
#3044=FACE_OUTER_BOUND('',#3651,.T.);
#3045=FACE_OUTER_BOUND('',#3654,.T.);
#3046=FACE_OUTER_BOUND('',#3655,.T.);
#3047=FACE_OUTER_BOUND('',#3656,.T.);
#3048=FACE_OUTER_BOUND('',#3657,.T.);
#3049=FACE_OUTER_BOUND('',#3658,.T.);
#3050=FACE_OUTER_BOUND('',#3659,.T.);
#3051=FACE_OUTER_BOUND('',#3660,.T.);
#3052=FACE_OUTER_BOUND('',#3661,.T.);
#3053=FACE_OUTER_BOUND('',#3662,.T.);
#3054=FACE_OUTER_BOUND('',#3663,.T.);
#3055=FACE_OUTER_BOUND('',#3664,.T.);
#3056=FACE_OUTER_BOUND('',#3665,.T.);
#3057=FACE_OUTER_BOUND('',#3666,.T.);
#3058=FACE_OUTER_BOUND('',#3667,.T.);
#3059=FACE_OUTER_BOUND('',#3668,.T.);
#3060=FACE_OUTER_BOUND('',#3669,.T.);
#3061=FACE_OUTER_BOUND('',#3670,.T.);
#3062=FACE_OUTER_BOUND('',#3671,.T.);
#3063=FACE_OUTER_BOUND('',#3672,.T.);
#3064=FACE_OUTER_BOUND('',#3673,.T.);
#3065=FACE_OUTER_BOUND('',#3674,.T.);
#3066=FACE_OUTER_BOUND('',#3675,.T.);
#3067=FACE_OUTER_BOUND('',#3676,.T.);
#3068=FACE_OUTER_BOUND('',#3677,.T.);
#3069=FACE_OUTER_BOUND('',#3678,.T.);
#3070=FACE_OUTER_BOUND('',#3679,.T.);
#3071=FACE_OUTER_BOUND('',#3680,.T.);
#3072=FACE_OUTER_BOUND('',#3681,.T.);
#3073=FACE_OUTER_BOUND('',#3682,.T.);
#3074=FACE_OUTER_BOUND('',#3683,.T.);
#3075=FACE_OUTER_BOUND('',#3684,.T.);
#3076=FACE_OUTER_BOUND('',#3685,.T.);
#3077=FACE_OUTER_BOUND('',#3686,.T.);
#3078=FACE_OUTER_BOUND('',#3687,.T.);
#3079=FACE_OUTER_BOUND('',#3688,.T.);
#3080=FACE_OUTER_BOUND('',#3689,.T.);
#3081=FACE_OUTER_BOUND('',#3690,.T.);
#3082=FACE_OUTER_BOUND('',#3691,.T.);
#3083=FACE_OUTER_BOUND('',#3692,.T.);
#3084=FACE_OUTER_BOUND('',#3693,.T.);
#3085=FACE_OUTER_BOUND('',#3694,.T.);
#3086=FACE_OUTER_BOUND('',#3695,.T.);
#3087=FACE_OUTER_BOUND('',#3696,.T.);
#3088=FACE_OUTER_BOUND('',#3697,.T.);
#3089=FACE_OUTER_BOUND('',#3698,.T.);
#3090=FACE_OUTER_BOUND('',#3699,.T.);
#3091=FACE_OUTER_BOUND('',#3700,.T.);
#3092=FACE_OUTER_BOUND('',#3701,.T.);
#3093=FACE_OUTER_BOUND('',#3702,.T.);
#3094=FACE_OUTER_BOUND('',#3703,.T.);
#3095=FACE_OUTER_BOUND('',#3704,.T.);
#3096=FACE_OUTER_BOUND('',#3705,.T.);
#3097=FACE_OUTER_BOUND('',#3706,.T.);
#3098=FACE_OUTER_BOUND('',#3707,.T.);
#3099=FACE_OUTER_BOUND('',#3708,.T.);
#3100=FACE_OUTER_BOUND('',#3709,.T.);
#3101=FACE_OUTER_BOUND('',#3710,.T.);
#3102=FACE_OUTER_BOUND('',#3711,.T.);
#3103=FACE_OUTER_BOUND('',#3712,.T.);
#3104=FACE_OUTER_BOUND('',#3713,.T.);
#3105=FACE_OUTER_BOUND('',#3714,.T.);
#3106=FACE_OUTER_BOUND('',#3715,.T.);
#3107=FACE_OUTER_BOUND('',#3716,.T.);
#3108=FACE_OUTER_BOUND('',#3717,.T.);
#3109=FACE_OUTER_BOUND('',#3718,.T.);
#3110=FACE_OUTER_BOUND('',#3719,.T.);
#3111=FACE_OUTER_BOUND('',#3720,.T.);
#3112=FACE_OUTER_BOUND('',#3721,.T.);
#3113=FACE_OUTER_BOUND('',#3722,.T.);
#3114=FACE_OUTER_BOUND('',#3723,.T.);
#3115=FACE_OUTER_BOUND('',#3724,.T.);
#3116=FACE_OUTER_BOUND('',#3725,.T.);
#3117=FACE_OUTER_BOUND('',#3726,.T.);
#3118=FACE_OUTER_BOUND('',#3727,.T.);
#3119=FACE_OUTER_BOUND('',#3728,.T.);
#3120=FACE_OUTER_BOUND('',#3729,.T.);
#3121=FACE_OUTER_BOUND('',#3730,.T.);
#3122=FACE_OUTER_BOUND('',#3731,.T.);
#3123=FACE_OUTER_BOUND('',#3732,.T.);
#3124=FACE_OUTER_BOUND('',#3733,.T.);
#3125=FACE_OUTER_BOUND('',#3734,.T.);
#3126=FACE_OUTER_BOUND('',#3735,.T.);
#3127=FACE_OUTER_BOUND('',#3736,.T.);
#3128=FACE_OUTER_BOUND('',#3737,.T.);
#3129=FACE_OUTER_BOUND('',#3738,.T.);
#3130=FACE_OUTER_BOUND('',#3739,.T.);
#3131=FACE_OUTER_BOUND('',#3740,.T.);
#3132=FACE_OUTER_BOUND('',#3741,.T.);
#3133=FACE_OUTER_BOUND('',#3742,.T.);
#3134=FACE_OUTER_BOUND('',#3743,.T.);
#3135=FACE_OUTER_BOUND('',#3744,.T.);
#3136=FACE_OUTER_BOUND('',#3745,.T.);
#3137=FACE_OUTER_BOUND('',#3746,.T.);
#3138=FACE_OUTER_BOUND('',#3747,.T.);
#3139=FACE_OUTER_BOUND('',#3748,.T.);
#3140=FACE_OUTER_BOUND('',#3749,.T.);
#3141=FACE_OUTER_BOUND('',#3750,.T.);
#3142=FACE_OUTER_BOUND('',#3751,.T.);
#3143=FACE_OUTER_BOUND('',#3752,.T.);
#3144=FACE_OUTER_BOUND('',#3753,.T.);
#3145=FACE_OUTER_BOUND('',#3754,.T.);
#3146=FACE_OUTER_BOUND('',#3755,.T.);
#3147=FACE_OUTER_BOUND('',#3756,.T.);
#3148=FACE_OUTER_BOUND('',#3757,.T.);
#3149=FACE_OUTER_BOUND('',#3758,.T.);
#3150=FACE_OUTER_BOUND('',#3759,.T.);
#3151=FACE_OUTER_BOUND('',#3760,.T.);
#3152=FACE_OUTER_BOUND('',#3761,.T.);
#3153=FACE_OUTER_BOUND('',#3762,.T.);
#3154=FACE_OUTER_BOUND('',#3763,.T.);
#3155=FACE_OUTER_BOUND('',#3764,.T.);
#3156=FACE_OUTER_BOUND('',#3765,.T.);
#3157=FACE_OUTER_BOUND('',#3766,.T.);
#3158=FACE_OUTER_BOUND('',#3767,.T.);
#3159=FACE_OUTER_BOUND('',#3768,.T.);
#3160=FACE_OUTER_BOUND('',#3769,.T.);
#3161=FACE_OUTER_BOUND('',#3770,.T.);
#3162=FACE_OUTER_BOUND('',#3771,.T.);
#3163=FACE_OUTER_BOUND('',#3772,.T.);
#3164=FACE_OUTER_BOUND('',#3773,.T.);
#3165=FACE_OUTER_BOUND('',#3774,.T.);
#3166=FACE_OUTER_BOUND('',#3775,.T.);
#3167=FACE_OUTER_BOUND('',#3776,.T.);
#3168=FACE_OUTER_BOUND('',#3777,.T.);
#3169=FACE_OUTER_BOUND('',#3778,.T.);
#3170=FACE_OUTER_BOUND('',#3779,.T.);
#3171=FACE_OUTER_BOUND('',#3780,.T.);
#3172=FACE_OUTER_BOUND('',#3781,.T.);
#3173=FACE_OUTER_BOUND('',#3782,.T.);
#3174=FACE_OUTER_BOUND('',#3783,.T.);
#3175=FACE_OUTER_BOUND('',#3784,.T.);
#3176=FACE_OUTER_BOUND('',#3785,.T.);
#3177=FACE_OUTER_BOUND('',#3786,.T.);
#3178=FACE_OUTER_BOUND('',#3787,.T.);
#3179=FACE_OUTER_BOUND('',#3788,.T.);
#3180=FACE_OUTER_BOUND('',#3789,.T.);
#3181=FACE_OUTER_BOUND('',#3790,.T.);
#3182=FACE_OUTER_BOUND('',#3791,.T.);
#3183=FACE_OUTER_BOUND('',#3792,.T.);
#3184=FACE_OUTER_BOUND('',#3793,.T.);
#3185=FACE_OUTER_BOUND('',#3794,.T.);
#3186=FACE_OUTER_BOUND('',#3795,.T.);
#3187=FACE_OUTER_BOUND('',#3796,.T.);
#3188=FACE_OUTER_BOUND('',#3797,.T.);
#3189=FACE_OUTER_BOUND('',#3798,.T.);
#3190=FACE_OUTER_BOUND('',#3799,.T.);
#3191=FACE_OUTER_BOUND('',#3800,.T.);
#3192=FACE_OUTER_BOUND('',#3801,.T.);
#3193=FACE_OUTER_BOUND('',#3802,.T.);
#3194=FACE_OUTER_BOUND('',#3803,.T.);
#3195=FACE_OUTER_BOUND('',#3804,.T.);
#3196=FACE_OUTER_BOUND('',#3805,.T.);
#3197=FACE_OUTER_BOUND('',#3806,.T.);
#3198=FACE_OUTER_BOUND('',#3807,.T.);
#3199=FACE_OUTER_BOUND('',#3808,.T.);
#3200=FACE_OUTER_BOUND('',#3809,.T.);
#3201=FACE_OUTER_BOUND('',#3810,.T.);
#3202=FACE_OUTER_BOUND('',#3811,.T.);
#3203=FACE_OUTER_BOUND('',#3812,.T.);
#3204=FACE_OUTER_BOUND('',#3813,.T.);
#3205=FACE_OUTER_BOUND('',#3814,.T.);
#3206=FACE_OUTER_BOUND('',#3815,.T.);
#3207=FACE_OUTER_BOUND('',#3816,.T.);
#3208=FACE_OUTER_BOUND('',#3817,.T.);
#3209=FACE_OUTER_BOUND('',#3818,.T.);
#3210=FACE_OUTER_BOUND('',#3819,.T.);
#3211=FACE_OUTER_BOUND('',#3820,.T.);
#3212=FACE_OUTER_BOUND('',#3821,.T.);
#3213=FACE_OUTER_BOUND('',#3822,.T.);
#3214=FACE_OUTER_BOUND('',#3823,.T.);
#3215=FACE_OUTER_BOUND('',#3824,.T.);
#3216=FACE_OUTER_BOUND('',#3825,.T.);
#3217=FACE_OUTER_BOUND('',#3826,.T.);
#3218=FACE_OUTER_BOUND('',#3827,.T.);
#3219=FACE_OUTER_BOUND('',#3828,.T.);
#3220=FACE_OUTER_BOUND('',#3829,.T.);
#3221=FACE_OUTER_BOUND('',#3830,.T.);
#3222=FACE_OUTER_BOUND('',#3831,.T.);
#3223=FACE_OUTER_BOUND('',#3832,.T.);
#3224=FACE_OUTER_BOUND('',#3833,.T.);
#3225=FACE_OUTER_BOUND('',#3834,.T.);
#3226=FACE_OUTER_BOUND('',#3835,.T.);
#3227=FACE_OUTER_BOUND('',#3836,.T.);
#3228=FACE_OUTER_BOUND('',#3837,.T.);
#3229=FACE_OUTER_BOUND('',#3838,.T.);
#3230=FACE_OUTER_BOUND('',#3839,.T.);
#3231=FACE_OUTER_BOUND('',#3840,.T.);
#3232=FACE_OUTER_BOUND('',#3841,.T.);
#3233=FACE_OUTER_BOUND('',#3842,.T.);
#3234=FACE_OUTER_BOUND('',#3843,.T.);
#3235=FACE_OUTER_BOUND('',#3844,.T.);
#3236=FACE_OUTER_BOUND('',#3845,.T.);
#3237=FACE_OUTER_BOUND('',#3846,.T.);
#3238=FACE_OUTER_BOUND('',#3847,.T.);
#3239=FACE_OUTER_BOUND('',#3848,.T.);
#3240=FACE_OUTER_BOUND('',#3849,.T.);
#3241=FACE_OUTER_BOUND('',#3850,.T.);
#3242=FACE_OUTER_BOUND('',#3851,.T.);
#3243=FACE_OUTER_BOUND('',#3852,.T.);
#3244=FACE_OUTER_BOUND('',#3853,.T.);
#3245=FACE_OUTER_BOUND('',#3854,.T.);
#3246=FACE_OUTER_BOUND('',#3855,.T.);
#3247=FACE_OUTER_BOUND('',#3856,.T.);
#3248=FACE_OUTER_BOUND('',#3857,.T.);
#3249=FACE_OUTER_BOUND('',#3858,.T.);
#3250=FACE_OUTER_BOUND('',#3859,.T.);
#3251=FACE_OUTER_BOUND('',#3860,.T.);
#3252=FACE_OUTER_BOUND('',#3861,.T.);
#3253=FACE_OUTER_BOUND('',#3862,.T.);
#3254=FACE_OUTER_BOUND('',#3863,.T.);
#3255=FACE_OUTER_BOUND('',#3864,.T.);
#3256=FACE_OUTER_BOUND('',#3865,.T.);
#3257=FACE_OUTER_BOUND('',#3866,.T.);
#3258=FACE_OUTER_BOUND('',#3867,.T.);
#3259=FACE_OUTER_BOUND('',#3868,.T.);
#3260=FACE_OUTER_BOUND('',#3869,.T.);
#3261=FACE_OUTER_BOUND('',#3870,.T.);
#3262=FACE_OUTER_BOUND('',#3871,.T.);
#3263=FACE_OUTER_BOUND('',#3872,.T.);
#3264=FACE_OUTER_BOUND('',#3873,.T.);
#3265=FACE_OUTER_BOUND('',#3874,.T.);
#3266=FACE_OUTER_BOUND('',#3875,.T.);
#3267=FACE_OUTER_BOUND('',#3876,.T.);
#3268=FACE_OUTER_BOUND('',#3877,.T.);
#3269=FACE_OUTER_BOUND('',#3878,.T.);
#3270=FACE_OUTER_BOUND('',#3879,.T.);
#3271=FACE_OUTER_BOUND('',#3880,.T.);
#3272=FACE_OUTER_BOUND('',#3881,.T.);
#3273=FACE_OUTER_BOUND('',#3882,.T.);
#3274=FACE_OUTER_BOUND('',#3883,.T.);
#3275=FACE_OUTER_BOUND('',#3884,.T.);
#3276=FACE_OUTER_BOUND('',#3885,.T.);
#3277=FACE_OUTER_BOUND('',#3886,.T.);
#3278=FACE_OUTER_BOUND('',#3887,.T.);
#3279=FACE_OUTER_BOUND('',#3888,.T.);
#3280=FACE_OUTER_BOUND('',#3889,.T.);
#3281=FACE_OUTER_BOUND('',#3890,.T.);
#3282=FACE_OUTER_BOUND('',#3891,.T.);
#3283=FACE_OUTER_BOUND('',#3892,.T.);
#3284=FACE_OUTER_BOUND('',#3893,.T.);
#3285=FACE_OUTER_BOUND('',#3894,.T.);
#3286=FACE_OUTER_BOUND('',#3895,.T.);
#3287=FACE_OUTER_BOUND('',#3896,.T.);
#3288=FACE_OUTER_BOUND('',#3897,.T.);
#3289=FACE_OUTER_BOUND('',#3898,.T.);
#3290=FACE_OUTER_BOUND('',#3899,.T.);
#3291=FACE_OUTER_BOUND('',#3900,.T.);
#3292=FACE_OUTER_BOUND('',#3901,.T.);
#3293=FACE_OUTER_BOUND('',#3902,.T.);
#3294=FACE_OUTER_BOUND('',#3903,.T.);
#3295=FACE_OUTER_BOUND('',#3904,.T.);
#3296=FACE_OUTER_BOUND('',#3905,.T.);
#3297=FACE_OUTER_BOUND('',#3906,.T.);
#3298=FACE_OUTER_BOUND('',#3907,.T.);
#3299=FACE_OUTER_BOUND('',#3908,.T.);
#3300=FACE_OUTER_BOUND('',#3909,.T.);
#3301=FACE_OUTER_BOUND('',#3910,.T.);
#3302=FACE_OUTER_BOUND('',#3911,.T.);
#3303=FACE_OUTER_BOUND('',#3912,.T.);
#3304=FACE_OUTER_BOUND('',#3913,.T.);
#3305=FACE_OUTER_BOUND('',#3914,.T.);
#3306=FACE_OUTER_BOUND('',#3915,.T.);
#3307=FACE_OUTER_BOUND('',#3916,.T.);
#3308=FACE_OUTER_BOUND('',#3917,.T.);
#3309=FACE_OUTER_BOUND('',#3918,.T.);
#3310=FACE_OUTER_BOUND('',#3919,.T.);
#3311=FACE_OUTER_BOUND('',#3920,.T.);
#3312=FACE_OUTER_BOUND('',#3921,.T.);
#3313=FACE_OUTER_BOUND('',#3922,.T.);
#3314=FACE_OUTER_BOUND('',#3923,.T.);
#3315=FACE_OUTER_BOUND('',#3924,.T.);
#3316=FACE_OUTER_BOUND('',#3925,.T.);
#3317=FACE_OUTER_BOUND('',#3926,.T.);
#3318=FACE_OUTER_BOUND('',#3927,.T.);
#3319=FACE_OUTER_BOUND('',#3928,.T.);
#3320=FACE_OUTER_BOUND('',#3929,.T.);
#3321=FACE_OUTER_BOUND('',#3930,.T.);
#3322=FACE_OUTER_BOUND('',#3931,.T.);
#3323=FACE_OUTER_BOUND('',#3932,.T.);
#3324=FACE_OUTER_BOUND('',#3933,.T.);
#3325=FACE_OUTER_BOUND('',#3934,.T.);
#3326=FACE_OUTER_BOUND('',#3935,.T.);
#3327=FACE_OUTER_BOUND('',#3936,.T.);
#3328=FACE_OUTER_BOUND('',#3937,.T.);
#3329=FACE_OUTER_BOUND('',#3938,.T.);
#3330=FACE_OUTER_BOUND('',#3939,.T.);
#3331=FACE_OUTER_BOUND('',#3940,.T.);
#3332=FACE_OUTER_BOUND('',#3941,.T.);
#3333=FACE_OUTER_BOUND('',#3942,.T.);
#3334=FACE_OUTER_BOUND('',#3943,.T.);
#3335=FACE_OUTER_BOUND('',#3944,.T.);
#3336=FACE_OUTER_BOUND('',#3945,.T.);
#3337=FACE_OUTER_BOUND('',#3946,.T.);
#3338=FACE_OUTER_BOUND('',#3947,.T.);
#3339=FACE_OUTER_BOUND('',#3948,.T.);
#3340=FACE_OUTER_BOUND('',#3949,.T.);
#3341=FACE_OUTER_BOUND('',#3950,.T.);
#3342=FACE_OUTER_BOUND('',#3951,.T.);
#3343=FACE_OUTER_BOUND('',#3952,.T.);
#3344=FACE_OUTER_BOUND('',#3953,.T.);
#3345=FACE_OUTER_BOUND('',#3954,.T.);
#3346=FACE_OUTER_BOUND('',#3955,.T.);
#3347=FACE_OUTER_BOUND('',#3956,.T.);
#3348=FACE_OUTER_BOUND('',#3957,.T.);
#3349=FACE_OUTER_BOUND('',#3958,.T.);
#3350=FACE_OUTER_BOUND('',#3959,.T.);
#3351=FACE_OUTER_BOUND('',#3960,.T.);
#3352=FACE_OUTER_BOUND('',#3961,.T.);
#3353=FACE_OUTER_BOUND('',#3962,.T.);
#3354=FACE_OUTER_BOUND('',#3963,.T.);
#3355=FACE_OUTER_BOUND('',#3964,.T.);
#3356=FACE_OUTER_BOUND('',#3965,.T.);
#3357=FACE_OUTER_BOUND('',#3966,.T.);
#3358=FACE_OUTER_BOUND('',#3967,.T.);
#3359=FACE_OUTER_BOUND('',#3968,.T.);
#3360=FACE_OUTER_BOUND('',#3969,.T.);
#3361=FACE_OUTER_BOUND('',#3970,.T.);
#3362=FACE_OUTER_BOUND('',#3971,.T.);
#3363=FACE_OUTER_BOUND('',#3972,.T.);
#3364=FACE_OUTER_BOUND('',#3973,.T.);
#3365=FACE_OUTER_BOUND('',#3974,.T.);
#3366=FACE_OUTER_BOUND('',#3975,.T.);
#3367=FACE_OUTER_BOUND('',#3976,.T.);
#3368=FACE_OUTER_BOUND('',#3977,.T.);
#3369=FACE_OUTER_BOUND('',#3978,.T.);
#3370=FACE_OUTER_BOUND('',#3979,.T.);
#3371=FACE_OUTER_BOUND('',#3980,.T.);
#3372=FACE_OUTER_BOUND('',#3981,.T.);
#3373=FACE_OUTER_BOUND('',#3982,.T.);
#3374=FACE_OUTER_BOUND('',#3983,.T.);
#3375=FACE_OUTER_BOUND('',#3984,.T.);
#3376=FACE_OUTER_BOUND('',#3985,.T.);
#3377=FACE_OUTER_BOUND('',#3986,.T.);
#3378=FACE_OUTER_BOUND('',#3987,.T.);
#3379=FACE_OUTER_BOUND('',#3988,.T.);
#3380=FACE_OUTER_BOUND('',#3989,.T.);
#3381=FACE_OUTER_BOUND('',#3990,.T.);
#3382=FACE_OUTER_BOUND('',#3991,.T.);
#3383=FACE_OUTER_BOUND('',#3992,.T.);
#3384=FACE_OUTER_BOUND('',#3993,.T.);
#3385=FACE_OUTER_BOUND('',#3994,.T.);
#3386=FACE_OUTER_BOUND('',#3995,.T.);
#3387=FACE_OUTER_BOUND('',#3996,.T.);
#3388=FACE_OUTER_BOUND('',#3997,.T.);
#3389=FACE_OUTER_BOUND('',#3998,.T.);
#3390=FACE_OUTER_BOUND('',#3999,.T.);
#3391=FACE_OUTER_BOUND('',#4000,.T.);
#3392=FACE_OUTER_BOUND('',#4001,.T.);
#3393=FACE_OUTER_BOUND('',#4002,.T.);
#3394=FACE_OUTER_BOUND('',#4003,.T.);
#3395=FACE_OUTER_BOUND('',#4004,.T.);
#3396=FACE_OUTER_BOUND('',#4005,.T.);
#3397=FACE_OUTER_BOUND('',#4006,.T.);
#3398=FACE_OUTER_BOUND('',#4007,.T.);
#3399=FACE_OUTER_BOUND('',#4008,.T.);
#3400=FACE_OUTER_BOUND('',#4009,.T.);
#3401=FACE_OUTER_BOUND('',#4010,.T.);
#3402=FACE_OUTER_BOUND('',#4011,.T.);
#3403=FACE_OUTER_BOUND('',#4012,.T.);
#3404=FACE_OUTER_BOUND('',#4013,.T.);
#3405=FACE_OUTER_BOUND('',#4014,.T.);
#3406=FACE_OUTER_BOUND('',#4015,.T.);
#3407=FACE_OUTER_BOUND('',#4016,.T.);
#3408=FACE_OUTER_BOUND('',#4017,.T.);
#3409=FACE_OUTER_BOUND('',#4018,.T.);
#3410=FACE_OUTER_BOUND('',#4019,.T.);
#3411=FACE_OUTER_BOUND('',#4020,.T.);
#3412=FACE_OUTER_BOUND('',#4021,.T.);
#3413=FACE_OUTER_BOUND('',#4022,.T.);
#3414=FACE_OUTER_BOUND('',#4023,.T.);
#3415=FACE_OUTER_BOUND('',#4024,.T.);
#3416=FACE_OUTER_BOUND('',#4025,.T.);
#3417=FACE_OUTER_BOUND('',#4026,.T.);
#3418=FACE_OUTER_BOUND('',#4027,.T.);
#3419=FACE_OUTER_BOUND('',#4028,.T.);
#3420=FACE_OUTER_BOUND('',#4029,.T.);
#3421=FACE_OUTER_BOUND('',#4030,.T.);
#3422=FACE_OUTER_BOUND('',#4031,.T.);
#3423=FACE_OUTER_BOUND('',#4032,.T.);
#3424=FACE_OUTER_BOUND('',#4033,.T.);
#3425=FACE_OUTER_BOUND('',#4034,.T.);
#3426=FACE_OUTER_BOUND('',#4035,.T.);
#3427=FACE_OUTER_BOUND('',#4036,.T.);
#3428=FACE_OUTER_BOUND('',#4037,.T.);
#3429=FACE_OUTER_BOUND('',#4038,.T.);
#3430=FACE_OUTER_BOUND('',#4039,.T.);
#3431=FACE_OUTER_BOUND('',#4040,.T.);
#3432=FACE_OUTER_BOUND('',#4041,.T.);
#3433=FACE_OUTER_BOUND('',#4042,.T.);
#3434=FACE_OUTER_BOUND('',#4043,.T.);
#3435=FACE_OUTER_BOUND('',#4044,.T.);
#3436=FACE_OUTER_BOUND('',#4045,.T.);
#3437=FACE_OUTER_BOUND('',#4046,.T.);
#3438=FACE_OUTER_BOUND('',#4047,.T.);
#3439=FACE_OUTER_BOUND('',#4048,.T.);
#3440=FACE_OUTER_BOUND('',#4049,.T.);
#3441=FACE_OUTER_BOUND('',#4050,.T.);
#3442=FACE_OUTER_BOUND('',#4051,.T.);
#3443=FACE_OUTER_BOUND('',#4052,.T.);
#3444=FACE_OUTER_BOUND('',#4053,.T.);
#3445=FACE_OUTER_BOUND('',#4054,.T.);
#3446=FACE_OUTER_BOUND('',#4055,.T.);
#3447=FACE_OUTER_BOUND('',#4056,.T.);
#3448=FACE_OUTER_BOUND('',#4057,.T.);
#3449=FACE_OUTER_BOUND('',#4058,.T.);
#3450=FACE_OUTER_BOUND('',#4059,.T.);
#3451=FACE_OUTER_BOUND('',#4060,.T.);
#3452=FACE_OUTER_BOUND('',#4061,.T.);
#3453=FACE_OUTER_BOUND('',#4062,.T.);
#3454=FACE_OUTER_BOUND('',#4063,.T.);
#3455=FACE_OUTER_BOUND('',#4064,.T.);
#3456=FACE_OUTER_BOUND('',#4065,.T.);
#3457=FACE_OUTER_BOUND('',#4066,.T.);
#3458=FACE_OUTER_BOUND('',#4067,.T.);
#3459=FACE_OUTER_BOUND('',#4068,.T.);
#3460=FACE_OUTER_BOUND('',#4069,.T.);
#3461=FACE_OUTER_BOUND('',#4070,.T.);
#3462=FACE_OUTER_BOUND('',#4071,.T.);
#3463=FACE_OUTER_BOUND('',#4072,.T.);
#3464=FACE_OUTER_BOUND('',#4073,.T.);
#3465=FACE_OUTER_BOUND('',#4074,.T.);
#3466=FACE_OUTER_BOUND('',#4075,.T.);
#3467=FACE_OUTER_BOUND('',#4076,.T.);
#3468=FACE_OUTER_BOUND('',#4077,.T.);
#3469=FACE_OUTER_BOUND('',#4078,.T.);
#3470=FACE_OUTER_BOUND('',#4079,.T.);
#3471=FACE_OUTER_BOUND('',#4080,.T.);
#3472=FACE_OUTER_BOUND('',#4081,.T.);
#3473=FACE_OUTER_BOUND('',#4082,.T.);
#3474=FACE_OUTER_BOUND('',#4083,.T.);
#3475=FACE_OUTER_BOUND('',#4084,.T.);
#3476=FACE_OUTER_BOUND('',#4085,.T.);
#3477=FACE_OUTER_BOUND('',#4086,.T.);
#3478=FACE_OUTER_BOUND('',#4087,.T.);
#3479=FACE_OUTER_BOUND('',#4088,.T.);
#3480=FACE_OUTER_BOUND('',#4089,.T.);
#3481=FACE_OUTER_BOUND('',#4090,.T.);
#3482=FACE_OUTER_BOUND('',#4091,.T.);
#3483=FACE_OUTER_BOUND('',#4092,.T.);
#3484=FACE_OUTER_BOUND('',#4093,.T.);
#3485=FACE_OUTER_BOUND('',#4094,.T.);
#3486=FACE_OUTER_BOUND('',#4095,.T.);
#3487=FACE_OUTER_BOUND('',#4096,.T.);
#3488=FACE_OUTER_BOUND('',#4097,.T.);
#3489=FACE_OUTER_BOUND('',#4098,.T.);
#3490=FACE_OUTER_BOUND('',#4099,.T.);
#3491=FACE_OUTER_BOUND('',#4100,.T.);
#3492=FACE_OUTER_BOUND('',#4101,.T.);
#3493=FACE_OUTER_BOUND('',#4102,.T.);
#3494=FACE_OUTER_BOUND('',#4103,.T.);
#3495=FACE_OUTER_BOUND('',#4104,.T.);
#3496=FACE_OUTER_BOUND('',#4105,.T.);
#3497=FACE_OUTER_BOUND('',#4106,.T.);
#3498=FACE_OUTER_BOUND('',#4107,.T.);
#3499=FACE_OUTER_BOUND('',#4108,.T.);
#3500=FACE_OUTER_BOUND('',#4109,.T.);
#3501=FACE_OUTER_BOUND('',#4110,.T.);
#3502=FACE_OUTER_BOUND('',#4111,.T.);
#3503=FACE_OUTER_BOUND('',#4112,.T.);
#3504=FACE_OUTER_BOUND('',#4113,.T.);
#3505=FACE_OUTER_BOUND('',#4114,.T.);
#3506=FACE_OUTER_BOUND('',#4115,.T.);
#3507=FACE_OUTER_BOUND('',#4116,.T.);
#3508=FACE_OUTER_BOUND('',#4117,.T.);
#3509=FACE_OUTER_BOUND('',#4118,.T.);
#3510=FACE_OUTER_BOUND('',#4119,.T.);
#3511=FACE_OUTER_BOUND('',#4120,.T.);
#3512=FACE_OUTER_BOUND('',#4121,.T.);
#3513=FACE_OUTER_BOUND('',#4122,.T.);
#3514=FACE_OUTER_BOUND('',#4123,.T.);
#3515=FACE_OUTER_BOUND('',#4124,.T.);
#3516=FACE_OUTER_BOUND('',#4125,.T.);
#3517=FACE_OUTER_BOUND('',#4126,.T.);
#3518=FACE_OUTER_BOUND('',#4127,.T.);
#3519=FACE_OUTER_BOUND('',#4128,.T.);
#3520=FACE_OUTER_BOUND('',#4129,.T.);
#3521=FACE_OUTER_BOUND('',#4130,.T.);
#3522=FACE_OUTER_BOUND('',#4131,.T.);
#3523=FACE_OUTER_BOUND('',#4132,.T.);
#3524=FACE_OUTER_BOUND('',#4133,.T.);
#3525=FACE_OUTER_BOUND('',#4134,.T.);
#3526=FACE_OUTER_BOUND('',#4135,.T.);
#3527=FACE_OUTER_BOUND('',#4136,.T.);
#3528=FACE_OUTER_BOUND('',#4137,.T.);
#3529=FACE_OUTER_BOUND('',#4138,.T.);
#3530=FACE_OUTER_BOUND('',#4139,.T.);
#3531=FACE_OUTER_BOUND('',#4140,.T.);
#3532=FACE_OUTER_BOUND('',#4141,.T.);
#3533=FACE_OUTER_BOUND('',#4142,.T.);
#3534=FACE_OUTER_BOUND('',#4143,.T.);
#3535=FACE_OUTER_BOUND('',#4144,.T.);
#3536=FACE_OUTER_BOUND('',#4145,.T.);
#3537=FACE_OUTER_BOUND('',#4146,.T.);
#3538=FACE_OUTER_BOUND('',#4147,.T.);
#3539=FACE_OUTER_BOUND('',#4148,.T.);
#3540=FACE_OUTER_BOUND('',#4149,.T.);
#3541=FACE_OUTER_BOUND('',#4150,.T.);
#3542=FACE_OUTER_BOUND('',#4151,.T.);
#3543=FACE_OUTER_BOUND('',#4152,.T.);
#3544=FACE_OUTER_BOUND('',#4153,.T.);
#3545=FACE_OUTER_BOUND('',#4154,.T.);
#3546=FACE_OUTER_BOUND('',#4155,.T.);
#3547=FACE_OUTER_BOUND('',#4156,.T.);
#3548=FACE_OUTER_BOUND('',#4157,.T.);
#3549=FACE_OUTER_BOUND('',#4158,.T.);
#3550=FACE_OUTER_BOUND('',#4159,.T.);
#3551=FACE_OUTER_BOUND('',#4160,.T.);
#3552=FACE_OUTER_BOUND('',#4161,.T.);
#3553=FACE_OUTER_BOUND('',#4162,.T.);
#3554=FACE_OUTER_BOUND('',#4163,.T.);
#3555=FACE_OUTER_BOUND('',#4164,.T.);
#3556=FACE_OUTER_BOUND('',#4165,.T.);
#3557=FACE_OUTER_BOUND('',#4166,.T.);
#3558=FACE_OUTER_BOUND('',#4167,.T.);
#3559=FACE_OUTER_BOUND('',#4168,.T.);
#3560=FACE_OUTER_BOUND('',#4169,.T.);
#3561=FACE_OUTER_BOUND('',#4170,.T.);
#3562=FACE_OUTER_BOUND('',#4171,.T.);
#3563=FACE_OUTER_BOUND('',#4172,.T.);
#3564=FACE_OUTER_BOUND('',#4173,.T.);
#3565=FACE_OUTER_BOUND('',#4174,.T.);
#3566=FACE_OUTER_BOUND('',#4175,.T.);
#3567=FACE_OUTER_BOUND('',#4176,.T.);
#3568=FACE_OUTER_BOUND('',#4177,.T.);
#3569=FACE_OUTER_BOUND('',#4178,.T.);
#3570=FACE_OUTER_BOUND('',#4179,.T.);
#3571=FACE_OUTER_BOUND('',#4180,.T.);
#3572=FACE_OUTER_BOUND('',#4181,.T.);
#3573=FACE_OUTER_BOUND('',#4182,.T.);
#3574=FACE_OUTER_BOUND('',#4183,.T.);
#3575=FACE_OUTER_BOUND('',#4184,.T.);
#3576=FACE_OUTER_BOUND('',#4185,.T.);
#3577=FACE_OUTER_BOUND('',#4186,.T.);
#3578=FACE_OUTER_BOUND('',#4187,.T.);
#3579=FACE_OUTER_BOUND('',#4188,.T.);
#3580=FACE_OUTER_BOUND('',#4189,.T.);
#3581=FACE_OUTER_BOUND('',#4190,.T.);
#3582=FACE_OUTER_BOUND('',#4191,.T.);
#3583=FACE_OUTER_BOUND('',#4192,.T.);
#3584=FACE_OUTER_BOUND('',#4193,.T.);
#3585=FACE_OUTER_BOUND('',#4194,.T.);
#3586=FACE_OUTER_BOUND('',#4195,.T.);
#3587=FACE_OUTER_BOUND('',#4196,.T.);
#3588=FACE_OUTER_BOUND('',#4197,.T.);
#3589=FACE_OUTER_BOUND('',#4198,.T.);
#3590=FACE_OUTER_BOUND('',#4199,.T.);
#3591=FACE_OUTER_BOUND('',#4200,.T.);
#3592=FACE_OUTER_BOUND('',#4201,.T.);
#3593=FACE_OUTER_BOUND('',#4202,.T.);
#3594=FACE_OUTER_BOUND('',#4203,.T.);
#3595=FACE_OUTER_BOUND('',#4204,.T.);
#3596=EDGE_LOOP('',(#7345,#7346,#7347,#7348));
#3597=EDGE_LOOP('',(#7349,#7350,#7351,#7352));
#3598=EDGE_LOOP('',(#7353,#7354,#7355,#7356,#7357,#7358,#7359,#7360,#7361,
#7362,#7363,#7364,#7365));
#3599=EDGE_LOOP('',(#7366));
#3600=EDGE_LOOP('',(#7367,#7368,#7369,#7370));
#3601=EDGE_LOOP('',(#7371,#7372,#7373,#7374));
#3602=EDGE_LOOP('',(#7375,#7376,#7377,#7378));
#3603=EDGE_LOOP('',(#7379,#7380,#7381,#7382));
#3604=EDGE_LOOP('',(#7383,#7384,#7385,#7386));
#3605=EDGE_LOOP('',(#7387,#7388,#7389,#7390));
#3606=EDGE_LOOP('',(#7391,#7392,#7393,#7394,#7395,#7396));
#3607=EDGE_LOOP('',(#7397,#7398,#7399,#7400,#7401,#7402,#7403,#7404,#7405,
#7406,#7407,#7408,#7409,#7410,#7411,#7412,#7413,#7414,#7415,#7416,#7417,
#7418,#7419,#7420,#7421,#7422,#7423,#7424,#7425,#7426,#7427,#7428,#7429,
#7430,#7431,#7432,#7433,#7434,#7435,#7436,#7437,#7438,#7439,#7440,#7441,
#7442,#7443,#7444,#7445,#7446,#7447,#7448,#7449,#7450,#7451,#7452,#7453,
#7454,#7455,#7456,#7457,#7458,#7459,#7460,#7461,#7462,#7463,#7464,#7465,
#7466,#7467,#7468,#7469,#7470,#7471,#7472,#7473,#7474,#7475,#7476,#7477,
#7478,#7479,#7480,#7481,#7482,#7483,#7484,#7485,#7486,#7487,#7488,#7489,
#7490,#7491,#7492,#7493,#7494,#7495,#7496,#7497,#7498,#7499,#7500,#7501,
#7502,#7503,#7504,#7505,#7506,#7507,#7508,#7509,#7510,#7511,#7512,#7513,
#7514,#7515,#7516,#7517,#7518,#7519,#7520,#7521,#7522,#7523,#7524,#7525,
#7526,#7527,#7528,#7529,#7530,#7531,#7532,#7533,#7534,#7535,#7536,#7537,
#7538,#7539,#7540,#7541,#7542,#7543,#7544,#7545,#7546,#7547,#7548,#7549,
#7550,#7551,#7552,#7553,#7554,#7555,#7556,#7557,#7558,#7559,#7560,#7561,
#7562,#7563,#7564,#7565,#7566,#7567,#7568,#7569,#7570,#7571,#7572,#7573,
#7574,#7575,#7576,#7577,#7578,#7579,#7580,#7581,#7582,#7583,#7584,#7585,
#7586,#7587,#7588,#7589,#7590,#7591,#7592,#7593,#7594,#7595,#7596,#7597,
#7598,#7599,#7600,#7601,#7602,#7603,#7604,#7605,#7606,#7607,#7608,#7609,
#7610,#7611,#7612,#7613,#7614,#7615,#7616,#7617,#7618,#7619,#7620,#7621,
#7622,#7623,#7624,#7625,#7626,#7627,#7628,#7629,#7630,#7631,#7632,#7633,
#7634,#7635,#7636,#7637,#7638,#7639,#7640,#7641,#7642,#7643,#7644,#7645,
#7646,#7647,#7648,#7649,#7650,#7651,#7652,#7653,#7654,#7655,#7656,#7657,
#7658,#7659,#7660,#7661,#7662,#7663,#7664,#7665,#7666,#7667,#7668,#7669));
#3608=EDGE_LOOP('',(#7670));
#3609=EDGE_LOOP('',(#7671,#7672,#7673,#7674));
#3610=EDGE_LOOP('',(#7675,#7676,#7677,#7678,#7679,#7680,#7681,#7682,#7683,
#7684));
#3611=EDGE_LOOP('',(#7685,#7686,#7687));
#3612=EDGE_LOOP('',(#7688,#7689,#7690,#7691));
#3613=EDGE_LOOP('',(#7692,#7693,#7694,#7695));
#3614=EDGE_LOOP('',(#7696,#7697,#7698,#7699));
#3615=EDGE_LOOP('',(#7700,#7701,#7702,#7703));
#3616=EDGE_LOOP('',(#7704,#7705,#7706));
#3617=EDGE_LOOP('',(#7707,#7708,#7709,#7710));
#3618=EDGE_LOOP('',(#7711,#7712,#7713,#7714));
#3619=EDGE_LOOP('',(#7715,#7716,#7717,#7718));
#3620=EDGE_LOOP('',(#7719,#7720,#7721,#7722));
#3621=EDGE_LOOP('',(#7723,#7724,#7725,#7726));
#3622=EDGE_LOOP('',(#7727,#7728,#7729,#7730));
#3623=EDGE_LOOP('',(#7731,#7732,#7733,#7734,#7735,#7736,#7737));
#3624=EDGE_LOOP('',(#7738,#7739,#7740,#7741,#7742,#7743,#7744,#7745,#7746,
#7747,#7748,#7749,#7750,#7751,#7752,#7753,#7754,#7755,#7756,#7757,#7758,
#7759,#7760,#7761,#7762,#7763,#7764,#7765,#7766,#7767,#7768,#7769,#7770,
#7771,#7772,#7773,#7774,#7775,#7776,#7777,#7778,#7779,#7780,#7781,#7782,
#7783,#7784,#7785,#7786,#7787,#7788,#7789,#7790,#7791,#7792,#7793,#7794,
#7795,#7796,#7797,#7798,#7799,#7800,#7801,#7802,#7803,#7804,#7805,#7806,
#7807,#7808,#7809,#7810,#7811,#7812,#7813,#7814,#7815,#7816,#7817,#7818,
#7819,#7820,#7821,#7822,#7823,#7824,#7825,#7826,#7827,#7828,#7829,#7830,
#7831,#7832,#7833,#7834,#7835,#7836,#7837,#7838,#7839,#7840,#7841,#7842,
#7843,#7844,#7845,#7846,#7847,#7848,#7849,#7850,#7851,#7852,#7853,#7854,
#7855,#7856,#7857,#7858,#7859,#7860,#7861,#7862,#7863,#7864,#7865,#7866,
#7867,#7868,#7869,#7870,#7871,#7872,#7873,#7874,#7875,#7876,#7877,#7878,
#7879,#7880,#7881,#7882,#7883,#7884,#7885,#7886,#7887));
#3625=EDGE_LOOP('',(#7888,#7889,#7890,#7891,#7892,#7893,#7894,#7895));
#3626=EDGE_LOOP('',(#7896,#7897,#7898,#7899,#7900,#7901,#7902,#7903));
#3627=EDGE_LOOP('',(#7904,#7905,#7906,#7907));
#3628=EDGE_LOOP('',(#7908,#7909,#7910,#7911));
#3629=EDGE_LOOP('',(#7912,#7913,#7914,#7915));
#3630=EDGE_LOOP('',(#7916,#7917,#7918,#7919));
#3631=EDGE_LOOP('',(#7920,#7921,#7922,#7923));
#3632=EDGE_LOOP('',(#7924,#7925,#7926,#7927,#7928,#7929,#7930,#7931,#7932,
#7933,#7934,#7935,#7936,#7937,#7938,#7939,#7940,#7941,#7942,#7943,#7944,
#7945,#7946,#7947,#7948,#7949,#7950,#7951,#7952,#7953,#7954,#7955,#7956,
#7957,#7958,#7959,#7960,#7961,#7962,#7963,#7964,#7965,#7966,#7967,#7968,
#7969,#7970,#7971,#7972,#7973,#7974,#7975,#7976,#7977,#7978,#7979,#7980,
#7981,#7982,#7983,#7984,#7985,#7986,#7987,#7988,#7989,#7990,#7991,#7992,
#7993,#7994,#7995,#7996,#7997,#7998,#7999,#8000,#8001,#8002,#8003,#8004,
#8005,#8006,#8007,#8008,#8009,#8010,#8011,#8012,#8013,#8014,#8015,#8016,
#8017,#8018,#8019,#8020,#8021,#8022,#8023,#8024,#8025,#8026,#8027,#8028,
#8029,#8030,#8031,#8032,#8033,#8034,#8035,#8036,#8037,#8038,#8039,#8040,
#8041,#8042,#8043,#8044,#8045,#8046,#8047,#8048,#8049,#8050,#8051,#8052,
#8053,#8054,#8055,#8056,#8057,#8058,#8059,#8060,#8061,#8062,#8063,#8064,
#8065,#8066,#8067,#8068,#8069,#8070,#8071,#8072,#8073,#8074,#8075,#8076,
#8077,#8078,#8079,#8080,#8081,#8082,#8083,#8084,#8085,#8086,#8087,#8088,
#8089,#8090,#8091,#8092,#8093,#8094,#8095,#8096,#8097,#8098,#8099,#8100,
#8101,#8102,#8103,#8104,#8105,#8106,#8107,#8108,#8109,#8110,#8111,#8112,
#8113,#8114,#8115,#8116,#8117,#8118,#8119,#8120,#8121,#8122,#8123,#8124,
#8125,#8126,#8127,#8128,#8129,#8130,#8131,#8132,#8133,#8134,#8135,#8136,
#8137,#8138,#8139,#8140,#8141,#8142,#8143,#8144,#8145,#8146,#8147,#8148,
#8149,#8150,#8151,#8152,#8153,#8154,#8155,#8156,#8157,#8158,#8159,#8160,
#8161,#8162,#8163,#8164,#8165,#8166,#8167,#8168,#8169,#8170,#8171,#8172,
#8173,#8174,#8175,#8176,#8177,#8178,#8179,#8180,#8181,#8182,#8183,#8184,
#8185,#8186,#8187,#8188,#8189,#8190,#8191,#8192,#8193,#8194,#8195,#8196,
#8197,#8198,#8199,#8200,#8201,#8202,#8203,#8204,#8205,#8206,#8207,#8208,
#8209,#8210,#8211,#8212,#8213,#8214,#8215,#8216,#8217,#8218,#8219,#8220,
#8221));
#3633=EDGE_LOOP('',(#8222,#8223,#8224,#8225,#8226,#8227,#8228,#8229,#8230,
#8231));
#3634=EDGE_LOOP('',(#8232,#8233,#8234,#8235,#8236,#8237));
#3635=EDGE_LOOP('',(#8238,#8239,#8240,#8241));
#3636=EDGE_LOOP('',(#8242,#8243,#8244,#8245));
#3637=EDGE_LOOP('',(#8246,#8247,#8248,#8249));
#3638=EDGE_LOOP('',(#8250,#8251,#8252,#8253));
#3639=EDGE_LOOP('',(#8254,#8255,#8256,#8257));
#3640=EDGE_LOOP('',(#8258,#8259,#8260,#8261));
#3641=EDGE_LOOP('',(#8262,#8263,#8264,#8265));
#3642=EDGE_LOOP('',(#8266,#8267,#8268,#8269));
#3643=EDGE_LOOP('',(#8270,#8271,#8272,#8273));
#3644=EDGE_LOOP('',(#8274,#8275,#8276,#8277));
#3645=EDGE_LOOP('',(#8278,#8279,#8280,#8281));
#3646=EDGE_LOOP('',(#8282,#8283,#8284,#8285));
#3647=EDGE_LOOP('',(#8286,#8287,#8288,#8289));
#3648=EDGE_LOOP('',(#8290,#8291,#8292,#8293));
#3649=EDGE_LOOP('',(#8294,#8295,#8296,#8297));
#3650=EDGE_LOOP('',(#8298,#8299,#8300,#8301));
#3651=EDGE_LOOP('',(#8302,#8303,#8304,#8305,#8306,#8307,#8308,#8309,#8310,
#8311,#8312,#8313,#8314,#8315,#8316,#8317,#8318,#8319,#8320,#8321,#8322,
#8323,#8324,#8325,#8326,#8327,#8328,#8329,#8330,#8331,#8332,#8333,#8334,
#8335,#8336,#8337,#8338,#8339,#8340,#8341,#8342,#8343,#8344,#8345,#8346,
#8347,#8348,#8349,#8350,#8351,#8352,#8353,#8354,#8355,#8356,#8357,#8358,
#8359,#8360,#8361,#8362,#8363,#8364,#8365,#8366,#8367,#8368,#8369,#8370,
#8371,#8372,#8373,#8374,#8375,#8376,#8377,#8378,#8379,#8380,#8381,#8382,
#8383,#8384,#8385,#8386,#8387,#8388,#8389,#8390,#8391,#8392,#8393,#8394,
#8395,#8396,#8397,#8398,#8399,#8400,#8401,#8402,#8403,#8404,#8405,#8406,
#8407,#8408,#8409,#8410,#8411,#8412,#8413,#8414,#8415,#8416,#8417,#8418,
#8419,#8420,#8421,#8422,#8423,#8424,#8425,#8426,#8427,#8428,#8429,#8430,
#8431,#8432,#8433,#8434,#8435,#8436));
#3652=EDGE_LOOP('',(#8437,#8438,#8439,#8440,#8441,#8442,#8443,#8444));
#3653=EDGE_LOOP('',(#8445,#8446,#8447,#8448,#8449,#8450,#8451,#8452));
#3654=EDGE_LOOP('',(#8453,#8454,#8455,#8456));
#3655=EDGE_LOOP('',(#8457,#8458,#8459,#8460));
#3656=EDGE_LOOP('',(#8461,#8462,#8463,#8464));
#3657=EDGE_LOOP('',(#8465,#8466,#8467,#8468));
#3658=EDGE_LOOP('',(#8469,#8470,#8471,#8472));
#3659=EDGE_LOOP('',(#8473,#8474,#8475,#8476));
#3660=EDGE_LOOP('',(#8477,#8478,#8479,#8480));
#3661=EDGE_LOOP('',(#8481,#8482,#8483,#8484));
#3662=EDGE_LOOP('',(#8485,#8486,#8487,#8488));
#3663=EDGE_LOOP('',(#8489,#8490,#8491,#8492));
#3664=EDGE_LOOP('',(#8493,#8494,#8495,#8496));
#3665=EDGE_LOOP('',(#8497,#8498,#8499,#8500));
#3666=EDGE_LOOP('',(#8501,#8502,#8503,#8504));
#3667=EDGE_LOOP('',(#8505,#8506,#8507,#8508));
#3668=EDGE_LOOP('',(#8509,#8510,#8511,#8512));
#3669=EDGE_LOOP('',(#8513,#8514,#8515,#8516));
#3670=EDGE_LOOP('',(#8517,#8518,#8519,#8520));
#3671=EDGE_LOOP('',(#8521,#8522,#8523,#8524));
#3672=EDGE_LOOP('',(#8525,#8526,#8527,#8528));
#3673=EDGE_LOOP('',(#8529,#8530,#8531,#8532));
#3674=EDGE_LOOP('',(#8533,#8534,#8535,#8536));
#3675=EDGE_LOOP('',(#8537,#8538,#8539,#8540));
#3676=EDGE_LOOP('',(#8541,#8542,#8543,#8544));
#3677=EDGE_LOOP('',(#8545,#8546,#8547,#8548));
#3678=EDGE_LOOP('',(#8549,#8550,#8551,#8552));
#3679=EDGE_LOOP('',(#8553,#8554,#8555,#8556));
#3680=EDGE_LOOP('',(#8557,#8558,#8559,#8560));
#3681=EDGE_LOOP('',(#8561,#8562,#8563,#8564));
#3682=EDGE_LOOP('',(#8565,#8566,#8567,#8568));
#3683=EDGE_LOOP('',(#8569,#8570,#8571,#8572));
#3684=EDGE_LOOP('',(#8573,#8574,#8575,#8576));
#3685=EDGE_LOOP('',(#8577,#8578,#8579,#8580));
#3686=EDGE_LOOP('',(#8581,#8582,#8583,#8584));
#3687=EDGE_LOOP('',(#8585,#8586,#8587,#8588));
#3688=EDGE_LOOP('',(#8589,#8590,#8591,#8592));
#3689=EDGE_LOOP('',(#8593,#8594,#8595,#8596));
#3690=EDGE_LOOP('',(#8597,#8598,#8599,#8600));
#3691=EDGE_LOOP('',(#8601,#8602,#8603,#8604));
#3692=EDGE_LOOP('',(#8605,#8606,#8607,#8608));
#3693=EDGE_LOOP('',(#8609,#8610,#8611,#8612));
#3694=EDGE_LOOP('',(#8613,#8614,#8615,#8616));
#3695=EDGE_LOOP('',(#8617,#8618,#8619,#8620));
#3696=EDGE_LOOP('',(#8621,#8622,#8623,#8624));
#3697=EDGE_LOOP('',(#8625,#8626,#8627,#8628));
#3698=EDGE_LOOP('',(#8629,#8630,#8631,#8632));
#3699=EDGE_LOOP('',(#8633,#8634,#8635,#8636));
#3700=EDGE_LOOP('',(#8637,#8638,#8639,#8640));
#3701=EDGE_LOOP('',(#8641,#8642,#8643,#8644));
#3702=EDGE_LOOP('',(#8645,#8646,#8647,#8648));
#3703=EDGE_LOOP('',(#8649,#8650,#8651,#8652));
#3704=EDGE_LOOP('',(#8653,#8654,#8655,#8656));
#3705=EDGE_LOOP('',(#8657,#8658,#8659,#8660));
#3706=EDGE_LOOP('',(#8661,#8662,#8663,#8664));
#3707=EDGE_LOOP('',(#8665,#8666,#8667,#8668));
#3708=EDGE_LOOP('',(#8669,#8670,#8671,#8672));
#3709=EDGE_LOOP('',(#8673,#8674,#8675,#8676));
#3710=EDGE_LOOP('',(#8677,#8678,#8679,#8680));
#3711=EDGE_LOOP('',(#8681,#8682,#8683,#8684));
#3712=EDGE_LOOP('',(#8685,#8686,#8687,#8688));
#3713=EDGE_LOOP('',(#8689,#8690,#8691,#8692));
#3714=EDGE_LOOP('',(#8693,#8694,#8695,#8696));
#3715=EDGE_LOOP('',(#8697,#8698,#8699,#8700));
#3716=EDGE_LOOP('',(#8701,#8702,#8703,#8704));
#3717=EDGE_LOOP('',(#8705,#8706,#8707,#8708));
#3718=EDGE_LOOP('',(#8709,#8710,#8711,#8712));
#3719=EDGE_LOOP('',(#8713,#8714,#8715,#8716));
#3720=EDGE_LOOP('',(#8717,#8718,#8719,#8720));
#3721=EDGE_LOOP('',(#8721,#8722,#8723,#8724));
#3722=EDGE_LOOP('',(#8725,#8726,#8727,#8728));
#3723=EDGE_LOOP('',(#8729,#8730,#8731,#8732));
#3724=EDGE_LOOP('',(#8733,#8734,#8735,#8736));
#3725=EDGE_LOOP('',(#8737,#8738,#8739,#8740));
#3726=EDGE_LOOP('',(#8741,#8742,#8743,#8744));
#3727=EDGE_LOOP('',(#8745,#8746,#8747,#8748));
#3728=EDGE_LOOP('',(#8749,#8750,#8751,#8752));
#3729=EDGE_LOOP('',(#8753,#8754,#8755,#8756));
#3730=EDGE_LOOP('',(#8757,#8758,#8759,#8760));
#3731=EDGE_LOOP('',(#8761,#8762,#8763,#8764));
#3732=EDGE_LOOP('',(#8765,#8766,#8767,#8768));
#3733=EDGE_LOOP('',(#8769,#8770,#8771,#8772));
#3734=EDGE_LOOP('',(#8773,#8774,#8775,#8776));
#3735=EDGE_LOOP('',(#8777,#8778,#8779,#8780));
#3736=EDGE_LOOP('',(#8781,#8782,#8783,#8784));
#3737=EDGE_LOOP('',(#8785,#8786,#8787,#8788));
#3738=EDGE_LOOP('',(#8789,#8790,#8791,#8792));
#3739=EDGE_LOOP('',(#8793,#8794,#8795,#8796));
#3740=EDGE_LOOP('',(#8797,#8798,#8799,#8800));
#3741=EDGE_LOOP('',(#8801,#8802,#8803,#8804));
#3742=EDGE_LOOP('',(#8805,#8806,#8807,#8808));
#3743=EDGE_LOOP('',(#8809,#8810,#8811,#8812));
#3744=EDGE_LOOP('',(#8813,#8814,#8815,#8816));
#3745=EDGE_LOOP('',(#8817,#8818,#8819,#8820));
#3746=EDGE_LOOP('',(#8821,#8822,#8823,#8824));
#3747=EDGE_LOOP('',(#8825,#8826,#8827,#8828));
#3748=EDGE_LOOP('',(#8829,#8830,#8831,#8832));
#3749=EDGE_LOOP('',(#8833,#8834,#8835,#8836));
#3750=EDGE_LOOP('',(#8837,#8838,#8839,#8840));
#3751=EDGE_LOOP('',(#8841,#8842,#8843,#8844));
#3752=EDGE_LOOP('',(#8845,#8846,#8847,#8848));
#3753=EDGE_LOOP('',(#8849,#8850,#8851,#8852));
#3754=EDGE_LOOP('',(#8853,#8854,#8855,#8856));
#3755=EDGE_LOOP('',(#8857,#8858,#8859,#8860));
#3756=EDGE_LOOP('',(#8861,#8862,#8863,#8864));
#3757=EDGE_LOOP('',(#8865,#8866,#8867,#8868));
#3758=EDGE_LOOP('',(#8869,#8870,#8871,#8872));
#3759=EDGE_LOOP('',(#8873,#8874,#8875,#8876));
#3760=EDGE_LOOP('',(#8877,#8878,#8879,#8880));
#3761=EDGE_LOOP('',(#8881,#8882,#8883,#8884));
#3762=EDGE_LOOP('',(#8885,#8886,#8887,#8888));
#3763=EDGE_LOOP('',(#8889,#8890,#8891,#8892));
#3764=EDGE_LOOP('',(#8893,#8894,#8895,#8896));
#3765=EDGE_LOOP('',(#8897,#8898,#8899,#8900));
#3766=EDGE_LOOP('',(#8901,#8902,#8903,#8904));
#3767=EDGE_LOOP('',(#8905,#8906,#8907,#8908));
#3768=EDGE_LOOP('',(#8909,#8910,#8911,#8912));
#3769=EDGE_LOOP('',(#8913,#8914,#8915,#8916));
#3770=EDGE_LOOP('',(#8917,#8918,#8919,#8920));
#3771=EDGE_LOOP('',(#8921,#8922,#8923,#8924));
#3772=EDGE_LOOP('',(#8925,#8926,#8927,#8928));
#3773=EDGE_LOOP('',(#8929,#8930,#8931,#8932));
#3774=EDGE_LOOP('',(#8933,#8934,#8935,#8936));
#3775=EDGE_LOOP('',(#8937,#8938,#8939,#8940));
#3776=EDGE_LOOP('',(#8941,#8942,#8943,#8944));
#3777=EDGE_LOOP('',(#8945,#8946,#8947,#8948));
#3778=EDGE_LOOP('',(#8949,#8950,#8951,#8952));
#3779=EDGE_LOOP('',(#8953,#8954,#8955,#8956));
#3780=EDGE_LOOP('',(#8957,#8958,#8959,#8960));
#3781=EDGE_LOOP('',(#8961,#8962,#8963,#8964));
#3782=EDGE_LOOP('',(#8965,#8966,#8967,#8968));
#3783=EDGE_LOOP('',(#8969,#8970,#8971,#8972));
#3784=EDGE_LOOP('',(#8973,#8974,#8975,#8976));
#3785=EDGE_LOOP('',(#8977,#8978,#8979,#8980));
#3786=EDGE_LOOP('',(#8981,#8982,#8983,#8984));
#3787=EDGE_LOOP('',(#8985,#8986,#8987,#8988));
#3788=EDGE_LOOP('',(#8989,#8990,#8991,#8992));
#3789=EDGE_LOOP('',(#8993,#8994,#8995,#8996));
#3790=EDGE_LOOP('',(#8997,#8998,#8999,#9000));
#3791=EDGE_LOOP('',(#9001,#9002,#9003,#9004));
#3792=EDGE_LOOP('',(#9005,#9006,#9007,#9008));
#3793=EDGE_LOOP('',(#9009,#9010,#9011,#9012));
#3794=EDGE_LOOP('',(#9013,#9014,#9015,#9016));
#3795=EDGE_LOOP('',(#9017,#9018,#9019,#9020));
#3796=EDGE_LOOP('',(#9021,#9022,#9023,#9024));
#3797=EDGE_LOOP('',(#9025,#9026,#9027,#9028));
#3798=EDGE_LOOP('',(#9029,#9030,#9031,#9032));
#3799=EDGE_LOOP('',(#9033,#9034,#9035,#9036));
#3800=EDGE_LOOP('',(#9037,#9038,#9039,#9040));
#3801=EDGE_LOOP('',(#9041,#9042,#9043,#9044));
#3802=EDGE_LOOP('',(#9045,#9046,#9047,#9048));
#3803=EDGE_LOOP('',(#9049,#9050,#9051,#9052));
#3804=EDGE_LOOP('',(#9053,#9054,#9055,#9056));
#3805=EDGE_LOOP('',(#9057,#9058,#9059,#9060));
#3806=EDGE_LOOP('',(#9061,#9062,#9063,#9064));
#3807=EDGE_LOOP('',(#9065,#9066,#9067,#9068));
#3808=EDGE_LOOP('',(#9069,#9070,#9071,#9072));
#3809=EDGE_LOOP('',(#9073,#9074,#9075,#9076));
#3810=EDGE_LOOP('',(#9077,#9078,#9079,#9080));
#3811=EDGE_LOOP('',(#9081,#9082,#9083,#9084));
#3812=EDGE_LOOP('',(#9085,#9086,#9087,#9088));
#3813=EDGE_LOOP('',(#9089,#9090,#9091,#9092));
#3814=EDGE_LOOP('',(#9093,#9094,#9095,#9096));
#3815=EDGE_LOOP('',(#9097,#9098,#9099,#9100));
#3816=EDGE_LOOP('',(#9101,#9102,#9103,#9104));
#3817=EDGE_LOOP('',(#9105,#9106,#9107,#9108));
#3818=EDGE_LOOP('',(#9109,#9110,#9111,#9112));
#3819=EDGE_LOOP('',(#9113,#9114,#9115,#9116));
#3820=EDGE_LOOP('',(#9117,#9118,#9119,#9120));
#3821=EDGE_LOOP('',(#9121,#9122,#9123,#9124));
#3822=EDGE_LOOP('',(#9125,#9126,#9127,#9128));
#3823=EDGE_LOOP('',(#9129,#9130,#9131,#9132));
#3824=EDGE_LOOP('',(#9133,#9134,#9135,#9136));
#3825=EDGE_LOOP('',(#9137,#9138,#9139,#9140));
#3826=EDGE_LOOP('',(#9141,#9142,#9143,#9144));
#3827=EDGE_LOOP('',(#9145,#9146,#9147,#9148));
#3828=EDGE_LOOP('',(#9149,#9150,#9151,#9152));
#3829=EDGE_LOOP('',(#9153,#9154,#9155,#9156));
#3830=EDGE_LOOP('',(#9157,#9158,#9159,#9160));
#3831=EDGE_LOOP('',(#9161,#9162,#9163,#9164));
#3832=EDGE_LOOP('',(#9165,#9166,#9167,#9168));
#3833=EDGE_LOOP('',(#9169,#9170,#9171,#9172));
#3834=EDGE_LOOP('',(#9173,#9174,#9175,#9176));
#3835=EDGE_LOOP('',(#9177,#9178,#9179,#9180));
#3836=EDGE_LOOP('',(#9181,#9182,#9183,#9184));
#3837=EDGE_LOOP('',(#9185,#9186,#9187,#9188));
#3838=EDGE_LOOP('',(#9189,#9190,#9191,#9192));
#3839=EDGE_LOOP('',(#9193,#9194,#9195,#9196));
#3840=EDGE_LOOP('',(#9197,#9198,#9199,#9200));
#3841=EDGE_LOOP('',(#9201,#9202,#9203,#9204));
#3842=EDGE_LOOP('',(#9205,#9206,#9207,#9208));
#3843=EDGE_LOOP('',(#9209,#9210,#9211,#9212));
#3844=EDGE_LOOP('',(#9213,#9214,#9215,#9216));
#3845=EDGE_LOOP('',(#9217,#9218,#9219,#9220));
#3846=EDGE_LOOP('',(#9221,#9222,#9223,#9224));
#3847=EDGE_LOOP('',(#9225,#9226,#9227,#9228));
#3848=EDGE_LOOP('',(#9229,#9230,#9231,#9232));
#3849=EDGE_LOOP('',(#9233,#9234,#9235,#9236));
#3850=EDGE_LOOP('',(#9237,#9238,#9239,#9240));
#3851=EDGE_LOOP('',(#9241,#9242,#9243,#9244));
#3852=EDGE_LOOP('',(#9245,#9246,#9247,#9248));
#3853=EDGE_LOOP('',(#9249,#9250,#9251,#9252));
#3854=EDGE_LOOP('',(#9253,#9254,#9255,#9256));
#3855=EDGE_LOOP('',(#9257,#9258,#9259,#9260));
#3856=EDGE_LOOP('',(#9261,#9262,#9263,#9264));
#3857=EDGE_LOOP('',(#9265,#9266,#9267,#9268));
#3858=EDGE_LOOP('',(#9269,#9270,#9271,#9272));
#3859=EDGE_LOOP('',(#9273,#9274,#9275,#9276));
#3860=EDGE_LOOP('',(#9277,#9278,#9279,#9280));
#3861=EDGE_LOOP('',(#9281,#9282,#9283,#9284));
#3862=EDGE_LOOP('',(#9285,#9286,#9287,#9288));
#3863=EDGE_LOOP('',(#9289,#9290,#9291,#9292));
#3864=EDGE_LOOP('',(#9293,#9294,#9295,#9296));
#3865=EDGE_LOOP('',(#9297,#9298,#9299,#9300));
#3866=EDGE_LOOP('',(#9301,#9302,#9303,#9304));
#3867=EDGE_LOOP('',(#9305,#9306,#9307,#9308));
#3868=EDGE_LOOP('',(#9309,#9310,#9311,#9312));
#3869=EDGE_LOOP('',(#9313,#9314,#9315,#9316));
#3870=EDGE_LOOP('',(#9317,#9318,#9319,#9320));
#3871=EDGE_LOOP('',(#9321,#9322,#9323,#9324));
#3872=EDGE_LOOP('',(#9325,#9326,#9327,#9328));
#3873=EDGE_LOOP('',(#9329,#9330,#9331,#9332));
#3874=EDGE_LOOP('',(#9333,#9334,#9335,#9336));
#3875=EDGE_LOOP('',(#9337,#9338,#9339,#9340));
#3876=EDGE_LOOP('',(#9341,#9342,#9343,#9344));
#3877=EDGE_LOOP('',(#9345,#9346,#9347,#9348));
#3878=EDGE_LOOP('',(#9349,#9350,#9351,#9352));
#3879=EDGE_LOOP('',(#9353,#9354,#9355,#9356));
#3880=EDGE_LOOP('',(#9357,#9358,#9359,#9360));
#3881=EDGE_LOOP('',(#9361,#9362,#9363,#9364));
#3882=EDGE_LOOP('',(#9365,#9366,#9367,#9368));
#3883=EDGE_LOOP('',(#9369,#9370,#9371,#9372));
#3884=EDGE_LOOP('',(#9373,#9374,#9375,#9376));
#3885=EDGE_LOOP('',(#9377,#9378,#9379,#9380));
#3886=EDGE_LOOP('',(#9381,#9382,#9383,#9384));
#3887=EDGE_LOOP('',(#9385,#9386,#9387,#9388));
#3888=EDGE_LOOP('',(#9389,#9390,#9391,#9392));
#3889=EDGE_LOOP('',(#9393,#9394,#9395,#9396));
#3890=EDGE_LOOP('',(#9397,#9398,#9399,#9400));
#3891=EDGE_LOOP('',(#9401,#9402,#9403,#9404));
#3892=EDGE_LOOP('',(#9405,#9406,#9407,#9408));
#3893=EDGE_LOOP('',(#9409,#9410,#9411,#9412));
#3894=EDGE_LOOP('',(#9413,#9414,#9415,#9416));
#3895=EDGE_LOOP('',(#9417,#9418,#9419,#9420));
#3896=EDGE_LOOP('',(#9421,#9422,#9423,#9424));
#3897=EDGE_LOOP('',(#9425,#9426,#9427,#9428));
#3898=EDGE_LOOP('',(#9429,#9430,#9431,#9432));
#3899=EDGE_LOOP('',(#9433,#9434,#9435,#9436));
#3900=EDGE_LOOP('',(#9437,#9438,#9439,#9440));
#3901=EDGE_LOOP('',(#9441,#9442,#9443,#9444));
#3902=EDGE_LOOP('',(#9445,#9446,#9447,#9448));
#3903=EDGE_LOOP('',(#9449,#9450,#9451,#9452));
#3904=EDGE_LOOP('',(#9453,#9454,#9455,#9456));
#3905=EDGE_LOOP('',(#9457,#9458,#9459,#9460));
#3906=EDGE_LOOP('',(#9461,#9462,#9463,#9464));
#3907=EDGE_LOOP('',(#9465,#9466,#9467,#9468));
#3908=EDGE_LOOP('',(#9469,#9470,#9471,#9472));
#3909=EDGE_LOOP('',(#9473,#9474,#9475,#9476));
#3910=EDGE_LOOP('',(#9477,#9478,#9479,#9480));
#3911=EDGE_LOOP('',(#9481,#9482,#9483,#9484));
#3912=EDGE_LOOP('',(#9485,#9486,#9487,#9488));
#3913=EDGE_LOOP('',(#9489,#9490,#9491,#9492));
#3914=EDGE_LOOP('',(#9493,#9494,#9495,#9496));
#3915=EDGE_LOOP('',(#9497,#9498,#9499,#9500));
#3916=EDGE_LOOP('',(#9501,#9502,#9503,#9504));
#3917=EDGE_LOOP('',(#9505,#9506,#9507,#9508));
#3918=EDGE_LOOP('',(#9509,#9510,#9511,#9512));
#3919=EDGE_LOOP('',(#9513,#9514,#9515,#9516));
#3920=EDGE_LOOP('',(#9517,#9518,#9519,#9520));
#3921=EDGE_LOOP('',(#9521,#9522,#9523,#9524));
#3922=EDGE_LOOP('',(#9525,#9526,#9527,#9528));
#3923=EDGE_LOOP('',(#9529,#9530,#9531,#9532));
#3924=EDGE_LOOP('',(#9533,#9534,#9535,#9536));
#3925=EDGE_LOOP('',(#9537,#9538,#9539,#9540));
#3926=EDGE_LOOP('',(#9541,#9542,#9543,#9544));
#3927=EDGE_LOOP('',(#9545,#9546,#9547,#9548));
#3928=EDGE_LOOP('',(#9549,#9550,#9551,#9552));
#3929=EDGE_LOOP('',(#9553,#9554,#9555,#9556));
#3930=EDGE_LOOP('',(#9557,#9558,#9559,#9560));
#3931=EDGE_LOOP('',(#9561,#9562,#9563,#9564));
#3932=EDGE_LOOP('',(#9565,#9566,#9567,#9568));
#3933=EDGE_LOOP('',(#9569,#9570,#9571,#9572));
#3934=EDGE_LOOP('',(#9573,#9574,#9575,#9576));
#3935=EDGE_LOOP('',(#9577,#9578,#9579,#9580));
#3936=EDGE_LOOP('',(#9581,#9582,#9583,#9584));
#3937=EDGE_LOOP('',(#9585,#9586,#9587,#9588));
#3938=EDGE_LOOP('',(#9589,#9590,#9591,#9592));
#3939=EDGE_LOOP('',(#9593,#9594,#9595,#9596));
#3940=EDGE_LOOP('',(#9597,#9598,#9599,#9600));
#3941=EDGE_LOOP('',(#9601,#9602,#9603,#9604));
#3942=EDGE_LOOP('',(#9605,#9606,#9607,#9608));
#3943=EDGE_LOOP('',(#9609,#9610,#9611,#9612));
#3944=EDGE_LOOP('',(#9613,#9614,#9615,#9616));
#3945=EDGE_LOOP('',(#9617,#9618,#9619,#9620));
#3946=EDGE_LOOP('',(#9621,#9622,#9623,#9624));
#3947=EDGE_LOOP('',(#9625,#9626,#9627,#9628));
#3948=EDGE_LOOP('',(#9629,#9630,#9631,#9632));
#3949=EDGE_LOOP('',(#9633,#9634,#9635,#9636));
#3950=EDGE_LOOP('',(#9637,#9638,#9639,#9640));
#3951=EDGE_LOOP('',(#9641,#9642,#9643,#9644));
#3952=EDGE_LOOP('',(#9645,#9646,#9647,#9648));
#3953=EDGE_LOOP('',(#9649,#9650,#9651,#9652));
#3954=EDGE_LOOP('',(#9653,#9654,#9655,#9656));
#3955=EDGE_LOOP('',(#9657,#9658,#9659,#9660));
#3956=EDGE_LOOP('',(#9661,#9662,#9663,#9664));
#3957=EDGE_LOOP('',(#9665,#9666,#9667,#9668));
#3958=EDGE_LOOP('',(#9669,#9670,#9671,#9672));
#3959=EDGE_LOOP('',(#9673,#9674,#9675,#9676));
#3960=EDGE_LOOP('',(#9677,#9678,#9679,#9680));
#3961=EDGE_LOOP('',(#9681,#9682,#9683,#9684));
#3962=EDGE_LOOP('',(#9685,#9686,#9687,#9688));
#3963=EDGE_LOOP('',(#9689,#9690,#9691,#9692));
#3964=EDGE_LOOP('',(#9693,#9694,#9695,#9696));
#3965=EDGE_LOOP('',(#9697,#9698,#9699,#9700));
#3966=EDGE_LOOP('',(#9701,#9702,#9703,#9704));
#3967=EDGE_LOOP('',(#9705,#9706,#9707,#9708));
#3968=EDGE_LOOP('',(#9709,#9710,#9711,#9712));
#3969=EDGE_LOOP('',(#9713,#9714,#9715,#9716));
#3970=EDGE_LOOP('',(#9717,#9718,#9719,#9720));
#3971=EDGE_LOOP('',(#9721,#9722,#9723,#9724));
#3972=EDGE_LOOP('',(#9725,#9726,#9727,#9728));
#3973=EDGE_LOOP('',(#9729,#9730,#9731,#9732));
#3974=EDGE_LOOP('',(#9733,#9734,#9735,#9736));
#3975=EDGE_LOOP('',(#9737,#9738,#9739,#9740));
#3976=EDGE_LOOP('',(#9741,#9742,#9743,#9744));
#3977=EDGE_LOOP('',(#9745,#9746,#9747,#9748));
#3978=EDGE_LOOP('',(#9749,#9750,#9751,#9752));
#3979=EDGE_LOOP('',(#9753,#9754,#9755,#9756));
#3980=EDGE_LOOP('',(#9757,#9758,#9759,#9760));
#3981=EDGE_LOOP('',(#9761,#9762,#9763,#9764));
#3982=EDGE_LOOP('',(#9765,#9766,#9767,#9768));
#3983=EDGE_LOOP('',(#9769,#9770,#9771,#9772));
#3984=EDGE_LOOP('',(#9773,#9774,#9775,#9776));
#3985=EDGE_LOOP('',(#9777,#9778,#9779,#9780));
#3986=EDGE_LOOP('',(#9781,#9782,#9783,#9784));
#3987=EDGE_LOOP('',(#9785,#9786,#9787,#9788));
#3988=EDGE_LOOP('',(#9789,#9790,#9791,#9792));
#3989=EDGE_LOOP('',(#9793,#9794,#9795,#9796));
#3990=EDGE_LOOP('',(#9797,#9798,#9799,#9800));
#3991=EDGE_LOOP('',(#9801,#9802,#9803,#9804));
#3992=EDGE_LOOP('',(#9805,#9806,#9807,#9808));
#3993=EDGE_LOOP('',(#9809,#9810,#9811,#9812));
#3994=EDGE_LOOP('',(#9813,#9814,#9815,#9816));
#3995=EDGE_LOOP('',(#9817,#9818,#9819,#9820));
#3996=EDGE_LOOP('',(#9821,#9822,#9823,#9824));
#3997=EDGE_LOOP('',(#9825,#9826,#9827,#9828));
#3998=EDGE_LOOP('',(#9829,#9830,#9831,#9832));
#3999=EDGE_LOOP('',(#9833,#9834,#9835,#9836));
#4000=EDGE_LOOP('',(#9837,#9838,#9839,#9840));
#4001=EDGE_LOOP('',(#9841,#9842,#9843,#9844));
#4002=EDGE_LOOP('',(#9845,#9846,#9847,#9848));
#4003=EDGE_LOOP('',(#9849,#9850,#9851,#9852));
#4004=EDGE_LOOP('',(#9853,#9854,#9855,#9856));
#4005=EDGE_LOOP('',(#9857,#9858,#9859,#9860));
#4006=EDGE_LOOP('',(#9861,#9862,#9863,#9864));
#4007=EDGE_LOOP('',(#9865,#9866,#9867,#9868));
#4008=EDGE_LOOP('',(#9869,#9870,#9871,#9872));
#4009=EDGE_LOOP('',(#9873,#9874,#9875,#9876));
#4010=EDGE_LOOP('',(#9877,#9878,#9879,#9880));
#4011=EDGE_LOOP('',(#9881,#9882,#9883,#9884));
#4012=EDGE_LOOP('',(#9885,#9886,#9887,#9888));
#4013=EDGE_LOOP('',(#9889,#9890,#9891,#9892));
#4014=EDGE_LOOP('',(#9893,#9894,#9895,#9896));
#4015=EDGE_LOOP('',(#9897,#9898,#9899,#9900));
#4016=EDGE_LOOP('',(#9901,#9902,#9903,#9904));
#4017=EDGE_LOOP('',(#9905,#9906,#9907,#9908));
#4018=EDGE_LOOP('',(#9909,#9910,#9911,#9912));
#4019=EDGE_LOOP('',(#9913,#9914,#9915,#9916));
#4020=EDGE_LOOP('',(#9917,#9918,#9919,#9920));
#4021=EDGE_LOOP('',(#9921,#9922,#9923,#9924));
#4022=EDGE_LOOP('',(#9925,#9926,#9927,#9928));
#4023=EDGE_LOOP('',(#9929,#9930,#9931,#9932));
#4024=EDGE_LOOP('',(#9933,#9934,#9935,#9936));
#4025=EDGE_LOOP('',(#9937,#9938,#9939,#9940));
#4026=EDGE_LOOP('',(#9941,#9942,#9943,#9944));
#4027=EDGE_LOOP('',(#9945,#9946,#9947,#9948));
#4028=EDGE_LOOP('',(#9949,#9950,#9951,#9952));
#4029=EDGE_LOOP('',(#9953,#9954,#9955,#9956));
#4030=EDGE_LOOP('',(#9957,#9958,#9959,#9960));
#4031=EDGE_LOOP('',(#9961,#9962,#9963,#9964));
#4032=EDGE_LOOP('',(#9965,#9966,#9967,#9968));
#4033=EDGE_LOOP('',(#9969,#9970,#9971,#9972));
#4034=EDGE_LOOP('',(#9973,#9974,#9975,#9976));
#4035=EDGE_LOOP('',(#9977,#9978,#9979,#9980));
#4036=EDGE_LOOP('',(#9981,#9982,#9983,#9984));
#4037=EDGE_LOOP('',(#9985,#9986,#9987,#9988));
#4038=EDGE_LOOP('',(#9989,#9990,#9991,#9992));
#4039=EDGE_LOOP('',(#9993,#9994,#9995,#9996));
#4040=EDGE_LOOP('',(#9997,#9998,#9999,#10000));
#4041=EDGE_LOOP('',(#10001,#10002,#10003,#10004));
#4042=EDGE_LOOP('',(#10005,#10006,#10007,#10008));
#4043=EDGE_LOOP('',(#10009,#10010,#10011,#10012));
#4044=EDGE_LOOP('',(#10013,#10014,#10015,#10016));
#4045=EDGE_LOOP('',(#10017,#10018,#10019,#10020));
#4046=EDGE_LOOP('',(#10021,#10022,#10023,#10024));
#4047=EDGE_LOOP('',(#10025,#10026,#10027,#10028));
#4048=EDGE_LOOP('',(#10029,#10030,#10031,#10032));
#4049=EDGE_LOOP('',(#10033,#10034,#10035,#10036));
#4050=EDGE_LOOP('',(#10037,#10038,#10039,#10040));
#4051=EDGE_LOOP('',(#10041,#10042,#10043,#10044));
#4052=EDGE_LOOP('',(#10045,#10046,#10047,#10048));
#4053=EDGE_LOOP('',(#10049,#10050,#10051,#10052));
#4054=EDGE_LOOP('',(#10053,#10054,#10055,#10056));
#4055=EDGE_LOOP('',(#10057,#10058,#10059,#10060));
#4056=EDGE_LOOP('',(#10061,#10062,#10063,#10064));
#4057=EDGE_LOOP('',(#10065,#10066,#10067,#10068));
#4058=EDGE_LOOP('',(#10069,#10070,#10071,#10072));
#4059=EDGE_LOOP('',(#10073,#10074,#10075,#10076));
#4060=EDGE_LOOP('',(#10077,#10078,#10079,#10080));
#4061=EDGE_LOOP('',(#10081,#10082,#10083,#10084));
#4062=EDGE_LOOP('',(#10085,#10086,#10087,#10088));
#4063=EDGE_LOOP('',(#10089,#10090,#10091,#10092));
#4064=EDGE_LOOP('',(#10093,#10094,#10095,#10096));
#4065=EDGE_LOOP('',(#10097,#10098,#10099,#10100));
#4066=EDGE_LOOP('',(#10101,#10102,#10103,#10104));
#4067=EDGE_LOOP('',(#10105,#10106,#10107,#10108));
#4068=EDGE_LOOP('',(#10109,#10110,#10111,#10112));
#4069=EDGE_LOOP('',(#10113,#10114,#10115,#10116));
#4070=EDGE_LOOP('',(#10117,#10118,#10119,#10120));
#4071=EDGE_LOOP('',(#10121,#10122,#10123,#10124));
#4072=EDGE_LOOP('',(#10125,#10126,#10127,#10128));
#4073=EDGE_LOOP('',(#10129,#10130,#10131,#10132));
#4074=EDGE_LOOP('',(#10133,#10134,#10135,#10136));
#4075=EDGE_LOOP('',(#10137,#10138,#10139,#10140));
#4076=EDGE_LOOP('',(#10141,#10142,#10143,#10144));
#4077=EDGE_LOOP('',(#10145,#10146,#10147,#10148));
#4078=EDGE_LOOP('',(#10149,#10150,#10151,#10152));
#4079=EDGE_LOOP('',(#10153,#10154,#10155,#10156));
#4080=EDGE_LOOP('',(#10157,#10158,#10159,#10160));
#4081=EDGE_LOOP('',(#10161,#10162,#10163,#10164));
#4082=EDGE_LOOP('',(#10165,#10166,#10167,#10168));
#4083=EDGE_LOOP('',(#10169,#10170,#10171,#10172));
#4084=EDGE_LOOP('',(#10173,#10174,#10175,#10176));
#4085=EDGE_LOOP('',(#10177,#10178,#10179,#10180));
#4086=EDGE_LOOP('',(#10181,#10182,#10183,#10184));
#4087=EDGE_LOOP('',(#10185,#10186,#10187,#10188));
#4088=EDGE_LOOP('',(#10189,#10190,#10191,#10192));
#4089=EDGE_LOOP('',(#10193,#10194,#10195,#10196));
#4090=EDGE_LOOP('',(#10197,#10198,#10199,#10200));
#4091=EDGE_LOOP('',(#10201,#10202,#10203,#10204));
#4092=EDGE_LOOP('',(#10205,#10206,#10207,#10208));
#4093=EDGE_LOOP('',(#10209,#10210,#10211,#10212));
#4094=EDGE_LOOP('',(#10213,#10214,#10215,#10216));
#4095=EDGE_LOOP('',(#10217,#10218,#10219,#10220));
#4096=EDGE_LOOP('',(#10221,#10222,#10223,#10224));
#4097=EDGE_LOOP('',(#10225,#10226,#10227,#10228));
#4098=EDGE_LOOP('',(#10229,#10230,#10231,#10232));
#4099=EDGE_LOOP('',(#10233,#10234,#10235,#10236));
#4100=EDGE_LOOP('',(#10237,#10238,#10239,#10240));
#4101=EDGE_LOOP('',(#10241,#10242,#10243,#10244));
#4102=EDGE_LOOP('',(#10245,#10246,#10247,#10248));
#4103=EDGE_LOOP('',(#10249,#10250,#10251,#10252));
#4104=EDGE_LOOP('',(#10253,#10254,#10255,#10256));
#4105=EDGE_LOOP('',(#10257,#10258,#10259,#10260));
#4106=EDGE_LOOP('',(#10261,#10262,#10263,#10264));
#4107=EDGE_LOOP('',(#10265,#10266,#10267,#10268));
#4108=EDGE_LOOP('',(#10269,#10270,#10271,#10272));
#4109=EDGE_LOOP('',(#10273,#10274,#10275,#10276));
#4110=EDGE_LOOP('',(#10277,#10278,#10279,#10280));
#4111=EDGE_LOOP('',(#10281,#10282,#10283,#10284));
#4112=EDGE_LOOP('',(#10285,#10286,#10287,#10288));
#4113=EDGE_LOOP('',(#10289,#10290,#10291,#10292));
#4114=EDGE_LOOP('',(#10293,#10294,#10295,#10296));
#4115=EDGE_LOOP('',(#10297,#10298,#10299,#10300));
#4116=EDGE_LOOP('',(#10301,#10302,#10303,#10304));
#4117=EDGE_LOOP('',(#10305,#10306,#10307,#10308));
#4118=EDGE_LOOP('',(#10309,#10310,#10311,#10312));
#4119=EDGE_LOOP('',(#10313,#10314,#10315,#10316));
#4120=EDGE_LOOP('',(#10317,#10318,#10319,#10320));
#4121=EDGE_LOOP('',(#10321,#10322,#10323,#10324));
#4122=EDGE_LOOP('',(#10325,#10326,#10327,#10328));
#4123=EDGE_LOOP('',(#10329,#10330,#10331,#10332));
#4124=EDGE_LOOP('',(#10333,#10334,#10335,#10336));
#4125=EDGE_LOOP('',(#10337,#10338,#10339,#10340));
#4126=EDGE_LOOP('',(#10341,#10342,#10343,#10344));
#4127=EDGE_LOOP('',(#10345,#10346,#10347,#10348));
#4128=EDGE_LOOP('',(#10349,#10350,#10351,#10352));
#4129=EDGE_LOOP('',(#10353,#10354,#10355,#10356));
#4130=EDGE_LOOP('',(#10357,#10358,#10359,#10360));
#4131=EDGE_LOOP('',(#10361,#10362,#10363,#10364));
#4132=EDGE_LOOP('',(#10365,#10366,#10367,#10368));
#4133=EDGE_LOOP('',(#10369,#10370,#10371,#10372));
#4134=EDGE_LOOP('',(#10373,#10374,#10375,#10376));
#4135=EDGE_LOOP('',(#10377,#10378,#10379,#10380));
#4136=EDGE_LOOP('',(#10381,#10382,#10383,#10384));
#4137=EDGE_LOOP('',(#10385,#10386,#10387,#10388));
#4138=EDGE_LOOP('',(#10389,#10390,#10391,#10392));
#4139=EDGE_LOOP('',(#10393,#10394,#10395,#10396));
#4140=EDGE_LOOP('',(#10397,#10398,#10399,#10400));
#4141=EDGE_LOOP('',(#10401,#10402,#10403,#10404));
#4142=EDGE_LOOP('',(#10405,#10406,#10407,#10408));
#4143=EDGE_LOOP('',(#10409,#10410,#10411,#10412));
#4144=EDGE_LOOP('',(#10413,#10414,#10415,#10416));
#4145=EDGE_LOOP('',(#10417,#10418,#10419,#10420));
#4146=EDGE_LOOP('',(#10421,#10422,#10423,#10424));
#4147=EDGE_LOOP('',(#10425,#10426,#10427,#10428));
#4148=EDGE_LOOP('',(#10429,#10430,#10431,#10432));
#4149=EDGE_LOOP('',(#10433,#10434,#10435,#10436));
#4150=EDGE_LOOP('',(#10437,#10438,#10439,#10440));
#4151=EDGE_LOOP('',(#10441,#10442,#10443,#10444));
#4152=EDGE_LOOP('',(#10445,#10446,#10447,#10448));
#4153=EDGE_LOOP('',(#10449,#10450,#10451,#10452));
#4154=EDGE_LOOP('',(#10453,#10454,#10455,#10456));
#4155=EDGE_LOOP('',(#10457,#10458,#10459,#10460));
#4156=EDGE_LOOP('',(#10461,#10462,#10463,#10464));
#4157=EDGE_LOOP('',(#10465,#10466,#10467,#10468));
#4158=EDGE_LOOP('',(#10469,#10470,#10471,#10472));
#4159=EDGE_LOOP('',(#10473,#10474,#10475,#10476));
#4160=EDGE_LOOP('',(#10477,#10478,#10479,#10480));
#4161=EDGE_LOOP('',(#10481,#10482,#10483,#10484));
#4162=EDGE_LOOP('',(#10485,#10486,#10487,#10488));
#4163=EDGE_LOOP('',(#10489,#10490,#10491,#10492));
#4164=EDGE_LOOP('',(#10493,#10494,#10495,#10496));
#4165=EDGE_LOOP('',(#10497,#10498,#10499,#10500));
#4166=EDGE_LOOP('',(#10501,#10502,#10503,#10504));
#4167=EDGE_LOOP('',(#10505,#10506,#10507,#10508));
#4168=EDGE_LOOP('',(#10509,#10510,#10511,#10512));
#4169=EDGE_LOOP('',(#10513,#10514,#10515,#10516));
#4170=EDGE_LOOP('',(#10517,#10518,#10519,#10520));
#4171=EDGE_LOOP('',(#10521,#10522,#10523,#10524));
#4172=EDGE_LOOP('',(#10525,#10526,#10527,#10528));
#4173=EDGE_LOOP('',(#10529,#10530,#10531,#10532));
#4174=EDGE_LOOP('',(#10533,#10534,#10535,#10536));
#4175=EDGE_LOOP('',(#10537,#10538,#10539,#10540));
#4176=EDGE_LOOP('',(#10541,#10542,#10543,#10544));
#4177=EDGE_LOOP('',(#10545,#10546,#10547,#10548));
#4178=EDGE_LOOP('',(#10549,#10550,#10551,#10552));
#4179=EDGE_LOOP('',(#10553,#10554,#10555,#10556));
#4180=EDGE_LOOP('',(#10557,#10558,#10559,#10560));
#4181=EDGE_LOOP('',(#10561,#10562,#10563,#10564));
#4182=EDGE_LOOP('',(#10565,#10566,#10567,#10568));
#4183=EDGE_LOOP('',(#10569,#10570,#10571,#10572));
#4184=EDGE_LOOP('',(#10573,#10574,#10575,#10576));
#4185=EDGE_LOOP('',(#10577,#10578,#10579,#10580));
#4186=EDGE_LOOP('',(#10581,#10582,#10583,#10584));
#4187=EDGE_LOOP('',(#10585,#10586,#10587,#10588));
#4188=EDGE_LOOP('',(#10589,#10590,#10591,#10592));
#4189=EDGE_LOOP('',(#10593,#10594,#10595,#10596));
#4190=EDGE_LOOP('',(#10597,#10598,#10599,#10600));
#4191=EDGE_LOOP('',(#10601,#10602,#10603,#10604));
#4192=EDGE_LOOP('',(#10605,#10606,#10607,#10608,#10609));
#4193=EDGE_LOOP('',(#10610,#10611,#10612,#10613,#10614));
#4194=EDGE_LOOP('',(#10615,#10616,#10617,#10618));
#4195=EDGE_LOOP('',(#10619,#10620,#10621,#10622));
#4196=EDGE_LOOP('',(#10623,#10624,#10625,#10626));
#4197=EDGE_LOOP('',(#10627,#10628,#10629,#10630));
#4198=EDGE_LOOP('',(#10631,#10632,#10633,#10634));
#4199=EDGE_LOOP('',(#10635,#10636,#10637,#10638));
#4200=EDGE_LOOP('',(#10639,#10640,#10641,#10642));
#4201=EDGE_LOOP('',(#10643,#10644,#10645,#10646,#10647));
#4202=EDGE_LOOP('',(#10648,#10649,#10650,#10651,#10652));
#4203=EDGE_LOOP('',(#10653,#10654,#10655,#10656));
#4204=EDGE_LOOP('',(#10657,#10658,#10659,#10660));
#4205=CIRCLE('',#11287,4.4);
#4206=CIRCLE('',#11288,0.4);
#4207=CIRCLE('',#11289,4.);
#4208=CIRCLE('',#11291,4.);
#4209=CIRCLE('',#11293,1.64999997934679);
#4210=CIRCLE('',#11294,7.54879740307468);
#4211=CIRCLE('',#11295,6.50166295701783);
#4212=CIRCLE('',#11296,5.62945494867682);
#4213=CIRCLE('',#11297,5.09275958224618);
#4214=CIRCLE('',#11298,5.05564603857433);
#4215=CIRCLE('',#11299,2.4);
#4216=CIRCLE('',#11300,6.10000000000001);
#4217=CIRCLE('',#11302,2.);
#4218=CIRCLE('',#11303,0.400000000000004);
#4219=CIRCLE('',#11305,0.400000010326603);
#4220=CIRCLE('',#11306,6.50000000000001);
#4221=CIRCLE('',#11308,1.24999997934679);
#4222=CIRCLE('',#11310,1.24999997934679);
#4223=CIRCLE('',#11312,6.50000000000001);
#4224=CIRCLE('',#11314,2.);
#4225=CIRCLE('',#11317,6.8304824322);
#4226=CIRCLE('',#11318,7.35434836435051);
#4227=CIRCLE('',#11319,7.47697092141391);
#4228=CIRCLE('',#11320,6.98419556255992);
#4229=CIRCLE('',#11321,6.33667133241652);
#4230=CIRCLE('',#11322,5.73873116770588);
#4231=CIRCLE('',#11323,5.34318536452978);
#4232=CIRCLE('',#11324,2.85089000361342);
#4233=CIRCLE('',#11325,2.89660820899188);
#4234=CIRCLE('',#11326,6.20104093585151);
#4235=CIRCLE('',#11327,6.23021858608778);
#4236=CIRCLE('',#11328,6.32492053661127);
#4237=CIRCLE('',#11329,6.14541141271507);
#4238=CIRCLE('',#11330,6.39755779107947);
#4239=CIRCLE('',#11331,2.80851500564895);
#4240=CIRCLE('',#11332,6.32304684992312);
#4241=CIRCLE('',#11333,6.11836171458949);
#4242=CIRCLE('',#11334,6.30204107813404);
#4243=CIRCLE('',#11335,6.39530771838026);
#4244=CIRCLE('',#11336,6.22147688413431);
#4245=CIRCLE('',#11337,6.4724168106306);
#4246=CIRCLE('',#11338,2.89637174923727);
#4247=CIRCLE('',#11339,2.9056577775819);
#4248=CIRCLE('',#11340,6.26487412164072);
#4249=CIRCLE('',#11341,6.22664022007137);
#4250=CIRCLE('',#11342,6.38622539322662);
#4251=CIRCLE('',#11343,6.3394581033856);
#4252=CIRCLE('',#11344,6.12626149609237);
#4253=CIRCLE('',#11345,6.36307051044428);
#4254=CIRCLE('',#11346,2.79946441639261);
#4255=CIRCLE('',#11347,2.82804783076821);
#4256=CIRCLE('',#11348,6.17499935659958);
#4257=CIRCLE('',#11349,6.1596705206505);
#4258=CIRCLE('',#11350,6.31687752779298);
#4259=CIRCLE('',#11351,6.20299324319114);
#4260=CIRCLE('',#11352,6.46807646296178);
#4261=CIRCLE('',#11353,2.8952461146952);
#4262=CIRCLE('',#11354,2.84339767322194);
#4263=CIRCLE('',#11355,5.09675158648067);
#4264=CIRCLE('',#11356,5.34100399920236);
#4265=CIRCLE('',#11357,5.78233992464749);
#4266=CIRCLE('',#11358,6.39318369164216);
#4267=CIRCLE('',#11359,7.03885843355674);
#4268=CIRCLE('',#11360,7.49785072596492);
#4269=CIRCLE('',#11361,7.25737139589167);
#4270=CIRCLE('',#11362,6.6295410417394);
#4271=CIRCLE('',#11363,4.82954099166366);
#4272=CIRCLE('',#11364,5.45737139589167);
#4273=CIRCLE('',#11365,5.69785072596493);
#4274=CIRCLE('',#11366,5.23885843355673);
#4275=CIRCLE('',#11367,4.59318369164218);
#4276=CIRCLE('',#11368,3.9823399246475);
#4277=CIRCLE('',#11369,3.54100400067015);
#4278=CIRCLE('',#11370,3.29675158648066);
#4279=CIRCLE('',#11371,0.791472407817972);
#4280=CIRCLE('',#11372,0.679128515653013);
#4281=CIRCLE('',#11373,0.675395404028466);
#4282=CIRCLE('',#11374,4.64339767322241);
#4283=CIRCLE('',#11375,4.69524611493368);
#4284=CIRCLE('',#11376,4.66807637814573);
#4285=CIRCLE('',#11377,4.40299324319116);
#4286=CIRCLE('',#11378,4.516877527793);
#4287=CIRCLE('',#11379,4.35967052065051);
#4288=CIRCLE('',#11380,4.3749993565996);
#4289=CIRCLE('',#11381,4.62804783076822);
#4290=CIRCLE('',#11382,4.59946441657465);
#4291=CIRCLE('',#11383,4.56307042153671);
#4292=CIRCLE('',#11384,4.32626149609235);
#4293=CIRCLE('',#11385,4.53945810338562);
#4294=CIRCLE('',#11386,4.58622539322663);
#4295=CIRCLE('',#11387,4.42664022007136);
#4296=CIRCLE('',#11388,4.46487412164073);
#4297=CIRCLE('',#11389,4.70565777758174);
#4298=CIRCLE('',#11390,4.69637174926303);
#4299=CIRCLE('',#11391,4.6724167203394);
#4300=CIRCLE('',#11392,4.4214768841343);
#4301=CIRCLE('',#11393,4.59530771838025);
#4302=CIRCLE('',#11394,4.50204107813405);
#4303=CIRCLE('',#11395,4.31836171458947);
#4304=CIRCLE('',#11396,4.52304685545208);
#4305=CIRCLE('',#11397,4.60851500564894);
#4306=CIRCLE('',#11398,4.59755769828153);
#4307=CIRCLE('',#11399,4.34541141271509);
#4308=CIRCLE('',#11400,4.52492053661128);
#4309=CIRCLE('',#11401,4.43021858608779);
#4310=CIRCLE('',#11402,4.40104093585152);
#4311=CIRCLE('',#11403,4.69660820899206);
#4312=CIRCLE('',#11404,4.65089000361335);
#4313=CIRCLE('',#11405,0.689251343698127);
#4314=CIRCLE('',#11406,0.809197741528991);
#4315=CIRCLE('',#11407,3.25564603857433);
#4316=CIRCLE('',#11408,3.2927595822462);
#4317=CIRCLE('',#11409,3.82945494867684);
#4318=CIRCLE('',#11410,4.70166295701784);
#4319=CIRCLE('',#11411,5.74879740307468);
#4320=CIRCLE('',#11412,3.54318527778247);
#4321=CIRCLE('',#11413,3.93873116770589);
#4322=CIRCLE('',#11414,4.53667133241652);
#4323=CIRCLE('',#11415,5.18419556255992);
#4324=CIRCLE('',#11416,5.67697092141392);
#4325=CIRCLE('',#11417,5.55434836435051);
#4326=CIRCLE('',#11418,5.0304824322);
#4327=CIRCLE('',#11421,1.55);
#4328=CIRCLE('',#11422,1.54999999999701);
#4329=CIRCLE('',#11426,1.50000000000002);
#4330=CIRCLE('',#11427,1.50000000000002);
#4331=CIRCLE('',#11430,1.50000000000002);
#4332=CIRCLE('',#11431,1.50000000000002);
#4333=CIRCLE('',#11435,1.50000000000002);
#4334=CIRCLE('',#11436,1.50000000000002);
#4335=CIRCLE('',#11439,1.50000000000004);
#4336=CIRCLE('',#11440,1.50000000000004);
#4337=CIRCLE('',#11444,4.85089000361342);
#4338=CIRCLE('',#11445,2.85089000361342);
#4339=CIRCLE('',#11446,4.85089000361342);
#4340=CIRCLE('',#11448,2.37539540205099);
#4341=CIRCLE('',#11449,2.37912851565402);
#4342=CIRCLE('',#11450,2.491472407818);
#4343=CIRCLE('',#11451,1.59675158648229);
#4344=CIRCLE('',#11452,1.84100414426797);
#4345=CIRCLE('',#11453,2.282339924649);
#4346=CIRCLE('',#11454,2.89318369164718);
#4347=CIRCLE('',#11455,3.53885843355299);
#4348=CIRCLE('',#11456,3.99785072596377);
#4349=CIRCLE('',#11457,3.75737139589304);
#4350=CIRCLE('',#11458,3.12954099166653);
#4351=CIRCLE('',#11459,3.33048243220188);
#4352=CIRCLE('',#11460,3.85434836435111);
#4353=CIRCLE('',#11461,3.97697092141507);
#4354=CIRCLE('',#11462,3.48419556256044);
#4355=CIRCLE('',#11463,2.8366713324178);
#4356=CIRCLE('',#11464,2.23873116770546);
#4357=CIRCLE('',#11465,1.84318527778095);
#4358=CIRCLE('',#11466,4.04879740307367);
#4359=CIRCLE('',#11467,3.00166295701477);
#4360=CIRCLE('',#11468,2.12945494867331);
#4361=CIRCLE('',#11469,1.59275958224305);
#4362=CIRCLE('',#11470,1.5556460385738);
#4363=CIRCLE('',#11471,2.50919774152901);
#4364=CIRCLE('',#11472,2.389251343698);
#4365=CIRCLE('',#11473,6.35089000361301);
#4366=CIRCLE('',#11474,6.396608208992);
#4367=CIRCLE('',#11475,2.70104093585298);
#4368=CIRCLE('',#11476,2.730218586087);
#4369=CIRCLE('',#11477,2.8249205366083);
#4370=CIRCLE('',#11478,2.64541141271144);
#4371=CIRCLE('',#11479,2.89755769827791);
#4372=CIRCLE('',#11480,6.30851500564901);
#4373=CIRCLE('',#11481,2.82304730231081);
#4374=CIRCLE('',#11482,2.61836171456424);
#4375=CIRCLE('',#11483,2.80204107813251);
#4376=CIRCLE('',#11484,2.89530771837821);
#4377=CIRCLE('',#11485,2.72147688412819);
#4378=CIRCLE('',#11486,2.97241672034286);
#4379=CIRCLE('',#11487,6.39637174923701);
#4380=CIRCLE('',#11488,6.405657777582);
#4381=CIRCLE('',#11489,2.76487412164008);
#4382=CIRCLE('',#11490,2.72664022007016);
#4383=CIRCLE('',#11491,2.88622539322923);
#4384=CIRCLE('',#11492,2.8394581034027);
#4385=CIRCLE('',#11493,2.62626149609781);
#4386=CIRCLE('',#11494,2.86307042154861);
#4387=CIRCLE('',#11495,6.299464416392);
#4388=CIRCLE('',#11496,6.32804783076899);
#4389=CIRCLE('',#11497,2.67499935659733);
#4390=CIRCLE('',#11498,2.65967052065278);
#4391=CIRCLE('',#11499,2.81687752779529);
#4392=CIRCLE('',#11500,2.70299324319603);
#4393=CIRCLE('',#11501,2.96807637814741);
#4394=CIRCLE('',#11502,6.39524611469499);
#4395=CIRCLE('',#11503,6.34339767322198);
#4396=CIRCLE('',#11504,0.550000143789991);
#4397=CIRCLE('',#11505,0.550000143790018);
#4398=CIRCLE('',#11506,0.550000143789174);
#4399=CIRCLE('',#11507,0.550000143780017);
#4400=CIRCLE('',#11513,6.35089000361301);
#4401=CIRCLE('',#11515,5.0304824322);
#4402=CIRCLE('',#11516,5.55434836435051);
#4403=CIRCLE('',#11517,5.67697092141392);
#4404=CIRCLE('',#11518,5.18419556255992);
#4405=CIRCLE('',#11519,4.53667133241652);
#4406=CIRCLE('',#11520,3.93873116770589);
#4407=CIRCLE('',#11521,3.54318527778247);
#4408=CIRCLE('',#11522,5.74879740307468);
#4409=CIRCLE('',#11523,4.70166295701784);
#4410=CIRCLE('',#11524,3.82945494867684);
#4411=CIRCLE('',#11525,3.2927595822462);
#4412=CIRCLE('',#11526,3.25564603857433);
#4413=CIRCLE('',#11527,0.809197741528991);
#4414=CIRCLE('',#11528,0.689251343698127);
#4415=CIRCLE('',#11529,4.65089000361335);
#4416=CIRCLE('',#11530,4.69660820899206);
#4417=CIRCLE('',#11531,4.40104093585152);
#4418=CIRCLE('',#11532,4.43021858608779);
#4419=CIRCLE('',#11533,4.52492053661128);
#4420=CIRCLE('',#11534,4.34541141271509);
#4421=CIRCLE('',#11535,4.59755769828153);
#4422=CIRCLE('',#11536,4.60851500564894);
#4423=CIRCLE('',#11537,4.52304685545208);
#4424=CIRCLE('',#11538,4.31836171458947);
#4425=CIRCLE('',#11539,4.50204107813405);
#4426=CIRCLE('',#11540,4.59530771838025);
#4427=CIRCLE('',#11541,4.4214768841343);
#4428=CIRCLE('',#11542,4.6724167203394);
#4429=CIRCLE('',#11543,4.69637174926303);
#4430=CIRCLE('',#11544,4.70565777758174);
#4431=CIRCLE('',#11545,4.46487412164073);
#4432=CIRCLE('',#11546,4.42664022007136);
#4433=CIRCLE('',#11547,4.58622539322663);
#4434=CIRCLE('',#11548,4.53945810338562);
#4435=CIRCLE('',#11549,4.32626149609235);
#4436=CIRCLE('',#11550,4.56307042153671);
#4437=CIRCLE('',#11551,4.59946441657465);
#4438=CIRCLE('',#11552,4.62804783076822);
#4439=CIRCLE('',#11553,4.3749993565996);
#4440=CIRCLE('',#11554,4.35967052065051);
#4441=CIRCLE('',#11555,4.516877527793);
#4442=CIRCLE('',#11556,4.40299324319116);
#4443=CIRCLE('',#11557,4.66807637814573);
#4444=CIRCLE('',#11558,4.69524611493368);
#4445=CIRCLE('',#11559,4.64339767322241);
#4446=CIRCLE('',#11560,0.675395404028466);
#4447=CIRCLE('',#11561,0.679128515653013);
#4448=CIRCLE('',#11562,0.791472407817972);
#4449=CIRCLE('',#11563,3.29675158648066);
#4450=CIRCLE('',#11564,3.54100400067015);
#4451=CIRCLE('',#11565,3.9823399246475);
#4452=CIRCLE('',#11566,4.59318369164218);
#4453=CIRCLE('',#11567,5.23885843355673);
#4454=CIRCLE('',#11568,5.69785072596493);
#4455=CIRCLE('',#11569,5.45737139589167);
#4456=CIRCLE('',#11570,4.82954099166366);
#4457=CIRCLE('',#11571,3.12954099166653);
#4458=CIRCLE('',#11572,3.75737139589304);
#4459=CIRCLE('',#11573,3.99785072596377);
#4460=CIRCLE('',#11574,3.53885843355299);
#4461=CIRCLE('',#11575,2.89318369164718);
#4462=CIRCLE('',#11576,2.282339924649);
#4463=CIRCLE('',#11577,1.84100414426797);
#4464=CIRCLE('',#11578,1.59675158648229);
#4465=CIRCLE('',#11579,2.491472407818);
#4466=CIRCLE('',#11580,2.37912851565402);
#4467=CIRCLE('',#11581,2.37539540205099);
#4468=CIRCLE('',#11582,6.34339767322198);
#4469=CIRCLE('',#11583,6.39524611469499);
#4470=CIRCLE('',#11584,2.96807637814741);
#4471=CIRCLE('',#11585,2.70299324319603);
#4472=CIRCLE('',#11586,2.81687752779529);
#4473=CIRCLE('',#11587,2.65967052065278);
#4474=CIRCLE('',#11588,2.67499935659733);
#4475=CIRCLE('',#11589,6.32804783076899);
#4476=CIRCLE('',#11590,6.299464416392);
#4477=CIRCLE('',#11591,2.86307042154861);
#4478=CIRCLE('',#11592,2.62626149609781);
#4479=CIRCLE('',#11593,2.8394581034027);
#4480=CIRCLE('',#11594,2.88622539322923);
#4481=CIRCLE('',#11595,2.72664022007016);
#4482=CIRCLE('',#11596,2.76487412164008);
#4483=CIRCLE('',#11597,6.405657777582);
#4484=CIRCLE('',#11598,6.39637174923701);
#4485=CIRCLE('',#11599,2.97241672034286);
#4486=CIRCLE('',#11600,2.72147688412819);
#4487=CIRCLE('',#11601,2.89530771837821);
#4488=CIRCLE('',#11602,2.80204107813251);
#4489=CIRCLE('',#11603,2.61836171456424);
#4490=CIRCLE('',#11604,2.82304730231081);
#4491=CIRCLE('',#11605,6.30851500564901);
#4492=CIRCLE('',#11606,2.89755769827791);
#4493=CIRCLE('',#11607,2.64541141271144);
#4494=CIRCLE('',#11608,2.8249205366083);
#4495=CIRCLE('',#11609,2.730218586087);
#4496=CIRCLE('',#11610,2.70104093585298);
#4497=CIRCLE('',#11611,6.396608208992);
#4498=CIRCLE('',#11612,2.389251343698);
#4499=CIRCLE('',#11613,2.50919774152901);
#4500=CIRCLE('',#11614,1.5556460385738);
#4501=CIRCLE('',#11615,1.59275958224305);
#4502=CIRCLE('',#11616,2.12945494867331);
#4503=CIRCLE('',#11617,3.00166295701477);
#4504=CIRCLE('',#11618,4.04879740307367);
#4505=CIRCLE('',#11619,1.84318527778095);
#4506=CIRCLE('',#11620,2.23873116770546);
#4507=CIRCLE('',#11621,2.8366713324178);
#4508=CIRCLE('',#11622,3.48419556256044);
#4509=CIRCLE('',#11623,3.97697092141507);
#4510=CIRCLE('',#11624,3.85434836435111);
#4511=CIRCLE('',#11625,3.33048243220188);
#4512=CIRCLE('',#11627,1.54999999999701);
#4513=CIRCLE('',#11628,1.55);
#4514=CIRCLE('',#11635,0.75);
#4515=CIRCLE('',#11636,0.750000000000171);
#4516=CIRCLE('',#11638,0.750000000000001);
#4517=CIRCLE('',#11639,1.30000014378002);
#4518=CIRCLE('',#11640,0.550000143780017);
#4519=CIRCLE('',#11642,0.750000000000002);
#4520=CIRCLE('',#11644,0.750000000000001);
#4521=CIRCLE('',#11645,1.30000014378917);
#4522=CIRCLE('',#11646,0.550000143789174);
#4523=CIRCLE('',#11648,0.749999999999993);
#4524=CIRCLE('',#11650,0.750000000000001);
#4525=CIRCLE('',#11651,1.30000014379002);
#4526=CIRCLE('',#11652,0.550000143790018);
#4527=CIRCLE('',#11654,0.749999999999993);
#4528=CIRCLE('',#11656,1.30000014378999);
#4529=CIRCLE('',#11657,0.550000143789991);
#4530=CIRCLE('',#11663,3.05564603857433);
#4531=CIRCLE('',#11664,3.09275958224618);
#4532=CIRCLE('',#11665,3.62945494867684);
#4533=CIRCLE('',#11666,4.50166295701782);
#4534=CIRCLE('',#11667,5.54879740307468);
#4535=CIRCLE('',#11668,3.34318536452979);
#4536=CIRCLE('',#11669,3.73873116770587);
#4537=CIRCLE('',#11670,4.33667133241652);
#4538=CIRCLE('',#11671,4.98419556255993);
#4539=CIRCLE('',#11672,5.47697092141391);
#4540=CIRCLE('',#11673,5.35434836435051);
#4541=CIRCLE('',#11674,4.83048243220001);
#4542=CIRCLE('',#11675,4.6295410417394);
#4543=CIRCLE('',#11676,5.25737139589167);
#4544=CIRCLE('',#11677,5.49785072596492);
#4545=CIRCLE('',#11678,5.03885843355674);
#4546=CIRCLE('',#11679,4.39318369164215);
#4547=CIRCLE('',#11680,3.78233992464748);
#4548=CIRCLE('',#11681,3.34100399920236);
#4549=CIRCLE('',#11682,3.09675158648069);
#4550=CIRCLE('',#11683,4.84339767322195);
#4551=CIRCLE('',#11684,4.8952461146952);
#4552=CIRCLE('',#11685,4.46807646296177);
#4553=CIRCLE('',#11686,4.20299324319115);
#4554=CIRCLE('',#11687,4.31687752779297);
#4555=CIRCLE('',#11688,4.15967052065051);
#4556=CIRCLE('',#11689,4.17499935659959);
#4557=CIRCLE('',#11690,4.82804783076822);
#4558=CIRCLE('',#11691,4.79946441639258);
#4559=CIRCLE('',#11692,4.36307051044427);
#4560=CIRCLE('',#11693,4.12626149609233);
#4561=CIRCLE('',#11694,4.33945810338559);
#4562=CIRCLE('',#11695,4.38622539322664);
#4563=CIRCLE('',#11696,4.22664022007136);
#4564=CIRCLE('',#11697,4.26487412164071);
#4565=CIRCLE('',#11698,4.90565777758191);
#4566=CIRCLE('',#11699,4.89637174923728);
#4567=CIRCLE('',#11700,4.4724168106306);
#4568=CIRCLE('',#11701,4.22147688413431);
#4569=CIRCLE('',#11702,4.39530771838025);
#4570=CIRCLE('',#11703,4.30204107813403);
#4571=CIRCLE('',#11704,4.11836171458948);
#4572=CIRCLE('',#11705,4.32304684992312);
#4573=CIRCLE('',#11706,4.80851500564895);
#4574=CIRCLE('',#11707,4.39755779107947);
#4575=CIRCLE('',#11708,4.14541141271506);
#4576=CIRCLE('',#11709,4.32492053661128);
#4577=CIRCLE('',#11710,4.23021858608779);
#4578=CIRCLE('',#11711,4.20104093585151);
#4579=CIRCLE('',#11712,4.89660820899187);
#4580=CIRCLE('',#11865,2.84339767322194);
#4581=CIRCLE('',#11868,2.8952461146952);
#4582=CIRCLE('',#11871,6.46807646296178);
#4583=CIRCLE('',#11874,6.20299324319114);
#4584=CIRCLE('',#11877,6.31687752779298);
#4585=CIRCLE('',#11880,6.1596705206505);
#4586=CIRCLE('',#11883,6.17499935659958);
#4587=CIRCLE('',#11888,2.82804783076821);
#4588=CIRCLE('',#11891,2.79946441639261);
#4589=CIRCLE('',#11894,6.36307051044428);
#4590=CIRCLE('',#11897,6.12626149609237);
#4591=CIRCLE('',#11900,6.3394581033856);
#4592=CIRCLE('',#11903,6.38622539322662);
#4593=CIRCLE('',#11906,6.22664022007137);
#4594=CIRCLE('',#11909,6.26487412164072);
#4595=CIRCLE('',#11914,2.9056577775819);
#4596=CIRCLE('',#11917,2.89637174923727);
#4597=CIRCLE('',#11920,6.4724168106306);
#4598=CIRCLE('',#11923,6.22147688413431);
#4599=CIRCLE('',#11926,6.39530771838026);
#4600=CIRCLE('',#11929,6.30204107813404);
#4601=CIRCLE('',#11932,6.11836171458949);
#4602=CIRCLE('',#11935,6.32304684992312);
#4603=CIRCLE('',#11938,2.80851500564895);
#4604=CIRCLE('',#11944,6.39755779107947);
#4605=CIRCLE('',#11947,6.14541141271507);
#4606=CIRCLE('',#11950,6.32492053661127);
#4607=CIRCLE('',#11953,6.23021858608778);
#4608=CIRCLE('',#12028,6.20104093585151);
#4609=CIRCLE('',#12034,2.89660820899188);
#4610=CIRCLE('',#12117,5.09675158648067);
#4611=CIRCLE('',#12130,5.34100399920236);
#4612=CIRCLE('',#12133,5.78233992464749);
#4613=CIRCLE('',#12136,6.39318369164216);
#4614=CIRCLE('',#12139,7.03885843355674);
#4615=CIRCLE('',#12142,7.49785072596492);
#4616=CIRCLE('',#12144,7.25737139589167);
#4617=CIRCLE('',#12150,6.8304824322);
#4618=CIRCLE('',#12153,7.47697092141391);
#4619=CIRCLE('',#12155,6.98419556255992);
#4620=CIRCLE('',#12159,6.33667133241652);
#4621=CIRCLE('',#12162,5.73873116770588);
#4622=CIRCLE('',#12171,5.62945494867682);
#4623=CIRCLE('',#12173,5.09275958224618);
#4624=CIRCLE('',#12176,5.05564603857433);
#4625=CIRCLE('',#12193,6.50166295701783);
#4626=CIRCLE('',#12198,7.54879740307468);
#4627=CIRCLE('',#12204,5.34318536452978);
#4628=CIRCLE('',#12216,7.35434836435051);
#4629=CIRCLE('',#12223,6.6295410417394);
#4630=VERTEX_POINT('',#15518);
#4631=VERTEX_POINT('',#15520);
#4632=VERTEX_POINT('',#15524);
#4633=VERTEX_POINT('',#15528);
#4634=VERTEX_POINT('',#15529);
#4635=VERTEX_POINT('',#15531);
#4636=VERTEX_POINT('',#15533);
#4637=VERTEX_POINT('',#15535);
#4638=VERTEX_POINT('',#15537);
#4639=VERTEX_POINT('',#15539);
#4640=VERTEX_POINT('',#15541);
#4641=VERTEX_POINT('',#15543);
#4642=VERTEX_POINT('',#15545);
#4643=VERTEX_POINT('',#15547);
#4644=VERTEX_POINT('',#15549);
#4645=VERTEX_POINT('',#15551);
#4646=VERTEX_POINT('',#15555);
#4647=VERTEX_POINT('',#15568);
#4648=VERTEX_POINT('',#15572);
#4649=VERTEX_POINT('',#15576);
#4650=VERTEX_POINT('',#15591);
#4651=VERTEX_POINT('',#15593);
#4652=VERTEX_POINT('',#15597);
#4653=VERTEX_POINT('',#15601);
#4654=VERTEX_POINT('',#15605);
#4655=VERTEX_POINT('',#15606);
#4656=VERTEX_POINT('',#15608);
#4657=VERTEX_POINT('',#15610);
#4658=VERTEX_POINT('',#15612);
#4659=VERTEX_POINT('',#15614);
#4660=VERTEX_POINT('',#15618);
#4661=VERTEX_POINT('',#15620);
#4662=VERTEX_POINT('',#15622);
#4663=VERTEX_POINT('',#15624);
#4664=VERTEX_POINT('',#15626);
#4665=VERTEX_POINT('',#15628);
#4666=VERTEX_POINT('',#15630);
#4667=VERTEX_POINT('',#15632);
#4668=VERTEX_POINT('',#15634);
#4669=VERTEX_POINT('',#15636);
#4670=VERTEX_POINT('',#15638);
#4671=VERTEX_POINT('',#15640);
#4672=VERTEX_POINT('',#15642);
#4673=VERTEX_POINT('',#15644);
#4674=VERTEX_POINT('',#15646);
#4675=VERTEX_POINT('',#15648);
#4676=VERTEX_POINT('',#15650);
#4677=VERTEX_POINT('',#15652);
#4678=VERTEX_POINT('',#15655);
#4679=VERTEX_POINT('',#15657);
#4680=VERTEX_POINT('',#15659);
#4681=VERTEX_POINT('',#15661);
#4682=VERTEX_POINT('',#15663);
#4683=VERTEX_POINT('',#15665);
#4684=VERTEX_POINT('',#15667);
#4685=VERTEX_POINT('',#15669);
#4686=VERTEX_POINT('',#15671);
#4687=VERTEX_POINT('',#15673);
#4688=VERTEX_POINT('',#15675);
#4689=VERTEX_POINT('',#15677);
#4690=VERTEX_POINT('',#15679);
#4691=VERTEX_POINT('',#15681);
#4692=VERTEX_POINT('',#15683);
#4693=VERTEX_POINT('',#15685);
#4694=VERTEX_POINT('',#15687);
#4695=VERTEX_POINT('',#15689);
#4696=VERTEX_POINT('',#15691);
#4697=VERTEX_POINT('',#15693);
#4698=VERTEX_POINT('',#15695);
#4699=VERTEX_POINT('',#15697);
#4700=VERTEX_POINT('',#15699);
#4701=VERTEX_POINT('',#15701);
#4702=VERTEX_POINT('',#15703);
#4703=VERTEX_POINT('',#15705);
#4704=VERTEX_POINT('',#15707);
#4705=VERTEX_POINT('',#15709);
#4706=VERTEX_POINT('',#15711);
#4707=VERTEX_POINT('',#15713);
#4708=VERTEX_POINT('',#15715);
#4709=VERTEX_POINT('',#15717);
#4710=VERTEX_POINT('',#15719);
#4711=VERTEX_POINT('',#15721);
#4712=VERTEX_POINT('',#15723);
#4713=VERTEX_POINT('',#15725);
#4714=VERTEX_POINT('',#15727);
#4715=VERTEX_POINT('',#15729);
#4716=VERTEX_POINT('',#15731);
#4717=VERTEX_POINT('',#15733);
#4718=VERTEX_POINT('',#15735);
#4719=VERTEX_POINT('',#15737);
#4720=VERTEX_POINT('',#15739);
#4721=VERTEX_POINT('',#15741);
#4722=VERTEX_POINT('',#15743);
#4723=VERTEX_POINT('',#15745);
#4724=VERTEX_POINT('',#15747);
#4725=VERTEX_POINT('',#15749);
#4726=VERTEX_POINT('',#15751);
#4727=VERTEX_POINT('',#15753);
#4728=VERTEX_POINT('',#15755);
#4729=VERTEX_POINT('',#15757);
#4730=VERTEX_POINT('',#15759);
#4731=VERTEX_POINT('',#15761);
#4732=VERTEX_POINT('',#15763);
#4733=VERTEX_POINT('',#15765);
#4734=VERTEX_POINT('',#15767);
#4735=VERTEX_POINT('',#15769);
#4736=VERTEX_POINT('',#15771);
#4737=VERTEX_POINT('',#15773);
#4738=VERTEX_POINT('',#15775);
#4739=VERTEX_POINT('',#15777);
#4740=VERTEX_POINT('',#15779);
#4741=VERTEX_POINT('',#15781);
#4742=VERTEX_POINT('',#15783);
#4743=VERTEX_POINT('',#15785);
#4744=VERTEX_POINT('',#15787);
#4745=VERTEX_POINT('',#15789);
#4746=VERTEX_POINT('',#15791);
#4747=VERTEX_POINT('',#15793);
#4748=VERTEX_POINT('',#15795);
#4749=VERTEX_POINT('',#15797);
#4750=VERTEX_POINT('',#15799);
#4751=VERTEX_POINT('',#15801);
#4752=VERTEX_POINT('',#15803);
#4753=VERTEX_POINT('',#15805);
#4754=VERTEX_POINT('',#15807);
#4755=VERTEX_POINT('',#15809);
#4756=VERTEX_POINT('',#15811);
#4757=VERTEX_POINT('',#15813);
#4758=VERTEX_POINT('',#15815);
#4759=VERTEX_POINT('',#15817);
#4760=VERTEX_POINT('',#15819);
#4761=VERTEX_POINT('',#15821);
#4762=VERTEX_POINT('',#15823);
#4763=VERTEX_POINT('',#15825);
#4764=VERTEX_POINT('',#15827);
#4765=VERTEX_POINT('',#15829);
#4766=VERTEX_POINT('',#15831);
#4767=VERTEX_POINT('',#15833);
#4768=VERTEX_POINT('',#15835);
#4769=VERTEX_POINT('',#15837);
#4770=VERTEX_POINT('',#15839);
#4771=VERTEX_POINT('',#15841);
#4772=VERTEX_POINT('',#15843);
#4773=VERTEX_POINT('',#15845);
#4774=VERTEX_POINT('',#15847);
#4775=VERTEX_POINT('',#15849);
#4776=VERTEX_POINT('',#15851);
#4777=VERTEX_POINT('',#15853);
#4778=VERTEX_POINT('',#15855);
#4779=VERTEX_POINT('',#15857);
#4780=VERTEX_POINT('',#15859);
#4781=VERTEX_POINT('',#15861);
#4782=VERTEX_POINT('',#15863);
#4783=VERTEX_POINT('',#15865);
#4784=VERTEX_POINT('',#15867);
#4785=VERTEX_POINT('',#15869);
#4786=VERTEX_POINT('',#15871);
#4787=VERTEX_POINT('',#15873);
#4788=VERTEX_POINT('',#15875);
#4789=VERTEX_POINT('',#15877);
#4790=VERTEX_POINT('',#15879);
#4791=VERTEX_POINT('',#15881);
#4792=VERTEX_POINT('',#15883);
#4793=VERTEX_POINT('',#15885);
#4794=VERTEX_POINT('',#15887);
#4795=VERTEX_POINT('',#15889);
#4796=VERTEX_POINT('',#15891);
#4797=VERTEX_POINT('',#15893);
#4798=VERTEX_POINT('',#15895);
#4799=VERTEX_POINT('',#15897);
#4800=VERTEX_POINT('',#15899);
#4801=VERTEX_POINT('',#15901);
#4802=VERTEX_POINT('',#15903);
#4803=VERTEX_POINT('',#15905);
#4804=VERTEX_POINT('',#15907);
#4805=VERTEX_POINT('',#15909);
#4806=VERTEX_POINT('',#15911);
#4807=VERTEX_POINT('',#15913);
#4808=VERTEX_POINT('',#15915);
#4809=VERTEX_POINT('',#15917);
#4810=VERTEX_POINT('',#15919);
#4811=VERTEX_POINT('',#15921);
#4812=VERTEX_POINT('',#15923);
#4813=VERTEX_POINT('',#15925);
#4814=VERTEX_POINT('',#15927);
#4815=VERTEX_POINT('',#15929);
#4816=VERTEX_POINT('',#15931);
#4817=VERTEX_POINT('',#15933);
#4818=VERTEX_POINT('',#15935);
#4819=VERTEX_POINT('',#15937);
#4820=VERTEX_POINT('',#15939);
#4821=VERTEX_POINT('',#15941);
#4822=VERTEX_POINT('',#15943);
#4823=VERTEX_POINT('',#15945);
#4824=VERTEX_POINT('',#15947);
#4825=VERTEX_POINT('',#15949);
#4826=VERTEX_POINT('',#15951);
#4827=VERTEX_POINT('',#15953);
#4828=VERTEX_POINT('',#15955);
#4829=VERTEX_POINT('',#15957);
#4830=VERTEX_POINT('',#15959);
#4831=VERTEX_POINT('',#15961);
#4832=VERTEX_POINT('',#15963);
#4833=VERTEX_POINT('',#15965);
#4834=VERTEX_POINT('',#15967);
#4835=VERTEX_POINT('',#15969);
#4836=VERTEX_POINT('',#15971);
#4837=VERTEX_POINT('',#15973);
#4838=VERTEX_POINT('',#15975);
#4839=VERTEX_POINT('',#15977);
#4840=VERTEX_POINT('',#15979);
#4841=VERTEX_POINT('',#15981);
#4842=VERTEX_POINT('',#15983);
#4843=VERTEX_POINT('',#15985);
#4844=VERTEX_POINT('',#15987);
#4845=VERTEX_POINT('',#15989);
#4846=VERTEX_POINT('',#15991);
#4847=VERTEX_POINT('',#15993);
#4848=VERTEX_POINT('',#15995);
#4849=VERTEX_POINT('',#15997);
#4850=VERTEX_POINT('',#15999);
#4851=VERTEX_POINT('',#16001);
#4852=VERTEX_POINT('',#16003);
#4853=VERTEX_POINT('',#16005);
#4854=VERTEX_POINT('',#16007);
#4855=VERTEX_POINT('',#16009);
#4856=VERTEX_POINT('',#16011);
#4857=VERTEX_POINT('',#16013);
#4858=VERTEX_POINT('',#16015);
#4859=VERTEX_POINT('',#16017);
#4860=VERTEX_POINT('',#16019);
#4861=VERTEX_POINT('',#16021);
#4862=VERTEX_POINT('',#16023);
#4863=VERTEX_POINT('',#16025);
#4864=VERTEX_POINT('',#16027);
#4865=VERTEX_POINT('',#16029);
#4866=VERTEX_POINT('',#16031);
#4867=VERTEX_POINT('',#16033);
#4868=VERTEX_POINT('',#16035);
#4869=VERTEX_POINT('',#16037);
#4870=VERTEX_POINT('',#16039);
#4871=VERTEX_POINT('',#16041);
#4872=VERTEX_POINT('',#16043);
#4873=VERTEX_POINT('',#16045);
#4874=VERTEX_POINT('',#16047);
#4875=VERTEX_POINT('',#16049);
#4876=VERTEX_POINT('',#16051);
#4877=VERTEX_POINT('',#16053);
#4878=VERTEX_POINT('',#16055);
#4879=VERTEX_POINT('',#16057);
#4880=VERTEX_POINT('',#16059);
#4881=VERTEX_POINT('',#16061);
#4882=VERTEX_POINT('',#16063);
#4883=VERTEX_POINT('',#16065);
#4884=VERTEX_POINT('',#16067);
#4885=VERTEX_POINT('',#16069);
#4886=VERTEX_POINT('',#16071);
#4887=VERTEX_POINT('',#16073);
#4888=VERTEX_POINT('',#16075);
#4889=VERTEX_POINT('',#16077);
#4890=VERTEX_POINT('',#16079);
#4891=VERTEX_POINT('',#16081);
#4892=VERTEX_POINT('',#16083);
#4893=VERTEX_POINT('',#16085);
#4894=VERTEX_POINT('',#16087);
#4895=VERTEX_POINT('',#16089);
#4896=VERTEX_POINT('',#16091);
#4897=VERTEX_POINT('',#16093);
#4898=VERTEX_POINT('',#16095);
#4899=VERTEX_POINT('',#16097);
#4900=VERTEX_POINT('',#16099);
#4901=VERTEX_POINT('',#16101);
#4902=VERTEX_POINT('',#16103);
#4903=VERTEX_POINT('',#16105);
#4904=VERTEX_POINT('',#16107);
#4905=VERTEX_POINT('',#16109);
#4906=VERTEX_POINT('',#16111);
#4907=VERTEX_POINT('',#16113);
#4908=VERTEX_POINT('',#16115);
#4909=VERTEX_POINT('',#16117);
#4910=VERTEX_POINT('',#16119);
#4911=VERTEX_POINT('',#16121);
#4912=VERTEX_POINT('',#16123);
#4913=VERTEX_POINT('',#16125);
#4914=VERTEX_POINT('',#16127);
#4915=VERTEX_POINT('',#16129);
#4916=VERTEX_POINT('',#16131);
#4917=VERTEX_POINT('',#16133);
#4918=VERTEX_POINT('',#16135);
#4919=VERTEX_POINT('',#16137);
#4920=VERTEX_POINT('',#16139);
#4921=VERTEX_POINT('',#16141);
#4922=VERTEX_POINT('',#16143);
#4923=VERTEX_POINT('',#16145);
#4924=VERTEX_POINT('',#16147);
#4925=VERTEX_POINT('',#16149);
#4926=VERTEX_POINT('',#16151);
#4927=VERTEX_POINT('',#16155);
#4928=VERTEX_POINT('',#16157);
#4929=VERTEX_POINT('',#16161);
#4930=VERTEX_POINT('',#16163);
#4931=VERTEX_POINT('',#16165);
#4932=VERTEX_POINT('',#16168);
#4933=VERTEX_POINT('',#16170);
#4934=VERTEX_POINT('',#16174);
#4935=VERTEX_POINT('',#16175);
#4936=VERTEX_POINT('',#16179);
#4937=VERTEX_POINT('',#16183);
#4938=VERTEX_POINT('',#16184);
#4939=VERTEX_POINT('',#16186);
#4940=VERTEX_POINT('',#16188);
#4941=VERTEX_POINT('',#16192);
#4942=VERTEX_POINT('',#16194);
#4943=VERTEX_POINT('',#16198);
#4944=VERTEX_POINT('',#16200);
#4945=VERTEX_POINT('',#16204);
#4946=VERTEX_POINT('',#16206);
#4947=VERTEX_POINT('',#16210);
#4948=VERTEX_POINT('',#16216);
#4949=VERTEX_POINT('',#16218);
#4950=VERTEX_POINT('',#16222);
#4951=VERTEX_POINT('',#16224);
#4952=VERTEX_POINT('',#16228);
#4953=VERTEX_POINT('',#16230);
#4954=VERTEX_POINT('',#16237);
#4955=VERTEX_POINT('',#16238);
#4956=VERTEX_POINT('',#16240);
#4957=VERTEX_POINT('',#16242);
#4958=VERTEX_POINT('',#16246);
#4959=VERTEX_POINT('',#16248);
#4960=VERTEX_POINT('',#16252);
#4961=VERTEX_POINT('',#16254);
#4962=VERTEX_POINT('',#16259);
#4963=VERTEX_POINT('',#16261);
#4964=VERTEX_POINT('',#16268);
#4965=VERTEX_POINT('',#16270);
#4966=VERTEX_POINT('',#16272);
#4967=VERTEX_POINT('',#16274);
#4968=VERTEX_POINT('',#16276);
#4969=VERTEX_POINT('',#16278);
#4970=VERTEX_POINT('',#16280);
#4971=VERTEX_POINT('',#16282);
#4972=VERTEX_POINT('',#16284);
#4973=VERTEX_POINT('',#16286);
#4974=VERTEX_POINT('',#16288);
#4975=VERTEX_POINT('',#16290);
#4976=VERTEX_POINT('',#16292);
#4977=VERTEX_POINT('',#16294);
#4978=VERTEX_POINT('',#16296);
#4979=VERTEX_POINT('',#16298);
#4980=VERTEX_POINT('',#16300);
#4981=VERTEX_POINT('',#16302);
#4982=VERTEX_POINT('',#16304);
#4983=VERTEX_POINT('',#16306);
#4984=VERTEX_POINT('',#16308);
#4985=VERTEX_POINT('',#16310);
#4986=VERTEX_POINT('',#16312);
#4987=VERTEX_POINT('',#16314);
#4988=VERTEX_POINT('',#16316);
#4989=VERTEX_POINT('',#16318);
#4990=VERTEX_POINT('',#16320);
#4991=VERTEX_POINT('',#16322);
#4992=VERTEX_POINT('',#16324);
#4993=VERTEX_POINT('',#16326);
#4994=VERTEX_POINT('',#16328);
#4995=VERTEX_POINT('',#16330);
#4996=VERTEX_POINT('',#16332);
#4997=VERTEX_POINT('',#16334);
#4998=VERTEX_POINT('',#16336);
#4999=VERTEX_POINT('',#16338);
#5000=VERTEX_POINT('',#16340);
#5001=VERTEX_POINT('',#16342);
#5002=VERTEX_POINT('',#16344);
#5003=VERTEX_POINT('',#16346);
#5004=VERTEX_POINT('',#16348);
#5005=VERTEX_POINT('',#16350);
#5006=VERTEX_POINT('',#16352);
#5007=VERTEX_POINT('',#16354);
#5008=VERTEX_POINT('',#16356);
#5009=VERTEX_POINT('',#16358);
#5010=VERTEX_POINT('',#16360);
#5011=VERTEX_POINT('',#16362);
#5012=VERTEX_POINT('',#16364);
#5013=VERTEX_POINT('',#16366);
#5014=VERTEX_POINT('',#16368);
#5015=VERTEX_POINT('',#16370);
#5016=VERTEX_POINT('',#16372);
#5017=VERTEX_POINT('',#16374);
#5018=VERTEX_POINT('',#16376);
#5019=VERTEX_POINT('',#16378);
#5020=VERTEX_POINT('',#16380);
#5021=VERTEX_POINT('',#16382);
#5022=VERTEX_POINT('',#16384);
#5023=VERTEX_POINT('',#16386);
#5024=VERTEX_POINT('',#16388);
#5025=VERTEX_POINT('',#16390);
#5026=VERTEX_POINT('',#16392);
#5027=VERTEX_POINT('',#16394);
#5028=VERTEX_POINT('',#16396);
#5029=VERTEX_POINT('',#16398);
#5030=VERTEX_POINT('',#16400);
#5031=VERTEX_POINT('',#16402);
#5032=VERTEX_POINT('',#16404);
#5033=VERTEX_POINT('',#16406);
#5034=VERTEX_POINT('',#16408);
#5035=VERTEX_POINT('',#16410);
#5036=VERTEX_POINT('',#16412);
#5037=VERTEX_POINT('',#16414);
#5038=VERTEX_POINT('',#16416);
#5039=VERTEX_POINT('',#16418);
#5040=VERTEX_POINT('',#16420);
#5041=VERTEX_POINT('',#16422);
#5042=VERTEX_POINT('',#16424);
#5043=VERTEX_POINT('',#16426);
#5044=VERTEX_POINT('',#16428);
#5045=VERTEX_POINT('',#16430);
#5046=VERTEX_POINT('',#16432);
#5047=VERTEX_POINT('',#16434);
#5048=VERTEX_POINT('',#16436);
#5049=VERTEX_POINT('',#16438);
#5050=VERTEX_POINT('',#16440);
#5051=VERTEX_POINT('',#16442);
#5052=VERTEX_POINT('',#16444);
#5053=VERTEX_POINT('',#16446);
#5054=VERTEX_POINT('',#16448);
#5055=VERTEX_POINT('',#16450);
#5056=VERTEX_POINT('',#16452);
#5057=VERTEX_POINT('',#16454);
#5058=VERTEX_POINT('',#16456);
#5059=VERTEX_POINT('',#16458);
#5060=VERTEX_POINT('',#16460);
#5061=VERTEX_POINT('',#16462);
#5062=VERTEX_POINT('',#16464);
#5063=VERTEX_POINT('',#16466);
#5064=VERTEX_POINT('',#16468);
#5065=VERTEX_POINT('',#16470);
#5066=VERTEX_POINT('',#16472);
#5067=VERTEX_POINT('',#16474);
#5068=VERTEX_POINT('',#16476);
#5069=VERTEX_POINT('',#16478);
#5070=VERTEX_POINT('',#16480);
#5071=VERTEX_POINT('',#16482);
#5072=VERTEX_POINT('',#16484);
#5073=VERTEX_POINT('',#16486);
#5074=VERTEX_POINT('',#16488);
#5075=VERTEX_POINT('',#16490);
#5076=VERTEX_POINT('',#16492);
#5077=VERTEX_POINT('',#16494);
#5078=VERTEX_POINT('',#16496);
#5079=VERTEX_POINT('',#16498);
#5080=VERTEX_POINT('',#16500);
#5081=VERTEX_POINT('',#16502);
#5082=VERTEX_POINT('',#16504);
#5083=VERTEX_POINT('',#16506);
#5084=VERTEX_POINT('',#16508);
#5085=VERTEX_POINT('',#16510);
#5086=VERTEX_POINT('',#16512);
#5087=VERTEX_POINT('',#16514);
#5088=VERTEX_POINT('',#16516);
#5089=VERTEX_POINT('',#16518);
#5090=VERTEX_POINT('',#16520);
#5091=VERTEX_POINT('',#16522);
#5092=VERTEX_POINT('',#16524);
#5093=VERTEX_POINT('',#16526);
#5094=VERTEX_POINT('',#16528);
#5095=VERTEX_POINT('',#16530);
#5096=VERTEX_POINT('',#16532);
#5097=VERTEX_POINT('',#16534);
#5098=VERTEX_POINT('',#16536);
#5099=VERTEX_POINT('',#16538);
#5100=VERTEX_POINT('',#16540);
#5101=VERTEX_POINT('',#16542);
#5102=VERTEX_POINT('',#16544);
#5103=VERTEX_POINT('',#16546);
#5104=VERTEX_POINT('',#16548);
#5105=VERTEX_POINT('',#16550);
#5106=VERTEX_POINT('',#16552);
#5107=VERTEX_POINT('',#16554);
#5108=VERTEX_POINT('',#16556);
#5109=VERTEX_POINT('',#16558);
#5110=VERTEX_POINT('',#16560);
#5111=VERTEX_POINT('',#16563);
#5112=VERTEX_POINT('',#16564);
#5113=VERTEX_POINT('',#16566);
#5114=VERTEX_POINT('',#16568);
#5115=VERTEX_POINT('',#16570);
#5116=VERTEX_POINT('',#16572);
#5117=VERTEX_POINT('',#16574);
#5118=VERTEX_POINT('',#16576);
#5119=VERTEX_POINT('',#16580);
#5120=VERTEX_POINT('',#16584);
#5121=VERTEX_POINT('',#16586);
#5122=VERTEX_POINT('',#16590);
#5123=VERTEX_POINT('',#16594);
#5124=VERTEX_POINT('',#16598);
#5125=VERTEX_POINT('',#16602);
#5126=VERTEX_POINT('',#16604);
#5127=VERTEX_POINT('',#16606);
#5128=VERTEX_POINT('',#16608);
#5129=VERTEX_POINT('',#16610);
#5130=VERTEX_POINT('',#16612);
#5131=VERTEX_POINT('',#16614);
#5132=VERTEX_POINT('',#16616);
#5133=VERTEX_POINT('',#16618);
#5134=VERTEX_POINT('',#16620);
#5135=VERTEX_POINT('',#16622);
#5136=VERTEX_POINT('',#16624);
#5137=VERTEX_POINT('',#16626);
#5138=VERTEX_POINT('',#16628);
#5139=VERTEX_POINT('',#16630);
#5140=VERTEX_POINT('',#16632);
#5141=VERTEX_POINT('',#16634);
#5142=VERTEX_POINT('',#16636);
#5143=VERTEX_POINT('',#16638);
#5144=VERTEX_POINT('',#16640);
#5145=VERTEX_POINT('',#16642);
#5146=VERTEX_POINT('',#16644);
#5147=VERTEX_POINT('',#16646);
#5148=VERTEX_POINT('',#16648);
#5149=VERTEX_POINT('',#16650);
#5150=VERTEX_POINT('',#16652);
#5151=VERTEX_POINT('',#16654);
#5152=VERTEX_POINT('',#16656);
#5153=VERTEX_POINT('',#16658);
#5154=VERTEX_POINT('',#16660);
#5155=VERTEX_POINT('',#16662);
#5156=VERTEX_POINT('',#16664);
#5157=VERTEX_POINT('',#16666);
#5158=VERTEX_POINT('',#16668);
#5159=VERTEX_POINT('',#16670);
#5160=VERTEX_POINT('',#16672);
#5161=VERTEX_POINT('',#16674);
#5162=VERTEX_POINT('',#16676);
#5163=VERTEX_POINT('',#16678);
#5164=VERTEX_POINT('',#16680);
#5165=VERTEX_POINT('',#16682);
#5166=VERTEX_POINT('',#16684);
#5167=VERTEX_POINT('',#16686);
#5168=VERTEX_POINT('',#16688);
#5169=VERTEX_POINT('',#16690);
#5170=VERTEX_POINT('',#16692);
#5171=VERTEX_POINT('',#16694);
#5172=VERTEX_POINT('',#16696);
#5173=VERTEX_POINT('',#16698);
#5174=VERTEX_POINT('',#16700);
#5175=VERTEX_POINT('',#16702);
#5176=VERTEX_POINT('',#16704);
#5177=VERTEX_POINT('',#16706);
#5178=VERTEX_POINT('',#16708);
#5179=VERTEX_POINT('',#16710);
#5180=VERTEX_POINT('',#16712);
#5181=VERTEX_POINT('',#16714);
#5182=VERTEX_POINT('',#16716);
#5183=VERTEX_POINT('',#16718);
#5184=VERTEX_POINT('',#16720);
#5185=VERTEX_POINT('',#16722);
#5186=VERTEX_POINT('',#16724);
#5187=VERTEX_POINT('',#16726);
#5188=VERTEX_POINT('',#16728);
#5189=VERTEX_POINT('',#16730);
#5190=VERTEX_POINT('',#16732);
#5191=VERTEX_POINT('',#16734);
#5192=VERTEX_POINT('',#16736);
#5193=VERTEX_POINT('',#16738);
#5194=VERTEX_POINT('',#16740);
#5195=VERTEX_POINT('',#16742);
#5196=VERTEX_POINT('',#16744);
#5197=VERTEX_POINT('',#16746);
#5198=VERTEX_POINT('',#16748);
#5199=VERTEX_POINT('',#16750);
#5200=VERTEX_POINT('',#16752);
#5201=VERTEX_POINT('',#16754);
#5202=VERTEX_POINT('',#16756);
#5203=VERTEX_POINT('',#16758);
#5204=VERTEX_POINT('',#16760);
#5205=VERTEX_POINT('',#16762);
#5206=VERTEX_POINT('',#16764);
#5207=VERTEX_POINT('',#16766);
#5208=VERTEX_POINT('',#16768);
#5209=VERTEX_POINT('',#16770);
#5210=VERTEX_POINT('',#16772);
#5211=VERTEX_POINT('',#16774);
#5212=VERTEX_POINT('',#16776);
#5213=VERTEX_POINT('',#16778);
#5214=VERTEX_POINT('',#16780);
#5215=VERTEX_POINT('',#16782);
#5216=VERTEX_POINT('',#16784);
#5217=VERTEX_POINT('',#16786);
#5218=VERTEX_POINT('',#16788);
#5219=VERTEX_POINT('',#16790);
#5220=VERTEX_POINT('',#16792);
#5221=VERTEX_POINT('',#16794);
#5222=VERTEX_POINT('',#16796);
#5223=VERTEX_POINT('',#16798);
#5224=VERTEX_POINT('',#16800);
#5225=VERTEX_POINT('',#16802);
#5226=VERTEX_POINT('',#16804);
#5227=VERTEX_POINT('',#16806);
#5228=VERTEX_POINT('',#16808);
#5229=VERTEX_POINT('',#16810);
#5230=VERTEX_POINT('',#16812);
#5231=VERTEX_POINT('',#16814);
#5232=VERTEX_POINT('',#16816);
#5233=VERTEX_POINT('',#16818);
#5234=VERTEX_POINT('',#16820);
#5235=VERTEX_POINT('',#16822);
#5236=VERTEX_POINT('',#16824);
#5237=VERTEX_POINT('',#16826);
#5238=VERTEX_POINT('',#16828);
#5239=VERTEX_POINT('',#16830);
#5240=VERTEX_POINT('',#16832);
#5241=VERTEX_POINT('',#16834);
#5242=VERTEX_POINT('',#16836);
#5243=VERTEX_POINT('',#16838);
#5244=VERTEX_POINT('',#16840);
#5245=VERTEX_POINT('',#16842);
#5246=VERTEX_POINT('',#16844);
#5247=VERTEX_POINT('',#16846);
#5248=VERTEX_POINT('',#16848);
#5249=VERTEX_POINT('',#16850);
#5250=VERTEX_POINT('',#16852);
#5251=VERTEX_POINT('',#16854);
#5252=VERTEX_POINT('',#16856);
#5253=VERTEX_POINT('',#16858);
#5254=VERTEX_POINT('',#16860);
#5255=VERTEX_POINT('',#16862);
#5256=VERTEX_POINT('',#16864);
#5257=VERTEX_POINT('',#16866);
#5258=VERTEX_POINT('',#16868);
#5259=VERTEX_POINT('',#16870);
#5260=VERTEX_POINT('',#16872);
#5261=VERTEX_POINT('',#16874);
#5262=VERTEX_POINT('',#16876);
#5263=VERTEX_POINT('',#16878);
#5264=VERTEX_POINT('',#16880);
#5265=VERTEX_POINT('',#16882);
#5266=VERTEX_POINT('',#16884);
#5267=VERTEX_POINT('',#16886);
#5268=VERTEX_POINT('',#16889);
#5269=VERTEX_POINT('',#16891);
#5270=VERTEX_POINT('',#16893);
#5271=VERTEX_POINT('',#16895);
#5272=VERTEX_POINT('',#16897);
#5273=VERTEX_POINT('',#16899);
#5274=VERTEX_POINT('',#16901);
#5275=VERTEX_POINT('',#16903);
#5276=VERTEX_POINT('',#16905);
#5277=VERTEX_POINT('',#16907);
#5278=VERTEX_POINT('',#16909);
#5279=VERTEX_POINT('',#16911);
#5280=VERTEX_POINT('',#16913);
#5281=VERTEX_POINT('',#16915);
#5282=VERTEX_POINT('',#16917);
#5283=VERTEX_POINT('',#16919);
#5284=VERTEX_POINT('',#16921);
#5285=VERTEX_POINT('',#16923);
#5286=VERTEX_POINT('',#16925);
#5287=VERTEX_POINT('',#16927);
#5288=VERTEX_POINT('',#16929);
#5289=VERTEX_POINT('',#16931);
#5290=VERTEX_POINT('',#16933);
#5291=VERTEX_POINT('',#16935);
#5292=VERTEX_POINT('',#16937);
#5293=VERTEX_POINT('',#16939);
#5294=VERTEX_POINT('',#16941);
#5295=VERTEX_POINT('',#16943);
#5296=VERTEX_POINT('',#16945);
#5297=VERTEX_POINT('',#16947);
#5298=VERTEX_POINT('',#16949);
#5299=VERTEX_POINT('',#16951);
#5300=VERTEX_POINT('',#16953);
#5301=VERTEX_POINT('',#16955);
#5302=VERTEX_POINT('',#16957);
#5303=VERTEX_POINT('',#16959);
#5304=VERTEX_POINT('',#16961);
#5305=VERTEX_POINT('',#16963);
#5306=VERTEX_POINT('',#16966);
#5307=VERTEX_POINT('',#16968);
#5308=VERTEX_POINT('',#16970);
#5309=VERTEX_POINT('',#16972);
#5310=VERTEX_POINT('',#16974);
#5311=VERTEX_POINT('',#16976);
#5312=VERTEX_POINT('',#16978);
#5313=VERTEX_POINT('',#16980);
#5314=VERTEX_POINT('',#16982);
#5315=VERTEX_POINT('',#16984);
#5316=VERTEX_POINT('',#16986);
#5317=VERTEX_POINT('',#16988);
#5318=VERTEX_POINT('',#16990);
#5319=VERTEX_POINT('',#16992);
#5320=VERTEX_POINT('',#16994);
#5321=VERTEX_POINT('',#16996);
#5322=VERTEX_POINT('',#16998);
#5323=VERTEX_POINT('',#17000);
#5324=VERTEX_POINT('',#17002);
#5325=VERTEX_POINT('',#17004);
#5326=VERTEX_POINT('',#17006);
#5327=VERTEX_POINT('',#17008);
#5328=VERTEX_POINT('',#17010);
#5329=VERTEX_POINT('',#17012);
#5330=VERTEX_POINT('',#17014);
#5331=VERTEX_POINT('',#17016);
#5332=VERTEX_POINT('',#17018);
#5333=VERTEX_POINT('',#17020);
#5334=VERTEX_POINT('',#17022);
#5335=VERTEX_POINT('',#17024);
#5336=VERTEX_POINT('',#17026);
#5337=VERTEX_POINT('',#17028);
#5338=VERTEX_POINT('',#17030);
#5339=VERTEX_POINT('',#17032);
#5340=VERTEX_POINT('',#17034);
#5341=VERTEX_POINT('',#17036);
#5342=VERTEX_POINT('',#17038);
#5343=VERTEX_POINT('',#17040);
#5344=VERTEX_POINT('',#17042);
#5345=VERTEX_POINT('',#17044);
#5346=VERTEX_POINT('',#17046);
#5347=VERTEX_POINT('',#17048);
#5348=VERTEX_POINT('',#17050);
#5349=VERTEX_POINT('',#17052);
#5350=VERTEX_POINT('',#17054);
#5351=VERTEX_POINT('',#17056);
#5352=VERTEX_POINT('',#17058);
#5353=VERTEX_POINT('',#17060);
#5354=VERTEX_POINT('',#17062);
#5355=VERTEX_POINT('',#17064);
#5356=VERTEX_POINT('',#17066);
#5357=VERTEX_POINT('',#17068);
#5358=VERTEX_POINT('',#17070);
#5359=VERTEX_POINT('',#17072);
#5360=VERTEX_POINT('',#17074);
#5361=VERTEX_POINT('',#17076);
#5362=VERTEX_POINT('',#17078);
#5363=VERTEX_POINT('',#17080);
#5364=VERTEX_POINT('',#17082);
#5365=VERTEX_POINT('',#17084);
#5366=VERTEX_POINT('',#17086);
#5367=VERTEX_POINT('',#17088);
#5368=VERTEX_POINT('',#17090);
#5369=VERTEX_POINT('',#17092);
#5370=VERTEX_POINT('',#17094);
#5371=VERTEX_POINT('',#17096);
#5372=VERTEX_POINT('',#17098);
#5373=VERTEX_POINT('',#17100);
#5374=VERTEX_POINT('',#17102);
#5375=VERTEX_POINT('',#17105);
#5376=VERTEX_POINT('',#17107);
#5377=VERTEX_POINT('',#17109);
#5378=VERTEX_POINT('',#17111);
#5379=VERTEX_POINT('',#17113);
#5380=VERTEX_POINT('',#17115);
#5381=VERTEX_POINT('',#17117);
#5382=VERTEX_POINT('',#17119);
#5383=VERTEX_POINT('',#17121);
#5384=VERTEX_POINT('',#17123);
#5385=VERTEX_POINT('',#17125);
#5386=VERTEX_POINT('',#17127);
#5387=VERTEX_POINT('',#17129);
#5388=VERTEX_POINT('',#17131);
#5389=VERTEX_POINT('',#17133);
#5390=VERTEX_POINT('',#17135);
#5391=VERTEX_POINT('',#17137);
#5392=VERTEX_POINT('',#17139);
#5393=VERTEX_POINT('',#17141);
#5394=VERTEX_POINT('',#17143);
#5395=VERTEX_POINT('',#17145);
#5396=VERTEX_POINT('',#17147);
#5397=VERTEX_POINT('',#17149);
#5398=VERTEX_POINT('',#17151);
#5399=VERTEX_POINT('',#17153);
#5400=VERTEX_POINT('',#17155);
#5401=VERTEX_POINT('',#17157);
#5402=VERTEX_POINT('',#17159);
#5403=VERTEX_POINT('',#17161);
#5404=VERTEX_POINT('',#17163);
#5405=VERTEX_POINT('',#17165);
#5406=VERTEX_POINT('',#17167);
#5407=VERTEX_POINT('',#17169);
#5408=VERTEX_POINT('',#17171);
#5409=VERTEX_POINT('',#17173);
#5410=VERTEX_POINT('',#17179);
#5411=VERTEX_POINT('',#17181);
#5412=VERTEX_POINT('',#17183);
#5413=VERTEX_POINT('',#17196);
#5414=VERTEX_POINT('',#17197);
#5415=VERTEX_POINT('',#17199);
#5416=VERTEX_POINT('',#17201);
#5417=VERTEX_POINT('',#17205);
#5418=VERTEX_POINT('',#17206);
#5419=VERTEX_POINT('',#17211);
#5420=VERTEX_POINT('',#17212);
#5421=VERTEX_POINT('',#17217);
#5422=VERTEX_POINT('',#17218);
#5423=VERTEX_POINT('',#17223);
#5424=VERTEX_POINT('',#17224);
#5425=VERTEX_POINT('',#17229);
#5426=VERTEX_POINT('',#17230);
#5427=VERTEX_POINT('',#17235);
#5428=VERTEX_POINT('',#17236);
#5429=VERTEX_POINT('',#17253);
#5430=VERTEX_POINT('',#17255);
#5431=VERTEX_POINT('',#17257);
#5432=VERTEX_POINT('',#17259);
#5433=VERTEX_POINT('',#17261);
#5434=VERTEX_POINT('',#17263);
#5435=VERTEX_POINT('',#17265);
#5436=VERTEX_POINT('',#17267);
#5437=VERTEX_POINT('',#17269);
#5438=VERTEX_POINT('',#17271);
#5439=VERTEX_POINT('',#17273);
#5440=VERTEX_POINT('',#17275);
#5441=VERTEX_POINT('',#17277);
#5442=VERTEX_POINT('',#17279);
#5443=VERTEX_POINT('',#17281);
#5444=VERTEX_POINT('',#17283);
#5445=VERTEX_POINT('',#17285);
#5446=VERTEX_POINT('',#17287);
#5447=VERTEX_POINT('',#17289);
#5448=VERTEX_POINT('',#17291);
#5449=VERTEX_POINT('',#17293);
#5450=VERTEX_POINT('',#17295);
#5451=VERTEX_POINT('',#17297);
#5452=VERTEX_POINT('',#17299);
#5453=VERTEX_POINT('',#17301);
#5454=VERTEX_POINT('',#17303);
#5455=VERTEX_POINT('',#17305);
#5456=VERTEX_POINT('',#17307);
#5457=VERTEX_POINT('',#17309);
#5458=VERTEX_POINT('',#17311);
#5459=VERTEX_POINT('',#17313);
#5460=VERTEX_POINT('',#17315);
#5461=VERTEX_POINT('',#17317);
#5462=VERTEX_POINT('',#17319);
#5463=VERTEX_POINT('',#17321);
#5464=VERTEX_POINT('',#17323);
#5465=VERTEX_POINT('',#17325);
#5466=VERTEX_POINT('',#17327);
#5467=VERTEX_POINT('',#17329);
#5468=VERTEX_POINT('',#17331);
#5469=VERTEX_POINT('',#17333);
#5470=VERTEX_POINT('',#17335);
#5471=VERTEX_POINT('',#17337);
#5472=VERTEX_POINT('',#17339);
#5473=VERTEX_POINT('',#17341);
#5474=VERTEX_POINT('',#17343);
#5475=VERTEX_POINT('',#17345);
#5476=VERTEX_POINT('',#17347);
#5477=VERTEX_POINT('',#17349);
#5478=VERTEX_POINT('',#17351);
#5479=VERTEX_POINT('',#17353);
#5480=VERTEX_POINT('',#17355);
#5481=VERTEX_POINT('',#17357);
#5482=VERTEX_POINT('',#17359);
#5483=VERTEX_POINT('',#17361);
#5484=VERTEX_POINT('',#17363);
#5485=VERTEX_POINT('',#17365);
#5486=VERTEX_POINT('',#17367);
#5487=VERTEX_POINT('',#17369);
#5488=VERTEX_POINT('',#17371);
#5489=VERTEX_POINT('',#17373);
#5490=VERTEX_POINT('',#17375);
#5491=VERTEX_POINT('',#17377);
#5492=VERTEX_POINT('',#17379);
#5493=VERTEX_POINT('',#17381);
#5494=VERTEX_POINT('',#17383);
#5495=VERTEX_POINT('',#17385);
#5496=VERTEX_POINT('',#17387);
#5497=VERTEX_POINT('',#17389);
#5498=VERTEX_POINT('',#17391);
#5499=VERTEX_POINT('',#17393);
#5500=VERTEX_POINT('',#17395);
#5501=VERTEX_POINT('',#17397);
#5502=VERTEX_POINT('',#17399);
#5503=VERTEX_POINT('',#17401);
#5504=VERTEX_POINT('',#17403);
#5505=VERTEX_POINT('',#17405);
#5506=VERTEX_POINT('',#17407);
#5507=VERTEX_POINT('',#17409);
#5508=VERTEX_POINT('',#17411);
#5509=VERTEX_POINT('',#17413);
#5510=VERTEX_POINT('',#17415);
#5511=VERTEX_POINT('',#17417);
#5512=VERTEX_POINT('',#17419);
#5513=VERTEX_POINT('',#17421);
#5514=VERTEX_POINT('',#17423);
#5515=VERTEX_POINT('',#17425);
#5516=VERTEX_POINT('',#17427);
#5517=VERTEX_POINT('',#17429);
#5518=VERTEX_POINT('',#17431);
#5519=VERTEX_POINT('',#17433);
#5520=VERTEX_POINT('',#17435);
#5521=VERTEX_POINT('',#17437);
#5522=VERTEX_POINT('',#17439);
#5523=VERTEX_POINT('',#17441);
#5524=VERTEX_POINT('',#17443);
#5525=VERTEX_POINT('',#17445);
#5526=VERTEX_POINT('',#17447);
#5527=VERTEX_POINT('',#17449);
#5528=VERTEX_POINT('',#17451);
#5529=VERTEX_POINT('',#17453);
#5530=VERTEX_POINT('',#17455);
#5531=VERTEX_POINT('',#17457);
#5532=VERTEX_POINT('',#17459);
#5533=VERTEX_POINT('',#17461);
#5534=VERTEX_POINT('',#17463);
#5535=VERTEX_POINT('',#17465);
#5536=VERTEX_POINT('',#17467);
#5537=VERTEX_POINT('',#17469);
#5538=VERTEX_POINT('',#17471);
#5539=VERTEX_POINT('',#17473);
#5540=VERTEX_POINT('',#17475);
#5541=VERTEX_POINT('',#17477);
#5542=VERTEX_POINT('',#17479);
#5543=VERTEX_POINT('',#17481);
#5544=VERTEX_POINT('',#17483);
#5545=VERTEX_POINT('',#17485);
#5546=VERTEX_POINT('',#17487);
#5547=VERTEX_POINT('',#17489);
#5548=VERTEX_POINT('',#17491);
#5549=VERTEX_POINT('',#17493);
#5550=VERTEX_POINT('',#17495);
#5551=VERTEX_POINT('',#17497);
#5552=VERTEX_POINT('',#17499);
#5553=VERTEX_POINT('',#17501);
#5554=VERTEX_POINT('',#17503);
#5555=VERTEX_POINT('',#17505);
#5556=VERTEX_POINT('',#17507);
#5557=VERTEX_POINT('',#17509);
#5558=VERTEX_POINT('',#17511);
#5559=VERTEX_POINT('',#17807);
#5560=VERTEX_POINT('',#17809);
#5561=VERTEX_POINT('',#17813);
#5562=VERTEX_POINT('',#17817);
#5563=VERTEX_POINT('',#17821);
#5564=VERTEX_POINT('',#17825);
#5565=VERTEX_POINT('',#17829);
#5566=VERTEX_POINT('',#17833);
#5567=VERTEX_POINT('',#17837);
#5568=VERTEX_POINT('',#17841);
#5569=VERTEX_POINT('',#17845);
#5570=VERTEX_POINT('',#17849);
#5571=VERTEX_POINT('',#17853);
#5572=VERTEX_POINT('',#17857);
#5573=VERTEX_POINT('',#17861);
#5574=VERTEX_POINT('',#17865);
#5575=VERTEX_POINT('',#17869);
#5576=VERTEX_POINT('',#17873);
#5577=VERTEX_POINT('',#17877);
#5578=VERTEX_POINT('',#17881);
#5579=VERTEX_POINT('',#17885);
#5580=VERTEX_POINT('',#17889);
#5581=VERTEX_POINT('',#17893);
#5582=VERTEX_POINT('',#17897);
#5583=VERTEX_POINT('',#17901);
#5584=VERTEX_POINT('',#17905);
#5585=VERTEX_POINT('',#17909);
#5586=VERTEX_POINT('',#17913);
#5587=VERTEX_POINT('',#17917);
#5588=VERTEX_POINT('',#17921);
#5589=VERTEX_POINT('',#17925);
#5590=VERTEX_POINT('',#17929);
#5591=VERTEX_POINT('',#17933);
#5592=VERTEX_POINT('',#17937);
#5593=VERTEX_POINT('',#17941);
#5594=VERTEX_POINT('',#17945);
#5595=VERTEX_POINT('',#17949);
#5596=VERTEX_POINT('',#17953);
#5597=VERTEX_POINT('',#17957);
#5598=VERTEX_POINT('',#17961);
#5599=VERTEX_POINT('',#17965);
#5600=VERTEX_POINT('',#17969);
#5601=VERTEX_POINT('',#17973);
#5602=VERTEX_POINT('',#17977);
#5603=VERTEX_POINT('',#17981);
#5604=VERTEX_POINT('',#17985);
#5605=VERTEX_POINT('',#17989);
#5606=VERTEX_POINT('',#17993);
#5607=VERTEX_POINT('',#17997);
#5608=VERTEX_POINT('',#18001);
#5609=VERTEX_POINT('',#18005);
#5610=VERTEX_POINT('',#18009);
#5611=VERTEX_POINT('',#18013);
#5612=VERTEX_POINT('',#18017);
#5613=VERTEX_POINT('',#18021);
#5614=VERTEX_POINT('',#18025);
#5615=VERTEX_POINT('',#18029);
#5616=VERTEX_POINT('',#18033);
#5617=VERTEX_POINT('',#18037);
#5618=VERTEX_POINT('',#18041);
#5619=VERTEX_POINT('',#18045);
#5620=VERTEX_POINT('',#18049);
#5621=VERTEX_POINT('',#18053);
#5622=VERTEX_POINT('',#18057);
#5623=VERTEX_POINT('',#18061);
#5624=VERTEX_POINT('',#18065);
#5625=VERTEX_POINT('',#18069);
#5626=VERTEX_POINT('',#18216);
#5627=VERTEX_POINT('',#18220);
#5628=VERTEX_POINT('',#18224);
#5629=VERTEX_POINT('',#18228);
#5630=VERTEX_POINT('',#18232);
#5631=VERTEX_POINT('',#18236);
#5632=VERTEX_POINT('',#18240);
#5633=VERTEX_POINT('',#18249);
#5634=VERTEX_POINT('',#18427);
#5635=VERTEX_POINT('',#18434);
#5636=VERTEX_POINT('',#18438);
#5637=VERTEX_POINT('',#18442);
#5638=VERTEX_POINT('',#18446);
#5639=VERTEX_POINT('',#18453);
#5640=VERTEX_POINT('',#18457);
#5641=VERTEX_POINT('',#18461);
#5642=VERTEX_POINT('',#18465);
#5643=VERTEX_POINT('',#18469);
#5644=VERTEX_POINT('',#18473);
#5645=VERTEX_POINT('',#18477);
#5646=VERTEX_POINT('',#18478);
#5647=VERTEX_POINT('',#18486);
#5648=VERTEX_POINT('',#18493);
#5649=VERTEX_POINT('',#18500);
#5650=VERTEX_POINT('',#18507);
#5651=VERTEX_POINT('',#18514);
#5652=VERTEX_POINT('',#18521);
#5653=VERTEX_POINT('',#18528);
#5654=VERTEX_POINT('',#18535);
#5655=VERTEX_POINT('',#18542);
#5656=VERTEX_POINT('',#18553);
#5657=VERTEX_POINT('',#18563);
#5658=VERTEX_POINT('',#18573);
#5659=VERTEX_POINT('',#18580);
#5660=VERTEX_POINT('',#18587);
#5661=VERTEX_POINT('',#18594);
#5662=VERTEX_POINT('',#18605);
#5663=VERTEX_POINT('',#18612);
#5664=VERTEX_POINT('',#18623);
#5665=VERTEX_POINT('',#18645);
#5666=VERTEX_POINT('',#18652);
#5667=VERTEX_POINT('',#18659);
#5668=VERTEX_POINT('',#18666);
#5669=VERTEX_POINT('',#18673);
#5670=VERTEX_POINT('',#18685);
#5671=VERTEX_POINT('',#18686);
#5672=VERTEX_POINT('',#18691);
#5673=VERTEX_POINT('',#18695);
#5674=VERTEX_POINT('',#18699);
#5675=VERTEX_POINT('',#18706);
#5676=VERTEX_POINT('',#18717);
#5677=VERTEX_POINT('',#18724);
#5678=VERTEX_POINT('',#18735);
#5679=VERTEX_POINT('',#18742);
#5680=VERTEX_POINT('',#18749);
#5681=VERTEX_POINT('',#18756);
#5682=VERTEX_POINT('',#18760);
#5683=VERTEX_POINT('',#18798);
#5684=VERTEX_POINT('',#18807);
#5685=VERTEX_POINT('',#18825);
#5686=VERTEX_POINT('',#18881);
#5687=EDGE_CURVE('',#4630,#4630,#4205,.T.);
#5688=EDGE_CURVE('',#4630,#4631,#4206,.T.);
#5689=EDGE_CURVE('',#4631,#4631,#4207,.T.);
#5690=EDGE_CURVE('',#4631,#4632,#524,.T.);
#5691=EDGE_CURVE('',#4632,#4632,#4208,.T.);
#5692=EDGE_CURVE('',#4633,#4634,#4209,.T.);
#5693=EDGE_CURVE('',#4635,#4633,#4210,.T.);
#5694=EDGE_CURVE('',#4636,#4635,#525,.T.);
#5695=EDGE_CURVE('',#4637,#4636,#4211,.T.);
#5696=EDGE_CURVE('',#4638,#4637,#526,.T.);
#5697=EDGE_CURVE('',#4639,#4638,#4212,.T.);
#5698=EDGE_CURVE('',#4640,#4639,#527,.T.);
#5699=EDGE_CURVE('',#4641,#4640,#4213,.T.);
#5700=EDGE_CURVE('',#4642,#4641,#528,.T.);
#5701=EDGE_CURVE('',#4643,#4642,#4214,.T.);
#5702=EDGE_CURVE('',#4644,#4643,#529,.T.);
#5703=EDGE_CURVE('',#4645,#4644,#4215,.T.);
#5704=EDGE_CURVE('',#4634,#4645,#4216,.T.);
#5705=EDGE_CURVE('',#4646,#4644,#68,.T.);
#5706=EDGE_CURVE('',#4646,#4647,#4217,.T.);
#5707=EDGE_CURVE('',#4647,#4645,#4218,.T.);
#5708=EDGE_CURVE('',#4648,#4634,#4219,.T.);
#5709=EDGE_CURVE('',#4647,#4648,#4220,.T.);
#5710=EDGE_CURVE('',#4633,#4649,#69,.T.);
#5711=EDGE_CURVE('',#4648,#4649,#4221,.T.);
#5712=EDGE_CURVE('',#4650,#4648,#530,.T.);
#5713=EDGE_CURVE('',#4651,#4650,#4222,.T.);
#5714=EDGE_CURVE('',#4651,#4649,#531,.T.);
#5715=EDGE_CURVE('',#4652,#4647,#532,.T.);
#5716=EDGE_CURVE('',#4652,#4650,#4223,.T.);
#5717=EDGE_CURVE('',#4653,#4646,#533,.T.);
#5718=EDGE_CURVE('',#4652,#4653,#4224,.T.);
#5719=EDGE_CURVE('',#4654,#4655,#534,.T.);
#5720=EDGE_CURVE('',#4656,#4654,#535,.T.);
#5721=EDGE_CURVE('',#4657,#4656,#536,.T.);
#5722=EDGE_CURVE('',#4658,#4657,#537,.T.);
#5723=EDGE_CURVE('',#4659,#4658,#538,.T.);
#5724=EDGE_CURVE('',#4655,#4659,#539,.T.);
#5725=EDGE_CURVE('',#4660,#4657,#540,.T.);
#5726=EDGE_CURVE('',#4661,#4660,#541,.T.);
#5727=EDGE_CURVE('',#4662,#4661,#4225,.T.);
#5728=EDGE_CURVE('',#4663,#4662,#542,.T.);
#5729=EDGE_CURVE('',#4664,#4663,#4226,.T.);
#5730=EDGE_CURVE('',#4665,#4664,#543,.T.);
#5731=EDGE_CURVE('',#4666,#4665,#4227,.T.);
#5732=EDGE_CURVE('',#4667,#4666,#544,.T.);
#5733=EDGE_CURVE('',#4668,#4667,#4228,.T.);
#5734=EDGE_CURVE('',#4669,#4668,#545,.T.);
#5735=EDGE_CURVE('',#4670,#4669,#4229,.T.);
#5736=EDGE_CURVE('',#4671,#4670,#546,.T.);
#5737=EDGE_CURVE('',#4672,#4671,#4230,.T.);
#5738=EDGE_CURVE('',#4673,#4672,#547,.T.);
#5739=EDGE_CURVE('',#4674,#4673,#4231,.T.);
#5740=EDGE_CURVE('',#4675,#4674,#548,.T.);
#5741=EDGE_CURVE('',#4676,#4675,#549,.T.);
#5742=EDGE_CURVE('',#4677,#4676,#550,.T.);
#5743=EDGE_CURVE('',#4651,#4677,#551,.T.);
#5744=EDGE_CURVE('',#4678,#4653,#552,.T.);
#5745=EDGE_CURVE('',#4679,#4678,#553,.T.);
#5746=EDGE_CURVE('',#4680,#4679,#554,.T.);
#5747=EDGE_CURVE('',#4681,#4680,#4232,.T.);
#5748=EDGE_CURVE('',#4682,#4681,#555,.T.);
#5749=EDGE_CURVE('',#4683,#4682,#4233,.T.);
#5750=EDGE_CURVE('',#4684,#4683,#556,.T.);
#5751=EDGE_CURVE('',#4685,#4684,#557,.T.);
#5752=EDGE_CURVE('',#4686,#4685,#558,.T.);
#5753=EDGE_CURVE('',#4687,#4686,#559,.T.);
#5754=EDGE_CURVE('',#4688,#4687,#4234,.T.);
#5755=EDGE_CURVE('',#4689,#4688,#560,.T.);
#5756=EDGE_CURVE('',#4690,#4689,#4235,.T.);
#5757=EDGE_CURVE('',#4691,#4690,#561,.T.);
#5758=EDGE_CURVE('',#4692,#4691,#4236,.T.);
#5759=EDGE_CURVE('',#4693,#4692,#562,.T.);
#5760=EDGE_CURVE('',#4694,#4693,#4237,.T.);
#5761=EDGE_CURVE('',#4695,#4694,#563,.T.);
#5762=EDGE_CURVE('',#4696,#4695,#4238,.T.);
#5763=EDGE_CURVE('',#4697,#4696,#564,.T.);
#5764=EDGE_CURVE('',#4698,#4697,#565,.T.);
#5765=EDGE_CURVE('',#4699,#4698,#566,.T.);
#5766=EDGE_CURVE('',#4700,#4699,#567,.T.);
#5767=EDGE_CURVE('',#4701,#4700,#4239,.T.);
#5768=EDGE_CURVE('',#4702,#4701,#568,.T.);
#5769=EDGE_CURVE('',#4703,#4702,#4240,.T.);
#5770=EDGE_CURVE('',#4704,#4703,#569,.T.);
#5771=EDGE_CURVE('',#4705,#4704,#4241,.T.);
#5772=EDGE_CURVE('',#4706,#4705,#570,.T.);
#5773=EDGE_CURVE('',#4707,#4706,#4242,.T.);
#5774=EDGE_CURVE('',#4708,#4707,#571,.T.);
#5775=EDGE_CURVE('',#4709,#4708,#4243,.T.);
#5776=EDGE_CURVE('',#4710,#4709,#572,.T.);
#5777=EDGE_CURVE('',#4711,#4710,#4244,.T.);
#5778=EDGE_CURVE('',#4712,#4711,#573,.T.);
#5779=EDGE_CURVE('',#4713,#4712,#4245,.T.);
#5780=EDGE_CURVE('',#4714,#4713,#574,.T.);
#5781=EDGE_CURVE('',#4715,#4714,#4246,.T.);
#5782=EDGE_CURVE('',#4716,#4715,#575,.T.);
#5783=EDGE_CURVE('',#4717,#4716,#4247,.T.);
#5784=EDGE_CURVE('',#4718,#4717,#576,.T.);
#5785=EDGE_CURVE('',#4719,#4718,#577,.T.);
#5786=EDGE_CURVE('',#4720,#4719,#578,.T.);
#5787=EDGE_CURVE('',#4721,#4720,#4248,.T.);
#5788=EDGE_CURVE('',#4722,#4721,#579,.T.);
#5789=EDGE_CURVE('',#4723,#4722,#4249,.T.);
#5790=EDGE_CURVE('',#4724,#4723,#580,.T.);
#5791=EDGE_CURVE('',#4725,#4724,#4250,.T.);
#5792=EDGE_CURVE('',#4726,#4725,#581,.T.);
#5793=EDGE_CURVE('',#4727,#4726,#4251,.T.);
#5794=EDGE_CURVE('',#4728,#4727,#582,.T.);
#5795=EDGE_CURVE('',#4729,#4728,#4252,.T.);
#5796=EDGE_CURVE('',#4730,#4729,#583,.T.);
#5797=EDGE_CURVE('',#4731,#4730,#4253,.T.);
#5798=EDGE_CURVE('',#4732,#4731,#584,.T.);
#5799=EDGE_CURVE('',#4733,#4732,#4254,.T.);
#5800=EDGE_CURVE('',#4734,#4733,#585,.T.);
#5801=EDGE_CURVE('',#4735,#4734,#4255,.T.);
#5802=EDGE_CURVE('',#4736,#4735,#586,.T.);
#5803=EDGE_CURVE('',#4737,#4736,#587,.T.);
#5804=EDGE_CURVE('',#4738,#4737,#588,.T.);
#5805=EDGE_CURVE('',#4739,#4738,#4256,.T.);
#5806=EDGE_CURVE('',#4740,#4739,#589,.T.);
#5807=EDGE_CURVE('',#4741,#4740,#4257,.T.);
#5808=EDGE_CURVE('',#4742,#4741,#590,.T.);
#5809=EDGE_CURVE('',#4743,#4742,#4258,.T.);
#5810=EDGE_CURVE('',#4744,#4743,#591,.T.);
#5811=EDGE_CURVE('',#4745,#4744,#4259,.T.);
#5812=EDGE_CURVE('',#4746,#4745,#592,.T.);
#5813=EDGE_CURVE('',#4747,#4746,#4260,.T.);
#5814=EDGE_CURVE('',#4748,#4747,#593,.T.);
#5815=EDGE_CURVE('',#4749,#4748,#4261,.T.);
#5816=EDGE_CURVE('',#4750,#4749,#594,.T.);
#5817=EDGE_CURVE('',#4751,#4750,#4262,.T.);
#5818=EDGE_CURVE('',#4752,#4751,#595,.T.);
#5819=EDGE_CURVE('',#4753,#4752,#596,.T.);
#5820=EDGE_CURVE('',#4754,#4753,#597,.T.);
#5821=EDGE_CURVE('',#4755,#4754,#598,.T.);
#5822=EDGE_CURVE('',#4756,#4755,#4263,.T.);
#5823=EDGE_CURVE('',#4757,#4756,#599,.T.);
#5824=EDGE_CURVE('',#4758,#4757,#600,.T.);
#5825=EDGE_CURVE('',#4759,#4758,#601,.T.);
#5826=EDGE_CURVE('',#4760,#4759,#602,.T.);
#5827=EDGE_CURVE('',#4761,#4760,#603,.T.);
#5828=EDGE_CURVE('',#4762,#4761,#604,.T.);
#5829=EDGE_CURVE('',#4763,#4762,#605,.T.);
#5830=EDGE_CURVE('',#4764,#4763,#606,.T.);
#5831=EDGE_CURVE('',#4765,#4764,#607,.T.);
#5832=EDGE_CURVE('',#4766,#4765,#608,.T.);
#5833=EDGE_CURVE('',#4767,#4766,#609,.T.);
#5834=EDGE_CURVE('',#4768,#4767,#4264,.T.);
#5835=EDGE_CURVE('',#4769,#4768,#610,.T.);
#5836=EDGE_CURVE('',#4770,#4769,#4265,.T.);
#5837=EDGE_CURVE('',#4771,#4770,#611,.T.);
#5838=EDGE_CURVE('',#4772,#4771,#4266,.T.);
#5839=EDGE_CURVE('',#4773,#4772,#612,.T.);
#5840=EDGE_CURVE('',#4774,#4773,#4267,.T.);
#5841=EDGE_CURVE('',#4775,#4774,#613,.T.);
#5842=EDGE_CURVE('',#4776,#4775,#4268,.T.);
#5843=EDGE_CURVE('',#4777,#4776,#614,.T.);
#5844=EDGE_CURVE('',#4778,#4777,#4269,.T.);
#5845=EDGE_CURVE('',#4779,#4778,#615,.T.);
#5846=EDGE_CURVE('',#4780,#4779,#4270,.T.);
#5847=EDGE_CURVE('',#4781,#4780,#616,.T.);
#5848=EDGE_CURVE('',#4781,#4782,#617,.T.);
#5849=EDGE_CURVE('',#4783,#4782,#618,.T.);
#5850=EDGE_CURVE('',#4784,#4783,#4271,.T.);
#5851=EDGE_CURVE('',#4785,#4784,#619,.T.);
#5852=EDGE_CURVE('',#4786,#4785,#4272,.T.);
#5853=EDGE_CURVE('',#4787,#4786,#620,.T.);
#5854=EDGE_CURVE('',#4788,#4787,#4273,.T.);
#5855=EDGE_CURVE('',#4789,#4788,#621,.T.);
#5856=EDGE_CURVE('',#4790,#4789,#4274,.T.);
#5857=EDGE_CURVE('',#4791,#4790,#622,.T.);
#5858=EDGE_CURVE('',#4792,#4791,#4275,.T.);
#5859=EDGE_CURVE('',#4793,#4792,#623,.T.);
#5860=EDGE_CURVE('',#4794,#4793,#4276,.T.);
#5861=EDGE_CURVE('',#4795,#4794,#624,.T.);
#5862=EDGE_CURVE('',#4796,#4795,#4277,.T.);
#5863=EDGE_CURVE('',#4797,#4796,#625,.T.);
#5864=EDGE_CURVE('',#4798,#4797,#626,.T.);
#5865=EDGE_CURVE('',#4799,#4798,#627,.T.);
#5866=EDGE_CURVE('',#4800,#4799,#628,.T.);
#5867=EDGE_CURVE('',#4801,#4800,#629,.T.);
#5868=EDGE_CURVE('',#4802,#4801,#630,.T.);
#5869=EDGE_CURVE('',#4803,#4802,#631,.T.);
#5870=EDGE_CURVE('',#4804,#4803,#632,.T.);
#5871=EDGE_CURVE('',#4805,#4804,#633,.T.);
#5872=EDGE_CURVE('',#4806,#4805,#634,.T.);
#5873=EDGE_CURVE('',#4807,#4806,#635,.T.);
#5874=EDGE_CURVE('',#4808,#4807,#4278,.T.);
#5875=EDGE_CURVE('',#4809,#4808,#636,.T.);
#5876=EDGE_CURVE('',#4810,#4809,#637,.T.);
#5877=EDGE_CURVE('',#4811,#4810,#638,.T.);
#5878=EDGE_CURVE('',#4812,#4811,#4279,.T.);
#5879=EDGE_CURVE('',#4813,#4812,#639,.T.);
#5880=EDGE_CURVE('',#4814,#4813,#4280,.T.);
#5881=EDGE_CURVE('',#4815,#4814,#640,.T.);
#5882=EDGE_CURVE('',#4816,#4815,#4281,.T.);
#5883=EDGE_CURVE('',#4817,#4816,#641,.T.);
#5884=EDGE_CURVE('',#4818,#4817,#642,.T.);
#5885=EDGE_CURVE('',#4819,#4818,#643,.T.);
#5886=EDGE_CURVE('',#4820,#4819,#4282,.T.);
#5887=EDGE_CURVE('',#4821,#4820,#644,.T.);
#5888=EDGE_CURVE('',#4822,#4821,#4283,.T.);
#5889=EDGE_CURVE('',#4823,#4822,#645,.T.);
#5890=EDGE_CURVE('',#4824,#4823,#4284,.T.);
#5891=EDGE_CURVE('',#4825,#4824,#646,.T.);
#5892=EDGE_CURVE('',#4826,#4825,#4285,.T.);
#5893=EDGE_CURVE('',#4827,#4826,#647,.T.);
#5894=EDGE_CURVE('',#4828,#4827,#4286,.T.);
#5895=EDGE_CURVE('',#4829,#4828,#648,.T.);
#5896=EDGE_CURVE('',#4830,#4829,#4287,.T.);
#5897=EDGE_CURVE('',#4831,#4830,#649,.T.);
#5898=EDGE_CURVE('',#4832,#4831,#4288,.T.);
#5899=EDGE_CURVE('',#4833,#4832,#650,.T.);
#5900=EDGE_CURVE('',#4834,#4833,#651,.T.);
#5901=EDGE_CURVE('',#4835,#4834,#652,.T.);
#5902=EDGE_CURVE('',#4836,#4835,#4289,.T.);
#5903=EDGE_CURVE('',#4837,#4836,#653,.T.);
#5904=EDGE_CURVE('',#4838,#4837,#4290,.T.);
#5905=EDGE_CURVE('',#4839,#4838,#654,.T.);
#5906=EDGE_CURVE('',#4840,#4839,#4291,.T.);
#5907=EDGE_CURVE('',#4841,#4840,#655,.T.);
#5908=EDGE_CURVE('',#4842,#4841,#4292,.T.);
#5909=EDGE_CURVE('',#4843,#4842,#656,.T.);
#5910=EDGE_CURVE('',#4844,#4843,#4293,.T.);
#5911=EDGE_CURVE('',#4845,#4844,#657,.T.);
#5912=EDGE_CURVE('',#4846,#4845,#4294,.T.);
#5913=EDGE_CURVE('',#4847,#4846,#658,.T.);
#5914=EDGE_CURVE('',#4848,#4847,#4295,.T.);
#5915=EDGE_CURVE('',#4849,#4848,#659,.T.);
#5916=EDGE_CURVE('',#4850,#4849,#4296,.T.);
#5917=EDGE_CURVE('',#4851,#4850,#660,.T.);
#5918=EDGE_CURVE('',#4852,#4851,#661,.T.);
#5919=EDGE_CURVE('',#4853,#4852,#662,.T.);
#5920=EDGE_CURVE('',#4854,#4853,#4297,.T.);
#5921=EDGE_CURVE('',#4855,#4854,#663,.T.);
#5922=EDGE_CURVE('',#4856,#4855,#4298,.T.);
#5923=EDGE_CURVE('',#4857,#4856,#664,.T.);
#5924=EDGE_CURVE('',#4858,#4857,#4299,.T.);
#5925=EDGE_CURVE('',#4859,#4858,#665,.T.);
#5926=EDGE_CURVE('',#4860,#4859,#4300,.T.);
#5927=EDGE_CURVE('',#4861,#4860,#666,.T.);
#5928=EDGE_CURVE('',#4862,#4861,#4301,.T.);
#5929=EDGE_CURVE('',#4863,#4862,#667,.T.);
#5930=EDGE_CURVE('',#4864,#4863,#4302,.T.);
#5931=EDGE_CURVE('',#4865,#4864,#668,.T.);
#5932=EDGE_CURVE('',#4866,#4865,#4303,.T.);
#5933=EDGE_CURVE('',#4867,#4866,#669,.T.);
#5934=EDGE_CURVE('',#4868,#4867,#4304,.T.);
#5935=EDGE_CURVE('',#4869,#4868,#670,.T.);
#5936=EDGE_CURVE('',#4870,#4869,#4305,.T.);
#5937=EDGE_CURVE('',#4871,#4870,#671,.T.);
#5938=EDGE_CURVE('',#4872,#4871,#672,.T.);
#5939=EDGE_CURVE('',#4873,#4872,#673,.T.);
#5940=EDGE_CURVE('',#4874,#4873,#674,.T.);
#5941=EDGE_CURVE('',#4875,#4874,#4306,.T.);
#5942=EDGE_CURVE('',#4876,#4875,#675,.T.);
#5943=EDGE_CURVE('',#4877,#4876,#4307,.T.);
#5944=EDGE_CURVE('',#4878,#4877,#676,.T.);
#5945=EDGE_CURVE('',#4879,#4878,#4308,.T.);
#5946=EDGE_CURVE('',#4880,#4879,#677,.T.);
#5947=EDGE_CURVE('',#4881,#4880,#4309,.T.);
#5948=EDGE_CURVE('',#4882,#4881,#678,.T.);
#5949=EDGE_CURVE('',#4883,#4882,#4310,.T.);
#5950=EDGE_CURVE('',#4884,#4883,#679,.T.);
#5951=EDGE_CURVE('',#4885,#4884,#680,.T.);
#5952=EDGE_CURVE('',#4886,#4885,#681,.T.);
#5953=EDGE_CURVE('',#4887,#4886,#682,.T.);
#5954=EDGE_CURVE('',#4888,#4887,#4311,.T.);
#5955=EDGE_CURVE('',#4889,#4888,#683,.T.);
#5956=EDGE_CURVE('',#4890,#4889,#4312,.T.);
#5957=EDGE_CURVE('',#4891,#4890,#684,.T.);
#5958=EDGE_CURVE('',#4892,#4891,#685,.T.);
#5959=EDGE_CURVE('',#4893,#4892,#686,.T.);
#5960=EDGE_CURVE('',#4894,#4893,#687,.T.);
#5961=EDGE_CURVE('',#4895,#4894,#688,.T.);
#5962=EDGE_CURVE('',#4896,#4895,#4313,.T.);
#5963=EDGE_CURVE('',#4897,#4896,#689,.T.);
#5964=EDGE_CURVE('',#4898,#4897,#4314,.T.);
#5965=EDGE_CURVE('',#4899,#4898,#690,.T.);
#5966=EDGE_CURVE('',#4900,#4899,#4315,.T.);
#5967=EDGE_CURVE('',#4901,#4900,#691,.T.);
#5968=EDGE_CURVE('',#4902,#4901,#4316,.T.);
#5969=EDGE_CURVE('',#4903,#4902,#692,.T.);
#5970=EDGE_CURVE('',#4904,#4903,#4317,.T.);
#5971=EDGE_CURVE('',#4905,#4904,#693,.T.);
#5972=EDGE_CURVE('',#4906,#4905,#4318,.T.);
#5973=EDGE_CURVE('',#4907,#4906,#694,.T.);
#5974=EDGE_CURVE('',#4908,#4907,#4319,.T.);
#5975=EDGE_CURVE('',#4909,#4908,#695,.T.);
#5976=EDGE_CURVE('',#4910,#4909,#696,.T.);
#5977=EDGE_CURVE('',#4911,#4910,#697,.T.);
#5978=EDGE_CURVE('',#4912,#4911,#698,.T.);
#5979=EDGE_CURVE('',#4913,#4912,#4320,.T.);
#5980=EDGE_CURVE('',#4914,#4913,#699,.T.);
#5981=EDGE_CURVE('',#4915,#4914,#4321,.T.);
#5982=EDGE_CURVE('',#4916,#4915,#700,.T.);
#5983=EDGE_CURVE('',#4917,#4916,#4322,.T.);
#5984=EDGE_CURVE('',#4918,#4917,#701,.T.);
#5985=EDGE_CURVE('',#4919,#4918,#4323,.T.);
#5986=EDGE_CURVE('',#4920,#4919,#702,.T.);
#5987=EDGE_CURVE('',#4921,#4920,#4324,.T.);
#5988=EDGE_CURVE('',#4922,#4921,#703,.T.);
#5989=EDGE_CURVE('',#4923,#4922,#4325,.T.);
#5990=EDGE_CURVE('',#4924,#4923,#704,.T.);
#5991=EDGE_CURVE('',#4925,#4924,#4326,.T.);
#5992=EDGE_CURVE('',#4926,#4925,#705,.T.);
#5993=EDGE_CURVE('',#4658,#4926,#706,.T.);
#5994=EDGE_CURVE('',#4782,#4927,#707,.T.);
#5995=EDGE_CURVE('',#4928,#4927,#708,.T.);
#5996=EDGE_CURVE('',#4928,#4783,#709,.T.);
#5997=EDGE_CURVE('',#4656,#4929,#4327,.T.);
#5998=EDGE_CURVE('',#4929,#4930,#710,.T.);
#5999=EDGE_CURVE('',#4930,#4931,#4328,.T.);
#6000=EDGE_CURVE('',#4931,#4781,#711,.T.);
#6001=EDGE_CURVE('',#4780,#4932,#712,.T.);
#6002=EDGE_CURVE('',#4933,#4932,#713,.T.);
#6003=EDGE_CURVE('',#4660,#4933,#714,.T.);
#6004=EDGE_CURVE('',#4934,#4935,#66,.T.);
#6005=EDGE_CURVE('',#4935,#4936,#715,.T.);
#6006=EDGE_CURVE('',#4936,#4934,#716,.T.);
#6007=EDGE_CURVE('',#4937,#4938,#717,.T.);
#6008=EDGE_CURVE('',#4939,#4938,#718,.T.);
#6009=EDGE_CURVE('',#4940,#4939,#719,.T.);
#6010=EDGE_CURVE('',#4940,#4937,#720,.T.);
#6011=EDGE_CURVE('',#4938,#4941,#4329,.T.);
#6012=EDGE_CURVE('',#4942,#4941,#721,.T.);
#6013=EDGE_CURVE('',#4939,#4942,#4330,.T.);
#6014=EDGE_CURVE('',#4941,#4943,#722,.T.);
#6015=EDGE_CURVE('',#4944,#4943,#723,.T.);
#6016=EDGE_CURVE('',#4942,#4944,#724,.T.);
#6017=EDGE_CURVE('',#4943,#4945,#4331,.T.);
#6018=EDGE_CURVE('',#4946,#4945,#725,.T.);
#6019=EDGE_CURVE('',#4944,#4946,#4332,.T.);
#6020=EDGE_CURVE('',#4947,#4934,#67,.T.);
#6021=EDGE_CURVE('',#4936,#4947,#726,.T.);
#6022=EDGE_CURVE('',#4945,#4948,#727,.T.);
#6023=EDGE_CURVE('',#4949,#4948,#728,.T.);
#6024=EDGE_CURVE('',#4946,#4949,#729,.T.);
#6025=EDGE_CURVE('',#4948,#4950,#4333,.T.);
#6026=EDGE_CURVE('',#4951,#4950,#730,.T.);
#6027=EDGE_CURVE('',#4949,#4951,#4334,.T.);
#6028=EDGE_CURVE('',#4950,#4952,#731,.T.);
#6029=EDGE_CURVE('',#4953,#4952,#732,.T.);
#6030=EDGE_CURVE('',#4951,#4953,#733,.T.);
#6031=EDGE_CURVE('',#4952,#4937,#4335,.T.);
#6032=EDGE_CURVE('',#4953,#4940,#4336,.T.);
#6033=EDGE_CURVE('',#4954,#4955,#734,.T.);
#6034=EDGE_CURVE('',#4955,#4956,#735,.F.);
#6035=EDGE_CURVE('',#4957,#4956,#736,.F.);
#6036=EDGE_CURVE('',#4957,#4954,#737,.T.);
#6037=EDGE_CURVE('',#4955,#4958,#738,.T.);
#6038=EDGE_CURVE('',#4959,#4958,#739,.F.);
#6039=EDGE_CURVE('',#4956,#4959,#740,.F.);
#6040=EDGE_CURVE('',#4947,#4960,#4337,.T.);
#6041=EDGE_CURVE('',#4960,#4961,#70,.T.);
#6042=EDGE_CURVE('',#4961,#4962,#4338,.T.);
#6043=EDGE_CURVE('',#4963,#4962,#71,.T.);
#6044=EDGE_CURVE('',#4963,#4935,#4339,.T.);
#6045=EDGE_CURVE('',#4964,#4954,#741,.F.);
#6046=EDGE_CURVE('',#4965,#4964,#742,.F.);
#6047=EDGE_CURVE('',#4966,#4965,#743,.F.);
#6048=EDGE_CURVE('',#4967,#4966,#744,.F.);
#6049=EDGE_CURVE('',#4968,#4967,#745,.F.);
#6050=EDGE_CURVE('',#4969,#4968,#4340,.F.);
#6051=EDGE_CURVE('',#4970,#4969,#746,.F.);
#6052=EDGE_CURVE('',#4971,#4970,#4341,.F.);
#6053=EDGE_CURVE('',#4972,#4971,#747,.F.);
#6054=EDGE_CURVE('',#4973,#4972,#4342,.F.);
#6055=EDGE_CURVE('',#4974,#4973,#748,.F.);
#6056=EDGE_CURVE('',#4975,#4974,#749,.F.);
#6057=EDGE_CURVE('',#4976,#4975,#750,.F.);
#6058=EDGE_CURVE('',#4977,#4976,#4343,.F.);
#6059=EDGE_CURVE('',#4978,#4977,#751,.F.);
#6060=EDGE_CURVE('',#4979,#4978,#752,.F.);
#6061=EDGE_CURVE('',#4980,#4979,#753,.F.);
#6062=EDGE_CURVE('',#4981,#4980,#754,.F.);
#6063=EDGE_CURVE('',#4982,#4981,#755,.F.);
#6064=EDGE_CURVE('',#4983,#4982,#756,.F.);
#6065=EDGE_CURVE('',#4984,#4983,#757,.F.);
#6066=EDGE_CURVE('',#4985,#4984,#758,.F.);
#6067=EDGE_CURVE('',#4986,#4985,#759,.F.);
#6068=EDGE_CURVE('',#4987,#4986,#760,.F.);
#6069=EDGE_CURVE('',#4988,#4987,#761,.F.);
#6070=EDGE_CURVE('',#4989,#4988,#4344,.F.);
#6071=EDGE_CURVE('',#4990,#4989,#762,.F.);
#6072=EDGE_CURVE('',#4991,#4990,#4345,.F.);
#6073=EDGE_CURVE('',#4992,#4991,#763,.F.);
#6074=EDGE_CURVE('',#4993,#4992,#4346,.F.);
#6075=EDGE_CURVE('',#4994,#4993,#764,.F.);
#6076=EDGE_CURVE('',#4995,#4994,#4347,.F.);
#6077=EDGE_CURVE('',#4996,#4995,#765,.F.);
#6078=EDGE_CURVE('',#4997,#4996,#4348,.F.);
#6079=EDGE_CURVE('',#4998,#4997,#766,.F.);
#6080=EDGE_CURVE('',#4999,#4998,#4349,.F.);
#6081=EDGE_CURVE('',#5000,#4999,#767,.F.);
#6082=EDGE_CURVE('',#5001,#5000,#4350,.F.);
#6083=EDGE_CURVE('',#5002,#5001,#768,.F.);
#6084=EDGE_CURVE('',#5003,#5002,#769,.F.);
#6085=EDGE_CURVE('',#5004,#5003,#4351,.F.);
#6086=EDGE_CURVE('',#5005,#5004,#770,.F.);
#6087=EDGE_CURVE('',#5006,#5005,#4352,.F.);
#6088=EDGE_CURVE('',#5007,#5006,#771,.F.);
#6089=EDGE_CURVE('',#5008,#5007,#4353,.F.);
#6090=EDGE_CURVE('',#5009,#5008,#772,.F.);
#6091=EDGE_CURVE('',#5010,#5009,#4354,.F.);
#6092=EDGE_CURVE('',#5011,#5010,#773,.F.);
#6093=EDGE_CURVE('',#5012,#5011,#4355,.F.);
#6094=EDGE_CURVE('',#5013,#5012,#774,.F.);
#6095=EDGE_CURVE('',#5014,#5013,#4356,.F.);
#6096=EDGE_CURVE('',#5015,#5014,#775,.F.);
#6097=EDGE_CURVE('',#5016,#5015,#4357,.F.);
#6098=EDGE_CURVE('',#5017,#5016,#776,.F.);
#6099=EDGE_CURVE('',#5018,#5017,#777,.F.);
#6100=EDGE_CURVE('',#5019,#5018,#778,.F.);
#6101=EDGE_CURVE('',#5020,#5019,#779,.F.);
#6102=EDGE_CURVE('',#5021,#5020,#4358,.F.);
#6103=EDGE_CURVE('',#5022,#5021,#780,.F.);
#6104=EDGE_CURVE('',#5023,#5022,#4359,.F.);
#6105=EDGE_CURVE('',#5024,#5023,#781,.F.);
#6106=EDGE_CURVE('',#5025,#5024,#4360,.F.);
#6107=EDGE_CURVE('',#5026,#5025,#782,.F.);
#6108=EDGE_CURVE('',#5027,#5026,#4361,.F.);
#6109=EDGE_CURVE('',#5028,#5027,#783,.F.);
#6110=EDGE_CURVE('',#5029,#5028,#4362,.F.);
#6111=EDGE_CURVE('',#5030,#5029,#784,.F.);
#6112=EDGE_CURVE('',#5031,#5030,#4363,.F.);
#6113=EDGE_CURVE('',#5032,#5031,#785,.F.);
#6114=EDGE_CURVE('',#5033,#5032,#4364,.F.);
#6115=EDGE_CURVE('',#5034,#5033,#786,.F.);
#6116=EDGE_CURVE('',#5035,#5034,#787,.F.);
#6117=EDGE_CURVE('',#5036,#5035,#788,.F.);
#6118=EDGE_CURVE('',#5037,#5036,#789,.F.);
#6119=EDGE_CURVE('',#5038,#5037,#790,.F.);
#6120=EDGE_CURVE('',#5039,#5038,#791,.T.);
#6121=EDGE_CURVE('',#5040,#5039,#792,.T.);
#6122=EDGE_CURVE('',#5041,#5040,#4365,.F.);
#6123=EDGE_CURVE('',#5042,#5041,#793,.F.);
#6124=EDGE_CURVE('',#5043,#5042,#4366,.F.);
#6125=EDGE_CURVE('',#5044,#5043,#794,.F.);
#6126=EDGE_CURVE('',#5045,#5044,#795,.F.);
#6127=EDGE_CURVE('',#5046,#5045,#796,.F.);
#6128=EDGE_CURVE('',#5047,#5046,#797,.F.);
#6129=EDGE_CURVE('',#5048,#5047,#4367,.F.);
#6130=EDGE_CURVE('',#5049,#5048,#798,.F.);
#6131=EDGE_CURVE('',#5050,#5049,#4368,.F.);
#6132=EDGE_CURVE('',#5051,#5050,#799,.F.);
#6133=EDGE_CURVE('',#5052,#5051,#4369,.F.);
#6134=EDGE_CURVE('',#5053,#5052,#800,.F.);
#6135=EDGE_CURVE('',#5054,#5053,#4370,.F.);
#6136=EDGE_CURVE('',#5055,#5054,#801,.F.);
#6137=EDGE_CURVE('',#5056,#5055,#4371,.F.);
#6138=EDGE_CURVE('',#5057,#5056,#802,.F.);
#6139=EDGE_CURVE('',#5058,#5057,#803,.F.);
#6140=EDGE_CURVE('',#5059,#5058,#804,.F.);
#6141=EDGE_CURVE('',#5060,#5059,#805,.F.);
#6142=EDGE_CURVE('',#5061,#5060,#4372,.F.);
#6143=EDGE_CURVE('',#5062,#5061,#806,.F.);
#6144=EDGE_CURVE('',#5063,#5062,#4373,.F.);
#6145=EDGE_CURVE('',#5064,#5063,#807,.F.);
#6146=EDGE_CURVE('',#5065,#5064,#4374,.F.);
#6147=EDGE_CURVE('',#5066,#5065,#808,.F.);
#6148=EDGE_CURVE('',#5067,#5066,#4375,.F.);
#6149=EDGE_CURVE('',#5068,#5067,#809,.F.);
#6150=EDGE_CURVE('',#5069,#5068,#4376,.F.);
#6151=EDGE_CURVE('',#5070,#5069,#810,.F.);
#6152=EDGE_CURVE('',#5071,#5070,#4377,.F.);
#6153=EDGE_CURVE('',#5072,#5071,#811,.F.);
#6154=EDGE_CURVE('',#5073,#5072,#4378,.F.);
#6155=EDGE_CURVE('',#5074,#5073,#812,.F.);
#6156=EDGE_CURVE('',#5075,#5074,#4379,.F.);
#6157=EDGE_CURVE('',#5076,#5075,#813,.F.);
#6158=EDGE_CURVE('',#5077,#5076,#4380,.F.);
#6159=EDGE_CURVE('',#5078,#5077,#814,.F.);
#6160=EDGE_CURVE('',#5079,#5078,#815,.F.);
#6161=EDGE_CURVE('',#5080,#5079,#816,.F.);
#6162=EDGE_CURVE('',#5081,#5080,#4381,.F.);
#6163=EDGE_CURVE('',#5082,#5081,#817,.F.);
#6164=EDGE_CURVE('',#5083,#5082,#4382,.F.);
#6165=EDGE_CURVE('',#5084,#5083,#818,.F.);
#6166=EDGE_CURVE('',#5085,#5084,#4383,.F.);
#6167=EDGE_CURVE('',#5086,#5085,#819,.F.);
#6168=EDGE_CURVE('',#5087,#5086,#4384,.F.);
#6169=EDGE_CURVE('',#5088,#5087,#820,.F.);
#6170=EDGE_CURVE('',#5089,#5088,#4385,.F.);
#6171=EDGE_CURVE('',#5090,#5089,#821,.F.);
#6172=EDGE_CURVE('',#5091,#5090,#4386,.F.);
#6173=EDGE_CURVE('',#5092,#5091,#822,.F.);
#6174=EDGE_CURVE('',#5093,#5092,#4387,.F.);
#6175=EDGE_CURVE('',#5094,#5093,#823,.F.);
#6176=EDGE_CURVE('',#5095,#5094,#4388,.F.);
#6177=EDGE_CURVE('',#5096,#5095,#824,.F.);
#6178=EDGE_CURVE('',#5097,#5096,#825,.F.);
#6179=EDGE_CURVE('',#5098,#5097,#826,.F.);
#6180=EDGE_CURVE('',#5099,#5098,#4389,.F.);
#6181=EDGE_CURVE('',#5100,#5099,#827,.F.);
#6182=EDGE_CURVE('',#5101,#5100,#4390,.F.);
#6183=EDGE_CURVE('',#5102,#5101,#828,.F.);
#6184=EDGE_CURVE('',#5103,#5102,#4391,.F.);
#6185=EDGE_CURVE('',#5104,#5103,#829,.F.);
#6186=EDGE_CURVE('',#5105,#5104,#4392,.F.);
#6187=EDGE_CURVE('',#5106,#5105,#830,.F.);
#6188=EDGE_CURVE('',#5107,#5106,#4393,.F.);
#6189=EDGE_CURVE('',#5108,#5107,#831,.F.);
#6190=EDGE_CURVE('',#5109,#5108,#4394,.F.);
#6191=EDGE_CURVE('',#5110,#5109,#832,.F.);
#6192=EDGE_CURVE('',#4958,#5110,#4395,.F.);
#6193=EDGE_CURVE('',#5111,#5112,#833,.F.);
#6194=EDGE_CURVE('',#5112,#5113,#4396,.F.);
#6195=EDGE_CURVE('',#5113,#5114,#834,.F.);
#6196=EDGE_CURVE('',#5114,#5115,#4397,.F.);
#6197=EDGE_CURVE('',#5115,#5116,#835,.F.);
#6198=EDGE_CURVE('',#5116,#5117,#4398,.F.);
#6199=EDGE_CURVE('',#5117,#5118,#836,.F.);
#6200=EDGE_CURVE('',#5118,#5111,#4399,.F.);
#6201=EDGE_CURVE('',#4957,#5119,#837,.T.);
#6202=EDGE_CURVE('',#5119,#4964,#838,.T.);
#6203=EDGE_CURVE('',#5038,#5120,#839,.T.);
#6204=EDGE_CURVE('',#5121,#5037,#840,.T.);
#6205=EDGE_CURVE('',#5121,#5120,#841,.T.);
#6206=EDGE_CURVE('',#5122,#5120,#842,.F.);
#6207=EDGE_CURVE('',#5039,#5122,#843,.T.);
#6208=EDGE_CURVE('',#5123,#5122,#844,.F.);
#6209=EDGE_CURVE('',#5040,#5123,#845,.F.);
#6210=EDGE_CURVE('',#5123,#5124,#4400,.T.);
#6211=EDGE_CURVE('',#5124,#5041,#846,.T.);
#6212=EDGE_CURVE('',#4659,#5125,#847,.T.);
#6213=EDGE_CURVE('',#5125,#5126,#848,.T.);
#6214=EDGE_CURVE('',#5126,#5127,#4401,.T.);
#6215=EDGE_CURVE('',#5127,#5128,#849,.T.);
#6216=EDGE_CURVE('',#5128,#5129,#4402,.T.);
#6217=EDGE_CURVE('',#5129,#5130,#850,.T.);
#6218=EDGE_CURVE('',#5130,#5131,#4403,.T.);
#6219=EDGE_CURVE('',#5131,#5132,#851,.T.);
#6220=EDGE_CURVE('',#5132,#5133,#4404,.T.);
#6221=EDGE_CURVE('',#5133,#5134,#852,.T.);
#6222=EDGE_CURVE('',#5134,#5135,#4405,.T.);
#6223=EDGE_CURVE('',#5135,#5136,#853,.T.);
#6224=EDGE_CURVE('',#5136,#5137,#4406,.T.);
#6225=EDGE_CURVE('',#5137,#5138,#854,.T.);
#6226=EDGE_CURVE('',#5138,#5139,#4407,.T.);
#6227=EDGE_CURVE('',#5139,#5140,#855,.T.);
#6228=EDGE_CURVE('',#5140,#5141,#856,.T.);
#6229=EDGE_CURVE('',#5141,#5142,#857,.T.);
#6230=EDGE_CURVE('',#5142,#5143,#858,.T.);
#6231=EDGE_CURVE('',#5143,#5144,#4408,.T.);
#6232=EDGE_CURVE('',#5144,#5145,#859,.T.);
#6233=EDGE_CURVE('',#5145,#5146,#4409,.T.);
#6234=EDGE_CURVE('',#5146,#5147,#860,.T.);
#6235=EDGE_CURVE('',#5147,#5148,#4410,.T.);
#6236=EDGE_CURVE('',#5148,#5149,#861,.T.);
#6237=EDGE_CURVE('',#5149,#5150,#4411,.T.);
#6238=EDGE_CURVE('',#5150,#5151,#862,.T.);
#6239=EDGE_CURVE('',#5151,#5152,#4412,.T.);
#6240=EDGE_CURVE('',#5152,#5153,#863,.T.);
#6241=EDGE_CURVE('',#5153,#5154,#4413,.T.);
#6242=EDGE_CURVE('',#5154,#5155,#864,.T.);
#6243=EDGE_CURVE('',#5155,#5156,#4414,.T.);
#6244=EDGE_CURVE('',#5156,#5157,#865,.T.);
#6245=EDGE_CURVE('',#5157,#5158,#866,.T.);
#6246=EDGE_CURVE('',#5158,#5159,#867,.T.);
#6247=EDGE_CURVE('',#5159,#5160,#868,.T.);
#6248=EDGE_CURVE('',#5160,#5161,#869,.T.);
#6249=EDGE_CURVE('',#5161,#5162,#4415,.T.);
#6250=EDGE_CURVE('',#5162,#5163,#870,.T.);
#6251=EDGE_CURVE('',#5163,#5164,#4416,.T.);
#6252=EDGE_CURVE('',#5164,#5165,#871,.T.);
#6253=EDGE_CURVE('',#5165,#5166,#872,.T.);
#6254=EDGE_CURVE('',#5166,#5167,#873,.T.);
#6255=EDGE_CURVE('',#5167,#5168,#874,.T.);
#6256=EDGE_CURVE('',#5168,#5169,#4417,.T.);
#6257=EDGE_CURVE('',#5169,#5170,#875,.T.);
#6258=EDGE_CURVE('',#5170,#5171,#4418,.T.);
#6259=EDGE_CURVE('',#5171,#5172,#876,.T.);
#6260=EDGE_CURVE('',#5172,#5173,#4419,.T.);
#6261=EDGE_CURVE('',#5173,#5174,#877,.T.);
#6262=EDGE_CURVE('',#5174,#5175,#4420,.T.);
#6263=EDGE_CURVE('',#5175,#5176,#878,.T.);
#6264=EDGE_CURVE('',#5176,#5177,#4421,.T.);
#6265=EDGE_CURVE('',#5177,#5178,#879,.T.);
#6266=EDGE_CURVE('',#5178,#5179,#880,.T.);
#6267=EDGE_CURVE('',#5179,#5180,#881,.T.);
#6268=EDGE_CURVE('',#5180,#5181,#882,.T.);
#6269=EDGE_CURVE('',#5181,#5182,#4422,.T.);
#6270=EDGE_CURVE('',#5182,#5183,#883,.T.);
#6271=EDGE_CURVE('',#5183,#5184,#4423,.T.);
#6272=EDGE_CURVE('',#5184,#5185,#884,.T.);
#6273=EDGE_CURVE('',#5185,#5186,#4424,.T.);
#6274=EDGE_CURVE('',#5186,#5187,#885,.T.);
#6275=EDGE_CURVE('',#5187,#5188,#4425,.T.);
#6276=EDGE_CURVE('',#5188,#5189,#886,.T.);
#6277=EDGE_CURVE('',#5189,#5190,#4426,.T.);
#6278=EDGE_CURVE('',#5190,#5191,#887,.T.);
#6279=EDGE_CURVE('',#5191,#5192,#4427,.T.);
#6280=EDGE_CURVE('',#5192,#5193,#888,.T.);
#6281=EDGE_CURVE('',#5193,#5194,#4428,.T.);
#6282=EDGE_CURVE('',#5194,#5195,#889,.T.);
#6283=EDGE_CURVE('',#5195,#5196,#4429,.T.);
#6284=EDGE_CURVE('',#5196,#5197,#890,.T.);
#6285=EDGE_CURVE('',#5197,#5198,#4430,.T.);
#6286=EDGE_CURVE('',#5198,#5199,#891,.T.);
#6287=EDGE_CURVE('',#5199,#5200,#892,.T.);
#6288=EDGE_CURVE('',#5200,#5201,#893,.T.);
#6289=EDGE_CURVE('',#5201,#5202,#4431,.T.);
#6290=EDGE_CURVE('',#5202,#5203,#894,.T.);
#6291=EDGE_CURVE('',#5203,#5204,#4432,.T.);
#6292=EDGE_CURVE('',#5204,#5205,#895,.T.);
#6293=EDGE_CURVE('',#5205,#5206,#4433,.T.);
#6294=EDGE_CURVE('',#5206,#5207,#896,.T.);
#6295=EDGE_CURVE('',#5207,#5208,#4434,.T.);
#6296=EDGE_CURVE('',#5208,#5209,#897,.T.);
#6297=EDGE_CURVE('',#5209,#5210,#4435,.T.);
#6298=EDGE_CURVE('',#5210,#5211,#898,.T.);
#6299=EDGE_CURVE('',#5211,#5212,#4436,.T.);
#6300=EDGE_CURVE('',#5212,#5213,#899,.T.);
#6301=EDGE_CURVE('',#5213,#5214,#4437,.T.);
#6302=EDGE_CURVE('',#5214,#5215,#900,.T.);
#6303=EDGE_CURVE('',#5215,#5216,#4438,.T.);
#6304=EDGE_CURVE('',#5216,#5217,#901,.T.);
#6305=EDGE_CURVE('',#5217,#5218,#902,.T.);
#6306=EDGE_CURVE('',#5218,#5219,#903,.T.);
#6307=EDGE_CURVE('',#5219,#5220,#4439,.T.);
#6308=EDGE_CURVE('',#5220,#5221,#904,.T.);
#6309=EDGE_CURVE('',#5221,#5222,#4440,.T.);
#6310=EDGE_CURVE('',#5222,#5223,#905,.T.);
#6311=EDGE_CURVE('',#5223,#5224,#4441,.T.);
#6312=EDGE_CURVE('',#5224,#5225,#906,.T.);
#6313=EDGE_CURVE('',#5225,#5226,#4442,.T.);
#6314=EDGE_CURVE('',#5226,#5227,#907,.T.);
#6315=EDGE_CURVE('',#5227,#5228,#4443,.T.);
#6316=EDGE_CURVE('',#5228,#5229,#908,.T.);
#6317=EDGE_CURVE('',#5229,#5230,#4444,.T.);
#6318=EDGE_CURVE('',#5230,#5231,#909,.T.);
#6319=EDGE_CURVE('',#5231,#5232,#4445,.T.);
#6320=EDGE_CURVE('',#5232,#5233,#910,.T.);
#6321=EDGE_CURVE('',#5233,#5234,#911,.T.);
#6322=EDGE_CURVE('',#5234,#5235,#912,.T.);
#6323=EDGE_CURVE('',#5235,#5236,#4446,.T.);
#6324=EDGE_CURVE('',#5236,#5237,#913,.T.);
#6325=EDGE_CURVE('',#5237,#5238,#4447,.T.);
#6326=EDGE_CURVE('',#5238,#5239,#914,.T.);
#6327=EDGE_CURVE('',#5239,#5240,#4448,.T.);
#6328=EDGE_CURVE('',#5240,#5241,#915,.T.);
#6329=EDGE_CURVE('',#5241,#5242,#916,.T.);
#6330=EDGE_CURVE('',#5242,#5243,#917,.T.);
#6331=EDGE_CURVE('',#5243,#5244,#4449,.T.);
#6332=EDGE_CURVE('',#5244,#5245,#918,.T.);
#6333=EDGE_CURVE('',#5245,#5246,#919,.T.);
#6334=EDGE_CURVE('',#5246,#5247,#920,.T.);
#6335=EDGE_CURVE('',#5247,#5248,#921,.T.);
#6336=EDGE_CURVE('',#5248,#5249,#922,.T.);
#6337=EDGE_CURVE('',#5249,#5250,#923,.T.);
#6338=EDGE_CURVE('',#5250,#5251,#924,.T.);
#6339=EDGE_CURVE('',#5251,#5252,#925,.T.);
#6340=EDGE_CURVE('',#5252,#5253,#926,.T.);
#6341=EDGE_CURVE('',#5253,#5254,#927,.T.);
#6342=EDGE_CURVE('',#5254,#5255,#928,.T.);
#6343=EDGE_CURVE('',#5255,#5256,#4450,.T.);
#6344=EDGE_CURVE('',#5256,#5257,#929,.T.);
#6345=EDGE_CURVE('',#5257,#5258,#4451,.T.);
#6346=EDGE_CURVE('',#5258,#5259,#930,.T.);
#6347=EDGE_CURVE('',#5259,#5260,#4452,.T.);
#6348=EDGE_CURVE('',#5260,#5261,#931,.T.);
#6349=EDGE_CURVE('',#5261,#5262,#4453,.T.);
#6350=EDGE_CURVE('',#5262,#5263,#932,.T.);
#6351=EDGE_CURVE('',#5263,#5264,#4454,.T.);
#6352=EDGE_CURVE('',#5264,#5265,#933,.T.);
#6353=EDGE_CURVE('',#5265,#5266,#4455,.T.);
#6354=EDGE_CURVE('',#5266,#5267,#934,.T.);
#6355=EDGE_CURVE('',#5267,#4928,#4456,.T.);
#6356=EDGE_CURVE('',#4927,#5268,#935,.T.);
#6357=EDGE_CURVE('',#5269,#5268,#936,.T.);
#6358=EDGE_CURVE('',#5270,#5269,#4457,.T.);
#6359=EDGE_CURVE('',#5271,#5270,#937,.T.);
#6360=EDGE_CURVE('',#5272,#5271,#4458,.T.);
#6361=EDGE_CURVE('',#5273,#5272,#938,.T.);
#6362=EDGE_CURVE('',#5274,#5273,#4459,.T.);
#6363=EDGE_CURVE('',#5275,#5274,#939,.T.);
#6364=EDGE_CURVE('',#5276,#5275,#4460,.T.);
#6365=EDGE_CURVE('',#5277,#5276,#940,.T.);
#6366=EDGE_CURVE('',#5278,#5277,#4461,.T.);
#6367=EDGE_CURVE('',#5279,#5278,#941,.T.);
#6368=EDGE_CURVE('',#5280,#5279,#4462,.T.);
#6369=EDGE_CURVE('',#5281,#5280,#942,.T.);
#6370=EDGE_CURVE('',#5282,#5281,#4463,.T.);
#6371=EDGE_CURVE('',#5283,#5282,#943,.T.);
#6372=EDGE_CURVE('',#5284,#5283,#944,.T.);
#6373=EDGE_CURVE('',#5285,#5284,#945,.T.);
#6374=EDGE_CURVE('',#5286,#5285,#946,.T.);
#6375=EDGE_CURVE('',#5287,#5286,#947,.T.);
#6376=EDGE_CURVE('',#5288,#5287,#948,.T.);
#6377=EDGE_CURVE('',#5289,#5288,#949,.T.);
#6378=EDGE_CURVE('',#5290,#5289,#950,.T.);
#6379=EDGE_CURVE('',#5291,#5290,#951,.T.);
#6380=EDGE_CURVE('',#5292,#5291,#952,.T.);
#6381=EDGE_CURVE('',#5293,#5292,#953,.T.);
#6382=EDGE_CURVE('',#5294,#5293,#4464,.T.);
#6383=EDGE_CURVE('',#5295,#5294,#954,.T.);
#6384=EDGE_CURVE('',#5296,#5295,#955,.T.);
#6385=EDGE_CURVE('',#5297,#5296,#956,.T.);
#6386=EDGE_CURVE('',#5298,#5297,#4465,.T.);
#6387=EDGE_CURVE('',#5299,#5298,#957,.T.);
#6388=EDGE_CURVE('',#5300,#5299,#4466,.T.);
#6389=EDGE_CURVE('',#5301,#5300,#958,.T.);
#6390=EDGE_CURVE('',#5302,#5301,#4467,.T.);
#6391=EDGE_CURVE('',#5303,#5302,#959,.T.);
#6392=EDGE_CURVE('',#5304,#5303,#960,.T.);
#6393=EDGE_CURVE('',#5305,#5304,#961,.T.);
#6394=EDGE_CURVE('',#5119,#5305,#962,.T.);
#6395=EDGE_CURVE('',#5306,#4959,#4468,.T.);
#6396=EDGE_CURVE('',#5307,#5306,#963,.T.);
#6397=EDGE_CURVE('',#5308,#5307,#4469,.T.);
#6398=EDGE_CURVE('',#5309,#5308,#964,.T.);
#6399=EDGE_CURVE('',#5310,#5309,#4470,.T.);
#6400=EDGE_CURVE('',#5311,#5310,#965,.T.);
#6401=EDGE_CURVE('',#5312,#5311,#4471,.T.);
#6402=EDGE_CURVE('',#5313,#5312,#966,.T.);
#6403=EDGE_CURVE('',#5314,#5313,#4472,.T.);
#6404=EDGE_CURVE('',#5315,#5314,#967,.T.);
#6405=EDGE_CURVE('',#5316,#5315,#4473,.T.);
#6406=EDGE_CURVE('',#5317,#5316,#968,.T.);
#6407=EDGE_CURVE('',#5318,#5317,#4474,.T.);
#6408=EDGE_CURVE('',#5319,#5318,#969,.T.);
#6409=EDGE_CURVE('',#5320,#5319,#970,.T.);
#6410=EDGE_CURVE('',#5321,#5320,#971,.T.);
#6411=EDGE_CURVE('',#5322,#5321,#4475,.T.);
#6412=EDGE_CURVE('',#5323,#5322,#972,.T.);
#6413=EDGE_CURVE('',#5324,#5323,#4476,.T.);
#6414=EDGE_CURVE('',#5325,#5324,#973,.T.);
#6415=EDGE_CURVE('',#5326,#5325,#4477,.T.);
#6416=EDGE_CURVE('',#5327,#5326,#974,.T.);
#6417=EDGE_CURVE('',#5328,#5327,#4478,.T.);
#6418=EDGE_CURVE('',#5329,#5328,#975,.T.);
#6419=EDGE_CURVE('',#5330,#5329,#4479,.T.);
#6420=EDGE_CURVE('',#5331,#5330,#976,.T.);
#6421=EDGE_CURVE('',#5332,#5331,#4480,.T.);
#6422=EDGE_CURVE('',#5333,#5332,#977,.T.);
#6423=EDGE_CURVE('',#5334,#5333,#4481,.T.);
#6424=EDGE_CURVE('',#5335,#5334,#978,.T.);
#6425=EDGE_CURVE('',#5336,#5335,#4482,.T.);
#6426=EDGE_CURVE('',#5337,#5336,#979,.T.);
#6427=EDGE_CURVE('',#5338,#5337,#980,.T.);
#6428=EDGE_CURVE('',#5339,#5338,#981,.T.);
#6429=EDGE_CURVE('',#5340,#5339,#4483,.T.);
#6430=EDGE_CURVE('',#5341,#5340,#982,.T.);
#6431=EDGE_CURVE('',#5342,#5341,#4484,.T.);
#6432=EDGE_CURVE('',#5343,#5342,#983,.T.);
#6433=EDGE_CURVE('',#5344,#5343,#4485,.T.);
#6434=EDGE_CURVE('',#5345,#5344,#984,.T.);
#6435=EDGE_CURVE('',#5346,#5345,#4486,.T.);
#6436=EDGE_CURVE('',#5347,#5346,#985,.T.);
#6437=EDGE_CURVE('',#5348,#5347,#4487,.T.);
#6438=EDGE_CURVE('',#5349,#5348,#986,.T.);
#6439=EDGE_CURVE('',#5350,#5349,#4488,.T.);
#6440=EDGE_CURVE('',#5351,#5350,#987,.T.);
#6441=EDGE_CURVE('',#5352,#5351,#4489,.T.);
#6442=EDGE_CURVE('',#5353,#5352,#988,.T.);
#6443=EDGE_CURVE('',#5354,#5353,#4490,.T.);
#6444=EDGE_CURVE('',#5355,#5354,#989,.T.);
#6445=EDGE_CURVE('',#5356,#5355,#4491,.T.);
#6446=EDGE_CURVE('',#5357,#5356,#990,.T.);
#6447=EDGE_CURVE('',#5358,#5357,#991,.T.);
#6448=EDGE_CURVE('',#5359,#5358,#992,.T.);
#6449=EDGE_CURVE('',#5360,#5359,#993,.T.);
#6450=EDGE_CURVE('',#5361,#5360,#4492,.T.);
#6451=EDGE_CURVE('',#5362,#5361,#994,.T.);
#6452=EDGE_CURVE('',#5363,#5362,#4493,.T.);
#6453=EDGE_CURVE('',#5364,#5363,#995,.T.);
#6454=EDGE_CURVE('',#5365,#5364,#4494,.T.);
#6455=EDGE_CURVE('',#5366,#5365,#996,.T.);
#6456=EDGE_CURVE('',#5367,#5366,#4495,.T.);
#6457=EDGE_CURVE('',#5368,#5367,#997,.T.);
#6458=EDGE_CURVE('',#5369,#5368,#4496,.T.);
#6459=EDGE_CURVE('',#5370,#5369,#998,.T.);
#6460=EDGE_CURVE('',#5371,#5370,#999,.T.);
#6461=EDGE_CURVE('',#5372,#5371,#1000,.T.);
#6462=EDGE_CURVE('',#5373,#5372,#1001,.T.);
#6463=EDGE_CURVE('',#5374,#5373,#4497,.T.);
#6464=EDGE_CURVE('',#5124,#5374,#1002,.T.);
#6465=EDGE_CURVE('',#5375,#5121,#1003,.T.);
#6466=EDGE_CURVE('',#5376,#5375,#1004,.T.);
#6467=EDGE_CURVE('',#5377,#5376,#1005,.T.);
#6468=EDGE_CURVE('',#5378,#5377,#1006,.T.);
#6469=EDGE_CURVE('',#5379,#5378,#4498,.T.);
#6470=EDGE_CURVE('',#5380,#5379,#1007,.T.);
#6471=EDGE_CURVE('',#5381,#5380,#4499,.T.);
#6472=EDGE_CURVE('',#5382,#5381,#1008,.T.);
#6473=EDGE_CURVE('',#5383,#5382,#4500,.T.);
#6474=EDGE_CURVE('',#5384,#5383,#1009,.T.);
#6475=EDGE_CURVE('',#5385,#5384,#4501,.T.);
#6476=EDGE_CURVE('',#5386,#5385,#1010,.T.);
#6477=EDGE_CURVE('',#5387,#5386,#4502,.T.);
#6478=EDGE_CURVE('',#5388,#5387,#1011,.T.);
#6479=EDGE_CURVE('',#5389,#5388,#4503,.T.);
#6480=EDGE_CURVE('',#5390,#5389,#1012,.T.);
#6481=EDGE_CURVE('',#5391,#5390,#4504,.T.);
#6482=EDGE_CURVE('',#5392,#5391,#1013,.T.);
#6483=EDGE_CURVE('',#5393,#5392,#1014,.T.);
#6484=EDGE_CURVE('',#5394,#5393,#1015,.T.);
#6485=EDGE_CURVE('',#5395,#5394,#1016,.T.);
#6486=EDGE_CURVE('',#5396,#5395,#4505,.T.);
#6487=EDGE_CURVE('',#5397,#5396,#1017,.T.);
#6488=EDGE_CURVE('',#5398,#5397,#4506,.T.);
#6489=EDGE_CURVE('',#5399,#5398,#1018,.T.);
#6490=EDGE_CURVE('',#5400,#5399,#4507,.T.);
#6491=EDGE_CURVE('',#5401,#5400,#1019,.T.);
#6492=EDGE_CURVE('',#5402,#5401,#4508,.T.);
#6493=EDGE_CURVE('',#5403,#5402,#1020,.T.);
#6494=EDGE_CURVE('',#5404,#5403,#4509,.T.);
#6495=EDGE_CURVE('',#5405,#5404,#1021,.T.);
#6496=EDGE_CURVE('',#5406,#5405,#4510,.T.);
#6497=EDGE_CURVE('',#5407,#5406,#1022,.T.);
#6498=EDGE_CURVE('',#5408,#5407,#4511,.T.);
#6499=EDGE_CURVE('',#5409,#5408,#1023,.T.);
#6500=EDGE_CURVE('',#4655,#5409,#1024,.T.);
#6501=EDGE_CURVE('',#5409,#5002,#1025,.T.);
#6502=EDGE_CURVE('',#5269,#5001,#1026,.T.);
#6503=EDGE_CURVE('',#5268,#5410,#1027,.T.);
#6504=EDGE_CURVE('',#5410,#5411,#4512,.T.);
#6505=EDGE_CURVE('',#5411,#5412,#1028,.T.);
#6506=EDGE_CURVE('',#5412,#4654,#4513,.T.);
#6507=EDGE_CURVE('',#4931,#5410,#1029,.T.);
#6508=EDGE_CURVE('',#4930,#5411,#1030,.T.);
#6509=EDGE_CURVE('',#4929,#5412,#1031,.T.);
#6510=EDGE_CURVE('',#5125,#4926,#1032,.T.);
#6511=EDGE_CURVE('',#5413,#5414,#4514,.T.);
#6512=EDGE_CURVE('',#5414,#5415,#1033,.T.);
#6513=EDGE_CURVE('',#5415,#5416,#4515,.T.);
#6514=EDGE_CURVE('',#5416,#5413,#1034,.T.);
#6515=EDGE_CURVE('',#5417,#5418,#4516,.T.);
#6516=EDGE_CURVE('',#5418,#5416,#4517,.T.);
#6517=EDGE_CURVE('',#5415,#5417,#4518,.T.);
#6518=EDGE_CURVE('',#5419,#5420,#4519,.T.);
#6519=EDGE_CURVE('',#5420,#5418,#1035,.T.);
#6520=EDGE_CURVE('',#5417,#5419,#1036,.T.);
#6521=EDGE_CURVE('',#5421,#5422,#4520,.T.);
#6522=EDGE_CURVE('',#5422,#5420,#4521,.T.);
#6523=EDGE_CURVE('',#5419,#5421,#4522,.T.);
#6524=EDGE_CURVE('',#5423,#5424,#4523,.T.);
#6525=EDGE_CURVE('',#5424,#5422,#1037,.T.);
#6526=EDGE_CURVE('',#5421,#5423,#1038,.T.);
#6527=EDGE_CURVE('',#5425,#5426,#4524,.T.);
#6528=EDGE_CURVE('',#5426,#5424,#4525,.T.);
#6529=EDGE_CURVE('',#5423,#5425,#4526,.T.);
#6530=EDGE_CURVE('',#5427,#5428,#4527,.T.);
#6531=EDGE_CURVE('',#5428,#5426,#1039,.T.);
#6532=EDGE_CURVE('',#5425,#5427,#1040,.T.);
#6533=EDGE_CURVE('',#5413,#5428,#4528,.T.);
#6534=EDGE_CURVE('',#5427,#5414,#4529,.T.);
#6535=EDGE_CURVE('',#5419,#5117,#1041,.T.);
#6536=EDGE_CURVE('',#5421,#5116,#1042,.T.);
#6537=EDGE_CURVE('',#5417,#5118,#1043,.T.);
#6538=EDGE_CURVE('',#5415,#5111,#1044,.T.);
#6539=EDGE_CURVE('',#5414,#5112,#1045,.T.);
#6540=EDGE_CURVE('',#5429,#4963,#1046,.T.);
#6541=EDGE_CURVE('',#5430,#5429,#1047,.T.);
#6542=EDGE_CURVE('',#5431,#5430,#1048,.T.);
#6543=EDGE_CURVE('',#5432,#5431,#1049,.T.);
#6544=EDGE_CURVE('',#5433,#5432,#4530,.T.);
#6545=EDGE_CURVE('',#5434,#5433,#1050,.T.);
#6546=EDGE_CURVE('',#5435,#5434,#4531,.T.);
#6547=EDGE_CURVE('',#5436,#5435,#1051,.T.);
#6548=EDGE_CURVE('',#5437,#5436,#4532,.T.);
#6549=EDGE_CURVE('',#5438,#5437,#1052,.T.);
#6550=EDGE_CURVE('',#5439,#5438,#4533,.T.);
#6551=EDGE_CURVE('',#5440,#5439,#1053,.T.);
#6552=EDGE_CURVE('',#5441,#5440,#4534,.T.);
#6553=EDGE_CURVE('',#5442,#5441,#1054,.T.);
#6554=EDGE_CURVE('',#5443,#5442,#1055,.T.);
#6555=EDGE_CURVE('',#5444,#5443,#1056,.T.);
#6556=EDGE_CURVE('',#5445,#5444,#1057,.T.);
#6557=EDGE_CURVE('',#5446,#5445,#4535,.T.);
#6558=EDGE_CURVE('',#5447,#5446,#1058,.T.);
#6559=EDGE_CURVE('',#5448,#5447,#4536,.T.);
#6560=EDGE_CURVE('',#5449,#5448,#1059,.T.);
#6561=EDGE_CURVE('',#5450,#5449,#4537,.T.);
#6562=EDGE_CURVE('',#5451,#5450,#1060,.T.);
#6563=EDGE_CURVE('',#5452,#5451,#4538,.T.);
#6564=EDGE_CURVE('',#5453,#5452,#1061,.T.);
#6565=EDGE_CURVE('',#5454,#5453,#4539,.T.);
#6566=EDGE_CURVE('',#5455,#5454,#1062,.T.);
#6567=EDGE_CURVE('',#5456,#5455,#4540,.T.);
#6568=EDGE_CURVE('',#5457,#5456,#1063,.T.);
#6569=EDGE_CURVE('',#5458,#5457,#4541,.T.);
#6570=EDGE_CURVE('',#5459,#5458,#1064,.T.);
#6571=EDGE_CURVE('',#5460,#5459,#1065,.T.);
#6572=EDGE_CURVE('',#5461,#5460,#4542,.T.);
#6573=EDGE_CURVE('',#5462,#5461,#1066,.T.);
#6574=EDGE_CURVE('',#5463,#5462,#4543,.T.);
#6575=EDGE_CURVE('',#5464,#5463,#1067,.T.);
#6576=EDGE_CURVE('',#5465,#5464,#4544,.T.);
#6577=EDGE_CURVE('',#5466,#5465,#1068,.T.);
#6578=EDGE_CURVE('',#5467,#5466,#4545,.T.);
#6579=EDGE_CURVE('',#5468,#5467,#1069,.T.);
#6580=EDGE_CURVE('',#5469,#5468,#4546,.T.);
#6581=EDGE_CURVE('',#5470,#5469,#1070,.T.);
#6582=EDGE_CURVE('',#5471,#5470,#4547,.T.);
#6583=EDGE_CURVE('',#5472,#5471,#1071,.T.);
#6584=EDGE_CURVE('',#5473,#5472,#4548,.T.);
#6585=EDGE_CURVE('',#5474,#5473,#1072,.T.);
#6586=EDGE_CURVE('',#5475,#5474,#1073,.T.);
#6587=EDGE_CURVE('',#5476,#5475,#1074,.T.);
#6588=EDGE_CURVE('',#5477,#5476,#1075,.T.);
#6589=EDGE_CURVE('',#5478,#5477,#1076,.T.);
#6590=EDGE_CURVE('',#5479,#5478,#1077,.T.);
#6591=EDGE_CURVE('',#5480,#5479,#1078,.T.);
#6592=EDGE_CURVE('',#5481,#5480,#1079,.T.);
#6593=EDGE_CURVE('',#5482,#5481,#1080,.T.);
#6594=EDGE_CURVE('',#5483,#5482,#1081,.T.);
#6595=EDGE_CURVE('',#5484,#5483,#1082,.T.);
#6596=EDGE_CURVE('',#5485,#5484,#4549,.T.);
#6597=EDGE_CURVE('',#5486,#5485,#1083,.T.);
#6598=EDGE_CURVE('',#5487,#5486,#1084,.T.);
#6599=EDGE_CURVE('',#5488,#5487,#1085,.T.);
#6600=EDGE_CURVE('',#5489,#5488,#1086,.T.);
#6601=EDGE_CURVE('',#5490,#5489,#4550,.T.);
#6602=EDGE_CURVE('',#5491,#5490,#1087,.T.);
#6603=EDGE_CURVE('',#5492,#5491,#4551,.T.);
#6604=EDGE_CURVE('',#5493,#5492,#1088,.T.);
#6605=EDGE_CURVE('',#5494,#5493,#4552,.T.);
#6606=EDGE_CURVE('',#5495,#5494,#1089,.T.);
#6607=EDGE_CURVE('',#5496,#5495,#4553,.T.);
#6608=EDGE_CURVE('',#5497,#5496,#1090,.T.);
#6609=EDGE_CURVE('',#5498,#5497,#4554,.T.);
#6610=EDGE_CURVE('',#5499,#5498,#1091,.T.);
#6611=EDGE_CURVE('',#5500,#5499,#4555,.T.);
#6612=EDGE_CURVE('',#5501,#5500,#1092,.T.);
#6613=EDGE_CURVE('',#5502,#5501,#4556,.T.);
#6614=EDGE_CURVE('',#5503,#5502,#1093,.T.);
#6615=EDGE_CURVE('',#5504,#5503,#1094,.T.);
#6616=EDGE_CURVE('',#5505,#5504,#1095,.T.);
#6617=EDGE_CURVE('',#5506,#5505,#4557,.T.);
#6618=EDGE_CURVE('',#5507,#5506,#1096,.T.);
#6619=EDGE_CURVE('',#5508,#5507,#4558,.T.);
#6620=EDGE_CURVE('',#5509,#5508,#1097,.T.);
#6621=EDGE_CURVE('',#5510,#5509,#4559,.T.);
#6622=EDGE_CURVE('',#5511,#5510,#1098,.T.);
#6623=EDGE_CURVE('',#5512,#5511,#4560,.T.);
#6624=EDGE_CURVE('',#5513,#5512,#1099,.T.);
#6625=EDGE_CURVE('',#5514,#5513,#4561,.T.);
#6626=EDGE_CURVE('',#5515,#5514,#1100,.T.);
#6627=EDGE_CURVE('',#5516,#5515,#4562,.T.);
#6628=EDGE_CURVE('',#5517,#5516,#1101,.T.);
#6629=EDGE_CURVE('',#5518,#5517,#4563,.T.);
#6630=EDGE_CURVE('',#5519,#5518,#1102,.T.);
#6631=EDGE_CURVE('',#5520,#5519,#4564,.T.);
#6632=EDGE_CURVE('',#5521,#5520,#1103,.T.);
#6633=EDGE_CURVE('',#5522,#5521,#1104,.T.);
#6634=EDGE_CURVE('',#5523,#5522,#1105,.T.);
#6635=EDGE_CURVE('',#5524,#5523,#4565,.T.);
#6636=EDGE_CURVE('',#5525,#5524,#1106,.T.);
#6637=EDGE_CURVE('',#5526,#5525,#4566,.T.);
#6638=EDGE_CURVE('',#5527,#5526,#1107,.T.);
#6639=EDGE_CURVE('',#5528,#5527,#4567,.T.);
#6640=EDGE_CURVE('',#5529,#5528,#1108,.T.);
#6641=EDGE_CURVE('',#5530,#5529,#4568,.T.);
#6642=EDGE_CURVE('',#5531,#5530,#1109,.T.);
#6643=EDGE_CURVE('',#5532,#5531,#4569,.T.);
#6644=EDGE_CURVE('',#5533,#5532,#1110,.T.);
#6645=EDGE_CURVE('',#5534,#5533,#4570,.T.);
#6646=EDGE_CURVE('',#5535,#5534,#1111,.T.);
#6647=EDGE_CURVE('',#5536,#5535,#4571,.T.);
#6648=EDGE_CURVE('',#5537,#5536,#1112,.T.);
#6649=EDGE_CURVE('',#5538,#5537,#4572,.T.);
#6650=EDGE_CURVE('',#5539,#5538,#1113,.T.);
#6651=EDGE_CURVE('',#5540,#5539,#4573,.T.);
#6652=EDGE_CURVE('',#5541,#5540,#1114,.T.);
#6653=EDGE_CURVE('',#5542,#5541,#1115,.T.);
#6654=EDGE_CURVE('',#5543,#5542,#1116,.T.);
#6655=EDGE_CURVE('',#5544,#5543,#1117,.T.);
#6656=EDGE_CURVE('',#5545,#5544,#4574,.T.);
#6657=EDGE_CURVE('',#5546,#5545,#1118,.T.);
#6658=EDGE_CURVE('',#5547,#5546,#4575,.T.);
#6659=EDGE_CURVE('',#5548,#5547,#1119,.T.);
#6660=EDGE_CURVE('',#5549,#5548,#4576,.T.);
#6661=EDGE_CURVE('',#5550,#5549,#1120,.T.);
#6662=EDGE_CURVE('',#5551,#5550,#4577,.T.);
#6663=EDGE_CURVE('',#5552,#5551,#1121,.T.);
#6664=EDGE_CURVE('',#5553,#5552,#4578,.T.);
#6665=EDGE_CURVE('',#5554,#5553,#1122,.T.);
#6666=EDGE_CURVE('',#5555,#5554,#1123,.T.);
#6667=EDGE_CURVE('',#5556,#5555,#1124,.T.);
#6668=EDGE_CURVE('',#5557,#5556,#1125,.T.);
#6669=EDGE_CURVE('',#5558,#5557,#4579,.T.);
#6670=EDGE_CURVE('',#4960,#5558,#1126,.T.);
#6671=EDGE_CURVE('',#5423,#5115,#1127,.T.);
#6672=EDGE_CURVE('',#5427,#5113,#1128,.T.);
#6673=EDGE_CURVE('',#5425,#5114,#1129,.T.);
#6674=EDGE_CURVE('',#5197,#4854,#1130,.T.);
#6675=EDGE_CURVE('',#5198,#4853,#1131,.T.);
#6676=EDGE_CURVE('',#5196,#4855,#1132,.T.);
#6677=EDGE_CURVE('',#5195,#4856,#1133,.T.);
#6678=EDGE_CURVE('',#5194,#4857,#1134,.T.);
#6679=EDGE_CURVE('',#5193,#4858,#1135,.T.);
#6680=EDGE_CURVE('',#5192,#4859,#1136,.T.);
#6681=EDGE_CURVE('',#5191,#4860,#1137,.T.);
#6682=EDGE_CURVE('',#5190,#4861,#1138,.T.);
#6683=EDGE_CURVE('',#5189,#4862,#1139,.T.);
#6684=EDGE_CURVE('',#5188,#4863,#1140,.T.);
#6685=EDGE_CURVE('',#5187,#4864,#1141,.T.);
#6686=EDGE_CURVE('',#5186,#4865,#1142,.T.);
#6687=EDGE_CURVE('',#5185,#4866,#1143,.T.);
#6688=EDGE_CURVE('',#5184,#4867,#1144,.T.);
#6689=EDGE_CURVE('',#5183,#4868,#1145,.T.);
#6690=EDGE_CURVE('',#5182,#4869,#1146,.T.);
#6691=EDGE_CURVE('',#5181,#4870,#1147,.T.);
#6692=EDGE_CURVE('',#5180,#4871,#1148,.T.);
#6693=EDGE_CURVE('',#5179,#4872,#1149,.T.);
#6694=EDGE_CURVE('',#5178,#4873,#1150,.T.);
#6695=EDGE_CURVE('',#5177,#4874,#1151,.T.);
#6696=EDGE_CURVE('',#5176,#4875,#1152,.T.);
#6697=EDGE_CURVE('',#5175,#4876,#1153,.T.);
#6698=EDGE_CURVE('',#5174,#4877,#1154,.T.);
#6699=EDGE_CURVE('',#5173,#4878,#1155,.T.);
#6700=EDGE_CURVE('',#5172,#4879,#1156,.T.);
#6701=EDGE_CURVE('',#5171,#4880,#1157,.T.);
#6702=EDGE_CURVE('',#5170,#4881,#1158,.T.);
#6703=EDGE_CURVE('',#5169,#4882,#1159,.T.);
#6704=EDGE_CURVE('',#5168,#4883,#1160,.T.);
#6705=EDGE_CURVE('',#5167,#4884,#1161,.T.);
#6706=EDGE_CURVE('',#5166,#4885,#1162,.T.);
#6707=EDGE_CURVE('',#5165,#4886,#1163,.T.);
#6708=EDGE_CURVE('',#5164,#4887,#1164,.T.);
#6709=EDGE_CURVE('',#5163,#4888,#1165,.T.);
#6710=EDGE_CURVE('',#5162,#4889,#1166,.T.);
#6711=EDGE_CURVE('',#5161,#4890,#1167,.T.);
#6712=EDGE_CURVE('',#5160,#4891,#1168,.T.);
#6713=EDGE_CURVE('',#5159,#4892,#1169,.T.);
#6714=EDGE_CURVE('',#5158,#4893,#1170,.T.);
#6715=EDGE_CURVE('',#5157,#4894,#1171,.T.);
#6716=EDGE_CURVE('',#5156,#4895,#1172,.T.);
#6717=EDGE_CURVE('',#5155,#4896,#1173,.T.);
#6718=EDGE_CURVE('',#5154,#4897,#1174,.T.);
#6719=EDGE_CURVE('',#5153,#4898,#1175,.T.);
#6720=EDGE_CURVE('',#5152,#4899,#1176,.T.);
#6721=EDGE_CURVE('',#5151,#4900,#1177,.T.);
#6722=EDGE_CURVE('',#5150,#4901,#1178,.T.);
#6723=EDGE_CURVE('',#5149,#4902,#1179,.T.);
#6724=EDGE_CURVE('',#5148,#4903,#1180,.T.);
#6725=EDGE_CURVE('',#5147,#4904,#1181,.T.);
#6726=EDGE_CURVE('',#5146,#4905,#1182,.T.);
#6727=EDGE_CURVE('',#5145,#4906,#1183,.T.);
#6728=EDGE_CURVE('',#5144,#4907,#1184,.T.);
#6729=EDGE_CURVE('',#5143,#4908,#1185,.T.);
#6730=EDGE_CURVE('',#5142,#4909,#1186,.T.);
#6731=EDGE_CURVE('',#5141,#4910,#1187,.T.);
#6732=EDGE_CURVE('',#5140,#4911,#1188,.T.);
#6733=EDGE_CURVE('',#5139,#4912,#1189,.T.);
#6734=EDGE_CURVE('',#5138,#4913,#1190,.T.);
#6735=EDGE_CURVE('',#5137,#4914,#1191,.T.);
#6736=EDGE_CURVE('',#5136,#4915,#1192,.T.);
#6737=EDGE_CURVE('',#5135,#4916,#1193,.T.);
#6738=EDGE_CURVE('',#5134,#4917,#1194,.T.);
#6739=EDGE_CURVE('',#5133,#4918,#1195,.T.);
#6740=EDGE_CURVE('',#5132,#4919,#1196,.T.);
#6741=EDGE_CURVE('',#5131,#4920,#1197,.T.);
#6742=EDGE_CURVE('',#5130,#4921,#1198,.T.);
#6743=EDGE_CURVE('',#5129,#4922,#1199,.T.);
#6744=EDGE_CURVE('',#5128,#4923,#1200,.T.);
#6745=EDGE_CURVE('',#5127,#4924,#1201,.T.);
#6746=EDGE_CURVE('',#5126,#4925,#1202,.T.);
#6747=EDGE_CURVE('',#5267,#4784,#1203,.T.);
#6748=EDGE_CURVE('',#5266,#4785,#1204,.T.);
#6749=EDGE_CURVE('',#5265,#4786,#1205,.T.);
#6750=EDGE_CURVE('',#5264,#4787,#1206,.T.);
#6751=EDGE_CURVE('',#5263,#4788,#1207,.T.);
#6752=EDGE_CURVE('',#5262,#4789,#1208,.T.);
#6753=EDGE_CURVE('',#5261,#4790,#1209,.T.);
#6754=EDGE_CURVE('',#5260,#4791,#1210,.T.);
#6755=EDGE_CURVE('',#5259,#4792,#1211,.T.);
#6756=EDGE_CURVE('',#5258,#4793,#1212,.T.);
#6757=EDGE_CURVE('',#5257,#4794,#1213,.T.);
#6758=EDGE_CURVE('',#5256,#4795,#1214,.T.);
#6759=EDGE_CURVE('',#5255,#4796,#1215,.T.);
#6760=EDGE_CURVE('',#5254,#4797,#1216,.T.);
#6761=EDGE_CURVE('',#5253,#4798,#1217,.T.);
#6762=EDGE_CURVE('',#5252,#4799,#1218,.T.);
#6763=EDGE_CURVE('',#5251,#4800,#1219,.T.);
#6764=EDGE_CURVE('',#5250,#4801,#1220,.T.);
#6765=EDGE_CURVE('',#5249,#4802,#1221,.T.);
#6766=EDGE_CURVE('',#5248,#4803,#1222,.T.);
#6767=EDGE_CURVE('',#5247,#4804,#1223,.T.);
#6768=EDGE_CURVE('',#5246,#4805,#1224,.T.);
#6769=EDGE_CURVE('',#5245,#4806,#1225,.T.);
#6770=EDGE_CURVE('',#5244,#4807,#1226,.T.);
#6771=EDGE_CURVE('',#5243,#4808,#1227,.T.);
#6772=EDGE_CURVE('',#5242,#4809,#1228,.T.);
#6773=EDGE_CURVE('',#5241,#4810,#1229,.T.);
#6774=EDGE_CURVE('',#5240,#4811,#1230,.T.);
#6775=EDGE_CURVE('',#5239,#4812,#1231,.T.);
#6776=EDGE_CURVE('',#5238,#4813,#1232,.T.);
#6777=EDGE_CURVE('',#5237,#4814,#1233,.T.);
#6778=EDGE_CURVE('',#5236,#4815,#1234,.T.);
#6779=EDGE_CURVE('',#5235,#4816,#1235,.T.);
#6780=EDGE_CURVE('',#5234,#4817,#1236,.T.);
#6781=EDGE_CURVE('',#5233,#4818,#1237,.T.);
#6782=EDGE_CURVE('',#5232,#4819,#1238,.T.);
#6783=EDGE_CURVE('',#5231,#4820,#1239,.T.);
#6784=EDGE_CURVE('',#5230,#4821,#1240,.T.);
#6785=EDGE_CURVE('',#5229,#4822,#1241,.T.);
#6786=EDGE_CURVE('',#5228,#4823,#1242,.T.);
#6787=EDGE_CURVE('',#5227,#4824,#1243,.T.);
#6788=EDGE_CURVE('',#5226,#4825,#1244,.T.);
#6789=EDGE_CURVE('',#5225,#4826,#1245,.T.);
#6790=EDGE_CURVE('',#5224,#4827,#1246,.T.);
#6791=EDGE_CURVE('',#5223,#4828,#1247,.T.);
#6792=EDGE_CURVE('',#5222,#4829,#1248,.T.);
#6793=EDGE_CURVE('',#5221,#4830,#1249,.T.);
#6794=EDGE_CURVE('',#5220,#4831,#1250,.T.);
#6795=EDGE_CURVE('',#5219,#4832,#1251,.T.);
#6796=EDGE_CURVE('',#5218,#4833,#1252,.T.);
#6797=EDGE_CURVE('',#5217,#4834,#1253,.T.);
#6798=EDGE_CURVE('',#5216,#4835,#1254,.T.);
#6799=EDGE_CURVE('',#5215,#4836,#1255,.T.);
#6800=EDGE_CURVE('',#5214,#4837,#1256,.T.);
#6801=EDGE_CURVE('',#5213,#4838,#1257,.T.);
#6802=EDGE_CURVE('',#5212,#4839,#1258,.T.);
#6803=EDGE_CURVE('',#5211,#4840,#1259,.T.);
#6804=EDGE_CURVE('',#5210,#4841,#1260,.T.);
#6805=EDGE_CURVE('',#5209,#4842,#1261,.T.);
#6806=EDGE_CURVE('',#5208,#4843,#1262,.T.);
#6807=EDGE_CURVE('',#5207,#4844,#1263,.T.);
#6808=EDGE_CURVE('',#5206,#4845,#1264,.T.);
#6809=EDGE_CURVE('',#5205,#4846,#1265,.T.);
#6810=EDGE_CURVE('',#5204,#4847,#1266,.T.);
#6811=EDGE_CURVE('',#5203,#4848,#1267,.T.);
#6812=EDGE_CURVE('',#5202,#4849,#1268,.T.);
#6813=EDGE_CURVE('',#5201,#4850,#1269,.T.);
#6814=EDGE_CURVE('',#5200,#4851,#1270,.T.);
#6815=EDGE_CURVE('',#5199,#4852,#1271,.T.);
#6816=EDGE_CURVE('',#4754,#5559,#1272,.T.);
#6817=EDGE_CURVE('',#5560,#5559,#1273,.T.);
#6818=EDGE_CURVE('',#4755,#5560,#1274,.T.);
#6819=EDGE_CURVE('',#4753,#5561,#1275,.T.);
#6820=EDGE_CURVE('',#5559,#5561,#1276,.T.);
#6821=EDGE_CURVE('',#4752,#5562,#1277,.T.);
#6822=EDGE_CURVE('',#5561,#5562,#1278,.T.);
#6823=EDGE_CURVE('',#4751,#5563,#1279,.T.);
#6824=EDGE_CURVE('',#5562,#5563,#1280,.T.);
#6825=EDGE_CURVE('',#4750,#5564,#1281,.T.);
#6826=EDGE_CURVE('',#5563,#5564,#4580,.T.);
#6827=EDGE_CURVE('',#4749,#5565,#1282,.T.);
#6828=EDGE_CURVE('',#5564,#5565,#1283,.T.);
#6829=EDGE_CURVE('',#4748,#5566,#1284,.T.);
#6830=EDGE_CURVE('',#5565,#5566,#4581,.T.);
#6831=EDGE_CURVE('',#4747,#5567,#1285,.T.);
#6832=EDGE_CURVE('',#5566,#5567,#1286,.T.);
#6833=EDGE_CURVE('',#4746,#5568,#1287,.T.);
#6834=EDGE_CURVE('',#5567,#5568,#4582,.T.);
#6835=EDGE_CURVE('',#4745,#5569,#1288,.T.);
#6836=EDGE_CURVE('',#5568,#5569,#1289,.T.);
#6837=EDGE_CURVE('',#4744,#5570,#1290,.T.);
#6838=EDGE_CURVE('',#5569,#5570,#4583,.T.);
#6839=EDGE_CURVE('',#4743,#5571,#1291,.T.);
#6840=EDGE_CURVE('',#5570,#5571,#1292,.T.);
#6841=EDGE_CURVE('',#4742,#5572,#1293,.T.);
#6842=EDGE_CURVE('',#5571,#5572,#4584,.T.);
#6843=EDGE_CURVE('',#4741,#5573,#1294,.T.);
#6844=EDGE_CURVE('',#5572,#5573,#1295,.T.);
#6845=EDGE_CURVE('',#4740,#5574,#1296,.T.);
#6846=EDGE_CURVE('',#5573,#5574,#4585,.T.);
#6847=EDGE_CURVE('',#4739,#5575,#1297,.T.);
#6848=EDGE_CURVE('',#5574,#5575,#1298,.T.);
#6849=EDGE_CURVE('',#4738,#5576,#1299,.T.);
#6850=EDGE_CURVE('',#5575,#5576,#4586,.T.);
#6851=EDGE_CURVE('',#4737,#5577,#1300,.T.);
#6852=EDGE_CURVE('',#5576,#5577,#1301,.T.);
#6853=EDGE_CURVE('',#4736,#5578,#1302,.T.);
#6854=EDGE_CURVE('',#5577,#5578,#1303,.T.);
#6855=EDGE_CURVE('',#4735,#5579,#1304,.T.);
#6856=EDGE_CURVE('',#5578,#5579,#1305,.T.);
#6857=EDGE_CURVE('',#4734,#5580,#1306,.T.);
#6858=EDGE_CURVE('',#5579,#5580,#4587,.T.);
#6859=EDGE_CURVE('',#4733,#5581,#1307,.T.);
#6860=EDGE_CURVE('',#5580,#5581,#1308,.T.);
#6861=EDGE_CURVE('',#4732,#5582,#1309,.T.);
#6862=EDGE_CURVE('',#5581,#5582,#4588,.T.);
#6863=EDGE_CURVE('',#4731,#5583,#1310,.T.);
#6864=EDGE_CURVE('',#5582,#5583,#1311,.T.);
#6865=EDGE_CURVE('',#4730,#5584,#1312,.T.);
#6866=EDGE_CURVE('',#5583,#5584,#4589,.T.);
#6867=EDGE_CURVE('',#4729,#5585,#1313,.T.);
#6868=EDGE_CURVE('',#5584,#5585,#1314,.T.);
#6869=EDGE_CURVE('',#4728,#5586,#1315,.T.);
#6870=EDGE_CURVE('',#5585,#5586,#4590,.T.);
#6871=EDGE_CURVE('',#4727,#5587,#1316,.T.);
#6872=EDGE_CURVE('',#5586,#5587,#1317,.T.);
#6873=EDGE_CURVE('',#4726,#5588,#1318,.T.);
#6874=EDGE_CURVE('',#5587,#5588,#4591,.T.);
#6875=EDGE_CURVE('',#4725,#5589,#1319,.T.);
#6876=EDGE_CURVE('',#5588,#5589,#1320,.T.);
#6877=EDGE_CURVE('',#4724,#5590,#1321,.T.);
#6878=EDGE_CURVE('',#5589,#5590,#4592,.T.);
#6879=EDGE_CURVE('',#4723,#5591,#1322,.T.);
#6880=EDGE_CURVE('',#5590,#5591,#1323,.T.);
#6881=EDGE_CURVE('',#4722,#5592,#1324,.T.);
#6882=EDGE_CURVE('',#5591,#5592,#4593,.T.);
#6883=EDGE_CURVE('',#4721,#5593,#1325,.T.);
#6884=EDGE_CURVE('',#5592,#5593,#1326,.T.);
#6885=EDGE_CURVE('',#4720,#5594,#1327,.T.);
#6886=EDGE_CURVE('',#5593,#5594,#4594,.T.);
#6887=EDGE_CURVE('',#4719,#5595,#1328,.T.);
#6888=EDGE_CURVE('',#5594,#5595,#1329,.T.);
#6889=EDGE_CURVE('',#4718,#5596,#1330,.T.);
#6890=EDGE_CURVE('',#5595,#5596,#1331,.T.);
#6891=EDGE_CURVE('',#4717,#5597,#1332,.T.);
#6892=EDGE_CURVE('',#5596,#5597,#1333,.T.);
#6893=EDGE_CURVE('',#4716,#5598,#1334,.T.);
#6894=EDGE_CURVE('',#5597,#5598,#4595,.T.);
#6895=EDGE_CURVE('',#4715,#5599,#1335,.T.);
#6896=EDGE_CURVE('',#5598,#5599,#1336,.T.);
#6897=EDGE_CURVE('',#4714,#5600,#1337,.T.);
#6898=EDGE_CURVE('',#5599,#5600,#4596,.T.);
#6899=EDGE_CURVE('',#4713,#5601,#1338,.T.);
#6900=EDGE_CURVE('',#5600,#5601,#1339,.T.);
#6901=EDGE_CURVE('',#4712,#5602,#1340,.T.);
#6902=EDGE_CURVE('',#5601,#5602,#4597,.T.);
#6903=EDGE_CURVE('',#4711,#5603,#1341,.T.);
#6904=EDGE_CURVE('',#5602,#5603,#1342,.T.);
#6905=EDGE_CURVE('',#4710,#5604,#1343,.T.);
#6906=EDGE_CURVE('',#5603,#5604,#4598,.T.);
#6907=EDGE_CURVE('',#4709,#5605,#1344,.T.);
#6908=EDGE_CURVE('',#5604,#5605,#1345,.T.);
#6909=EDGE_CURVE('',#4708,#5606,#1346,.T.);
#6910=EDGE_CURVE('',#5605,#5606,#4599,.T.);
#6911=EDGE_CURVE('',#4707,#5607,#1347,.T.);
#6912=EDGE_CURVE('',#5606,#5607,#1348,.T.);
#6913=EDGE_CURVE('',#4706,#5608,#1349,.T.);
#6914=EDGE_CURVE('',#5607,#5608,#4600,.T.);
#6915=EDGE_CURVE('',#4705,#5609,#1350,.T.);
#6916=EDGE_CURVE('',#5608,#5609,#1351,.T.);
#6917=EDGE_CURVE('',#4704,#5610,#1352,.T.);
#6918=EDGE_CURVE('',#5609,#5610,#4601,.T.);
#6919=EDGE_CURVE('',#4703,#5611,#1353,.T.);
#6920=EDGE_CURVE('',#5610,#5611,#1354,.T.);
#6921=EDGE_CURVE('',#4702,#5612,#1355,.T.);
#6922=EDGE_CURVE('',#5611,#5612,#4602,.T.);
#6923=EDGE_CURVE('',#4701,#5613,#1356,.T.);
#6924=EDGE_CURVE('',#5612,#5613,#1357,.T.);
#6925=EDGE_CURVE('',#4700,#5614,#1358,.T.);
#6926=EDGE_CURVE('',#5613,#5614,#4603,.T.);
#6927=EDGE_CURVE('',#4699,#5615,#1359,.T.);
#6928=EDGE_CURVE('',#5614,#5615,#1360,.T.);
#6929=EDGE_CURVE('',#4698,#5616,#1361,.T.);
#6930=EDGE_CURVE('',#5615,#5616,#1362,.T.);
#6931=EDGE_CURVE('',#4697,#5617,#1363,.T.);
#6932=EDGE_CURVE('',#5616,#5617,#1364,.T.);
#6933=EDGE_CURVE('',#4696,#5618,#1365,.T.);
#6934=EDGE_CURVE('',#5617,#5618,#1366,.T.);
#6935=EDGE_CURVE('',#4695,#5619,#1367,.T.);
#6936=EDGE_CURVE('',#5618,#5619,#4604,.T.);
#6937=EDGE_CURVE('',#4694,#5620,#1368,.T.);
#6938=EDGE_CURVE('',#5619,#5620,#1369,.T.);
#6939=EDGE_CURVE('',#4693,#5621,#1370,.T.);
#6940=EDGE_CURVE('',#5620,#5621,#4605,.T.);
#6941=EDGE_CURVE('',#4692,#5622,#1371,.T.);
#6942=EDGE_CURVE('',#5621,#5622,#1372,.T.);
#6943=EDGE_CURVE('',#4691,#5623,#1373,.T.);
#6944=EDGE_CURVE('',#5622,#5623,#4606,.T.);
#6945=EDGE_CURVE('',#4690,#5624,#1374,.T.);
#6946=EDGE_CURVE('',#5623,#5624,#1375,.T.);
#6947=EDGE_CURVE('',#4689,#5625,#1376,.T.);
#6948=EDGE_CURVE('',#5624,#5625,#4607,.T.);
#6949=EDGE_CURVE('',#5307,#5109,#1377,.T.);
#6950=EDGE_CURVE('',#5308,#5108,#1378,.T.);
#6951=EDGE_CURVE('',#5306,#5110,#1379,.T.);
#6952=EDGE_CURVE('',#5305,#4965,#1380,.T.);
#6953=EDGE_CURVE('',#5304,#4966,#1381,.T.);
#6954=EDGE_CURVE('',#5303,#4967,#1382,.T.);
#6955=EDGE_CURVE('',#5302,#4968,#1383,.T.);
#6956=EDGE_CURVE('',#5301,#4969,#1384,.T.);
#6957=EDGE_CURVE('',#5300,#4970,#1385,.T.);
#6958=EDGE_CURVE('',#5299,#4971,#1386,.T.);
#6959=EDGE_CURVE('',#5298,#4972,#1387,.T.);
#6960=EDGE_CURVE('',#5297,#4973,#1388,.T.);
#6961=EDGE_CURVE('',#5296,#4974,#1389,.T.);
#6962=EDGE_CURVE('',#5295,#4975,#1390,.T.);
#6963=EDGE_CURVE('',#5294,#4976,#1391,.T.);
#6964=EDGE_CURVE('',#5293,#4977,#1392,.T.);
#6965=EDGE_CURVE('',#5292,#4978,#1393,.T.);
#6966=EDGE_CURVE('',#5291,#4979,#1394,.T.);
#6967=EDGE_CURVE('',#5290,#4980,#1395,.T.);
#6968=EDGE_CURVE('',#5289,#4981,#1396,.T.);
#6969=EDGE_CURVE('',#5288,#4982,#1397,.T.);
#6970=EDGE_CURVE('',#5287,#4983,#1398,.T.);
#6971=EDGE_CURVE('',#5286,#4984,#1399,.T.);
#6972=EDGE_CURVE('',#5285,#4985,#1400,.T.);
#6973=EDGE_CURVE('',#5284,#4986,#1401,.T.);
#6974=EDGE_CURVE('',#5283,#4987,#1402,.T.);
#6975=EDGE_CURVE('',#5282,#4988,#1403,.T.);
#6976=EDGE_CURVE('',#5281,#4989,#1404,.T.);
#6977=EDGE_CURVE('',#5280,#4990,#1405,.T.);
#6978=EDGE_CURVE('',#5279,#4991,#1406,.T.);
#6979=EDGE_CURVE('',#5278,#4992,#1407,.T.);
#6980=EDGE_CURVE('',#5277,#4993,#1408,.T.);
#6981=EDGE_CURVE('',#5276,#4994,#1409,.T.);
#6982=EDGE_CURVE('',#5275,#4995,#1410,.T.);
#6983=EDGE_CURVE('',#5274,#4996,#1411,.T.);
#6984=EDGE_CURVE('',#5273,#4997,#1412,.T.);
#6985=EDGE_CURVE('',#5272,#4998,#1413,.T.);
#6986=EDGE_CURVE('',#5271,#4999,#1414,.T.);
#6987=EDGE_CURVE('',#5270,#5000,#1415,.T.);
#6988=EDGE_CURVE('',#5408,#5003,#1416,.T.);
#6989=EDGE_CURVE('',#5407,#5004,#1417,.T.);
#6990=EDGE_CURVE('',#5406,#5005,#1418,.T.);
#6991=EDGE_CURVE('',#5405,#5006,#1419,.T.);
#6992=EDGE_CURVE('',#5404,#5007,#1420,.T.);
#6993=EDGE_CURVE('',#5403,#5008,#1421,.T.);
#6994=EDGE_CURVE('',#5402,#5009,#1422,.T.);
#6995=EDGE_CURVE('',#5401,#5010,#1423,.T.);
#6996=EDGE_CURVE('',#5400,#5011,#1424,.T.);
#6997=EDGE_CURVE('',#5399,#5012,#1425,.T.);
#6998=EDGE_CURVE('',#5398,#5013,#1426,.T.);
#6999=EDGE_CURVE('',#5397,#5014,#1427,.T.);
#7000=EDGE_CURVE('',#5396,#5015,#1428,.T.);
#7001=EDGE_CURVE('',#5395,#5016,#1429,.T.);
#7002=EDGE_CURVE('',#5394,#5017,#1430,.T.);
#7003=EDGE_CURVE('',#5393,#5018,#1431,.T.);
#7004=EDGE_CURVE('',#5392,#5019,#1432,.T.);
#7005=EDGE_CURVE('',#5391,#5020,#1433,.T.);
#7006=EDGE_CURVE('',#5390,#5021,#1434,.T.);
#7007=EDGE_CURVE('',#5389,#5022,#1435,.T.);
#7008=EDGE_CURVE('',#5388,#5023,#1436,.T.);
#7009=EDGE_CURVE('',#5387,#5024,#1437,.T.);
#7010=EDGE_CURVE('',#5386,#5025,#1438,.T.);
#7011=EDGE_CURVE('',#5385,#5026,#1439,.T.);
#7012=EDGE_CURVE('',#5384,#5027,#1440,.T.);
#7013=EDGE_CURVE('',#5383,#5028,#1441,.T.);
#7014=EDGE_CURVE('',#5382,#5029,#1442,.T.);
#7015=EDGE_CURVE('',#5381,#5030,#1443,.T.);
#7016=EDGE_CURVE('',#5380,#5031,#1444,.T.);
#7017=EDGE_CURVE('',#5379,#5032,#1445,.T.);
#7018=EDGE_CURVE('',#5378,#5033,#1446,.T.);
#7019=EDGE_CURVE('',#5377,#5034,#1447,.T.);
#7020=EDGE_CURVE('',#4688,#5626,#1448,.T.);
#7021=EDGE_CURVE('',#5625,#5626,#1449,.T.);
#7022=EDGE_CURVE('',#4687,#5627,#1450,.T.);
#7023=EDGE_CURVE('',#5626,#5627,#4608,.T.);
#7024=EDGE_CURVE('',#4686,#5628,#1451,.T.);
#7025=EDGE_CURVE('',#5627,#5628,#1452,.T.);
#7026=EDGE_CURVE('',#4685,#5629,#1453,.T.);
#7027=EDGE_CURVE('',#5628,#5629,#1454,.T.);
#7028=EDGE_CURVE('',#4684,#5630,#1455,.T.);
#7029=EDGE_CURVE('',#5629,#5630,#1456,.T.);
#7030=EDGE_CURVE('',#4683,#5631,#1457,.T.);
#7031=EDGE_CURVE('',#5630,#5631,#1458,.T.);
#7032=EDGE_CURVE('',#4682,#5632,#1459,.T.);
#7033=EDGE_CURVE('',#5631,#5632,#4609,.T.);
#7034=EDGE_CURVE('',#4681,#4961,#1460,.T.);
#7035=EDGE_CURVE('',#5632,#4961,#1461,.T.);
#7036=EDGE_CURVE('',#4962,#4680,#1462,.T.);
#7037=EDGE_CURVE('',#4679,#5633,#1463,.T.);
#7038=EDGE_CURVE('',#4962,#5633,#1464,.T.);
#7039=EDGE_CURVE('',#5376,#5035,#1465,.T.);
#7040=EDGE_CURVE('',#5375,#5036,#1466,.T.);
#7041=EDGE_CURVE('',#5374,#5042,#1467,.T.);
#7042=EDGE_CURVE('',#5373,#5043,#1468,.T.);
#7043=EDGE_CURVE('',#5372,#5044,#1469,.T.);
#7044=EDGE_CURVE('',#5371,#5045,#1470,.T.);
#7045=EDGE_CURVE('',#5370,#5046,#1471,.T.);
#7046=EDGE_CURVE('',#5369,#5047,#1472,.T.);
#7047=EDGE_CURVE('',#5368,#5048,#1473,.T.);
#7048=EDGE_CURVE('',#5367,#5049,#1474,.T.);
#7049=EDGE_CURVE('',#5366,#5050,#1475,.T.);
#7050=EDGE_CURVE('',#5365,#5051,#1476,.T.);
#7051=EDGE_CURVE('',#5364,#5052,#1477,.T.);
#7052=EDGE_CURVE('',#5363,#5053,#1478,.T.);
#7053=EDGE_CURVE('',#5362,#5054,#1479,.T.);
#7054=EDGE_CURVE('',#5361,#5055,#1480,.T.);
#7055=EDGE_CURVE('',#5360,#5056,#1481,.T.);
#7056=EDGE_CURVE('',#5359,#5057,#1482,.T.);
#7057=EDGE_CURVE('',#5358,#5058,#1483,.T.);
#7058=EDGE_CURVE('',#5357,#5059,#1484,.T.);
#7059=EDGE_CURVE('',#5356,#5060,#1485,.T.);
#7060=EDGE_CURVE('',#5355,#5061,#1486,.T.);
#7061=EDGE_CURVE('',#5354,#5062,#1487,.T.);
#7062=EDGE_CURVE('',#5353,#5063,#1488,.T.);
#7063=EDGE_CURVE('',#5352,#5064,#1489,.T.);
#7064=EDGE_CURVE('',#5351,#5065,#1490,.T.);
#7065=EDGE_CURVE('',#5350,#5066,#1491,.T.);
#7066=EDGE_CURVE('',#5349,#5067,#1492,.T.);
#7067=EDGE_CURVE('',#5348,#5068,#1493,.T.);
#7068=EDGE_CURVE('',#5347,#5069,#1494,.T.);
#7069=EDGE_CURVE('',#5346,#5070,#1495,.T.);
#7070=EDGE_CURVE('',#5345,#5071,#1496,.T.);
#7071=EDGE_CURVE('',#5344,#5072,#1497,.T.);
#7072=EDGE_CURVE('',#5343,#5073,#1498,.T.);
#7073=EDGE_CURVE('',#5342,#5074,#1499,.T.);
#7074=EDGE_CURVE('',#5341,#5075,#1500,.T.);
#7075=EDGE_CURVE('',#5340,#5076,#1501,.T.);
#7076=EDGE_CURVE('',#5339,#5077,#1502,.T.);
#7077=EDGE_CURVE('',#5338,#5078,#1503,.T.);
#7078=EDGE_CURVE('',#5337,#5079,#1504,.T.);
#7079=EDGE_CURVE('',#5336,#5080,#1505,.T.);
#7080=EDGE_CURVE('',#5335,#5081,#1506,.T.);
#7081=EDGE_CURVE('',#5334,#5082,#1507,.T.);
#7082=EDGE_CURVE('',#5333,#5083,#1508,.T.);
#7083=EDGE_CURVE('',#5332,#5084,#1509,.T.);
#7084=EDGE_CURVE('',#5331,#5085,#1510,.T.);
#7085=EDGE_CURVE('',#5330,#5086,#1511,.T.);
#7086=EDGE_CURVE('',#5329,#5087,#1512,.T.);
#7087=EDGE_CURVE('',#5328,#5088,#1513,.T.);
#7088=EDGE_CURVE('',#5327,#5089,#1514,.T.);
#7089=EDGE_CURVE('',#5326,#5090,#1515,.T.);
#7090=EDGE_CURVE('',#5325,#5091,#1516,.T.);
#7091=EDGE_CURVE('',#5324,#5092,#1517,.T.);
#7092=EDGE_CURVE('',#5323,#5093,#1518,.T.);
#7093=EDGE_CURVE('',#5322,#5094,#1519,.T.);
#7094=EDGE_CURVE('',#5321,#5095,#1520,.T.);
#7095=EDGE_CURVE('',#5320,#5096,#1521,.T.);
#7096=EDGE_CURVE('',#5319,#5097,#1522,.T.);
#7097=EDGE_CURVE('',#5318,#5098,#1523,.T.);
#7098=EDGE_CURVE('',#5317,#5099,#1524,.T.);
#7099=EDGE_CURVE('',#5316,#5100,#1525,.T.);
#7100=EDGE_CURVE('',#5315,#5101,#1526,.T.);
#7101=EDGE_CURVE('',#5314,#5102,#1527,.T.);
#7102=EDGE_CURVE('',#5313,#5103,#1528,.T.);
#7103=EDGE_CURVE('',#5312,#5104,#1529,.T.);
#7104=EDGE_CURVE('',#5311,#5105,#1530,.T.);
#7105=EDGE_CURVE('',#5310,#5106,#1531,.T.);
#7106=EDGE_CURVE('',#5309,#5107,#1532,.T.);
#7107=EDGE_CURVE('',#5494,#5568,#72,.T.);
#7108=EDGE_CURVE('',#5495,#5569,#73,.T.);
#7109=EDGE_CURVE('',#5566,#5492,#1533,.T.);
#7110=EDGE_CURVE('',#5491,#5565,#74,.T.);
#7111=EDGE_CURVE('',#5490,#5564,#75,.T.);
#7112=EDGE_CURVE('',#5489,#5563,#76,.T.);
#7113=EDGE_CURVE('',#5488,#5562,#1534,.T.);
#7114=EDGE_CURVE('',#5487,#5561,#1535,.T.);
#7115=EDGE_CURVE('',#5486,#5559,#1536,.T.);
#7116=EDGE_CURVE('',#5485,#5560,#77,.T.);
#7117=EDGE_CURVE('',#5484,#5634,#78,.T.);
#7118=EDGE_CURVE('',#5634,#5560,#4610,.T.);
#7119=EDGE_CURVE('',#5483,#5635,#1537,.T.);
#7120=EDGE_CURVE('',#5635,#5634,#1538,.T.);
#7121=EDGE_CURVE('',#5482,#5636,#1539,.T.);
#7122=EDGE_CURVE('',#5636,#5635,#1540,.T.);
#7123=EDGE_CURVE('',#5481,#5637,#1541,.T.);
#7124=EDGE_CURVE('',#5637,#5636,#1542,.T.);
#7125=EDGE_CURVE('',#5480,#5638,#1543,.T.);
#7126=EDGE_CURVE('',#5638,#5637,#1544,.T.);
#7127=EDGE_CURVE('',#5583,#5509,#1545,.T.);
#7128=EDGE_CURVE('',#5508,#5582,#1546,.T.);
#7129=EDGE_CURVE('',#5479,#5639,#1547,.T.);
#7130=EDGE_CURVE('',#5639,#5638,#1548,.T.);
#7131=EDGE_CURVE('',#5478,#5640,#1549,.T.);
#7132=EDGE_CURVE('',#5640,#5639,#1550,.T.);
#7133=EDGE_CURVE('',#5477,#5641,#1551,.T.);
#7134=EDGE_CURVE('',#5641,#5640,#1552,.T.);
#7135=EDGE_CURVE('',#5476,#5642,#1553,.T.);
#7136=EDGE_CURVE('',#5642,#5641,#1554,.T.);
#7137=EDGE_CURVE('',#5475,#5643,#1555,.T.);
#7138=EDGE_CURVE('',#5643,#5642,#1556,.T.);
#7139=EDGE_CURVE('',#5474,#5644,#1557,.T.);
#7140=EDGE_CURVE('',#5644,#5643,#1558,.T.);
#7141=EDGE_CURVE('',#5645,#5646,#4611,.T.);
#7142=EDGE_CURVE('',#5646,#5473,#1559,.T.);
#7143=EDGE_CURVE('',#5472,#5645,#79,.T.);
#7144=EDGE_CURVE('',#5471,#5647,#80,.T.);
#7145=EDGE_CURVE('',#5647,#5645,#1560,.T.);
#7146=EDGE_CURVE('',#5470,#5648,#81,.T.);
#7147=EDGE_CURVE('',#5648,#5647,#4612,.T.);
#7148=EDGE_CURVE('',#5469,#5649,#82,.T.);
#7149=EDGE_CURVE('',#5649,#5648,#1561,.T.);
#7150=EDGE_CURVE('',#5468,#5650,#83,.T.);
#7151=EDGE_CURVE('',#5650,#5649,#4613,.T.);
#7152=EDGE_CURVE('',#5467,#5651,#84,.T.);
#7153=EDGE_CURVE('',#5651,#5650,#1562,.T.);
#7154=EDGE_CURVE('',#5466,#5652,#85,.T.);
#7155=EDGE_CURVE('',#5652,#5651,#4614,.T.);
#7156=EDGE_CURVE('',#5465,#5653,#86,.T.);
#7157=EDGE_CURVE('',#5653,#5652,#1563,.T.);
#7158=EDGE_CURVE('',#5464,#5654,#87,.T.);
#7159=EDGE_CURVE('',#5654,#5653,#4615,.T.);
#7160=EDGE_CURVE('',#5655,#5463,#88,.T.);
#7161=EDGE_CURVE('',#5462,#5656,#89,.T.);
#7162=EDGE_CURVE('',#5656,#5655,#4616,.T.);
#7163=EDGE_CURVE('',#5601,#5527,#1564,.T.);
#7164=EDGE_CURVE('',#5526,#5600,#1565,.T.);
#7165=EDGE_CURVE('',#5461,#5657,#90,.T.);
#7166=EDGE_CURVE('',#5657,#5656,#1566,.T.);
#7167=EDGE_CURVE('',#4932,#5460,#1567,.T.);
#7168=EDGE_CURVE('',#5459,#4933,#1568,.T.);
#7169=EDGE_CURVE('',#5458,#5658,#91,.T.);
#7170=EDGE_CURVE('',#5658,#4933,#1569,.T.);
#7171=EDGE_CURVE('',#5457,#5659,#92,.T.);
#7172=EDGE_CURVE('',#5659,#5658,#4617,.T.);
#7173=EDGE_CURVE('',#5456,#5660,#93,.T.);
#7174=EDGE_CURVE('',#5660,#5659,#1570,.T.);
#7175=EDGE_CURVE('',#5661,#5454,#94,.T.);
#7176=EDGE_CURVE('',#5453,#5662,#95,.T.);
#7177=EDGE_CURVE('',#5662,#5661,#4618,.T.);
#7178=EDGE_CURVE('',#5663,#5452,#96,.T.);
#7179=EDGE_CURVE('',#5451,#5664,#97,.T.);
#7180=EDGE_CURVE('',#5664,#5663,#4619,.T.);
#7181=EDGE_CURVE('',#5612,#5538,#98,.T.);
#7182=EDGE_CURVE('',#5537,#5611,#99,.T.);
#7183=EDGE_CURVE('',#5450,#5665,#100,.T.);
#7184=EDGE_CURVE('',#5665,#5664,#1571,.T.);
#7185=EDGE_CURVE('',#5449,#5666,#101,.T.);
#7186=EDGE_CURVE('',#5666,#5665,#4620,.T.);
#7187=EDGE_CURVE('',#5448,#5667,#102,.T.);
#7188=EDGE_CURVE('',#5667,#5666,#1572,.T.);
#7189=EDGE_CURVE('',#5447,#5668,#103,.T.);
#7190=EDGE_CURVE('',#5668,#5667,#4621,.T.);
#7191=EDGE_CURVE('',#5446,#5669,#104,.T.);
#7192=EDGE_CURVE('',#5669,#5668,#1573,.T.);
#7193=EDGE_CURVE('',#5617,#5543,#1574,.T.);
#7194=EDGE_CURVE('',#5542,#5616,#1575,.T.);
#7195=EDGE_CURVE('',#5618,#5544,#1576,.T.);
#7196=EDGE_CURVE('',#5670,#5671,#1577,.T.);
#7197=EDGE_CURVE('',#5671,#5445,#1578,.T.);
#7198=EDGE_CURVE('',#5444,#5670,#1579,.T.);
#7199=EDGE_CURVE('',#5443,#5672,#1580,.T.);
#7200=EDGE_CURVE('',#5672,#5670,#1581,.T.);
#7201=EDGE_CURVE('',#5442,#5673,#1582,.T.);
#7202=EDGE_CURVE('',#5673,#5672,#1583,.T.);
#7203=EDGE_CURVE('',#5441,#5674,#105,.T.);
#7204=EDGE_CURVE('',#5674,#5673,#1584,.T.);
#7205=EDGE_CURVE('',#5675,#5437,#106,.T.);
#7206=EDGE_CURVE('',#5436,#5676,#107,.T.);
#7207=EDGE_CURVE('',#5676,#5675,#4622,.T.);
#7208=EDGE_CURVE('',#5677,#5435,#108,.T.);
#7209=EDGE_CURVE('',#5434,#5678,#109,.T.);
#7210=EDGE_CURVE('',#5678,#5677,#4623,.T.);
#7211=EDGE_CURVE('',#5433,#5679,#110,.T.);
#7212=EDGE_CURVE('',#5679,#5678,#1585,.T.);
#7213=EDGE_CURVE('',#5432,#5680,#111,.T.);
#7214=EDGE_CURVE('',#5680,#5679,#4624,.T.);
#7215=EDGE_CURVE('',#5431,#5681,#1586,.T.);
#7216=EDGE_CURVE('',#5681,#5680,#1587,.T.);
#7217=EDGE_CURVE('',#5430,#5682,#1588,.T.);
#7218=EDGE_CURVE('',#5682,#5681,#1589,.T.);
#7219=EDGE_CURVE('',#5429,#5633,#1590,.T.);
#7220=EDGE_CURVE('',#5633,#5682,#1591,.T.);
#7221=EDGE_CURVE('',#5558,#5632,#112,.T.);
#7222=EDGE_CURVE('',#5557,#5631,#1592,.T.);
#7223=EDGE_CURVE('',#5556,#5630,#1593,.T.);
#7224=EDGE_CURVE('',#5555,#5629,#1594,.T.);
#7225=EDGE_CURVE('',#5554,#5628,#1595,.T.);
#7226=EDGE_CURVE('',#5553,#5627,#113,.T.);
#7227=EDGE_CURVE('',#5677,#5676,#1596,.T.);
#7228=EDGE_CURVE('',#5552,#5626,#114,.T.);
#7229=EDGE_CURVE('',#5551,#5625,#115,.T.);
#7230=EDGE_CURVE('',#5683,#5438,#1597,.T.);
#7231=EDGE_CURVE('',#5675,#5683,#1598,.T.);
#7232=EDGE_CURVE('',#5550,#5624,#116,.T.);
#7233=EDGE_CURVE('',#5684,#5439,#117,.T.);
#7234=EDGE_CURVE('',#5683,#5684,#4625,.T.);
#7235=EDGE_CURVE('',#5549,#5623,#118,.T.);
#7236=EDGE_CURVE('',#5685,#5440,#1599,.T.);
#7237=EDGE_CURVE('',#5684,#5685,#1600,.T.);
#7238=EDGE_CURVE('',#5548,#5622,#119,.T.);
#7239=EDGE_CURVE('',#5685,#5674,#4626,.T.);
#7240=EDGE_CURVE('',#5547,#5621,#120,.T.);
#7241=EDGE_CURVE('',#5546,#5620,#121,.T.);
#7242=EDGE_CURVE('',#5545,#5619,#122,.T.);
#7243=EDGE_CURVE('',#5671,#5669,#4627,.T.);
#7244=EDGE_CURVE('',#5541,#5615,#1601,.T.);
#7245=EDGE_CURVE('',#5540,#5614,#123,.T.);
#7246=EDGE_CURVE('',#5539,#5613,#1602,.T.);
#7247=EDGE_CURVE('',#5536,#5610,#124,.T.);
#7248=EDGE_CURVE('',#5663,#5662,#1603,.T.);
#7249=EDGE_CURVE('',#5535,#5609,#125,.T.);
#7250=EDGE_CURVE('',#5534,#5608,#126,.T.);
#7251=EDGE_CURVE('',#5686,#5455,#1604,.T.);
#7252=EDGE_CURVE('',#5661,#5686,#1605,.T.);
#7253=EDGE_CURVE('',#5533,#5607,#127,.T.);
#7254=EDGE_CURVE('',#5686,#5660,#4628,.T.);
#7255=EDGE_CURVE('',#5532,#5606,#128,.T.);
#7256=EDGE_CURVE('',#5531,#5605,#129,.T.);
#7257=EDGE_CURVE('',#5530,#5604,#130,.T.);
#7258=EDGE_CURVE('',#5529,#5603,#131,.T.);
#7259=EDGE_CURVE('',#5528,#5602,#132,.T.);
#7260=EDGE_CURVE('',#4932,#5657,#4629,.T.);
#7261=EDGE_CURVE('',#5525,#5599,#133,.T.);
#7262=EDGE_CURVE('',#5655,#5654,#1606,.T.);
#7263=EDGE_CURVE('',#5524,#5598,#134,.T.);
#7264=EDGE_CURVE('',#5523,#5597,#1607,.T.);
#7265=EDGE_CURVE('',#5522,#5596,#1608,.T.);
#7266=EDGE_CURVE('',#5521,#5595,#1609,.T.);
#7267=EDGE_CURVE('',#5520,#5594,#135,.T.);
#7268=EDGE_CURVE('',#5519,#5593,#136,.T.);
#7269=EDGE_CURVE('',#5518,#5592,#137,.T.);
#7270=EDGE_CURVE('',#5517,#5591,#138,.T.);
#7271=EDGE_CURVE('',#5516,#5590,#139,.T.);
#7272=EDGE_CURVE('',#5515,#5589,#140,.T.);
#7273=EDGE_CURVE('',#5646,#5644,#1610,.T.);
#7274=EDGE_CURVE('',#5514,#5588,#141,.T.);
#7275=EDGE_CURVE('',#5513,#5587,#142,.T.);
#7276=EDGE_CURVE('',#5512,#5586,#143,.T.);
#7277=EDGE_CURVE('',#5511,#5585,#144,.T.);
#7278=EDGE_CURVE('',#5510,#5584,#145,.T.);
#7279=EDGE_CURVE('',#5507,#5581,#146,.T.);
#7280=EDGE_CURVE('',#5506,#5580,#147,.T.);
#7281=EDGE_CURVE('',#5505,#5579,#1611,.T.);
#7282=EDGE_CURVE('',#5504,#5578,#1612,.T.);
#7283=EDGE_CURVE('',#5503,#5577,#1613,.T.);
#7284=EDGE_CURVE('',#5502,#5576,#148,.T.);
#7285=EDGE_CURVE('',#5501,#5575,#149,.T.);
#7286=EDGE_CURVE('',#5500,#5574,#150,.T.);
#7287=EDGE_CURVE('',#5499,#5573,#151,.T.);
#7288=EDGE_CURVE('',#5498,#5572,#152,.T.);
#7289=EDGE_CURVE('',#5497,#5571,#153,.T.);
#7290=EDGE_CURVE('',#5496,#5570,#154,.T.);
#7291=EDGE_CURVE('',#5567,#5493,#1614,.T.);
#7292=EDGE_CURVE('',#4756,#5634,#1615,.T.);
#7293=EDGE_CURVE('',#4757,#5635,#1616,.T.);
#7294=EDGE_CURVE('',#4758,#5636,#1617,.T.);
#7295=EDGE_CURVE('',#4759,#5637,#1618,.T.);
#7296=EDGE_CURVE('',#4760,#5638,#1619,.T.);
#7297=EDGE_CURVE('',#4761,#5639,#1620,.T.);
#7298=EDGE_CURVE('',#4762,#5640,#1621,.T.);
#7299=EDGE_CURVE('',#4763,#5641,#1622,.T.);
#7300=EDGE_CURVE('',#4764,#5642,#1623,.T.);
#7301=EDGE_CURVE('',#4765,#5643,#1624,.T.);
#7302=EDGE_CURVE('',#4766,#5644,#1625,.T.);
#7303=EDGE_CURVE('',#4767,#5646,#1626,.T.);
#7304=EDGE_CURVE('',#4768,#5645,#1627,.T.);
#7305=EDGE_CURVE('',#4769,#5647,#1628,.T.);
#7306=EDGE_CURVE('',#4770,#5648,#1629,.T.);
#7307=EDGE_CURVE('',#4771,#5649,#1630,.T.);
#7308=EDGE_CURVE('',#4772,#5650,#1631,.T.);
#7309=EDGE_CURVE('',#4773,#5651,#1632,.T.);
#7310=EDGE_CURVE('',#4774,#5652,#1633,.T.);
#7311=EDGE_CURVE('',#4775,#5653,#1634,.T.);
#7312=EDGE_CURVE('',#4776,#5654,#1635,.T.);
#7313=EDGE_CURVE('',#4777,#5655,#1636,.T.);
#7314=EDGE_CURVE('',#4778,#5656,#1637,.T.);
#7315=EDGE_CURVE('',#4779,#5657,#1638,.T.);
#7316=EDGE_CURVE('',#4661,#5658,#1639,.T.);
#7317=EDGE_CURVE('',#4662,#5659,#1640,.T.);
#7318=EDGE_CURVE('',#4663,#5660,#1641,.T.);
#7319=EDGE_CURVE('',#4664,#5686,#1642,.T.);
#7320=EDGE_CURVE('',#4665,#5661,#1643,.T.);
#7321=EDGE_CURVE('',#4666,#5662,#1644,.T.);
#7322=EDGE_CURVE('',#4667,#5663,#1645,.T.);
#7323=EDGE_CURVE('',#4668,#5664,#1646,.T.);
#7324=EDGE_CURVE('',#4669,#5665,#1647,.T.);
#7325=EDGE_CURVE('',#4670,#5666,#1648,.T.);
#7326=EDGE_CURVE('',#4671,#5667,#1649,.T.);
#7327=EDGE_CURVE('',#4672,#5668,#1650,.T.);
#7328=EDGE_CURVE('',#4673,#5669,#1651,.T.);
#7329=EDGE_CURVE('',#4674,#5671,#1652,.T.);
#7330=EDGE_CURVE('',#4675,#5670,#1653,.T.);
#7331=EDGE_CURVE('',#4676,#5672,#1654,.T.);
#7332=EDGE_CURVE('',#4677,#5673,#1655,.T.);
#7333=EDGE_CURVE('',#4649,#5674,#1656,.T.);
#7334=EDGE_CURVE('',#4635,#5685,#1657,.T.);
#7335=EDGE_CURVE('',#4636,#5684,#1658,.T.);
#7336=EDGE_CURVE('',#4637,#5683,#1659,.T.);
#7337=EDGE_CURVE('',#4638,#5675,#1660,.T.);
#7338=EDGE_CURVE('',#4639,#5676,#1661,.T.);
#7339=EDGE_CURVE('',#4640,#5677,#1662,.T.);
#7340=EDGE_CURVE('',#4641,#5678,#1663,.T.);
#7341=EDGE_CURVE('',#4678,#5682,#1664,.T.);
#7342=EDGE_CURVE('',#4646,#5681,#1665,.T.);
#7343=EDGE_CURVE('',#4643,#5680,#1666,.T.);
#7344=EDGE_CURVE('',#4642,#5679,#1667,.T.);
#7345=ORIENTED_EDGE('',*,*,#5687,.T.);
#7346=ORIENTED_EDGE('',*,*,#5688,.T.);
#7347=ORIENTED_EDGE('',*,*,#5689,.T.);
#7348=ORIENTED_EDGE('',*,*,#5688,.F.);
#7349=ORIENTED_EDGE('',*,*,#5689,.F.);
#7350=ORIENTED_EDGE('',*,*,#5690,.T.);
#7351=ORIENTED_EDGE('',*,*,#5691,.T.);
#7352=ORIENTED_EDGE('',*,*,#5690,.F.);
#7353=ORIENTED_EDGE('',*,*,#5692,.F.);
#7354=ORIENTED_EDGE('',*,*,#5693,.F.);
#7355=ORIENTED_EDGE('',*,*,#5694,.F.);
#7356=ORIENTED_EDGE('',*,*,#5695,.F.);
#7357=ORIENTED_EDGE('',*,*,#5696,.F.);
#7358=ORIENTED_EDGE('',*,*,#5697,.F.);
#7359=ORIENTED_EDGE('',*,*,#5698,.F.);
#7360=ORIENTED_EDGE('',*,*,#5699,.F.);
#7361=ORIENTED_EDGE('',*,*,#5700,.F.);
#7362=ORIENTED_EDGE('',*,*,#5701,.F.);
#7363=ORIENTED_EDGE('',*,*,#5702,.F.);
#7364=ORIENTED_EDGE('',*,*,#5703,.F.);
#7365=ORIENTED_EDGE('',*,*,#5704,.F.);
#7366=ORIENTED_EDGE('',*,*,#5687,.F.);
#7367=ORIENTED_EDGE('',*,*,#5705,.F.);
#7368=ORIENTED_EDGE('',*,*,#5706,.T.);
#7369=ORIENTED_EDGE('',*,*,#5707,.T.);
#7370=ORIENTED_EDGE('',*,*,#5703,.T.);
#7371=ORIENTED_EDGE('',*,*,#5708,.T.);
#7372=ORIENTED_EDGE('',*,*,#5704,.T.);
#7373=ORIENTED_EDGE('',*,*,#5707,.F.);
#7374=ORIENTED_EDGE('',*,*,#5709,.T.);
#7375=ORIENTED_EDGE('',*,*,#5710,.F.);
#7376=ORIENTED_EDGE('',*,*,#5692,.T.);
#7377=ORIENTED_EDGE('',*,*,#5708,.F.);
#7378=ORIENTED_EDGE('',*,*,#5711,.T.);
#7379=ORIENTED_EDGE('',*,*,#5711,.F.);
#7380=ORIENTED_EDGE('',*,*,#5712,.F.);
#7381=ORIENTED_EDGE('',*,*,#5713,.F.);
#7382=ORIENTED_EDGE('',*,*,#5714,.T.);
#7383=ORIENTED_EDGE('',*,*,#5709,.F.);
#7384=ORIENTED_EDGE('',*,*,#5715,.F.);
#7385=ORIENTED_EDGE('',*,*,#5716,.T.);
#7386=ORIENTED_EDGE('',*,*,#5712,.T.);
#7387=ORIENTED_EDGE('',*,*,#5706,.F.);
#7388=ORIENTED_EDGE('',*,*,#5717,.F.);
#7389=ORIENTED_EDGE('',*,*,#5718,.F.);
#7390=ORIENTED_EDGE('',*,*,#5715,.T.);
#7391=ORIENTED_EDGE('',*,*,#5719,.F.);
#7392=ORIENTED_EDGE('',*,*,#5720,.F.);
#7393=ORIENTED_EDGE('',*,*,#5721,.F.);
#7394=ORIENTED_EDGE('',*,*,#5722,.F.);
#7395=ORIENTED_EDGE('',*,*,#5723,.F.);
#7396=ORIENTED_EDGE('',*,*,#5724,.F.);
#7397=ORIENTED_EDGE('',*,*,#5722,.T.);
#7398=ORIENTED_EDGE('',*,*,#5725,.F.);
#7399=ORIENTED_EDGE('',*,*,#5726,.F.);
#7400=ORIENTED_EDGE('',*,*,#5727,.F.);
#7401=ORIENTED_EDGE('',*,*,#5728,.F.);
#7402=ORIENTED_EDGE('',*,*,#5729,.F.);
#7403=ORIENTED_EDGE('',*,*,#5730,.F.);
#7404=ORIENTED_EDGE('',*,*,#5731,.F.);
#7405=ORIENTED_EDGE('',*,*,#5732,.F.);
#7406=ORIENTED_EDGE('',*,*,#5733,.F.);
#7407=ORIENTED_EDGE('',*,*,#5734,.F.);
#7408=ORIENTED_EDGE('',*,*,#5735,.F.);
#7409=ORIENTED_EDGE('',*,*,#5736,.F.);
#7410=ORIENTED_EDGE('',*,*,#5737,.F.);
#7411=ORIENTED_EDGE('',*,*,#5738,.F.);
#7412=ORIENTED_EDGE('',*,*,#5739,.F.);
#7413=ORIENTED_EDGE('',*,*,#5740,.F.);
#7414=ORIENTED_EDGE('',*,*,#5741,.F.);
#7415=ORIENTED_EDGE('',*,*,#5742,.F.);
#7416=ORIENTED_EDGE('',*,*,#5743,.F.);
#7417=ORIENTED_EDGE('',*,*,#5713,.T.);
#7418=ORIENTED_EDGE('',*,*,#5716,.F.);
#7419=ORIENTED_EDGE('',*,*,#5718,.T.);
#7420=ORIENTED_EDGE('',*,*,#5744,.F.);
#7421=ORIENTED_EDGE('',*,*,#5745,.F.);
#7422=ORIENTED_EDGE('',*,*,#5746,.F.);
#7423=ORIENTED_EDGE('',*,*,#5747,.F.);
#7424=ORIENTED_EDGE('',*,*,#5748,.F.);
#7425=ORIENTED_EDGE('',*,*,#5749,.F.);
#7426=ORIENTED_EDGE('',*,*,#5750,.F.);
#7427=ORIENTED_EDGE('',*,*,#5751,.F.);
#7428=ORIENTED_EDGE('',*,*,#5752,.F.);
#7429=ORIENTED_EDGE('',*,*,#5753,.F.);
#7430=ORIENTED_EDGE('',*,*,#5754,.F.);
#7431=ORIENTED_EDGE('',*,*,#5755,.F.);
#7432=ORIENTED_EDGE('',*,*,#5756,.F.);
#7433=ORIENTED_EDGE('',*,*,#5757,.F.);
#7434=ORIENTED_EDGE('',*,*,#5758,.F.);
#7435=ORIENTED_EDGE('',*,*,#5759,.F.);
#7436=ORIENTED_EDGE('',*,*,#5760,.F.);
#7437=ORIENTED_EDGE('',*,*,#5761,.F.);
#7438=ORIENTED_EDGE('',*,*,#5762,.F.);
#7439=ORIENTED_EDGE('',*,*,#5763,.F.);
#7440=ORIENTED_EDGE('',*,*,#5764,.F.);
#7441=ORIENTED_EDGE('',*,*,#5765,.F.);
#7442=ORIENTED_EDGE('',*,*,#5766,.F.);
#7443=ORIENTED_EDGE('',*,*,#5767,.F.);
#7444=ORIENTED_EDGE('',*,*,#5768,.F.);
#7445=ORIENTED_EDGE('',*,*,#5769,.F.);
#7446=ORIENTED_EDGE('',*,*,#5770,.F.);
#7447=ORIENTED_EDGE('',*,*,#5771,.F.);
#7448=ORIENTED_EDGE('',*,*,#5772,.F.);
#7449=ORIENTED_EDGE('',*,*,#5773,.F.);
#7450=ORIENTED_EDGE('',*,*,#5774,.F.);
#7451=ORIENTED_EDGE('',*,*,#5775,.F.);
#7452=ORIENTED_EDGE('',*,*,#5776,.F.);
#7453=ORIENTED_EDGE('',*,*,#5777,.F.);
#7454=ORIENTED_EDGE('',*,*,#5778,.F.);
#7455=ORIENTED_EDGE('',*,*,#5779,.F.);
#7456=ORIENTED_EDGE('',*,*,#5780,.F.);
#7457=ORIENTED_EDGE('',*,*,#5781,.F.);
#7458=ORIENTED_EDGE('',*,*,#5782,.F.);
#7459=ORIENTED_EDGE('',*,*,#5783,.F.);
#7460=ORIENTED_EDGE('',*,*,#5784,.F.);
#7461=ORIENTED_EDGE('',*,*,#5785,.F.);
#7462=ORIENTED_EDGE('',*,*,#5786,.F.);
#7463=ORIENTED_EDGE('',*,*,#5787,.F.);
#7464=ORIENTED_EDGE('',*,*,#5788,.F.);
#7465=ORIENTED_EDGE('',*,*,#5789,.F.);
#7466=ORIENTED_EDGE('',*,*,#5790,.F.);
#7467=ORIENTED_EDGE('',*,*,#5791,.F.);
#7468=ORIENTED_EDGE('',*,*,#5792,.F.);
#7469=ORIENTED_EDGE('',*,*,#5793,.F.);
#7470=ORIENTED_EDGE('',*,*,#5794,.F.);
#7471=ORIENTED_EDGE('',*,*,#5795,.F.);
#7472=ORIENTED_EDGE('',*,*,#5796,.F.);
#7473=ORIENTED_EDGE('',*,*,#5797,.F.);
#7474=ORIENTED_EDGE('',*,*,#5798,.F.);
#7475=ORIENTED_EDGE('',*,*,#5799,.F.);
#7476=ORIENTED_EDGE('',*,*,#5800,.F.);
#7477=ORIENTED_EDGE('',*,*,#5801,.F.);
#7478=ORIENTED_EDGE('',*,*,#5802,.F.);
#7479=ORIENTED_EDGE('',*,*,#5803,.F.);
#7480=ORIENTED_EDGE('',*,*,#5804,.F.);
#7481=ORIENTED_EDGE('',*,*,#5805,.F.);
#7482=ORIENTED_EDGE('',*,*,#5806,.F.);
#7483=ORIENTED_EDGE('',*,*,#5807,.F.);
#7484=ORIENTED_EDGE('',*,*,#5808,.F.);
#7485=ORIENTED_EDGE('',*,*,#5809,.F.);
#7486=ORIENTED_EDGE('',*,*,#5810,.F.);
#7487=ORIENTED_EDGE('',*,*,#5811,.F.);
#7488=ORIENTED_EDGE('',*,*,#5812,.F.);
#7489=ORIENTED_EDGE('',*,*,#5813,.F.);
#7490=ORIENTED_EDGE('',*,*,#5814,.F.);
#7491=ORIENTED_EDGE('',*,*,#5815,.F.);
#7492=ORIENTED_EDGE('',*,*,#5816,.F.);
#7493=ORIENTED_EDGE('',*,*,#5817,.F.);
#7494=ORIENTED_EDGE('',*,*,#5818,.F.);
#7495=ORIENTED_EDGE('',*,*,#5819,.F.);
#7496=ORIENTED_EDGE('',*,*,#5820,.F.);
#7497=ORIENTED_EDGE('',*,*,#5821,.F.);
#7498=ORIENTED_EDGE('',*,*,#5822,.F.);
#7499=ORIENTED_EDGE('',*,*,#5823,.F.);
#7500=ORIENTED_EDGE('',*,*,#5824,.F.);
#7501=ORIENTED_EDGE('',*,*,#5825,.F.);
#7502=ORIENTED_EDGE('',*,*,#5826,.F.);
#7503=ORIENTED_EDGE('',*,*,#5827,.F.);
#7504=ORIENTED_EDGE('',*,*,#5828,.F.);
#7505=ORIENTED_EDGE('',*,*,#5829,.F.);
#7506=ORIENTED_EDGE('',*,*,#5830,.F.);
#7507=ORIENTED_EDGE('',*,*,#5831,.F.);
#7508=ORIENTED_EDGE('',*,*,#5832,.F.);
#7509=ORIENTED_EDGE('',*,*,#5833,.F.);
#7510=ORIENTED_EDGE('',*,*,#5834,.F.);
#7511=ORIENTED_EDGE('',*,*,#5835,.F.);
#7512=ORIENTED_EDGE('',*,*,#5836,.F.);
#7513=ORIENTED_EDGE('',*,*,#5837,.F.);
#7514=ORIENTED_EDGE('',*,*,#5838,.F.);
#7515=ORIENTED_EDGE('',*,*,#5839,.F.);
#7516=ORIENTED_EDGE('',*,*,#5840,.F.);
#7517=ORIENTED_EDGE('',*,*,#5841,.F.);
#7518=ORIENTED_EDGE('',*,*,#5842,.F.);
#7519=ORIENTED_EDGE('',*,*,#5843,.F.);
#7520=ORIENTED_EDGE('',*,*,#5844,.F.);
#7521=ORIENTED_EDGE('',*,*,#5845,.F.);
#7522=ORIENTED_EDGE('',*,*,#5846,.F.);
#7523=ORIENTED_EDGE('',*,*,#5847,.F.);
#7524=ORIENTED_EDGE('',*,*,#5848,.T.);
#7525=ORIENTED_EDGE('',*,*,#5849,.F.);
#7526=ORIENTED_EDGE('',*,*,#5850,.F.);
#7527=ORIENTED_EDGE('',*,*,#5851,.F.);
#7528=ORIENTED_EDGE('',*,*,#5852,.F.);
#7529=ORIENTED_EDGE('',*,*,#5853,.F.);
#7530=ORIENTED_EDGE('',*,*,#5854,.F.);
#7531=ORIENTED_EDGE('',*,*,#5855,.F.);
#7532=ORIENTED_EDGE('',*,*,#5856,.F.);
#7533=ORIENTED_EDGE('',*,*,#5857,.F.);
#7534=ORIENTED_EDGE('',*,*,#5858,.F.);
#7535=ORIENTED_EDGE('',*,*,#5859,.F.);
#7536=ORIENTED_EDGE('',*,*,#5860,.F.);
#7537=ORIENTED_EDGE('',*,*,#5861,.F.);
#7538=ORIENTED_EDGE('',*,*,#5862,.F.);
#7539=ORIENTED_EDGE('',*,*,#5863,.F.);
#7540=ORIENTED_EDGE('',*,*,#5864,.F.);
#7541=ORIENTED_EDGE('',*,*,#5865,.F.);
#7542=ORIENTED_EDGE('',*,*,#5866,.F.);
#7543=ORIENTED_EDGE('',*,*,#5867,.F.);
#7544=ORIENTED_EDGE('',*,*,#5868,.F.);
#7545=ORIENTED_EDGE('',*,*,#5869,.F.);
#7546=ORIENTED_EDGE('',*,*,#5870,.F.);
#7547=ORIENTED_EDGE('',*,*,#5871,.F.);
#7548=ORIENTED_EDGE('',*,*,#5872,.F.);
#7549=ORIENTED_EDGE('',*,*,#5873,.F.);
#7550=ORIENTED_EDGE('',*,*,#5874,.F.);
#7551=ORIENTED_EDGE('',*,*,#5875,.F.);
#7552=ORIENTED_EDGE('',*,*,#5876,.F.);
#7553=ORIENTED_EDGE('',*,*,#5877,.F.);
#7554=ORIENTED_EDGE('',*,*,#5878,.F.);
#7555=ORIENTED_EDGE('',*,*,#5879,.F.);
#7556=ORIENTED_EDGE('',*,*,#5880,.F.);
#7557=ORIENTED_EDGE('',*,*,#5881,.F.);
#7558=ORIENTED_EDGE('',*,*,#5882,.F.);
#7559=ORIENTED_EDGE('',*,*,#5883,.F.);
#7560=ORIENTED_EDGE('',*,*,#5884,.F.);
#7561=ORIENTED_EDGE('',*,*,#5885,.F.);
#7562=ORIENTED_EDGE('',*,*,#5886,.F.);
#7563=ORIENTED_EDGE('',*,*,#5887,.F.);
#7564=ORIENTED_EDGE('',*,*,#5888,.F.);
#7565=ORIENTED_EDGE('',*,*,#5889,.F.);
#7566=ORIENTED_EDGE('',*,*,#5890,.F.);
#7567=ORIENTED_EDGE('',*,*,#5891,.F.);
#7568=ORIENTED_EDGE('',*,*,#5892,.F.);
#7569=ORIENTED_EDGE('',*,*,#5893,.F.);
#7570=ORIENTED_EDGE('',*,*,#5894,.F.);
#7571=ORIENTED_EDGE('',*,*,#5895,.F.);
#7572=ORIENTED_EDGE('',*,*,#5896,.F.);
#7573=ORIENTED_EDGE('',*,*,#5897,.F.);
#7574=ORIENTED_EDGE('',*,*,#5898,.F.);
#7575=ORIENTED_EDGE('',*,*,#5899,.F.);
#7576=ORIENTED_EDGE('',*,*,#5900,.F.);
#7577=ORIENTED_EDGE('',*,*,#5901,.F.);
#7578=ORIENTED_EDGE('',*,*,#5902,.F.);
#7579=ORIENTED_EDGE('',*,*,#5903,.F.);
#7580=ORIENTED_EDGE('',*,*,#5904,.F.);
#7581=ORIENTED_EDGE('',*,*,#5905,.F.);
#7582=ORIENTED_EDGE('',*,*,#5906,.F.);
#7583=ORIENTED_EDGE('',*,*,#5907,.F.);
#7584=ORIENTED_EDGE('',*,*,#5908,.F.);
#7585=ORIENTED_EDGE('',*,*,#5909,.F.);
#7586=ORIENTED_EDGE('',*,*,#5910,.F.);
#7587=ORIENTED_EDGE('',*,*,#5911,.F.);
#7588=ORIENTED_EDGE('',*,*,#5912,.F.);
#7589=ORIENTED_EDGE('',*,*,#5913,.F.);
#7590=ORIENTED_EDGE('',*,*,#5914,.F.);
#7591=ORIENTED_EDGE('',*,*,#5915,.F.);
#7592=ORIENTED_EDGE('',*,*,#5916,.F.);
#7593=ORIENTED_EDGE('',*,*,#5917,.F.);
#7594=ORIENTED_EDGE('',*,*,#5918,.F.);
#7595=ORIENTED_EDGE('',*,*,#5919,.F.);
#7596=ORIENTED_EDGE('',*,*,#5920,.F.);
#7597=ORIENTED_EDGE('',*,*,#5921,.F.);
#7598=ORIENTED_EDGE('',*,*,#5922,.F.);
#7599=ORIENTED_EDGE('',*,*,#5923,.F.);
#7600=ORIENTED_EDGE('',*,*,#5924,.F.);
#7601=ORIENTED_EDGE('',*,*,#5925,.F.);
#7602=ORIENTED_EDGE('',*,*,#5926,.F.);
#7603=ORIENTED_EDGE('',*,*,#5927,.F.);
#7604=ORIENTED_EDGE('',*,*,#5928,.F.);
#7605=ORIENTED_EDGE('',*,*,#5929,.F.);
#7606=ORIENTED_EDGE('',*,*,#5930,.F.);
#7607=ORIENTED_EDGE('',*,*,#5931,.F.);
#7608=ORIENTED_EDGE('',*,*,#5932,.F.);
#7609=ORIENTED_EDGE('',*,*,#5933,.F.);
#7610=ORIENTED_EDGE('',*,*,#5934,.F.);
#7611=ORIENTED_EDGE('',*,*,#5935,.F.);
#7612=ORIENTED_EDGE('',*,*,#5936,.F.);
#7613=ORIENTED_EDGE('',*,*,#5937,.F.);
#7614=ORIENTED_EDGE('',*,*,#5938,.F.);
#7615=ORIENTED_EDGE('',*,*,#5939,.F.);
#7616=ORIENTED_EDGE('',*,*,#5940,.F.);
#7617=ORIENTED_EDGE('',*,*,#5941,.F.);
#7618=ORIENTED_EDGE('',*,*,#5942,.F.);
#7619=ORIENTED_EDGE('',*,*,#5943,.F.);
#7620=ORIENTED_EDGE('',*,*,#5944,.F.);
#7621=ORIENTED_EDGE('',*,*,#5945,.F.);
#7622=ORIENTED_EDGE('',*,*,#5946,.F.);
#7623=ORIENTED_EDGE('',*,*,#5947,.F.);
#7624=ORIENTED_EDGE('',*,*,#5948,.F.);
#7625=ORIENTED_EDGE('',*,*,#5949,.F.);
#7626=ORIENTED_EDGE('',*,*,#5950,.F.);
#7627=ORIENTED_EDGE('',*,*,#5951,.F.);
#7628=ORIENTED_EDGE('',*,*,#5952,.F.);
#7629=ORIENTED_EDGE('',*,*,#5953,.F.);
#7630=ORIENTED_EDGE('',*,*,#5954,.F.);
#7631=ORIENTED_EDGE('',*,*,#5955,.F.);
#7632=ORIENTED_EDGE('',*,*,#5956,.F.);
#7633=ORIENTED_EDGE('',*,*,#5957,.F.);
#7634=ORIENTED_EDGE('',*,*,#5958,.F.);
#7635=ORIENTED_EDGE('',*,*,#5959,.F.);
#7636=ORIENTED_EDGE('',*,*,#5960,.F.);
#7637=ORIENTED_EDGE('',*,*,#5961,.F.);
#7638=ORIENTED_EDGE('',*,*,#5962,.F.);
#7639=ORIENTED_EDGE('',*,*,#5963,.F.);
#7640=ORIENTED_EDGE('',*,*,#5964,.F.);
#7641=ORIENTED_EDGE('',*,*,#5965,.F.);
#7642=ORIENTED_EDGE('',*,*,#5966,.F.);
#7643=ORIENTED_EDGE('',*,*,#5967,.F.);
#7644=ORIENTED_EDGE('',*,*,#5968,.F.);
#7645=ORIENTED_EDGE('',*,*,#5969,.F.);
#7646=ORIENTED_EDGE('',*,*,#5970,.F.);
#7647=ORIENTED_EDGE('',*,*,#5971,.F.);
#7648=ORIENTED_EDGE('',*,*,#5972,.F.);
#7649=ORIENTED_EDGE('',*,*,#5973,.F.);
#7650=ORIENTED_EDGE('',*,*,#5974,.F.);
#7651=ORIENTED_EDGE('',*,*,#5975,.F.);
#7652=ORIENTED_EDGE('',*,*,#5976,.F.);
#7653=ORIENTED_EDGE('',*,*,#5977,.F.);
#7654=ORIENTED_EDGE('',*,*,#5978,.F.);
#7655=ORIENTED_EDGE('',*,*,#5979,.F.);
#7656=ORIENTED_EDGE('',*,*,#5980,.F.);
#7657=ORIENTED_EDGE('',*,*,#5981,.F.);
#7658=ORIENTED_EDGE('',*,*,#5982,.F.);
#7659=ORIENTED_EDGE('',*,*,#5983,.F.);
#7660=ORIENTED_EDGE('',*,*,#5984,.F.);
#7661=ORIENTED_EDGE('',*,*,#5985,.F.);
#7662=ORIENTED_EDGE('',*,*,#5986,.F.);
#7663=ORIENTED_EDGE('',*,*,#5987,.F.);
#7664=ORIENTED_EDGE('',*,*,#5988,.F.);
#7665=ORIENTED_EDGE('',*,*,#5989,.F.);
#7666=ORIENTED_EDGE('',*,*,#5990,.F.);
#7667=ORIENTED_EDGE('',*,*,#5991,.F.);
#7668=ORIENTED_EDGE('',*,*,#5992,.F.);
#7669=ORIENTED_EDGE('',*,*,#5993,.F.);
#7670=ORIENTED_EDGE('',*,*,#5691,.F.);
#7671=ORIENTED_EDGE('',*,*,#5994,.T.);
#7672=ORIENTED_EDGE('',*,*,#5995,.F.);
#7673=ORIENTED_EDGE('',*,*,#5996,.T.);
#7674=ORIENTED_EDGE('',*,*,#5849,.T.);
#7675=ORIENTED_EDGE('',*,*,#5721,.T.);
#7676=ORIENTED_EDGE('',*,*,#5997,.T.);
#7677=ORIENTED_EDGE('',*,*,#5998,.T.);
#7678=ORIENTED_EDGE('',*,*,#5999,.T.);
#7679=ORIENTED_EDGE('',*,*,#6000,.T.);
#7680=ORIENTED_EDGE('',*,*,#5847,.T.);
#7681=ORIENTED_EDGE('',*,*,#6001,.T.);
#7682=ORIENTED_EDGE('',*,*,#6002,.F.);
#7683=ORIENTED_EDGE('',*,*,#6003,.F.);
#7684=ORIENTED_EDGE('',*,*,#5725,.T.);
#7685=ORIENTED_EDGE('',*,*,#6004,.T.);
#7686=ORIENTED_EDGE('',*,*,#6005,.T.);
#7687=ORIENTED_EDGE('',*,*,#6006,.T.);
#7688=ORIENTED_EDGE('',*,*,#6007,.T.);
#7689=ORIENTED_EDGE('',*,*,#6008,.F.);
#7690=ORIENTED_EDGE('',*,*,#6009,.F.);
#7691=ORIENTED_EDGE('',*,*,#6010,.T.);
#7692=ORIENTED_EDGE('',*,*,#6011,.T.);
#7693=ORIENTED_EDGE('',*,*,#6012,.F.);
#7694=ORIENTED_EDGE('',*,*,#6013,.F.);
#7695=ORIENTED_EDGE('',*,*,#6008,.T.);
#7696=ORIENTED_EDGE('',*,*,#6014,.T.);
#7697=ORIENTED_EDGE('',*,*,#6015,.F.);
#7698=ORIENTED_EDGE('',*,*,#6016,.F.);
#7699=ORIENTED_EDGE('',*,*,#6012,.T.);
#7700=ORIENTED_EDGE('',*,*,#6017,.T.);
#7701=ORIENTED_EDGE('',*,*,#6018,.F.);
#7702=ORIENTED_EDGE('',*,*,#6019,.F.);
#7703=ORIENTED_EDGE('',*,*,#6015,.T.);
#7704=ORIENTED_EDGE('',*,*,#6020,.T.);
#7705=ORIENTED_EDGE('',*,*,#6006,.F.);
#7706=ORIENTED_EDGE('',*,*,#6021,.T.);
#7707=ORIENTED_EDGE('',*,*,#6022,.T.);
#7708=ORIENTED_EDGE('',*,*,#6023,.F.);
#7709=ORIENTED_EDGE('',*,*,#6024,.F.);
#7710=ORIENTED_EDGE('',*,*,#6018,.T.);
#7711=ORIENTED_EDGE('',*,*,#6025,.T.);
#7712=ORIENTED_EDGE('',*,*,#6026,.F.);
#7713=ORIENTED_EDGE('',*,*,#6027,.F.);
#7714=ORIENTED_EDGE('',*,*,#6023,.T.);
#7715=ORIENTED_EDGE('',*,*,#6028,.T.);
#7716=ORIENTED_EDGE('',*,*,#6029,.F.);
#7717=ORIENTED_EDGE('',*,*,#6030,.F.);
#7718=ORIENTED_EDGE('',*,*,#6026,.T.);
#7719=ORIENTED_EDGE('',*,*,#6031,.T.);
#7720=ORIENTED_EDGE('',*,*,#6010,.F.);
#7721=ORIENTED_EDGE('',*,*,#6032,.F.);
#7722=ORIENTED_EDGE('',*,*,#6029,.T.);
#7723=ORIENTED_EDGE('',*,*,#6033,.T.);
#7724=ORIENTED_EDGE('',*,*,#6034,.T.);
#7725=ORIENTED_EDGE('',*,*,#6035,.F.);
#7726=ORIENTED_EDGE('',*,*,#6036,.T.);
#7727=ORIENTED_EDGE('',*,*,#6037,.T.);
#7728=ORIENTED_EDGE('',*,*,#6038,.F.);
#7729=ORIENTED_EDGE('',*,*,#6039,.F.);
#7730=ORIENTED_EDGE('',*,*,#6034,.F.);
#7731=ORIENTED_EDGE('',*,*,#6020,.F.);
#7732=ORIENTED_EDGE('',*,*,#6040,.T.);
#7733=ORIENTED_EDGE('',*,*,#6041,.T.);
#7734=ORIENTED_EDGE('',*,*,#6042,.T.);
#7735=ORIENTED_EDGE('',*,*,#6043,.F.);
#7736=ORIENTED_EDGE('',*,*,#6044,.T.);
#7737=ORIENTED_EDGE('',*,*,#6004,.F.);
#7738=ORIENTED_EDGE('',*,*,#6045,.F.);
#7739=ORIENTED_EDGE('',*,*,#6046,.F.);
#7740=ORIENTED_EDGE('',*,*,#6047,.F.);
#7741=ORIENTED_EDGE('',*,*,#6048,.F.);
#7742=ORIENTED_EDGE('',*,*,#6049,.F.);
#7743=ORIENTED_EDGE('',*,*,#6050,.F.);
#7744=ORIENTED_EDGE('',*,*,#6051,.F.);
#7745=ORIENTED_EDGE('',*,*,#6052,.F.);
#7746=ORIENTED_EDGE('',*,*,#6053,.F.);
#7747=ORIENTED_EDGE('',*,*,#6054,.F.);
#7748=ORIENTED_EDGE('',*,*,#6055,.F.);
#7749=ORIENTED_EDGE('',*,*,#6056,.F.);
#7750=ORIENTED_EDGE('',*,*,#6057,.F.);
#7751=ORIENTED_EDGE('',*,*,#6058,.F.);
#7752=ORIENTED_EDGE('',*,*,#6059,.F.);
#7753=ORIENTED_EDGE('',*,*,#6060,.F.);
#7754=ORIENTED_EDGE('',*,*,#6061,.F.);
#7755=ORIENTED_EDGE('',*,*,#6062,.F.);
#7756=ORIENTED_EDGE('',*,*,#6063,.F.);
#7757=ORIENTED_EDGE('',*,*,#6064,.F.);
#7758=ORIENTED_EDGE('',*,*,#6065,.F.);
#7759=ORIENTED_EDGE('',*,*,#6066,.F.);
#7760=ORIENTED_EDGE('',*,*,#6067,.F.);
#7761=ORIENTED_EDGE('',*,*,#6068,.F.);
#7762=ORIENTED_EDGE('',*,*,#6069,.F.);
#7763=ORIENTED_EDGE('',*,*,#6070,.F.);
#7764=ORIENTED_EDGE('',*,*,#6071,.F.);
#7765=ORIENTED_EDGE('',*,*,#6072,.F.);
#7766=ORIENTED_EDGE('',*,*,#6073,.F.);
#7767=ORIENTED_EDGE('',*,*,#6074,.F.);
#7768=ORIENTED_EDGE('',*,*,#6075,.F.);
#7769=ORIENTED_EDGE('',*,*,#6076,.F.);
#7770=ORIENTED_EDGE('',*,*,#6077,.F.);
#7771=ORIENTED_EDGE('',*,*,#6078,.F.);
#7772=ORIENTED_EDGE('',*,*,#6079,.F.);
#7773=ORIENTED_EDGE('',*,*,#6080,.F.);
#7774=ORIENTED_EDGE('',*,*,#6081,.F.);
#7775=ORIENTED_EDGE('',*,*,#6082,.F.);
#7776=ORIENTED_EDGE('',*,*,#6083,.F.);
#7777=ORIENTED_EDGE('',*,*,#6084,.F.);
#7778=ORIENTED_EDGE('',*,*,#6085,.F.);
#7779=ORIENTED_EDGE('',*,*,#6086,.F.);
#7780=ORIENTED_EDGE('',*,*,#6087,.F.);
#7781=ORIENTED_EDGE('',*,*,#6088,.F.);
#7782=ORIENTED_EDGE('',*,*,#6089,.F.);
#7783=ORIENTED_EDGE('',*,*,#6090,.F.);
#7784=ORIENTED_EDGE('',*,*,#6091,.F.);
#7785=ORIENTED_EDGE('',*,*,#6092,.F.);
#7786=ORIENTED_EDGE('',*,*,#6093,.F.);
#7787=ORIENTED_EDGE('',*,*,#6094,.F.);
#7788=ORIENTED_EDGE('',*,*,#6095,.F.);
#7789=ORIENTED_EDGE('',*,*,#6096,.F.);
#7790=ORIENTED_EDGE('',*,*,#6097,.F.);
#7791=ORIENTED_EDGE('',*,*,#6098,.F.);
#7792=ORIENTED_EDGE('',*,*,#6099,.F.);
#7793=ORIENTED_EDGE('',*,*,#6100,.F.);
#7794=ORIENTED_EDGE('',*,*,#6101,.F.);
#7795=ORIENTED_EDGE('',*,*,#6102,.F.);
#7796=ORIENTED_EDGE('',*,*,#6103,.F.);
#7797=ORIENTED_EDGE('',*,*,#6104,.F.);
#7798=ORIENTED_EDGE('',*,*,#6105,.F.);
#7799=ORIENTED_EDGE('',*,*,#6106,.F.);
#7800=ORIENTED_EDGE('',*,*,#6107,.F.);
#7801=ORIENTED_EDGE('',*,*,#6108,.F.);
#7802=ORIENTED_EDGE('',*,*,#6109,.F.);
#7803=ORIENTED_EDGE('',*,*,#6110,.F.);
#7804=ORIENTED_EDGE('',*,*,#6111,.F.);
#7805=ORIENTED_EDGE('',*,*,#6112,.F.);
#7806=ORIENTED_EDGE('',*,*,#6113,.F.);
#7807=ORIENTED_EDGE('',*,*,#6114,.F.);
#7808=ORIENTED_EDGE('',*,*,#6115,.F.);
#7809=ORIENTED_EDGE('',*,*,#6116,.F.);
#7810=ORIENTED_EDGE('',*,*,#6117,.F.);
#7811=ORIENTED_EDGE('',*,*,#6118,.F.);
#7812=ORIENTED_EDGE('',*,*,#6119,.F.);
#7813=ORIENTED_EDGE('',*,*,#6120,.F.);
#7814=ORIENTED_EDGE('',*,*,#6121,.F.);
#7815=ORIENTED_EDGE('',*,*,#6122,.F.);
#7816=ORIENTED_EDGE('',*,*,#6123,.F.);
#7817=ORIENTED_EDGE('',*,*,#6124,.F.);
#7818=ORIENTED_EDGE('',*,*,#6125,.F.);
#7819=ORIENTED_EDGE('',*,*,#6126,.F.);
#7820=ORIENTED_EDGE('',*,*,#6127,.F.);
#7821=ORIENTED_EDGE('',*,*,#6128,.F.);
#7822=ORIENTED_EDGE('',*,*,#6129,.F.);
#7823=ORIENTED_EDGE('',*,*,#6130,.F.);
#7824=ORIENTED_EDGE('',*,*,#6131,.F.);
#7825=ORIENTED_EDGE('',*,*,#6132,.F.);
#7826=ORIENTED_EDGE('',*,*,#6133,.F.);
#7827=ORIENTED_EDGE('',*,*,#6134,.F.);
#7828=ORIENTED_EDGE('',*,*,#6135,.F.);
#7829=ORIENTED_EDGE('',*,*,#6136,.F.);
#7830=ORIENTED_EDGE('',*,*,#6137,.F.);
#7831=ORIENTED_EDGE('',*,*,#6138,.F.);
#7832=ORIENTED_EDGE('',*,*,#6139,.F.);
#7833=ORIENTED_EDGE('',*,*,#6140,.F.);
#7834=ORIENTED_EDGE('',*,*,#6141,.F.);
#7835=ORIENTED_EDGE('',*,*,#6142,.F.);
#7836=ORIENTED_EDGE('',*,*,#6143,.F.);
#7837=ORIENTED_EDGE('',*,*,#6144,.F.);
#7838=ORIENTED_EDGE('',*,*,#6145,.F.);
#7839=ORIENTED_EDGE('',*,*,#6146,.F.);
#7840=ORIENTED_EDGE('',*,*,#6147,.F.);
#7841=ORIENTED_EDGE('',*,*,#6148,.F.);
#7842=ORIENTED_EDGE('',*,*,#6149,.F.);
#7843=ORIENTED_EDGE('',*,*,#6150,.F.);
#7844=ORIENTED_EDGE('',*,*,#6151,.F.);
#7845=ORIENTED_EDGE('',*,*,#6152,.F.);
#7846=ORIENTED_EDGE('',*,*,#6153,.F.);
#7847=ORIENTED_EDGE('',*,*,#6154,.F.);
#7848=ORIENTED_EDGE('',*,*,#6155,.F.);
#7849=ORIENTED_EDGE('',*,*,#6156,.F.);
#7850=ORIENTED_EDGE('',*,*,#6157,.F.);
#7851=ORIENTED_EDGE('',*,*,#6158,.F.);
#7852=ORIENTED_EDGE('',*,*,#6159,.F.);
#7853=ORIENTED_EDGE('',*,*,#6160,.F.);
#7854=ORIENTED_EDGE('',*,*,#6161,.F.);
#7855=ORIENTED_EDGE('',*,*,#6162,.F.);
#7856=ORIENTED_EDGE('',*,*,#6163,.F.);
#7857=ORIENTED_EDGE('',*,*,#6164,.F.);
#7858=ORIENTED_EDGE('',*,*,#6165,.F.);
#7859=ORIENTED_EDGE('',*,*,#6166,.F.);
#7860=ORIENTED_EDGE('',*,*,#6167,.F.);
#7861=ORIENTED_EDGE('',*,*,#6168,.F.);
#7862=ORIENTED_EDGE('',*,*,#6169,.F.);
#7863=ORIENTED_EDGE('',*,*,#6170,.F.);
#7864=ORIENTED_EDGE('',*,*,#6171,.F.);
#7865=ORIENTED_EDGE('',*,*,#6172,.F.);
#7866=ORIENTED_EDGE('',*,*,#6173,.F.);
#7867=ORIENTED_EDGE('',*,*,#6174,.F.);
#7868=ORIENTED_EDGE('',*,*,#6175,.F.);
#7869=ORIENTED_EDGE('',*,*,#6176,.F.);
#7870=ORIENTED_EDGE('',*,*,#6177,.F.);
#7871=ORIENTED_EDGE('',*,*,#6178,.F.);
#7872=ORIENTED_EDGE('',*,*,#6179,.F.);
#7873=ORIENTED_EDGE('',*,*,#6180,.F.);
#7874=ORIENTED_EDGE('',*,*,#6181,.F.);
#7875=ORIENTED_EDGE('',*,*,#6182,.F.);
#7876=ORIENTED_EDGE('',*,*,#6183,.F.);
#7877=ORIENTED_EDGE('',*,*,#6184,.F.);
#7878=ORIENTED_EDGE('',*,*,#6185,.F.);
#7879=ORIENTED_EDGE('',*,*,#6186,.F.);
#7880=ORIENTED_EDGE('',*,*,#6187,.F.);
#7881=ORIENTED_EDGE('',*,*,#6188,.F.);
#7882=ORIENTED_EDGE('',*,*,#6189,.F.);
#7883=ORIENTED_EDGE('',*,*,#6190,.F.);
#7884=ORIENTED_EDGE('',*,*,#6191,.F.);
#7885=ORIENTED_EDGE('',*,*,#6192,.F.);
#7886=ORIENTED_EDGE('',*,*,#6037,.F.);
#7887=ORIENTED_EDGE('',*,*,#6033,.F.);
#7888=ORIENTED_EDGE('',*,*,#6022,.F.);
#7889=ORIENTED_EDGE('',*,*,#6017,.F.);
#7890=ORIENTED_EDGE('',*,*,#6014,.F.);
#7891=ORIENTED_EDGE('',*,*,#6011,.F.);
#7892=ORIENTED_EDGE('',*,*,#6007,.F.);
#7893=ORIENTED_EDGE('',*,*,#6031,.F.);
#7894=ORIENTED_EDGE('',*,*,#6028,.F.);
#7895=ORIENTED_EDGE('',*,*,#6025,.F.);
#7896=ORIENTED_EDGE('',*,*,#6193,.T.);
#7897=ORIENTED_EDGE('',*,*,#6194,.T.);
#7898=ORIENTED_EDGE('',*,*,#6195,.T.);
#7899=ORIENTED_EDGE('',*,*,#6196,.T.);
#7900=ORIENTED_EDGE('',*,*,#6197,.T.);
#7901=ORIENTED_EDGE('',*,*,#6198,.T.);
#7902=ORIENTED_EDGE('',*,*,#6199,.T.);
#7903=ORIENTED_EDGE('',*,*,#6200,.T.);
#7904=ORIENTED_EDGE('',*,*,#6036,.F.);
#7905=ORIENTED_EDGE('',*,*,#6201,.T.);
#7906=ORIENTED_EDGE('',*,*,#6202,.T.);
#7907=ORIENTED_EDGE('',*,*,#6045,.T.);
#7908=ORIENTED_EDGE('',*,*,#6203,.F.);
#7909=ORIENTED_EDGE('',*,*,#6119,.T.);
#7910=ORIENTED_EDGE('',*,*,#6204,.F.);
#7911=ORIENTED_EDGE('',*,*,#6205,.T.);
#7912=ORIENTED_EDGE('',*,*,#6120,.T.);
#7913=ORIENTED_EDGE('',*,*,#6203,.T.);
#7914=ORIENTED_EDGE('',*,*,#6206,.F.);
#7915=ORIENTED_EDGE('',*,*,#6207,.F.);
#7916=ORIENTED_EDGE('',*,*,#6121,.T.);
#7917=ORIENTED_EDGE('',*,*,#6207,.T.);
#7918=ORIENTED_EDGE('',*,*,#6208,.F.);
#7919=ORIENTED_EDGE('',*,*,#6209,.F.);
#7920=ORIENTED_EDGE('',*,*,#6209,.T.);
#7921=ORIENTED_EDGE('',*,*,#6210,.T.);
#7922=ORIENTED_EDGE('',*,*,#6211,.T.);
#7923=ORIENTED_EDGE('',*,*,#6122,.T.);
#7924=ORIENTED_EDGE('',*,*,#5724,.T.);
#7925=ORIENTED_EDGE('',*,*,#6212,.T.);
#7926=ORIENTED_EDGE('',*,*,#6213,.T.);
#7927=ORIENTED_EDGE('',*,*,#6214,.T.);
#7928=ORIENTED_EDGE('',*,*,#6215,.T.);
#7929=ORIENTED_EDGE('',*,*,#6216,.T.);
#7930=ORIENTED_EDGE('',*,*,#6217,.T.);
#7931=ORIENTED_EDGE('',*,*,#6218,.T.);
#7932=ORIENTED_EDGE('',*,*,#6219,.T.);
#7933=ORIENTED_EDGE('',*,*,#6220,.T.);
#7934=ORIENTED_EDGE('',*,*,#6221,.T.);
#7935=ORIENTED_EDGE('',*,*,#6222,.T.);
#7936=ORIENTED_EDGE('',*,*,#6223,.T.);
#7937=ORIENTED_EDGE('',*,*,#6224,.T.);
#7938=ORIENTED_EDGE('',*,*,#6225,.T.);
#7939=ORIENTED_EDGE('',*,*,#6226,.T.);
#7940=ORIENTED_EDGE('',*,*,#6227,.T.);
#7941=ORIENTED_EDGE('',*,*,#6228,.T.);
#7942=ORIENTED_EDGE('',*,*,#6229,.T.);
#7943=ORIENTED_EDGE('',*,*,#6230,.T.);
#7944=ORIENTED_EDGE('',*,*,#6231,.T.);
#7945=ORIENTED_EDGE('',*,*,#6232,.T.);
#7946=ORIENTED_EDGE('',*,*,#6233,.T.);
#7947=ORIENTED_EDGE('',*,*,#6234,.T.);
#7948=ORIENTED_EDGE('',*,*,#6235,.T.);
#7949=ORIENTED_EDGE('',*,*,#6236,.T.);
#7950=ORIENTED_EDGE('',*,*,#6237,.T.);
#7951=ORIENTED_EDGE('',*,*,#6238,.T.);
#7952=ORIENTED_EDGE('',*,*,#6239,.T.);
#7953=ORIENTED_EDGE('',*,*,#6240,.T.);
#7954=ORIENTED_EDGE('',*,*,#6241,.T.);
#7955=ORIENTED_EDGE('',*,*,#6242,.T.);
#7956=ORIENTED_EDGE('',*,*,#6243,.T.);
#7957=ORIENTED_EDGE('',*,*,#6244,.T.);
#7958=ORIENTED_EDGE('',*,*,#6245,.T.);
#7959=ORIENTED_EDGE('',*,*,#6246,.T.);
#7960=ORIENTED_EDGE('',*,*,#6247,.T.);
#7961=ORIENTED_EDGE('',*,*,#6248,.T.);
#7962=ORIENTED_EDGE('',*,*,#6249,.T.);
#7963=ORIENTED_EDGE('',*,*,#6250,.T.);
#7964=ORIENTED_EDGE('',*,*,#6251,.T.);
#7965=ORIENTED_EDGE('',*,*,#6252,.T.);
#7966=ORIENTED_EDGE('',*,*,#6253,.T.);
#7967=ORIENTED_EDGE('',*,*,#6254,.T.);
#7968=ORIENTED_EDGE('',*,*,#6255,.T.);
#7969=ORIENTED_EDGE('',*,*,#6256,.T.);
#7970=ORIENTED_EDGE('',*,*,#6257,.T.);
#7971=ORIENTED_EDGE('',*,*,#6258,.T.);
#7972=ORIENTED_EDGE('',*,*,#6259,.T.);
#7973=ORIENTED_EDGE('',*,*,#6260,.T.);
#7974=ORIENTED_EDGE('',*,*,#6261,.T.);
#7975=ORIENTED_EDGE('',*,*,#6262,.T.);
#7976=ORIENTED_EDGE('',*,*,#6263,.T.);
#7977=ORIENTED_EDGE('',*,*,#6264,.T.);
#7978=ORIENTED_EDGE('',*,*,#6265,.T.);
#7979=ORIENTED_EDGE('',*,*,#6266,.T.);
#7980=ORIENTED_EDGE('',*,*,#6267,.T.);
#7981=ORIENTED_EDGE('',*,*,#6268,.T.);
#7982=ORIENTED_EDGE('',*,*,#6269,.T.);
#7983=ORIENTED_EDGE('',*,*,#6270,.T.);
#7984=ORIENTED_EDGE('',*,*,#6271,.T.);
#7985=ORIENTED_EDGE('',*,*,#6272,.T.);
#7986=ORIENTED_EDGE('',*,*,#6273,.T.);
#7987=ORIENTED_EDGE('',*,*,#6274,.T.);
#7988=ORIENTED_EDGE('',*,*,#6275,.T.);
#7989=ORIENTED_EDGE('',*,*,#6276,.T.);
#7990=ORIENTED_EDGE('',*,*,#6277,.T.);
#7991=ORIENTED_EDGE('',*,*,#6278,.T.);
#7992=ORIENTED_EDGE('',*,*,#6279,.T.);
#7993=ORIENTED_EDGE('',*,*,#6280,.T.);
#7994=ORIENTED_EDGE('',*,*,#6281,.T.);
#7995=ORIENTED_EDGE('',*,*,#6282,.T.);
#7996=ORIENTED_EDGE('',*,*,#6283,.T.);
#7997=ORIENTED_EDGE('',*,*,#6284,.T.);
#7998=ORIENTED_EDGE('',*,*,#6285,.T.);
#7999=ORIENTED_EDGE('',*,*,#6286,.T.);
#8000=ORIENTED_EDGE('',*,*,#6287,.T.);
#8001=ORIENTED_EDGE('',*,*,#6288,.T.);
#8002=ORIENTED_EDGE('',*,*,#6289,.T.);
#8003=ORIENTED_EDGE('',*,*,#6290,.T.);
#8004=ORIENTED_EDGE('',*,*,#6291,.T.);
#8005=ORIENTED_EDGE('',*,*,#6292,.T.);
#8006=ORIENTED_EDGE('',*,*,#6293,.T.);
#8007=ORIENTED_EDGE('',*,*,#6294,.T.);
#8008=ORIENTED_EDGE('',*,*,#6295,.T.);
#8009=ORIENTED_EDGE('',*,*,#6296,.T.);
#8010=ORIENTED_EDGE('',*,*,#6297,.T.);
#8011=ORIENTED_EDGE('',*,*,#6298,.T.);
#8012=ORIENTED_EDGE('',*,*,#6299,.T.);
#8013=ORIENTED_EDGE('',*,*,#6300,.T.);
#8014=ORIENTED_EDGE('',*,*,#6301,.T.);
#8015=ORIENTED_EDGE('',*,*,#6302,.T.);
#8016=ORIENTED_EDGE('',*,*,#6303,.T.);
#8017=ORIENTED_EDGE('',*,*,#6304,.T.);
#8018=ORIENTED_EDGE('',*,*,#6305,.T.);
#8019=ORIENTED_EDGE('',*,*,#6306,.T.);
#8020=ORIENTED_EDGE('',*,*,#6307,.T.);
#8021=ORIENTED_EDGE('',*,*,#6308,.T.);
#8022=ORIENTED_EDGE('',*,*,#6309,.T.);
#8023=ORIENTED_EDGE('',*,*,#6310,.T.);
#8024=ORIENTED_EDGE('',*,*,#6311,.T.);
#8025=ORIENTED_EDGE('',*,*,#6312,.T.);
#8026=ORIENTED_EDGE('',*,*,#6313,.T.);
#8027=ORIENTED_EDGE('',*,*,#6314,.T.);
#8028=ORIENTED_EDGE('',*,*,#6315,.T.);
#8029=ORIENTED_EDGE('',*,*,#6316,.T.);
#8030=ORIENTED_EDGE('',*,*,#6317,.T.);
#8031=ORIENTED_EDGE('',*,*,#6318,.T.);
#8032=ORIENTED_EDGE('',*,*,#6319,.T.);
#8033=ORIENTED_EDGE('',*,*,#6320,.T.);
#8034=ORIENTED_EDGE('',*,*,#6321,.T.);
#8035=ORIENTED_EDGE('',*,*,#6322,.T.);
#8036=ORIENTED_EDGE('',*,*,#6323,.T.);
#8037=ORIENTED_EDGE('',*,*,#6324,.T.);
#8038=ORIENTED_EDGE('',*,*,#6325,.T.);
#8039=ORIENTED_EDGE('',*,*,#6326,.T.);
#8040=ORIENTED_EDGE('',*,*,#6327,.T.);
#8041=ORIENTED_EDGE('',*,*,#6328,.T.);
#8042=ORIENTED_EDGE('',*,*,#6329,.T.);
#8043=ORIENTED_EDGE('',*,*,#6330,.T.);
#8044=ORIENTED_EDGE('',*,*,#6331,.T.);
#8045=ORIENTED_EDGE('',*,*,#6332,.T.);
#8046=ORIENTED_EDGE('',*,*,#6333,.T.);
#8047=ORIENTED_EDGE('',*,*,#6334,.T.);
#8048=ORIENTED_EDGE('',*,*,#6335,.T.);
#8049=ORIENTED_EDGE('',*,*,#6336,.T.);
#8050=ORIENTED_EDGE('',*,*,#6337,.T.);
#8051=ORIENTED_EDGE('',*,*,#6338,.T.);
#8052=ORIENTED_EDGE('',*,*,#6339,.T.);
#8053=ORIENTED_EDGE('',*,*,#6340,.T.);
#8054=ORIENTED_EDGE('',*,*,#6341,.T.);
#8055=ORIENTED_EDGE('',*,*,#6342,.T.);
#8056=ORIENTED_EDGE('',*,*,#6343,.T.);
#8057=ORIENTED_EDGE('',*,*,#6344,.T.);
#8058=ORIENTED_EDGE('',*,*,#6345,.T.);
#8059=ORIENTED_EDGE('',*,*,#6346,.T.);
#8060=ORIENTED_EDGE('',*,*,#6347,.T.);
#8061=ORIENTED_EDGE('',*,*,#6348,.T.);
#8062=ORIENTED_EDGE('',*,*,#6349,.T.);
#8063=ORIENTED_EDGE('',*,*,#6350,.T.);
#8064=ORIENTED_EDGE('',*,*,#6351,.T.);
#8065=ORIENTED_EDGE('',*,*,#6352,.T.);
#8066=ORIENTED_EDGE('',*,*,#6353,.T.);
#8067=ORIENTED_EDGE('',*,*,#6354,.T.);
#8068=ORIENTED_EDGE('',*,*,#6355,.T.);
#8069=ORIENTED_EDGE('',*,*,#5995,.T.);
#8070=ORIENTED_EDGE('',*,*,#6356,.T.);
#8071=ORIENTED_EDGE('',*,*,#6357,.F.);
#8072=ORIENTED_EDGE('',*,*,#6358,.F.);
#8073=ORIENTED_EDGE('',*,*,#6359,.F.);
#8074=ORIENTED_EDGE('',*,*,#6360,.F.);
#8075=ORIENTED_EDGE('',*,*,#6361,.F.);
#8076=ORIENTED_EDGE('',*,*,#6362,.F.);
#8077=ORIENTED_EDGE('',*,*,#6363,.F.);
#8078=ORIENTED_EDGE('',*,*,#6364,.F.);
#8079=ORIENTED_EDGE('',*,*,#6365,.F.);
#8080=ORIENTED_EDGE('',*,*,#6366,.F.);
#8081=ORIENTED_EDGE('',*,*,#6367,.F.);
#8082=ORIENTED_EDGE('',*,*,#6368,.F.);
#8083=ORIENTED_EDGE('',*,*,#6369,.F.);
#8084=ORIENTED_EDGE('',*,*,#6370,.F.);
#8085=ORIENTED_EDGE('',*,*,#6371,.F.);
#8086=ORIENTED_EDGE('',*,*,#6372,.F.);
#8087=ORIENTED_EDGE('',*,*,#6373,.F.);
#8088=ORIENTED_EDGE('',*,*,#6374,.F.);
#8089=ORIENTED_EDGE('',*,*,#6375,.F.);
#8090=ORIENTED_EDGE('',*,*,#6376,.F.);
#8091=ORIENTED_EDGE('',*,*,#6377,.F.);
#8092=ORIENTED_EDGE('',*,*,#6378,.F.);
#8093=ORIENTED_EDGE('',*,*,#6379,.F.);
#8094=ORIENTED_EDGE('',*,*,#6380,.F.);
#8095=ORIENTED_EDGE('',*,*,#6381,.F.);
#8096=ORIENTED_EDGE('',*,*,#6382,.F.);
#8097=ORIENTED_EDGE('',*,*,#6383,.F.);
#8098=ORIENTED_EDGE('',*,*,#6384,.F.);
#8099=ORIENTED_EDGE('',*,*,#6385,.F.);
#8100=ORIENTED_EDGE('',*,*,#6386,.F.);
#8101=ORIENTED_EDGE('',*,*,#6387,.F.);
#8102=ORIENTED_EDGE('',*,*,#6388,.F.);
#8103=ORIENTED_EDGE('',*,*,#6389,.F.);
#8104=ORIENTED_EDGE('',*,*,#6390,.F.);
#8105=ORIENTED_EDGE('',*,*,#6391,.F.);
#8106=ORIENTED_EDGE('',*,*,#6392,.F.);
#8107=ORIENTED_EDGE('',*,*,#6393,.F.);
#8108=ORIENTED_EDGE('',*,*,#6394,.F.);
#8109=ORIENTED_EDGE('',*,*,#6201,.F.);
#8110=ORIENTED_EDGE('',*,*,#6035,.T.);
#8111=ORIENTED_EDGE('',*,*,#6039,.T.);
#8112=ORIENTED_EDGE('',*,*,#6395,.F.);
#8113=ORIENTED_EDGE('',*,*,#6396,.F.);
#8114=ORIENTED_EDGE('',*,*,#6397,.F.);
#8115=ORIENTED_EDGE('',*,*,#6398,.F.);
#8116=ORIENTED_EDGE('',*,*,#6399,.F.);
#8117=ORIENTED_EDGE('',*,*,#6400,.F.);
#8118=ORIENTED_EDGE('',*,*,#6401,.F.);
#8119=ORIENTED_EDGE('',*,*,#6402,.F.);
#8120=ORIENTED_EDGE('',*,*,#6403,.F.);
#8121=ORIENTED_EDGE('',*,*,#6404,.F.);
#8122=ORIENTED_EDGE('',*,*,#6405,.F.);
#8123=ORIENTED_EDGE('',*,*,#6406,.F.);
#8124=ORIENTED_EDGE('',*,*,#6407,.F.);
#8125=ORIENTED_EDGE('',*,*,#6408,.F.);
#8126=ORIENTED_EDGE('',*,*,#6409,.F.);
#8127=ORIENTED_EDGE('',*,*,#6410,.F.);
#8128=ORIENTED_EDGE('',*,*,#6411,.F.);
#8129=ORIENTED_EDGE('',*,*,#6412,.F.);
#8130=ORIENTED_EDGE('',*,*,#6413,.F.);
#8131=ORIENTED_EDGE('',*,*,#6414,.F.);
#8132=ORIENTED_EDGE('',*,*,#6415,.F.);
#8133=ORIENTED_EDGE('',*,*,#6416,.F.);
#8134=ORIENTED_EDGE('',*,*,#6417,.F.);
#8135=ORIENTED_EDGE('',*,*,#6418,.F.);
#8136=ORIENTED_EDGE('',*,*,#6419,.F.);
#8137=ORIENTED_EDGE('',*,*,#6420,.F.);
#8138=ORIENTED_EDGE('',*,*,#6421,.F.);
#8139=ORIENTED_EDGE('',*,*,#6422,.F.);
#8140=ORIENTED_EDGE('',*,*,#6423,.F.);
#8141=ORIENTED_EDGE('',*,*,#6424,.F.);
#8142=ORIENTED_EDGE('',*,*,#6425,.F.);
#8143=ORIENTED_EDGE('',*,*,#6426,.F.);
#8144=ORIENTED_EDGE('',*,*,#6427,.F.);
#8145=ORIENTED_EDGE('',*,*,#6428,.F.);
#8146=ORIENTED_EDGE('',*,*,#6429,.F.);
#8147=ORIENTED_EDGE('',*,*,#6430,.F.);
#8148=ORIENTED_EDGE('',*,*,#6431,.F.);
#8149=ORIENTED_EDGE('',*,*,#6432,.F.);
#8150=ORIENTED_EDGE('',*,*,#6433,.F.);
#8151=ORIENTED_EDGE('',*,*,#6434,.F.);
#8152=ORIENTED_EDGE('',*,*,#6435,.F.);
#8153=ORIENTED_EDGE('',*,*,#6436,.F.);
#8154=ORIENTED_EDGE('',*,*,#6437,.F.);
#8155=ORIENTED_EDGE('',*,*,#6438,.F.);
#8156=ORIENTED_EDGE('',*,*,#6439,.F.);
#8157=ORIENTED_EDGE('',*,*,#6440,.F.);
#8158=ORIENTED_EDGE('',*,*,#6441,.F.);
#8159=ORIENTED_EDGE('',*,*,#6442,.F.);
#8160=ORIENTED_EDGE('',*,*,#6443,.F.);
#8161=ORIENTED_EDGE('',*,*,#6444,.F.);
#8162=ORIENTED_EDGE('',*,*,#6445,.F.);
#8163=ORIENTED_EDGE('',*,*,#6446,.F.);
#8164=ORIENTED_EDGE('',*,*,#6447,.F.);
#8165=ORIENTED_EDGE('',*,*,#6448,.F.);
#8166=ORIENTED_EDGE('',*,*,#6449,.F.);
#8167=ORIENTED_EDGE('',*,*,#6450,.F.);
#8168=ORIENTED_EDGE('',*,*,#6451,.F.);
#8169=ORIENTED_EDGE('',*,*,#6452,.F.);
#8170=ORIENTED_EDGE('',*,*,#6453,.F.);
#8171=ORIENTED_EDGE('',*,*,#6454,.F.);
#8172=ORIENTED_EDGE('',*,*,#6455,.F.);
#8173=ORIENTED_EDGE('',*,*,#6456,.F.);
#8174=ORIENTED_EDGE('',*,*,#6457,.F.);
#8175=ORIENTED_EDGE('',*,*,#6458,.F.);
#8176=ORIENTED_EDGE('',*,*,#6459,.F.);
#8177=ORIENTED_EDGE('',*,*,#6460,.F.);
#8178=ORIENTED_EDGE('',*,*,#6461,.F.);
#8179=ORIENTED_EDGE('',*,*,#6462,.F.);
#8180=ORIENTED_EDGE('',*,*,#6463,.F.);
#8181=ORIENTED_EDGE('',*,*,#6464,.F.);
#8182=ORIENTED_EDGE('',*,*,#6210,.F.);
#8183=ORIENTED_EDGE('',*,*,#6208,.T.);
#8184=ORIENTED_EDGE('',*,*,#6206,.T.);
#8185=ORIENTED_EDGE('',*,*,#6205,.F.);
#8186=ORIENTED_EDGE('',*,*,#6465,.F.);
#8187=ORIENTED_EDGE('',*,*,#6466,.F.);
#8188=ORIENTED_EDGE('',*,*,#6467,.F.);
#8189=ORIENTED_EDGE('',*,*,#6468,.F.);
#8190=ORIENTED_EDGE('',*,*,#6469,.F.);
#8191=ORIENTED_EDGE('',*,*,#6470,.F.);
#8192=ORIENTED_EDGE('',*,*,#6471,.F.);
#8193=ORIENTED_EDGE('',*,*,#6472,.F.);
#8194=ORIENTED_EDGE('',*,*,#6473,.F.);
#8195=ORIENTED_EDGE('',*,*,#6474,.F.);
#8196=ORIENTED_EDGE('',*,*,#6475,.F.);
#8197=ORIENTED_EDGE('',*,*,#6476,.F.);
#8198=ORIENTED_EDGE('',*,*,#6477,.F.);
#8199=ORIENTED_EDGE('',*,*,#6478,.F.);
#8200=ORIENTED_EDGE('',*,*,#6479,.F.);
#8201=ORIENTED_EDGE('',*,*,#6480,.F.);
#8202=ORIENTED_EDGE('',*,*,#6481,.F.);
#8203=ORIENTED_EDGE('',*,*,#6482,.F.);
#8204=ORIENTED_EDGE('',*,*,#6483,.F.);
#8205=ORIENTED_EDGE('',*,*,#6484,.F.);
#8206=ORIENTED_EDGE('',*,*,#6485,.F.);
#8207=ORIENTED_EDGE('',*,*,#6486,.F.);
#8208=ORIENTED_EDGE('',*,*,#6487,.F.);
#8209=ORIENTED_EDGE('',*,*,#6488,.F.);
#8210=ORIENTED_EDGE('',*,*,#6489,.F.);
#8211=ORIENTED_EDGE('',*,*,#6490,.F.);
#8212=ORIENTED_EDGE('',*,*,#6491,.F.);
#8213=ORIENTED_EDGE('',*,*,#6492,.F.);
#8214=ORIENTED_EDGE('',*,*,#6493,.F.);
#8215=ORIENTED_EDGE('',*,*,#6494,.F.);
#8216=ORIENTED_EDGE('',*,*,#6495,.F.);
#8217=ORIENTED_EDGE('',*,*,#6496,.F.);
#8218=ORIENTED_EDGE('',*,*,#6497,.F.);
#8219=ORIENTED_EDGE('',*,*,#6498,.F.);
#8220=ORIENTED_EDGE('',*,*,#6499,.F.);
#8221=ORIENTED_EDGE('',*,*,#6500,.F.);
#8222=ORIENTED_EDGE('',*,*,#5719,.T.);
#8223=ORIENTED_EDGE('',*,*,#6500,.T.);
#8224=ORIENTED_EDGE('',*,*,#6501,.T.);
#8225=ORIENTED_EDGE('',*,*,#6083,.T.);
#8226=ORIENTED_EDGE('',*,*,#6502,.F.);
#8227=ORIENTED_EDGE('',*,*,#6357,.T.);
#8228=ORIENTED_EDGE('',*,*,#6503,.T.);
#8229=ORIENTED_EDGE('',*,*,#6504,.T.);
#8230=ORIENTED_EDGE('',*,*,#6505,.T.);
#8231=ORIENTED_EDGE('',*,*,#6506,.T.);
#8232=ORIENTED_EDGE('',*,*,#6000,.F.);
#8233=ORIENTED_EDGE('',*,*,#6507,.T.);
#8234=ORIENTED_EDGE('',*,*,#6503,.F.);
#8235=ORIENTED_EDGE('',*,*,#6356,.F.);
#8236=ORIENTED_EDGE('',*,*,#5994,.F.);
#8237=ORIENTED_EDGE('',*,*,#5848,.F.);
#8238=ORIENTED_EDGE('',*,*,#6504,.F.);
#8239=ORIENTED_EDGE('',*,*,#6507,.F.);
#8240=ORIENTED_EDGE('',*,*,#5999,.F.);
#8241=ORIENTED_EDGE('',*,*,#6508,.T.);
#8242=ORIENTED_EDGE('',*,*,#6505,.F.);
#8243=ORIENTED_EDGE('',*,*,#6508,.F.);
#8244=ORIENTED_EDGE('',*,*,#5998,.F.);
#8245=ORIENTED_EDGE('',*,*,#6509,.T.);
#8246=ORIENTED_EDGE('',*,*,#6506,.F.);
#8247=ORIENTED_EDGE('',*,*,#6509,.F.);
#8248=ORIENTED_EDGE('',*,*,#5997,.F.);
#8249=ORIENTED_EDGE('',*,*,#5720,.T.);
#8250=ORIENTED_EDGE('',*,*,#5723,.T.);
#8251=ORIENTED_EDGE('',*,*,#5993,.T.);
#8252=ORIENTED_EDGE('',*,*,#6510,.F.);
#8253=ORIENTED_EDGE('',*,*,#6212,.F.);
#8254=ORIENTED_EDGE('',*,*,#6511,.T.);
#8255=ORIENTED_EDGE('',*,*,#6512,.T.);
#8256=ORIENTED_EDGE('',*,*,#6513,.T.);
#8257=ORIENTED_EDGE('',*,*,#6514,.T.);
#8258=ORIENTED_EDGE('',*,*,#6515,.T.);
#8259=ORIENTED_EDGE('',*,*,#6516,.T.);
#8260=ORIENTED_EDGE('',*,*,#6513,.F.);
#8261=ORIENTED_EDGE('',*,*,#6517,.T.);
#8262=ORIENTED_EDGE('',*,*,#6518,.T.);
#8263=ORIENTED_EDGE('',*,*,#6519,.T.);
#8264=ORIENTED_EDGE('',*,*,#6515,.F.);
#8265=ORIENTED_EDGE('',*,*,#6520,.T.);
#8266=ORIENTED_EDGE('',*,*,#6521,.T.);
#8267=ORIENTED_EDGE('',*,*,#6522,.T.);
#8268=ORIENTED_EDGE('',*,*,#6518,.F.);
#8269=ORIENTED_EDGE('',*,*,#6523,.T.);
#8270=ORIENTED_EDGE('',*,*,#6524,.T.);
#8271=ORIENTED_EDGE('',*,*,#6525,.T.);
#8272=ORIENTED_EDGE('',*,*,#6521,.F.);
#8273=ORIENTED_EDGE('',*,*,#6526,.T.);
#8274=ORIENTED_EDGE('',*,*,#6527,.T.);
#8275=ORIENTED_EDGE('',*,*,#6528,.T.);
#8276=ORIENTED_EDGE('',*,*,#6524,.F.);
#8277=ORIENTED_EDGE('',*,*,#6529,.T.);
#8278=ORIENTED_EDGE('',*,*,#6530,.T.);
#8279=ORIENTED_EDGE('',*,*,#6531,.T.);
#8280=ORIENTED_EDGE('',*,*,#6527,.F.);
#8281=ORIENTED_EDGE('',*,*,#6532,.T.);
#8282=ORIENTED_EDGE('',*,*,#6511,.F.);
#8283=ORIENTED_EDGE('',*,*,#6533,.T.);
#8284=ORIENTED_EDGE('',*,*,#6530,.F.);
#8285=ORIENTED_EDGE('',*,*,#6534,.T.);
#8286=ORIENTED_EDGE('',*,*,#6523,.F.);
#8287=ORIENTED_EDGE('',*,*,#6535,.T.);
#8288=ORIENTED_EDGE('',*,*,#6198,.F.);
#8289=ORIENTED_EDGE('',*,*,#6536,.F.);
#8290=ORIENTED_EDGE('',*,*,#6520,.F.);
#8291=ORIENTED_EDGE('',*,*,#6537,.T.);
#8292=ORIENTED_EDGE('',*,*,#6199,.F.);
#8293=ORIENTED_EDGE('',*,*,#6535,.F.);
#8294=ORIENTED_EDGE('',*,*,#6517,.F.);
#8295=ORIENTED_EDGE('',*,*,#6538,.T.);
#8296=ORIENTED_EDGE('',*,*,#6200,.F.);
#8297=ORIENTED_EDGE('',*,*,#6537,.F.);
#8298=ORIENTED_EDGE('',*,*,#6512,.F.);
#8299=ORIENTED_EDGE('',*,*,#6539,.T.);
#8300=ORIENTED_EDGE('',*,*,#6193,.F.);
#8301=ORIENTED_EDGE('',*,*,#6538,.F.);
#8302=ORIENTED_EDGE('',*,*,#6040,.F.);
#8303=ORIENTED_EDGE('',*,*,#6021,.F.);
#8304=ORIENTED_EDGE('',*,*,#6005,.F.);
#8305=ORIENTED_EDGE('',*,*,#6044,.F.);
#8306=ORIENTED_EDGE('',*,*,#6540,.F.);
#8307=ORIENTED_EDGE('',*,*,#6541,.F.);
#8308=ORIENTED_EDGE('',*,*,#6542,.F.);
#8309=ORIENTED_EDGE('',*,*,#6543,.F.);
#8310=ORIENTED_EDGE('',*,*,#6544,.F.);
#8311=ORIENTED_EDGE('',*,*,#6545,.F.);
#8312=ORIENTED_EDGE('',*,*,#6546,.F.);
#8313=ORIENTED_EDGE('',*,*,#6547,.F.);
#8314=ORIENTED_EDGE('',*,*,#6548,.F.);
#8315=ORIENTED_EDGE('',*,*,#6549,.F.);
#8316=ORIENTED_EDGE('',*,*,#6550,.F.);
#8317=ORIENTED_EDGE('',*,*,#6551,.F.);
#8318=ORIENTED_EDGE('',*,*,#6552,.F.);
#8319=ORIENTED_EDGE('',*,*,#6553,.F.);
#8320=ORIENTED_EDGE('',*,*,#6554,.F.);
#8321=ORIENTED_EDGE('',*,*,#6555,.F.);
#8322=ORIENTED_EDGE('',*,*,#6556,.F.);
#8323=ORIENTED_EDGE('',*,*,#6557,.F.);
#8324=ORIENTED_EDGE('',*,*,#6558,.F.);
#8325=ORIENTED_EDGE('',*,*,#6559,.F.);
#8326=ORIENTED_EDGE('',*,*,#6560,.F.);
#8327=ORIENTED_EDGE('',*,*,#6561,.F.);
#8328=ORIENTED_EDGE('',*,*,#6562,.F.);
#8329=ORIENTED_EDGE('',*,*,#6563,.F.);
#8330=ORIENTED_EDGE('',*,*,#6564,.F.);
#8331=ORIENTED_EDGE('',*,*,#6565,.F.);
#8332=ORIENTED_EDGE('',*,*,#6566,.F.);
#8333=ORIENTED_EDGE('',*,*,#6567,.F.);
#8334=ORIENTED_EDGE('',*,*,#6568,.F.);
#8335=ORIENTED_EDGE('',*,*,#6569,.F.);
#8336=ORIENTED_EDGE('',*,*,#6570,.F.);
#8337=ORIENTED_EDGE('',*,*,#6571,.F.);
#8338=ORIENTED_EDGE('',*,*,#6572,.F.);
#8339=ORIENTED_EDGE('',*,*,#6573,.F.);
#8340=ORIENTED_EDGE('',*,*,#6574,.F.);
#8341=ORIENTED_EDGE('',*,*,#6575,.F.);
#8342=ORIENTED_EDGE('',*,*,#6576,.F.);
#8343=ORIENTED_EDGE('',*,*,#6577,.F.);
#8344=ORIENTED_EDGE('',*,*,#6578,.F.);
#8345=ORIENTED_EDGE('',*,*,#6579,.F.);
#8346=ORIENTED_EDGE('',*,*,#6580,.F.);
#8347=ORIENTED_EDGE('',*,*,#6581,.F.);
#8348=ORIENTED_EDGE('',*,*,#6582,.F.);
#8349=ORIENTED_EDGE('',*,*,#6583,.F.);
#8350=ORIENTED_EDGE('',*,*,#6584,.F.);
#8351=ORIENTED_EDGE('',*,*,#6585,.F.);
#8352=ORIENTED_EDGE('',*,*,#6586,.F.);
#8353=ORIENTED_EDGE('',*,*,#6587,.F.);
#8354=ORIENTED_EDGE('',*,*,#6588,.F.);
#8355=ORIENTED_EDGE('',*,*,#6589,.F.);
#8356=ORIENTED_EDGE('',*,*,#6590,.F.);
#8357=ORIENTED_EDGE('',*,*,#6591,.F.);
#8358=ORIENTED_EDGE('',*,*,#6592,.F.);
#8359=ORIENTED_EDGE('',*,*,#6593,.F.);
#8360=ORIENTED_EDGE('',*,*,#6594,.F.);
#8361=ORIENTED_EDGE('',*,*,#6595,.F.);
#8362=ORIENTED_EDGE('',*,*,#6596,.F.);
#8363=ORIENTED_EDGE('',*,*,#6597,.F.);
#8364=ORIENTED_EDGE('',*,*,#6598,.F.);
#8365=ORIENTED_EDGE('',*,*,#6599,.F.);
#8366=ORIENTED_EDGE('',*,*,#6600,.F.);
#8367=ORIENTED_EDGE('',*,*,#6601,.F.);
#8368=ORIENTED_EDGE('',*,*,#6602,.F.);
#8369=ORIENTED_EDGE('',*,*,#6603,.F.);
#8370=ORIENTED_EDGE('',*,*,#6604,.F.);
#8371=ORIENTED_EDGE('',*,*,#6605,.F.);
#8372=ORIENTED_EDGE('',*,*,#6606,.F.);
#8373=ORIENTED_EDGE('',*,*,#6607,.F.);
#8374=ORIENTED_EDGE('',*,*,#6608,.F.);
#8375=ORIENTED_EDGE('',*,*,#6609,.F.);
#8376=ORIENTED_EDGE('',*,*,#6610,.F.);
#8377=ORIENTED_EDGE('',*,*,#6611,.F.);
#8378=ORIENTED_EDGE('',*,*,#6612,.F.);
#8379=ORIENTED_EDGE('',*,*,#6613,.F.);
#8380=ORIENTED_EDGE('',*,*,#6614,.F.);
#8381=ORIENTED_EDGE('',*,*,#6615,.F.);
#8382=ORIENTED_EDGE('',*,*,#6616,.F.);
#8383=ORIENTED_EDGE('',*,*,#6617,.F.);
#8384=ORIENTED_EDGE('',*,*,#6618,.F.);
#8385=ORIENTED_EDGE('',*,*,#6619,.F.);
#8386=ORIENTED_EDGE('',*,*,#6620,.F.);
#8387=ORIENTED_EDGE('',*,*,#6621,.F.);
#8388=ORIENTED_EDGE('',*,*,#6622,.F.);
#8389=ORIENTED_EDGE('',*,*,#6623,.F.);
#8390=ORIENTED_EDGE('',*,*,#6624,.F.);
#8391=ORIENTED_EDGE('',*,*,#6625,.F.);
#8392=ORIENTED_EDGE('',*,*,#6626,.F.);
#8393=ORIENTED_EDGE('',*,*,#6627,.F.);
#8394=ORIENTED_EDGE('',*,*,#6628,.F.);
#8395=ORIENTED_EDGE('',*,*,#6629,.F.);
#8396=ORIENTED_EDGE('',*,*,#6630,.F.);
#8397=ORIENTED_EDGE('',*,*,#6631,.F.);
#8398=ORIENTED_EDGE('',*,*,#6632,.F.);
#8399=ORIENTED_EDGE('',*,*,#6633,.F.);
#8400=ORIENTED_EDGE('',*,*,#6634,.F.);
#8401=ORIENTED_EDGE('',*,*,#6635,.F.);
#8402=ORIENTED_EDGE('',*,*,#6636,.F.);
#8403=ORIENTED_EDGE('',*,*,#6637,.F.);
#8404=ORIENTED_EDGE('',*,*,#6638,.F.);
#8405=ORIENTED_EDGE('',*,*,#6639,.F.);
#8406=ORIENTED_EDGE('',*,*,#6640,.F.);
#8407=ORIENTED_EDGE('',*,*,#6641,.F.);
#8408=ORIENTED_EDGE('',*,*,#6642,.F.);
#8409=ORIENTED_EDGE('',*,*,#6643,.F.);
#8410=ORIENTED_EDGE('',*,*,#6644,.F.);
#8411=ORIENTED_EDGE('',*,*,#6645,.F.);
#8412=ORIENTED_EDGE('',*,*,#6646,.F.);
#8413=ORIENTED_EDGE('',*,*,#6647,.F.);
#8414=ORIENTED_EDGE('',*,*,#6648,.F.);
#8415=ORIENTED_EDGE('',*,*,#6649,.F.);
#8416=ORIENTED_EDGE('',*,*,#6650,.F.);
#8417=ORIENTED_EDGE('',*,*,#6651,.F.);
#8418=ORIENTED_EDGE('',*,*,#6652,.F.);
#8419=ORIENTED_EDGE('',*,*,#6653,.F.);
#8420=ORIENTED_EDGE('',*,*,#6654,.F.);
#8421=ORIENTED_EDGE('',*,*,#6655,.F.);
#8422=ORIENTED_EDGE('',*,*,#6656,.F.);
#8423=ORIENTED_EDGE('',*,*,#6657,.F.);
#8424=ORIENTED_EDGE('',*,*,#6658,.F.);
#8425=ORIENTED_EDGE('',*,*,#6659,.F.);
#8426=ORIENTED_EDGE('',*,*,#6660,.F.);
#8427=ORIENTED_EDGE('',*,*,#6661,.F.);
#8428=ORIENTED_EDGE('',*,*,#6662,.F.);
#8429=ORIENTED_EDGE('',*,*,#6663,.F.);
#8430=ORIENTED_EDGE('',*,*,#6664,.F.);
#8431=ORIENTED_EDGE('',*,*,#6665,.F.);
#8432=ORIENTED_EDGE('',*,*,#6666,.F.);
#8433=ORIENTED_EDGE('',*,*,#6667,.F.);
#8434=ORIENTED_EDGE('',*,*,#6668,.F.);
#8435=ORIENTED_EDGE('',*,*,#6669,.F.);
#8436=ORIENTED_EDGE('',*,*,#6670,.F.);
#8437=ORIENTED_EDGE('',*,*,#6019,.T.);
#8438=ORIENTED_EDGE('',*,*,#6024,.T.);
#8439=ORIENTED_EDGE('',*,*,#6027,.T.);
#8440=ORIENTED_EDGE('',*,*,#6030,.T.);
#8441=ORIENTED_EDGE('',*,*,#6032,.T.);
#8442=ORIENTED_EDGE('',*,*,#6009,.T.);
#8443=ORIENTED_EDGE('',*,*,#6013,.T.);
#8444=ORIENTED_EDGE('',*,*,#6016,.T.);
#8445=ORIENTED_EDGE('',*,*,#6514,.F.);
#8446=ORIENTED_EDGE('',*,*,#6516,.F.);
#8447=ORIENTED_EDGE('',*,*,#6519,.F.);
#8448=ORIENTED_EDGE('',*,*,#6522,.F.);
#8449=ORIENTED_EDGE('',*,*,#6525,.F.);
#8450=ORIENTED_EDGE('',*,*,#6528,.F.);
#8451=ORIENTED_EDGE('',*,*,#6531,.F.);
#8452=ORIENTED_EDGE('',*,*,#6533,.F.);
#8453=ORIENTED_EDGE('',*,*,#6526,.F.);
#8454=ORIENTED_EDGE('',*,*,#6536,.T.);
#8455=ORIENTED_EDGE('',*,*,#6197,.F.);
#8456=ORIENTED_EDGE('',*,*,#6671,.F.);
#8457=ORIENTED_EDGE('',*,*,#6534,.F.);
#8458=ORIENTED_EDGE('',*,*,#6672,.T.);
#8459=ORIENTED_EDGE('',*,*,#6194,.F.);
#8460=ORIENTED_EDGE('',*,*,#6539,.F.);
#8461=ORIENTED_EDGE('',*,*,#6532,.F.);
#8462=ORIENTED_EDGE('',*,*,#6673,.T.);
#8463=ORIENTED_EDGE('',*,*,#6195,.F.);
#8464=ORIENTED_EDGE('',*,*,#6672,.F.);
#8465=ORIENTED_EDGE('',*,*,#6529,.F.);
#8466=ORIENTED_EDGE('',*,*,#6671,.T.);
#8467=ORIENTED_EDGE('',*,*,#6196,.F.);
#8468=ORIENTED_EDGE('',*,*,#6673,.F.);
#8469=ORIENTED_EDGE('',*,*,#6285,.F.);
#8470=ORIENTED_EDGE('',*,*,#6674,.T.);
#8471=ORIENTED_EDGE('',*,*,#5920,.T.);
#8472=ORIENTED_EDGE('',*,*,#6675,.F.);
#8473=ORIENTED_EDGE('',*,*,#6284,.F.);
#8474=ORIENTED_EDGE('',*,*,#6676,.T.);
#8475=ORIENTED_EDGE('',*,*,#5921,.T.);
#8476=ORIENTED_EDGE('',*,*,#6674,.F.);
#8477=ORIENTED_EDGE('',*,*,#6283,.F.);
#8478=ORIENTED_EDGE('',*,*,#6677,.T.);
#8479=ORIENTED_EDGE('',*,*,#5922,.T.);
#8480=ORIENTED_EDGE('',*,*,#6676,.F.);
#8481=ORIENTED_EDGE('',*,*,#6282,.F.);
#8482=ORIENTED_EDGE('',*,*,#6678,.T.);
#8483=ORIENTED_EDGE('',*,*,#5923,.T.);
#8484=ORIENTED_EDGE('',*,*,#6677,.F.);
#8485=ORIENTED_EDGE('',*,*,#6281,.F.);
#8486=ORIENTED_EDGE('',*,*,#6679,.T.);
#8487=ORIENTED_EDGE('',*,*,#5924,.T.);
#8488=ORIENTED_EDGE('',*,*,#6678,.F.);
#8489=ORIENTED_EDGE('',*,*,#6280,.F.);
#8490=ORIENTED_EDGE('',*,*,#6680,.T.);
#8491=ORIENTED_EDGE('',*,*,#5925,.T.);
#8492=ORIENTED_EDGE('',*,*,#6679,.F.);
#8493=ORIENTED_EDGE('',*,*,#6279,.F.);
#8494=ORIENTED_EDGE('',*,*,#6681,.T.);
#8495=ORIENTED_EDGE('',*,*,#5926,.T.);
#8496=ORIENTED_EDGE('',*,*,#6680,.F.);
#8497=ORIENTED_EDGE('',*,*,#6278,.F.);
#8498=ORIENTED_EDGE('',*,*,#6682,.T.);
#8499=ORIENTED_EDGE('',*,*,#5927,.T.);
#8500=ORIENTED_EDGE('',*,*,#6681,.F.);
#8501=ORIENTED_EDGE('',*,*,#6277,.F.);
#8502=ORIENTED_EDGE('',*,*,#6683,.T.);
#8503=ORIENTED_EDGE('',*,*,#5928,.T.);
#8504=ORIENTED_EDGE('',*,*,#6682,.F.);
#8505=ORIENTED_EDGE('',*,*,#6276,.F.);
#8506=ORIENTED_EDGE('',*,*,#6684,.T.);
#8507=ORIENTED_EDGE('',*,*,#5929,.T.);
#8508=ORIENTED_EDGE('',*,*,#6683,.F.);
#8509=ORIENTED_EDGE('',*,*,#6275,.F.);
#8510=ORIENTED_EDGE('',*,*,#6685,.T.);
#8511=ORIENTED_EDGE('',*,*,#5930,.T.);
#8512=ORIENTED_EDGE('',*,*,#6684,.F.);
#8513=ORIENTED_EDGE('',*,*,#6274,.F.);
#8514=ORIENTED_EDGE('',*,*,#6686,.T.);
#8515=ORIENTED_EDGE('',*,*,#5931,.T.);
#8516=ORIENTED_EDGE('',*,*,#6685,.F.);
#8517=ORIENTED_EDGE('',*,*,#6273,.F.);
#8518=ORIENTED_EDGE('',*,*,#6687,.T.);
#8519=ORIENTED_EDGE('',*,*,#5932,.T.);
#8520=ORIENTED_EDGE('',*,*,#6686,.F.);
#8521=ORIENTED_EDGE('',*,*,#6272,.F.);
#8522=ORIENTED_EDGE('',*,*,#6688,.T.);
#8523=ORIENTED_EDGE('',*,*,#5933,.T.);
#8524=ORIENTED_EDGE('',*,*,#6687,.F.);
#8525=ORIENTED_EDGE('',*,*,#6271,.F.);
#8526=ORIENTED_EDGE('',*,*,#6689,.T.);
#8527=ORIENTED_EDGE('',*,*,#5934,.T.);
#8528=ORIENTED_EDGE('',*,*,#6688,.F.);
#8529=ORIENTED_EDGE('',*,*,#6270,.F.);
#8530=ORIENTED_EDGE('',*,*,#6690,.T.);
#8531=ORIENTED_EDGE('',*,*,#5935,.T.);
#8532=ORIENTED_EDGE('',*,*,#6689,.F.);
#8533=ORIENTED_EDGE('',*,*,#6269,.F.);
#8534=ORIENTED_EDGE('',*,*,#6691,.T.);
#8535=ORIENTED_EDGE('',*,*,#5936,.T.);
#8536=ORIENTED_EDGE('',*,*,#6690,.F.);
#8537=ORIENTED_EDGE('',*,*,#6268,.F.);
#8538=ORIENTED_EDGE('',*,*,#6692,.T.);
#8539=ORIENTED_EDGE('',*,*,#5937,.T.);
#8540=ORIENTED_EDGE('',*,*,#6691,.F.);
#8541=ORIENTED_EDGE('',*,*,#6267,.F.);
#8542=ORIENTED_EDGE('',*,*,#6693,.T.);
#8543=ORIENTED_EDGE('',*,*,#5938,.T.);
#8544=ORIENTED_EDGE('',*,*,#6692,.F.);
#8545=ORIENTED_EDGE('',*,*,#6266,.F.);
#8546=ORIENTED_EDGE('',*,*,#6694,.T.);
#8547=ORIENTED_EDGE('',*,*,#5939,.T.);
#8548=ORIENTED_EDGE('',*,*,#6693,.F.);
#8549=ORIENTED_EDGE('',*,*,#6265,.F.);
#8550=ORIENTED_EDGE('',*,*,#6695,.T.);
#8551=ORIENTED_EDGE('',*,*,#5940,.T.);
#8552=ORIENTED_EDGE('',*,*,#6694,.F.);
#8553=ORIENTED_EDGE('',*,*,#6264,.F.);
#8554=ORIENTED_EDGE('',*,*,#6696,.T.);
#8555=ORIENTED_EDGE('',*,*,#5941,.T.);
#8556=ORIENTED_EDGE('',*,*,#6695,.F.);
#8557=ORIENTED_EDGE('',*,*,#6263,.F.);
#8558=ORIENTED_EDGE('',*,*,#6697,.T.);
#8559=ORIENTED_EDGE('',*,*,#5942,.T.);
#8560=ORIENTED_EDGE('',*,*,#6696,.F.);
#8561=ORIENTED_EDGE('',*,*,#6262,.F.);
#8562=ORIENTED_EDGE('',*,*,#6698,.T.);
#8563=ORIENTED_EDGE('',*,*,#5943,.T.);
#8564=ORIENTED_EDGE('',*,*,#6697,.F.);
#8565=ORIENTED_EDGE('',*,*,#6261,.F.);
#8566=ORIENTED_EDGE('',*,*,#6699,.T.);
#8567=ORIENTED_EDGE('',*,*,#5944,.T.);
#8568=ORIENTED_EDGE('',*,*,#6698,.F.);
#8569=ORIENTED_EDGE('',*,*,#6260,.F.);
#8570=ORIENTED_EDGE('',*,*,#6700,.T.);
#8571=ORIENTED_EDGE('',*,*,#5945,.T.);
#8572=ORIENTED_EDGE('',*,*,#6699,.F.);
#8573=ORIENTED_EDGE('',*,*,#6259,.F.);
#8574=ORIENTED_EDGE('',*,*,#6701,.T.);
#8575=ORIENTED_EDGE('',*,*,#5946,.T.);
#8576=ORIENTED_EDGE('',*,*,#6700,.F.);
#8577=ORIENTED_EDGE('',*,*,#6258,.F.);
#8578=ORIENTED_EDGE('',*,*,#6702,.T.);
#8579=ORIENTED_EDGE('',*,*,#5947,.T.);
#8580=ORIENTED_EDGE('',*,*,#6701,.F.);
#8581=ORIENTED_EDGE('',*,*,#6257,.F.);
#8582=ORIENTED_EDGE('',*,*,#6703,.T.);
#8583=ORIENTED_EDGE('',*,*,#5948,.T.);
#8584=ORIENTED_EDGE('',*,*,#6702,.F.);
#8585=ORIENTED_EDGE('',*,*,#6256,.F.);
#8586=ORIENTED_EDGE('',*,*,#6704,.T.);
#8587=ORIENTED_EDGE('',*,*,#5949,.T.);
#8588=ORIENTED_EDGE('',*,*,#6703,.F.);
#8589=ORIENTED_EDGE('',*,*,#6255,.F.);
#8590=ORIENTED_EDGE('',*,*,#6705,.T.);
#8591=ORIENTED_EDGE('',*,*,#5950,.T.);
#8592=ORIENTED_EDGE('',*,*,#6704,.F.);
#8593=ORIENTED_EDGE('',*,*,#6254,.F.);
#8594=ORIENTED_EDGE('',*,*,#6706,.T.);
#8595=ORIENTED_EDGE('',*,*,#5951,.T.);
#8596=ORIENTED_EDGE('',*,*,#6705,.F.);
#8597=ORIENTED_EDGE('',*,*,#6253,.F.);
#8598=ORIENTED_EDGE('',*,*,#6707,.T.);
#8599=ORIENTED_EDGE('',*,*,#5952,.T.);
#8600=ORIENTED_EDGE('',*,*,#6706,.F.);
#8601=ORIENTED_EDGE('',*,*,#6252,.F.);
#8602=ORIENTED_EDGE('',*,*,#6708,.T.);
#8603=ORIENTED_EDGE('',*,*,#5953,.T.);
#8604=ORIENTED_EDGE('',*,*,#6707,.F.);
#8605=ORIENTED_EDGE('',*,*,#6251,.F.);
#8606=ORIENTED_EDGE('',*,*,#6709,.T.);
#8607=ORIENTED_EDGE('',*,*,#5954,.T.);
#8608=ORIENTED_EDGE('',*,*,#6708,.F.);
#8609=ORIENTED_EDGE('',*,*,#6250,.F.);
#8610=ORIENTED_EDGE('',*,*,#6710,.T.);
#8611=ORIENTED_EDGE('',*,*,#5955,.T.);
#8612=ORIENTED_EDGE('',*,*,#6709,.F.);
#8613=ORIENTED_EDGE('',*,*,#6249,.F.);
#8614=ORIENTED_EDGE('',*,*,#6711,.T.);
#8615=ORIENTED_EDGE('',*,*,#5956,.T.);
#8616=ORIENTED_EDGE('',*,*,#6710,.F.);
#8617=ORIENTED_EDGE('',*,*,#6248,.F.);
#8618=ORIENTED_EDGE('',*,*,#6712,.T.);
#8619=ORIENTED_EDGE('',*,*,#5957,.T.);
#8620=ORIENTED_EDGE('',*,*,#6711,.F.);
#8621=ORIENTED_EDGE('',*,*,#6247,.F.);
#8622=ORIENTED_EDGE('',*,*,#6713,.T.);
#8623=ORIENTED_EDGE('',*,*,#5958,.T.);
#8624=ORIENTED_EDGE('',*,*,#6712,.F.);
#8625=ORIENTED_EDGE('',*,*,#6246,.F.);
#8626=ORIENTED_EDGE('',*,*,#6714,.T.);
#8627=ORIENTED_EDGE('',*,*,#5959,.T.);
#8628=ORIENTED_EDGE('',*,*,#6713,.F.);
#8629=ORIENTED_EDGE('',*,*,#6245,.F.);
#8630=ORIENTED_EDGE('',*,*,#6715,.T.);
#8631=ORIENTED_EDGE('',*,*,#5960,.T.);
#8632=ORIENTED_EDGE('',*,*,#6714,.F.);
#8633=ORIENTED_EDGE('',*,*,#6244,.F.);
#8634=ORIENTED_EDGE('',*,*,#6716,.T.);
#8635=ORIENTED_EDGE('',*,*,#5961,.T.);
#8636=ORIENTED_EDGE('',*,*,#6715,.F.);
#8637=ORIENTED_EDGE('',*,*,#6243,.F.);
#8638=ORIENTED_EDGE('',*,*,#6717,.T.);
#8639=ORIENTED_EDGE('',*,*,#5962,.T.);
#8640=ORIENTED_EDGE('',*,*,#6716,.F.);
#8641=ORIENTED_EDGE('',*,*,#6242,.F.);
#8642=ORIENTED_EDGE('',*,*,#6718,.T.);
#8643=ORIENTED_EDGE('',*,*,#5963,.T.);
#8644=ORIENTED_EDGE('',*,*,#6717,.F.);
#8645=ORIENTED_EDGE('',*,*,#6241,.F.);
#8646=ORIENTED_EDGE('',*,*,#6719,.T.);
#8647=ORIENTED_EDGE('',*,*,#5964,.T.);
#8648=ORIENTED_EDGE('',*,*,#6718,.F.);
#8649=ORIENTED_EDGE('',*,*,#6240,.F.);
#8650=ORIENTED_EDGE('',*,*,#6720,.T.);
#8651=ORIENTED_EDGE('',*,*,#5965,.T.);
#8652=ORIENTED_EDGE('',*,*,#6719,.F.);
#8653=ORIENTED_EDGE('',*,*,#6239,.F.);
#8654=ORIENTED_EDGE('',*,*,#6721,.T.);
#8655=ORIENTED_EDGE('',*,*,#5966,.T.);
#8656=ORIENTED_EDGE('',*,*,#6720,.F.);
#8657=ORIENTED_EDGE('',*,*,#6238,.F.);
#8658=ORIENTED_EDGE('',*,*,#6722,.T.);
#8659=ORIENTED_EDGE('',*,*,#5967,.T.);
#8660=ORIENTED_EDGE('',*,*,#6721,.F.);
#8661=ORIENTED_EDGE('',*,*,#6237,.F.);
#8662=ORIENTED_EDGE('',*,*,#6723,.T.);
#8663=ORIENTED_EDGE('',*,*,#5968,.T.);
#8664=ORIENTED_EDGE('',*,*,#6722,.F.);
#8665=ORIENTED_EDGE('',*,*,#6236,.F.);
#8666=ORIENTED_EDGE('',*,*,#6724,.T.);
#8667=ORIENTED_EDGE('',*,*,#5969,.T.);
#8668=ORIENTED_EDGE('',*,*,#6723,.F.);
#8669=ORIENTED_EDGE('',*,*,#6235,.F.);
#8670=ORIENTED_EDGE('',*,*,#6725,.T.);
#8671=ORIENTED_EDGE('',*,*,#5970,.T.);
#8672=ORIENTED_EDGE('',*,*,#6724,.F.);
#8673=ORIENTED_EDGE('',*,*,#6234,.F.);
#8674=ORIENTED_EDGE('',*,*,#6726,.T.);
#8675=ORIENTED_EDGE('',*,*,#5971,.T.);
#8676=ORIENTED_EDGE('',*,*,#6725,.F.);
#8677=ORIENTED_EDGE('',*,*,#6233,.F.);
#8678=ORIENTED_EDGE('',*,*,#6727,.T.);
#8679=ORIENTED_EDGE('',*,*,#5972,.T.);
#8680=ORIENTED_EDGE('',*,*,#6726,.F.);
#8681=ORIENTED_EDGE('',*,*,#6232,.F.);
#8682=ORIENTED_EDGE('',*,*,#6728,.T.);
#8683=ORIENTED_EDGE('',*,*,#5973,.T.);
#8684=ORIENTED_EDGE('',*,*,#6727,.F.);
#8685=ORIENTED_EDGE('',*,*,#6231,.F.);
#8686=ORIENTED_EDGE('',*,*,#6729,.T.);
#8687=ORIENTED_EDGE('',*,*,#5974,.T.);
#8688=ORIENTED_EDGE('',*,*,#6728,.F.);
#8689=ORIENTED_EDGE('',*,*,#6230,.F.);
#8690=ORIENTED_EDGE('',*,*,#6730,.T.);
#8691=ORIENTED_EDGE('',*,*,#5975,.T.);
#8692=ORIENTED_EDGE('',*,*,#6729,.F.);
#8693=ORIENTED_EDGE('',*,*,#6229,.F.);
#8694=ORIENTED_EDGE('',*,*,#6731,.T.);
#8695=ORIENTED_EDGE('',*,*,#5976,.T.);
#8696=ORIENTED_EDGE('',*,*,#6730,.F.);
#8697=ORIENTED_EDGE('',*,*,#6228,.F.);
#8698=ORIENTED_EDGE('',*,*,#6732,.T.);
#8699=ORIENTED_EDGE('',*,*,#5977,.T.);
#8700=ORIENTED_EDGE('',*,*,#6731,.F.);
#8701=ORIENTED_EDGE('',*,*,#6227,.F.);
#8702=ORIENTED_EDGE('',*,*,#6733,.T.);
#8703=ORIENTED_EDGE('',*,*,#5978,.T.);
#8704=ORIENTED_EDGE('',*,*,#6732,.F.);
#8705=ORIENTED_EDGE('',*,*,#6226,.F.);
#8706=ORIENTED_EDGE('',*,*,#6734,.T.);
#8707=ORIENTED_EDGE('',*,*,#5979,.T.);
#8708=ORIENTED_EDGE('',*,*,#6733,.F.);
#8709=ORIENTED_EDGE('',*,*,#6225,.F.);
#8710=ORIENTED_EDGE('',*,*,#6735,.T.);
#8711=ORIENTED_EDGE('',*,*,#5980,.T.);
#8712=ORIENTED_EDGE('',*,*,#6734,.F.);
#8713=ORIENTED_EDGE('',*,*,#6224,.F.);
#8714=ORIENTED_EDGE('',*,*,#6736,.T.);
#8715=ORIENTED_EDGE('',*,*,#5981,.T.);
#8716=ORIENTED_EDGE('',*,*,#6735,.F.);
#8717=ORIENTED_EDGE('',*,*,#6223,.F.);
#8718=ORIENTED_EDGE('',*,*,#6737,.T.);
#8719=ORIENTED_EDGE('',*,*,#5982,.T.);
#8720=ORIENTED_EDGE('',*,*,#6736,.F.);
#8721=ORIENTED_EDGE('',*,*,#6222,.F.);
#8722=ORIENTED_EDGE('',*,*,#6738,.T.);
#8723=ORIENTED_EDGE('',*,*,#5983,.T.);
#8724=ORIENTED_EDGE('',*,*,#6737,.F.);
#8725=ORIENTED_EDGE('',*,*,#6221,.F.);
#8726=ORIENTED_EDGE('',*,*,#6739,.T.);
#8727=ORIENTED_EDGE('',*,*,#5984,.T.);
#8728=ORIENTED_EDGE('',*,*,#6738,.F.);
#8729=ORIENTED_EDGE('',*,*,#6220,.F.);
#8730=ORIENTED_EDGE('',*,*,#6740,.T.);
#8731=ORIENTED_EDGE('',*,*,#5985,.T.);
#8732=ORIENTED_EDGE('',*,*,#6739,.F.);
#8733=ORIENTED_EDGE('',*,*,#6219,.F.);
#8734=ORIENTED_EDGE('',*,*,#6741,.T.);
#8735=ORIENTED_EDGE('',*,*,#5986,.T.);
#8736=ORIENTED_EDGE('',*,*,#6740,.F.);
#8737=ORIENTED_EDGE('',*,*,#6218,.F.);
#8738=ORIENTED_EDGE('',*,*,#6742,.T.);
#8739=ORIENTED_EDGE('',*,*,#5987,.T.);
#8740=ORIENTED_EDGE('',*,*,#6741,.F.);
#8741=ORIENTED_EDGE('',*,*,#6217,.F.);
#8742=ORIENTED_EDGE('',*,*,#6743,.T.);
#8743=ORIENTED_EDGE('',*,*,#5988,.T.);
#8744=ORIENTED_EDGE('',*,*,#6742,.F.);
#8745=ORIENTED_EDGE('',*,*,#6216,.F.);
#8746=ORIENTED_EDGE('',*,*,#6744,.T.);
#8747=ORIENTED_EDGE('',*,*,#5989,.T.);
#8748=ORIENTED_EDGE('',*,*,#6743,.F.);
#8749=ORIENTED_EDGE('',*,*,#6215,.F.);
#8750=ORIENTED_EDGE('',*,*,#6745,.T.);
#8751=ORIENTED_EDGE('',*,*,#5990,.T.);
#8752=ORIENTED_EDGE('',*,*,#6744,.F.);
#8753=ORIENTED_EDGE('',*,*,#6214,.F.);
#8754=ORIENTED_EDGE('',*,*,#6746,.T.);
#8755=ORIENTED_EDGE('',*,*,#5991,.T.);
#8756=ORIENTED_EDGE('',*,*,#6745,.F.);
#8757=ORIENTED_EDGE('',*,*,#6213,.F.);
#8758=ORIENTED_EDGE('',*,*,#6510,.T.);
#8759=ORIENTED_EDGE('',*,*,#5992,.T.);
#8760=ORIENTED_EDGE('',*,*,#6746,.F.);
#8761=ORIENTED_EDGE('',*,*,#6355,.F.);
#8762=ORIENTED_EDGE('',*,*,#6747,.T.);
#8763=ORIENTED_EDGE('',*,*,#5850,.T.);
#8764=ORIENTED_EDGE('',*,*,#5996,.F.);
#8765=ORIENTED_EDGE('',*,*,#6354,.F.);
#8766=ORIENTED_EDGE('',*,*,#6748,.T.);
#8767=ORIENTED_EDGE('',*,*,#5851,.T.);
#8768=ORIENTED_EDGE('',*,*,#6747,.F.);
#8769=ORIENTED_EDGE('',*,*,#6353,.F.);
#8770=ORIENTED_EDGE('',*,*,#6749,.T.);
#8771=ORIENTED_EDGE('',*,*,#5852,.T.);
#8772=ORIENTED_EDGE('',*,*,#6748,.F.);
#8773=ORIENTED_EDGE('',*,*,#6352,.F.);
#8774=ORIENTED_EDGE('',*,*,#6750,.T.);
#8775=ORIENTED_EDGE('',*,*,#5853,.T.);
#8776=ORIENTED_EDGE('',*,*,#6749,.F.);
#8777=ORIENTED_EDGE('',*,*,#6351,.F.);
#8778=ORIENTED_EDGE('',*,*,#6751,.T.);
#8779=ORIENTED_EDGE('',*,*,#5854,.T.);
#8780=ORIENTED_EDGE('',*,*,#6750,.F.);
#8781=ORIENTED_EDGE('',*,*,#6350,.F.);
#8782=ORIENTED_EDGE('',*,*,#6752,.T.);
#8783=ORIENTED_EDGE('',*,*,#5855,.T.);
#8784=ORIENTED_EDGE('',*,*,#6751,.F.);
#8785=ORIENTED_EDGE('',*,*,#6349,.F.);
#8786=ORIENTED_EDGE('',*,*,#6753,.T.);
#8787=ORIENTED_EDGE('',*,*,#5856,.T.);
#8788=ORIENTED_EDGE('',*,*,#6752,.F.);
#8789=ORIENTED_EDGE('',*,*,#6348,.F.);
#8790=ORIENTED_EDGE('',*,*,#6754,.T.);
#8791=ORIENTED_EDGE('',*,*,#5857,.T.);
#8792=ORIENTED_EDGE('',*,*,#6753,.F.);
#8793=ORIENTED_EDGE('',*,*,#6347,.F.);
#8794=ORIENTED_EDGE('',*,*,#6755,.T.);
#8795=ORIENTED_EDGE('',*,*,#5858,.T.);
#8796=ORIENTED_EDGE('',*,*,#6754,.F.);
#8797=ORIENTED_EDGE('',*,*,#6346,.F.);
#8798=ORIENTED_EDGE('',*,*,#6756,.T.);
#8799=ORIENTED_EDGE('',*,*,#5859,.T.);
#8800=ORIENTED_EDGE('',*,*,#6755,.F.);
#8801=ORIENTED_EDGE('',*,*,#6345,.F.);
#8802=ORIENTED_EDGE('',*,*,#6757,.T.);
#8803=ORIENTED_EDGE('',*,*,#5860,.T.);
#8804=ORIENTED_EDGE('',*,*,#6756,.F.);
#8805=ORIENTED_EDGE('',*,*,#6344,.F.);
#8806=ORIENTED_EDGE('',*,*,#6758,.T.);
#8807=ORIENTED_EDGE('',*,*,#5861,.T.);
#8808=ORIENTED_EDGE('',*,*,#6757,.F.);
#8809=ORIENTED_EDGE('',*,*,#6343,.F.);
#8810=ORIENTED_EDGE('',*,*,#6759,.T.);
#8811=ORIENTED_EDGE('',*,*,#5862,.T.);
#8812=ORIENTED_EDGE('',*,*,#6758,.F.);
#8813=ORIENTED_EDGE('',*,*,#6342,.F.);
#8814=ORIENTED_EDGE('',*,*,#6760,.T.);
#8815=ORIENTED_EDGE('',*,*,#5863,.T.);
#8816=ORIENTED_EDGE('',*,*,#6759,.F.);
#8817=ORIENTED_EDGE('',*,*,#6341,.F.);
#8818=ORIENTED_EDGE('',*,*,#6761,.T.);
#8819=ORIENTED_EDGE('',*,*,#5864,.T.);
#8820=ORIENTED_EDGE('',*,*,#6760,.F.);
#8821=ORIENTED_EDGE('',*,*,#6340,.F.);
#8822=ORIENTED_EDGE('',*,*,#6762,.T.);
#8823=ORIENTED_EDGE('',*,*,#5865,.T.);
#8824=ORIENTED_EDGE('',*,*,#6761,.F.);
#8825=ORIENTED_EDGE('',*,*,#6339,.F.);
#8826=ORIENTED_EDGE('',*,*,#6763,.T.);
#8827=ORIENTED_EDGE('',*,*,#5866,.T.);
#8828=ORIENTED_EDGE('',*,*,#6762,.F.);
#8829=ORIENTED_EDGE('',*,*,#6338,.F.);
#8830=ORIENTED_EDGE('',*,*,#6764,.T.);
#8831=ORIENTED_EDGE('',*,*,#5867,.T.);
#8832=ORIENTED_EDGE('',*,*,#6763,.F.);
#8833=ORIENTED_EDGE('',*,*,#6337,.F.);
#8834=ORIENTED_EDGE('',*,*,#6765,.T.);
#8835=ORIENTED_EDGE('',*,*,#5868,.T.);
#8836=ORIENTED_EDGE('',*,*,#6764,.F.);
#8837=ORIENTED_EDGE('',*,*,#6336,.F.);
#8838=ORIENTED_EDGE('',*,*,#6766,.T.);
#8839=ORIENTED_EDGE('',*,*,#5869,.T.);
#8840=ORIENTED_EDGE('',*,*,#6765,.F.);
#8841=ORIENTED_EDGE('',*,*,#6335,.F.);
#8842=ORIENTED_EDGE('',*,*,#6767,.T.);
#8843=ORIENTED_EDGE('',*,*,#5870,.T.);
#8844=ORIENTED_EDGE('',*,*,#6766,.F.);
#8845=ORIENTED_EDGE('',*,*,#6334,.F.);
#8846=ORIENTED_EDGE('',*,*,#6768,.T.);
#8847=ORIENTED_EDGE('',*,*,#5871,.T.);
#8848=ORIENTED_EDGE('',*,*,#6767,.F.);
#8849=ORIENTED_EDGE('',*,*,#6333,.F.);
#8850=ORIENTED_EDGE('',*,*,#6769,.T.);
#8851=ORIENTED_EDGE('',*,*,#5872,.T.);
#8852=ORIENTED_EDGE('',*,*,#6768,.F.);
#8853=ORIENTED_EDGE('',*,*,#6332,.F.);
#8854=ORIENTED_EDGE('',*,*,#6770,.T.);
#8855=ORIENTED_EDGE('',*,*,#5873,.T.);
#8856=ORIENTED_EDGE('',*,*,#6769,.F.);
#8857=ORIENTED_EDGE('',*,*,#6331,.F.);
#8858=ORIENTED_EDGE('',*,*,#6771,.T.);
#8859=ORIENTED_EDGE('',*,*,#5874,.T.);
#8860=ORIENTED_EDGE('',*,*,#6770,.F.);
#8861=ORIENTED_EDGE('',*,*,#6330,.F.);
#8862=ORIENTED_EDGE('',*,*,#6772,.T.);
#8863=ORIENTED_EDGE('',*,*,#5875,.T.);
#8864=ORIENTED_EDGE('',*,*,#6771,.F.);
#8865=ORIENTED_EDGE('',*,*,#6329,.F.);
#8866=ORIENTED_EDGE('',*,*,#6773,.T.);
#8867=ORIENTED_EDGE('',*,*,#5876,.T.);
#8868=ORIENTED_EDGE('',*,*,#6772,.F.);
#8869=ORIENTED_EDGE('',*,*,#6328,.F.);
#8870=ORIENTED_EDGE('',*,*,#6774,.T.);
#8871=ORIENTED_EDGE('',*,*,#5877,.T.);
#8872=ORIENTED_EDGE('',*,*,#6773,.F.);
#8873=ORIENTED_EDGE('',*,*,#6327,.F.);
#8874=ORIENTED_EDGE('',*,*,#6775,.T.);
#8875=ORIENTED_EDGE('',*,*,#5878,.T.);
#8876=ORIENTED_EDGE('',*,*,#6774,.F.);
#8877=ORIENTED_EDGE('',*,*,#6326,.F.);
#8878=ORIENTED_EDGE('',*,*,#6776,.T.);
#8879=ORIENTED_EDGE('',*,*,#5879,.T.);
#8880=ORIENTED_EDGE('',*,*,#6775,.F.);
#8881=ORIENTED_EDGE('',*,*,#6325,.F.);
#8882=ORIENTED_EDGE('',*,*,#6777,.T.);
#8883=ORIENTED_EDGE('',*,*,#5880,.T.);
#8884=ORIENTED_EDGE('',*,*,#6776,.F.);
#8885=ORIENTED_EDGE('',*,*,#6324,.F.);
#8886=ORIENTED_EDGE('',*,*,#6778,.T.);
#8887=ORIENTED_EDGE('',*,*,#5881,.T.);
#8888=ORIENTED_EDGE('',*,*,#6777,.F.);
#8889=ORIENTED_EDGE('',*,*,#6323,.F.);
#8890=ORIENTED_EDGE('',*,*,#6779,.T.);
#8891=ORIENTED_EDGE('',*,*,#5882,.T.);
#8892=ORIENTED_EDGE('',*,*,#6778,.F.);
#8893=ORIENTED_EDGE('',*,*,#6322,.F.);
#8894=ORIENTED_EDGE('',*,*,#6780,.T.);
#8895=ORIENTED_EDGE('',*,*,#5883,.T.);
#8896=ORIENTED_EDGE('',*,*,#6779,.F.);
#8897=ORIENTED_EDGE('',*,*,#6321,.F.);
#8898=ORIENTED_EDGE('',*,*,#6781,.T.);
#8899=ORIENTED_EDGE('',*,*,#5884,.T.);
#8900=ORIENTED_EDGE('',*,*,#6780,.F.);
#8901=ORIENTED_EDGE('',*,*,#6320,.F.);
#8902=ORIENTED_EDGE('',*,*,#6782,.T.);
#8903=ORIENTED_EDGE('',*,*,#5885,.T.);
#8904=ORIENTED_EDGE('',*,*,#6781,.F.);
#8905=ORIENTED_EDGE('',*,*,#6319,.F.);
#8906=ORIENTED_EDGE('',*,*,#6783,.T.);
#8907=ORIENTED_EDGE('',*,*,#5886,.T.);
#8908=ORIENTED_EDGE('',*,*,#6782,.F.);
#8909=ORIENTED_EDGE('',*,*,#6318,.F.);
#8910=ORIENTED_EDGE('',*,*,#6784,.T.);
#8911=ORIENTED_EDGE('',*,*,#5887,.T.);
#8912=ORIENTED_EDGE('',*,*,#6783,.F.);
#8913=ORIENTED_EDGE('',*,*,#6317,.F.);
#8914=ORIENTED_EDGE('',*,*,#6785,.T.);
#8915=ORIENTED_EDGE('',*,*,#5888,.T.);
#8916=ORIENTED_EDGE('',*,*,#6784,.F.);
#8917=ORIENTED_EDGE('',*,*,#6316,.F.);
#8918=ORIENTED_EDGE('',*,*,#6786,.T.);
#8919=ORIENTED_EDGE('',*,*,#5889,.T.);
#8920=ORIENTED_EDGE('',*,*,#6785,.F.);
#8921=ORIENTED_EDGE('',*,*,#6315,.F.);
#8922=ORIENTED_EDGE('',*,*,#6787,.T.);
#8923=ORIENTED_EDGE('',*,*,#5890,.T.);
#8924=ORIENTED_EDGE('',*,*,#6786,.F.);
#8925=ORIENTED_EDGE('',*,*,#6314,.F.);
#8926=ORIENTED_EDGE('',*,*,#6788,.T.);
#8927=ORIENTED_EDGE('',*,*,#5891,.T.);
#8928=ORIENTED_EDGE('',*,*,#6787,.F.);
#8929=ORIENTED_EDGE('',*,*,#6313,.F.);
#8930=ORIENTED_EDGE('',*,*,#6789,.T.);
#8931=ORIENTED_EDGE('',*,*,#5892,.T.);
#8932=ORIENTED_EDGE('',*,*,#6788,.F.);
#8933=ORIENTED_EDGE('',*,*,#6312,.F.);
#8934=ORIENTED_EDGE('',*,*,#6790,.T.);
#8935=ORIENTED_EDGE('',*,*,#5893,.T.);
#8936=ORIENTED_EDGE('',*,*,#6789,.F.);
#8937=ORIENTED_EDGE('',*,*,#6311,.F.);
#8938=ORIENTED_EDGE('',*,*,#6791,.T.);
#8939=ORIENTED_EDGE('',*,*,#5894,.T.);
#8940=ORIENTED_EDGE('',*,*,#6790,.F.);
#8941=ORIENTED_EDGE('',*,*,#6310,.F.);
#8942=ORIENTED_EDGE('',*,*,#6792,.T.);
#8943=ORIENTED_EDGE('',*,*,#5895,.T.);
#8944=ORIENTED_EDGE('',*,*,#6791,.F.);
#8945=ORIENTED_EDGE('',*,*,#6309,.F.);
#8946=ORIENTED_EDGE('',*,*,#6793,.T.);
#8947=ORIENTED_EDGE('',*,*,#5896,.T.);
#8948=ORIENTED_EDGE('',*,*,#6792,.F.);
#8949=ORIENTED_EDGE('',*,*,#6308,.F.);
#8950=ORIENTED_EDGE('',*,*,#6794,.T.);
#8951=ORIENTED_EDGE('',*,*,#5897,.T.);
#8952=ORIENTED_EDGE('',*,*,#6793,.F.);
#8953=ORIENTED_EDGE('',*,*,#6307,.F.);
#8954=ORIENTED_EDGE('',*,*,#6795,.T.);
#8955=ORIENTED_EDGE('',*,*,#5898,.T.);
#8956=ORIENTED_EDGE('',*,*,#6794,.F.);
#8957=ORIENTED_EDGE('',*,*,#6306,.F.);
#8958=ORIENTED_EDGE('',*,*,#6796,.T.);
#8959=ORIENTED_EDGE('',*,*,#5899,.T.);
#8960=ORIENTED_EDGE('',*,*,#6795,.F.);
#8961=ORIENTED_EDGE('',*,*,#6305,.F.);
#8962=ORIENTED_EDGE('',*,*,#6797,.T.);
#8963=ORIENTED_EDGE('',*,*,#5900,.T.);
#8964=ORIENTED_EDGE('',*,*,#6796,.F.);
#8965=ORIENTED_EDGE('',*,*,#6304,.F.);
#8966=ORIENTED_EDGE('',*,*,#6798,.T.);
#8967=ORIENTED_EDGE('',*,*,#5901,.T.);
#8968=ORIENTED_EDGE('',*,*,#6797,.F.);
#8969=ORIENTED_EDGE('',*,*,#6303,.F.);
#8970=ORIENTED_EDGE('',*,*,#6799,.T.);
#8971=ORIENTED_EDGE('',*,*,#5902,.T.);
#8972=ORIENTED_EDGE('',*,*,#6798,.F.);
#8973=ORIENTED_EDGE('',*,*,#6302,.F.);
#8974=ORIENTED_EDGE('',*,*,#6800,.T.);
#8975=ORIENTED_EDGE('',*,*,#5903,.T.);
#8976=ORIENTED_EDGE('',*,*,#6799,.F.);
#8977=ORIENTED_EDGE('',*,*,#6301,.F.);
#8978=ORIENTED_EDGE('',*,*,#6801,.T.);
#8979=ORIENTED_EDGE('',*,*,#5904,.T.);
#8980=ORIENTED_EDGE('',*,*,#6800,.F.);
#8981=ORIENTED_EDGE('',*,*,#6300,.F.);
#8982=ORIENTED_EDGE('',*,*,#6802,.T.);
#8983=ORIENTED_EDGE('',*,*,#5905,.T.);
#8984=ORIENTED_EDGE('',*,*,#6801,.F.);
#8985=ORIENTED_EDGE('',*,*,#6299,.F.);
#8986=ORIENTED_EDGE('',*,*,#6803,.T.);
#8987=ORIENTED_EDGE('',*,*,#5906,.T.);
#8988=ORIENTED_EDGE('',*,*,#6802,.F.);
#8989=ORIENTED_EDGE('',*,*,#6298,.F.);
#8990=ORIENTED_EDGE('',*,*,#6804,.T.);
#8991=ORIENTED_EDGE('',*,*,#5907,.T.);
#8992=ORIENTED_EDGE('',*,*,#6803,.F.);
#8993=ORIENTED_EDGE('',*,*,#6297,.F.);
#8994=ORIENTED_EDGE('',*,*,#6805,.T.);
#8995=ORIENTED_EDGE('',*,*,#5908,.T.);
#8996=ORIENTED_EDGE('',*,*,#6804,.F.);
#8997=ORIENTED_EDGE('',*,*,#6296,.F.);
#8998=ORIENTED_EDGE('',*,*,#6806,.T.);
#8999=ORIENTED_EDGE('',*,*,#5909,.T.);
#9000=ORIENTED_EDGE('',*,*,#6805,.F.);
#9001=ORIENTED_EDGE('',*,*,#6295,.F.);
#9002=ORIENTED_EDGE('',*,*,#6807,.T.);
#9003=ORIENTED_EDGE('',*,*,#5910,.T.);
#9004=ORIENTED_EDGE('',*,*,#6806,.F.);
#9005=ORIENTED_EDGE('',*,*,#6294,.F.);
#9006=ORIENTED_EDGE('',*,*,#6808,.T.);
#9007=ORIENTED_EDGE('',*,*,#5911,.T.);
#9008=ORIENTED_EDGE('',*,*,#6807,.F.);
#9009=ORIENTED_EDGE('',*,*,#6293,.F.);
#9010=ORIENTED_EDGE('',*,*,#6809,.T.);
#9011=ORIENTED_EDGE('',*,*,#5912,.T.);
#9012=ORIENTED_EDGE('',*,*,#6808,.F.);
#9013=ORIENTED_EDGE('',*,*,#6292,.F.);
#9014=ORIENTED_EDGE('',*,*,#6810,.T.);
#9015=ORIENTED_EDGE('',*,*,#5913,.T.);
#9016=ORIENTED_EDGE('',*,*,#6809,.F.);
#9017=ORIENTED_EDGE('',*,*,#6291,.F.);
#9018=ORIENTED_EDGE('',*,*,#6811,.T.);
#9019=ORIENTED_EDGE('',*,*,#5914,.T.);
#9020=ORIENTED_EDGE('',*,*,#6810,.F.);
#9021=ORIENTED_EDGE('',*,*,#6290,.F.);
#9022=ORIENTED_EDGE('',*,*,#6812,.T.);
#9023=ORIENTED_EDGE('',*,*,#5915,.T.);
#9024=ORIENTED_EDGE('',*,*,#6811,.F.);
#9025=ORIENTED_EDGE('',*,*,#6289,.F.);
#9026=ORIENTED_EDGE('',*,*,#6813,.T.);
#9027=ORIENTED_EDGE('',*,*,#5916,.T.);
#9028=ORIENTED_EDGE('',*,*,#6812,.F.);
#9029=ORIENTED_EDGE('',*,*,#6288,.F.);
#9030=ORIENTED_EDGE('',*,*,#6814,.T.);
#9031=ORIENTED_EDGE('',*,*,#5917,.T.);
#9032=ORIENTED_EDGE('',*,*,#6813,.F.);
#9033=ORIENTED_EDGE('',*,*,#6287,.F.);
#9034=ORIENTED_EDGE('',*,*,#6815,.T.);
#9035=ORIENTED_EDGE('',*,*,#5918,.T.);
#9036=ORIENTED_EDGE('',*,*,#6814,.F.);
#9037=ORIENTED_EDGE('',*,*,#6286,.F.);
#9038=ORIENTED_EDGE('',*,*,#6675,.T.);
#9039=ORIENTED_EDGE('',*,*,#5919,.T.);
#9040=ORIENTED_EDGE('',*,*,#6815,.F.);
#9041=ORIENTED_EDGE('',*,*,#5821,.T.);
#9042=ORIENTED_EDGE('',*,*,#6816,.T.);
#9043=ORIENTED_EDGE('',*,*,#6817,.F.);
#9044=ORIENTED_EDGE('',*,*,#6818,.F.);
#9045=ORIENTED_EDGE('',*,*,#5820,.T.);
#9046=ORIENTED_EDGE('',*,*,#6819,.T.);
#9047=ORIENTED_EDGE('',*,*,#6820,.F.);
#9048=ORIENTED_EDGE('',*,*,#6816,.F.);
#9049=ORIENTED_EDGE('',*,*,#5819,.T.);
#9050=ORIENTED_EDGE('',*,*,#6821,.T.);
#9051=ORIENTED_EDGE('',*,*,#6822,.F.);
#9052=ORIENTED_EDGE('',*,*,#6819,.F.);
#9053=ORIENTED_EDGE('',*,*,#5818,.T.);
#9054=ORIENTED_EDGE('',*,*,#6823,.T.);
#9055=ORIENTED_EDGE('',*,*,#6824,.F.);
#9056=ORIENTED_EDGE('',*,*,#6821,.F.);
#9057=ORIENTED_EDGE('',*,*,#5817,.T.);
#9058=ORIENTED_EDGE('',*,*,#6825,.T.);
#9059=ORIENTED_EDGE('',*,*,#6826,.F.);
#9060=ORIENTED_EDGE('',*,*,#6823,.F.);
#9061=ORIENTED_EDGE('',*,*,#5816,.T.);
#9062=ORIENTED_EDGE('',*,*,#6827,.T.);
#9063=ORIENTED_EDGE('',*,*,#6828,.F.);
#9064=ORIENTED_EDGE('',*,*,#6825,.F.);
#9065=ORIENTED_EDGE('',*,*,#5815,.T.);
#9066=ORIENTED_EDGE('',*,*,#6829,.T.);
#9067=ORIENTED_EDGE('',*,*,#6830,.F.);
#9068=ORIENTED_EDGE('',*,*,#6827,.F.);
#9069=ORIENTED_EDGE('',*,*,#5814,.T.);
#9070=ORIENTED_EDGE('',*,*,#6831,.T.);
#9071=ORIENTED_EDGE('',*,*,#6832,.F.);
#9072=ORIENTED_EDGE('',*,*,#6829,.F.);
#9073=ORIENTED_EDGE('',*,*,#5813,.T.);
#9074=ORIENTED_EDGE('',*,*,#6833,.T.);
#9075=ORIENTED_EDGE('',*,*,#6834,.F.);
#9076=ORIENTED_EDGE('',*,*,#6831,.F.);
#9077=ORIENTED_EDGE('',*,*,#5812,.T.);
#9078=ORIENTED_EDGE('',*,*,#6835,.T.);
#9079=ORIENTED_EDGE('',*,*,#6836,.F.);
#9080=ORIENTED_EDGE('',*,*,#6833,.F.);
#9081=ORIENTED_EDGE('',*,*,#5811,.T.);
#9082=ORIENTED_EDGE('',*,*,#6837,.T.);
#9083=ORIENTED_EDGE('',*,*,#6838,.F.);
#9084=ORIENTED_EDGE('',*,*,#6835,.F.);
#9085=ORIENTED_EDGE('',*,*,#5810,.T.);
#9086=ORIENTED_EDGE('',*,*,#6839,.T.);
#9087=ORIENTED_EDGE('',*,*,#6840,.F.);
#9088=ORIENTED_EDGE('',*,*,#6837,.F.);
#9089=ORIENTED_EDGE('',*,*,#5809,.T.);
#9090=ORIENTED_EDGE('',*,*,#6841,.T.);
#9091=ORIENTED_EDGE('',*,*,#6842,.F.);
#9092=ORIENTED_EDGE('',*,*,#6839,.F.);
#9093=ORIENTED_EDGE('',*,*,#5808,.T.);
#9094=ORIENTED_EDGE('',*,*,#6843,.T.);
#9095=ORIENTED_EDGE('',*,*,#6844,.F.);
#9096=ORIENTED_EDGE('',*,*,#6841,.F.);
#9097=ORIENTED_EDGE('',*,*,#5807,.T.);
#9098=ORIENTED_EDGE('',*,*,#6845,.T.);
#9099=ORIENTED_EDGE('',*,*,#6846,.F.);
#9100=ORIENTED_EDGE('',*,*,#6843,.F.);
#9101=ORIENTED_EDGE('',*,*,#5806,.T.);
#9102=ORIENTED_EDGE('',*,*,#6847,.T.);
#9103=ORIENTED_EDGE('',*,*,#6848,.F.);
#9104=ORIENTED_EDGE('',*,*,#6845,.F.);
#9105=ORIENTED_EDGE('',*,*,#5805,.T.);
#9106=ORIENTED_EDGE('',*,*,#6849,.T.);
#9107=ORIENTED_EDGE('',*,*,#6850,.F.);
#9108=ORIENTED_EDGE('',*,*,#6847,.F.);
#9109=ORIENTED_EDGE('',*,*,#5804,.T.);
#9110=ORIENTED_EDGE('',*,*,#6851,.T.);
#9111=ORIENTED_EDGE('',*,*,#6852,.F.);
#9112=ORIENTED_EDGE('',*,*,#6849,.F.);
#9113=ORIENTED_EDGE('',*,*,#5803,.T.);
#9114=ORIENTED_EDGE('',*,*,#6853,.T.);
#9115=ORIENTED_EDGE('',*,*,#6854,.F.);
#9116=ORIENTED_EDGE('',*,*,#6851,.F.);
#9117=ORIENTED_EDGE('',*,*,#5802,.T.);
#9118=ORIENTED_EDGE('',*,*,#6855,.T.);
#9119=ORIENTED_EDGE('',*,*,#6856,.F.);
#9120=ORIENTED_EDGE('',*,*,#6853,.F.);
#9121=ORIENTED_EDGE('',*,*,#5801,.T.);
#9122=ORIENTED_EDGE('',*,*,#6857,.T.);
#9123=ORIENTED_EDGE('',*,*,#6858,.F.);
#9124=ORIENTED_EDGE('',*,*,#6855,.F.);
#9125=ORIENTED_EDGE('',*,*,#5800,.T.);
#9126=ORIENTED_EDGE('',*,*,#6859,.T.);
#9127=ORIENTED_EDGE('',*,*,#6860,.F.);
#9128=ORIENTED_EDGE('',*,*,#6857,.F.);
#9129=ORIENTED_EDGE('',*,*,#5799,.T.);
#9130=ORIENTED_EDGE('',*,*,#6861,.T.);
#9131=ORIENTED_EDGE('',*,*,#6862,.F.);
#9132=ORIENTED_EDGE('',*,*,#6859,.F.);
#9133=ORIENTED_EDGE('',*,*,#5798,.T.);
#9134=ORIENTED_EDGE('',*,*,#6863,.T.);
#9135=ORIENTED_EDGE('',*,*,#6864,.F.);
#9136=ORIENTED_EDGE('',*,*,#6861,.F.);
#9137=ORIENTED_EDGE('',*,*,#5797,.T.);
#9138=ORIENTED_EDGE('',*,*,#6865,.T.);
#9139=ORIENTED_EDGE('',*,*,#6866,.F.);
#9140=ORIENTED_EDGE('',*,*,#6863,.F.);
#9141=ORIENTED_EDGE('',*,*,#5796,.T.);
#9142=ORIENTED_EDGE('',*,*,#6867,.T.);
#9143=ORIENTED_EDGE('',*,*,#6868,.F.);
#9144=ORIENTED_EDGE('',*,*,#6865,.F.);
#9145=ORIENTED_EDGE('',*,*,#5795,.T.);
#9146=ORIENTED_EDGE('',*,*,#6869,.T.);
#9147=ORIENTED_EDGE('',*,*,#6870,.F.);
#9148=ORIENTED_EDGE('',*,*,#6867,.F.);
#9149=ORIENTED_EDGE('',*,*,#5794,.T.);
#9150=ORIENTED_EDGE('',*,*,#6871,.T.);
#9151=ORIENTED_EDGE('',*,*,#6872,.F.);
#9152=ORIENTED_EDGE('',*,*,#6869,.F.);
#9153=ORIENTED_EDGE('',*,*,#5793,.T.);
#9154=ORIENTED_EDGE('',*,*,#6873,.T.);
#9155=ORIENTED_EDGE('',*,*,#6874,.F.);
#9156=ORIENTED_EDGE('',*,*,#6871,.F.);
#9157=ORIENTED_EDGE('',*,*,#5792,.T.);
#9158=ORIENTED_EDGE('',*,*,#6875,.T.);
#9159=ORIENTED_EDGE('',*,*,#6876,.F.);
#9160=ORIENTED_EDGE('',*,*,#6873,.F.);
#9161=ORIENTED_EDGE('',*,*,#5791,.T.);
#9162=ORIENTED_EDGE('',*,*,#6877,.T.);
#9163=ORIENTED_EDGE('',*,*,#6878,.F.);
#9164=ORIENTED_EDGE('',*,*,#6875,.F.);
#9165=ORIENTED_EDGE('',*,*,#5790,.T.);
#9166=ORIENTED_EDGE('',*,*,#6879,.T.);
#9167=ORIENTED_EDGE('',*,*,#6880,.F.);
#9168=ORIENTED_EDGE('',*,*,#6877,.F.);
#9169=ORIENTED_EDGE('',*,*,#5789,.T.);
#9170=ORIENTED_EDGE('',*,*,#6881,.T.);
#9171=ORIENTED_EDGE('',*,*,#6882,.F.);
#9172=ORIENTED_EDGE('',*,*,#6879,.F.);
#9173=ORIENTED_EDGE('',*,*,#5788,.T.);
#9174=ORIENTED_EDGE('',*,*,#6883,.T.);
#9175=ORIENTED_EDGE('',*,*,#6884,.F.);
#9176=ORIENTED_EDGE('',*,*,#6881,.F.);
#9177=ORIENTED_EDGE('',*,*,#5787,.T.);
#9178=ORIENTED_EDGE('',*,*,#6885,.T.);
#9179=ORIENTED_EDGE('',*,*,#6886,.F.);
#9180=ORIENTED_EDGE('',*,*,#6883,.F.);
#9181=ORIENTED_EDGE('',*,*,#5786,.T.);
#9182=ORIENTED_EDGE('',*,*,#6887,.T.);
#9183=ORIENTED_EDGE('',*,*,#6888,.F.);
#9184=ORIENTED_EDGE('',*,*,#6885,.F.);
#9185=ORIENTED_EDGE('',*,*,#5785,.T.);
#9186=ORIENTED_EDGE('',*,*,#6889,.T.);
#9187=ORIENTED_EDGE('',*,*,#6890,.F.);
#9188=ORIENTED_EDGE('',*,*,#6887,.F.);
#9189=ORIENTED_EDGE('',*,*,#5784,.T.);
#9190=ORIENTED_EDGE('',*,*,#6891,.T.);
#9191=ORIENTED_EDGE('',*,*,#6892,.F.);
#9192=ORIENTED_EDGE('',*,*,#6889,.F.);
#9193=ORIENTED_EDGE('',*,*,#5783,.T.);
#9194=ORIENTED_EDGE('',*,*,#6893,.T.);
#9195=ORIENTED_EDGE('',*,*,#6894,.F.);
#9196=ORIENTED_EDGE('',*,*,#6891,.F.);
#9197=ORIENTED_EDGE('',*,*,#5782,.T.);
#9198=ORIENTED_EDGE('',*,*,#6895,.T.);
#9199=ORIENTED_EDGE('',*,*,#6896,.F.);
#9200=ORIENTED_EDGE('',*,*,#6893,.F.);
#9201=ORIENTED_EDGE('',*,*,#5781,.T.);
#9202=ORIENTED_EDGE('',*,*,#6897,.T.);
#9203=ORIENTED_EDGE('',*,*,#6898,.F.);
#9204=ORIENTED_EDGE('',*,*,#6895,.F.);
#9205=ORIENTED_EDGE('',*,*,#5780,.T.);
#9206=ORIENTED_EDGE('',*,*,#6899,.T.);
#9207=ORIENTED_EDGE('',*,*,#6900,.F.);
#9208=ORIENTED_EDGE('',*,*,#6897,.F.);
#9209=ORIENTED_EDGE('',*,*,#5779,.T.);
#9210=ORIENTED_EDGE('',*,*,#6901,.T.);
#9211=ORIENTED_EDGE('',*,*,#6902,.F.);
#9212=ORIENTED_EDGE('',*,*,#6899,.F.);
#9213=ORIENTED_EDGE('',*,*,#5778,.T.);
#9214=ORIENTED_EDGE('',*,*,#6903,.T.);
#9215=ORIENTED_EDGE('',*,*,#6904,.F.);
#9216=ORIENTED_EDGE('',*,*,#6901,.F.);
#9217=ORIENTED_EDGE('',*,*,#5777,.T.);
#9218=ORIENTED_EDGE('',*,*,#6905,.T.);
#9219=ORIENTED_EDGE('',*,*,#6906,.F.);
#9220=ORIENTED_EDGE('',*,*,#6903,.F.);
#9221=ORIENTED_EDGE('',*,*,#5776,.T.);
#9222=ORIENTED_EDGE('',*,*,#6907,.T.);
#9223=ORIENTED_EDGE('',*,*,#6908,.F.);
#9224=ORIENTED_EDGE('',*,*,#6905,.F.);
#9225=ORIENTED_EDGE('',*,*,#5775,.T.);
#9226=ORIENTED_EDGE('',*,*,#6909,.T.);
#9227=ORIENTED_EDGE('',*,*,#6910,.F.);
#9228=ORIENTED_EDGE('',*,*,#6907,.F.);
#9229=ORIENTED_EDGE('',*,*,#5774,.T.);
#9230=ORIENTED_EDGE('',*,*,#6911,.T.);
#9231=ORIENTED_EDGE('',*,*,#6912,.F.);
#9232=ORIENTED_EDGE('',*,*,#6909,.F.);
#9233=ORIENTED_EDGE('',*,*,#5773,.T.);
#9234=ORIENTED_EDGE('',*,*,#6913,.T.);
#9235=ORIENTED_EDGE('',*,*,#6914,.F.);
#9236=ORIENTED_EDGE('',*,*,#6911,.F.);
#9237=ORIENTED_EDGE('',*,*,#5772,.T.);
#9238=ORIENTED_EDGE('',*,*,#6915,.T.);
#9239=ORIENTED_EDGE('',*,*,#6916,.F.);
#9240=ORIENTED_EDGE('',*,*,#6913,.F.);
#9241=ORIENTED_EDGE('',*,*,#5771,.T.);
#9242=ORIENTED_EDGE('',*,*,#6917,.T.);
#9243=ORIENTED_EDGE('',*,*,#6918,.F.);
#9244=ORIENTED_EDGE('',*,*,#6915,.F.);
#9245=ORIENTED_EDGE('',*,*,#5770,.T.);
#9246=ORIENTED_EDGE('',*,*,#6919,.T.);
#9247=ORIENTED_EDGE('',*,*,#6920,.F.);
#9248=ORIENTED_EDGE('',*,*,#6917,.F.);
#9249=ORIENTED_EDGE('',*,*,#5769,.T.);
#9250=ORIENTED_EDGE('',*,*,#6921,.T.);
#9251=ORIENTED_EDGE('',*,*,#6922,.F.);
#9252=ORIENTED_EDGE('',*,*,#6919,.F.);
#9253=ORIENTED_EDGE('',*,*,#5768,.T.);
#9254=ORIENTED_EDGE('',*,*,#6923,.T.);
#9255=ORIENTED_EDGE('',*,*,#6924,.F.);
#9256=ORIENTED_EDGE('',*,*,#6921,.F.);
#9257=ORIENTED_EDGE('',*,*,#5767,.T.);
#9258=ORIENTED_EDGE('',*,*,#6925,.T.);
#9259=ORIENTED_EDGE('',*,*,#6926,.F.);
#9260=ORIENTED_EDGE('',*,*,#6923,.F.);
#9261=ORIENTED_EDGE('',*,*,#5766,.T.);
#9262=ORIENTED_EDGE('',*,*,#6927,.T.);
#9263=ORIENTED_EDGE('',*,*,#6928,.F.);
#9264=ORIENTED_EDGE('',*,*,#6925,.F.);
#9265=ORIENTED_EDGE('',*,*,#5765,.T.);
#9266=ORIENTED_EDGE('',*,*,#6929,.T.);
#9267=ORIENTED_EDGE('',*,*,#6930,.F.);
#9268=ORIENTED_EDGE('',*,*,#6927,.F.);
#9269=ORIENTED_EDGE('',*,*,#5764,.T.);
#9270=ORIENTED_EDGE('',*,*,#6931,.T.);
#9271=ORIENTED_EDGE('',*,*,#6932,.F.);
#9272=ORIENTED_EDGE('',*,*,#6929,.F.);
#9273=ORIENTED_EDGE('',*,*,#5763,.T.);
#9274=ORIENTED_EDGE('',*,*,#6933,.T.);
#9275=ORIENTED_EDGE('',*,*,#6934,.F.);
#9276=ORIENTED_EDGE('',*,*,#6931,.F.);
#9277=ORIENTED_EDGE('',*,*,#5762,.T.);
#9278=ORIENTED_EDGE('',*,*,#6935,.T.);
#9279=ORIENTED_EDGE('',*,*,#6936,.F.);
#9280=ORIENTED_EDGE('',*,*,#6933,.F.);
#9281=ORIENTED_EDGE('',*,*,#5761,.T.);
#9282=ORIENTED_EDGE('',*,*,#6937,.T.);
#9283=ORIENTED_EDGE('',*,*,#6938,.F.);
#9284=ORIENTED_EDGE('',*,*,#6935,.F.);
#9285=ORIENTED_EDGE('',*,*,#5760,.T.);
#9286=ORIENTED_EDGE('',*,*,#6939,.T.);
#9287=ORIENTED_EDGE('',*,*,#6940,.F.);
#9288=ORIENTED_EDGE('',*,*,#6937,.F.);
#9289=ORIENTED_EDGE('',*,*,#5759,.T.);
#9290=ORIENTED_EDGE('',*,*,#6941,.T.);
#9291=ORIENTED_EDGE('',*,*,#6942,.F.);
#9292=ORIENTED_EDGE('',*,*,#6939,.F.);
#9293=ORIENTED_EDGE('',*,*,#5758,.T.);
#9294=ORIENTED_EDGE('',*,*,#6943,.T.);
#9295=ORIENTED_EDGE('',*,*,#6944,.F.);
#9296=ORIENTED_EDGE('',*,*,#6941,.F.);
#9297=ORIENTED_EDGE('',*,*,#5757,.T.);
#9298=ORIENTED_EDGE('',*,*,#6945,.T.);
#9299=ORIENTED_EDGE('',*,*,#6946,.F.);
#9300=ORIENTED_EDGE('',*,*,#6943,.F.);
#9301=ORIENTED_EDGE('',*,*,#5756,.T.);
#9302=ORIENTED_EDGE('',*,*,#6947,.T.);
#9303=ORIENTED_EDGE('',*,*,#6948,.F.);
#9304=ORIENTED_EDGE('',*,*,#6945,.F.);
#9305=ORIENTED_EDGE('',*,*,#6397,.T.);
#9306=ORIENTED_EDGE('',*,*,#6949,.T.);
#9307=ORIENTED_EDGE('',*,*,#6190,.T.);
#9308=ORIENTED_EDGE('',*,*,#6950,.F.);
#9309=ORIENTED_EDGE('',*,*,#6396,.T.);
#9310=ORIENTED_EDGE('',*,*,#6951,.T.);
#9311=ORIENTED_EDGE('',*,*,#6191,.T.);
#9312=ORIENTED_EDGE('',*,*,#6949,.F.);
#9313=ORIENTED_EDGE('',*,*,#6038,.T.);
#9314=ORIENTED_EDGE('',*,*,#6192,.T.);
#9315=ORIENTED_EDGE('',*,*,#6951,.F.);
#9316=ORIENTED_EDGE('',*,*,#6395,.T.);
#9317=ORIENTED_EDGE('',*,*,#6394,.T.);
#9318=ORIENTED_EDGE('',*,*,#6952,.T.);
#9319=ORIENTED_EDGE('',*,*,#6046,.T.);
#9320=ORIENTED_EDGE('',*,*,#6202,.F.);
#9321=ORIENTED_EDGE('',*,*,#6393,.T.);
#9322=ORIENTED_EDGE('',*,*,#6953,.T.);
#9323=ORIENTED_EDGE('',*,*,#6047,.T.);
#9324=ORIENTED_EDGE('',*,*,#6952,.F.);
#9325=ORIENTED_EDGE('',*,*,#6392,.T.);
#9326=ORIENTED_EDGE('',*,*,#6954,.T.);
#9327=ORIENTED_EDGE('',*,*,#6048,.T.);
#9328=ORIENTED_EDGE('',*,*,#6953,.F.);
#9329=ORIENTED_EDGE('',*,*,#6391,.T.);
#9330=ORIENTED_EDGE('',*,*,#6955,.T.);
#9331=ORIENTED_EDGE('',*,*,#6049,.T.);
#9332=ORIENTED_EDGE('',*,*,#6954,.F.);
#9333=ORIENTED_EDGE('',*,*,#6390,.T.);
#9334=ORIENTED_EDGE('',*,*,#6956,.T.);
#9335=ORIENTED_EDGE('',*,*,#6050,.T.);
#9336=ORIENTED_EDGE('',*,*,#6955,.F.);
#9337=ORIENTED_EDGE('',*,*,#6389,.T.);
#9338=ORIENTED_EDGE('',*,*,#6957,.T.);
#9339=ORIENTED_EDGE('',*,*,#6051,.T.);
#9340=ORIENTED_EDGE('',*,*,#6956,.F.);
#9341=ORIENTED_EDGE('',*,*,#6388,.T.);
#9342=ORIENTED_EDGE('',*,*,#6958,.T.);
#9343=ORIENTED_EDGE('',*,*,#6052,.T.);
#9344=ORIENTED_EDGE('',*,*,#6957,.F.);
#9345=ORIENTED_EDGE('',*,*,#6387,.T.);
#9346=ORIENTED_EDGE('',*,*,#6959,.T.);
#9347=ORIENTED_EDGE('',*,*,#6053,.T.);
#9348=ORIENTED_EDGE('',*,*,#6958,.F.);
#9349=ORIENTED_EDGE('',*,*,#6386,.T.);
#9350=ORIENTED_EDGE('',*,*,#6960,.T.);
#9351=ORIENTED_EDGE('',*,*,#6054,.T.);
#9352=ORIENTED_EDGE('',*,*,#6959,.F.);
#9353=ORIENTED_EDGE('',*,*,#6385,.T.);
#9354=ORIENTED_EDGE('',*,*,#6961,.T.);
#9355=ORIENTED_EDGE('',*,*,#6055,.T.);
#9356=ORIENTED_EDGE('',*,*,#6960,.F.);
#9357=ORIENTED_EDGE('',*,*,#6384,.T.);
#9358=ORIENTED_EDGE('',*,*,#6962,.T.);
#9359=ORIENTED_EDGE('',*,*,#6056,.T.);
#9360=ORIENTED_EDGE('',*,*,#6961,.F.);
#9361=ORIENTED_EDGE('',*,*,#6383,.T.);
#9362=ORIENTED_EDGE('',*,*,#6963,.T.);
#9363=ORIENTED_EDGE('',*,*,#6057,.T.);
#9364=ORIENTED_EDGE('',*,*,#6962,.F.);
#9365=ORIENTED_EDGE('',*,*,#6382,.T.);
#9366=ORIENTED_EDGE('',*,*,#6964,.T.);
#9367=ORIENTED_EDGE('',*,*,#6058,.T.);
#9368=ORIENTED_EDGE('',*,*,#6963,.F.);
#9369=ORIENTED_EDGE('',*,*,#6381,.T.);
#9370=ORIENTED_EDGE('',*,*,#6965,.T.);
#9371=ORIENTED_EDGE('',*,*,#6059,.T.);
#9372=ORIENTED_EDGE('',*,*,#6964,.F.);
#9373=ORIENTED_EDGE('',*,*,#6380,.T.);
#9374=ORIENTED_EDGE('',*,*,#6966,.T.);
#9375=ORIENTED_EDGE('',*,*,#6060,.T.);
#9376=ORIENTED_EDGE('',*,*,#6965,.F.);
#9377=ORIENTED_EDGE('',*,*,#6379,.T.);
#9378=ORIENTED_EDGE('',*,*,#6967,.T.);
#9379=ORIENTED_EDGE('',*,*,#6061,.T.);
#9380=ORIENTED_EDGE('',*,*,#6966,.F.);
#9381=ORIENTED_EDGE('',*,*,#6378,.T.);
#9382=ORIENTED_EDGE('',*,*,#6968,.T.);
#9383=ORIENTED_EDGE('',*,*,#6062,.T.);
#9384=ORIENTED_EDGE('',*,*,#6967,.F.);
#9385=ORIENTED_EDGE('',*,*,#6377,.T.);
#9386=ORIENTED_EDGE('',*,*,#6969,.T.);
#9387=ORIENTED_EDGE('',*,*,#6063,.T.);
#9388=ORIENTED_EDGE('',*,*,#6968,.F.);
#9389=ORIENTED_EDGE('',*,*,#6376,.T.);
#9390=ORIENTED_EDGE('',*,*,#6970,.T.);
#9391=ORIENTED_EDGE('',*,*,#6064,.T.);
#9392=ORIENTED_EDGE('',*,*,#6969,.F.);
#9393=ORIENTED_EDGE('',*,*,#6375,.T.);
#9394=ORIENTED_EDGE('',*,*,#6971,.T.);
#9395=ORIENTED_EDGE('',*,*,#6065,.T.);
#9396=ORIENTED_EDGE('',*,*,#6970,.F.);
#9397=ORIENTED_EDGE('',*,*,#6374,.T.);
#9398=ORIENTED_EDGE('',*,*,#6972,.T.);
#9399=ORIENTED_EDGE('',*,*,#6066,.T.);
#9400=ORIENTED_EDGE('',*,*,#6971,.F.);
#9401=ORIENTED_EDGE('',*,*,#6373,.T.);
#9402=ORIENTED_EDGE('',*,*,#6973,.T.);
#9403=ORIENTED_EDGE('',*,*,#6067,.T.);
#9404=ORIENTED_EDGE('',*,*,#6972,.F.);
#9405=ORIENTED_EDGE('',*,*,#6372,.T.);
#9406=ORIENTED_EDGE('',*,*,#6974,.T.);
#9407=ORIENTED_EDGE('',*,*,#6068,.T.);
#9408=ORIENTED_EDGE('',*,*,#6973,.F.);
#9409=ORIENTED_EDGE('',*,*,#6371,.T.);
#9410=ORIENTED_EDGE('',*,*,#6975,.T.);
#9411=ORIENTED_EDGE('',*,*,#6069,.T.);
#9412=ORIENTED_EDGE('',*,*,#6974,.F.);
#9413=ORIENTED_EDGE('',*,*,#6370,.T.);
#9414=ORIENTED_EDGE('',*,*,#6976,.T.);
#9415=ORIENTED_EDGE('',*,*,#6070,.T.);
#9416=ORIENTED_EDGE('',*,*,#6975,.F.);
#9417=ORIENTED_EDGE('',*,*,#6369,.T.);
#9418=ORIENTED_EDGE('',*,*,#6977,.T.);
#9419=ORIENTED_EDGE('',*,*,#6071,.T.);
#9420=ORIENTED_EDGE('',*,*,#6976,.F.);
#9421=ORIENTED_EDGE('',*,*,#6368,.T.);
#9422=ORIENTED_EDGE('',*,*,#6978,.T.);
#9423=ORIENTED_EDGE('',*,*,#6072,.T.);
#9424=ORIENTED_EDGE('',*,*,#6977,.F.);
#9425=ORIENTED_EDGE('',*,*,#6367,.T.);
#9426=ORIENTED_EDGE('',*,*,#6979,.T.);
#9427=ORIENTED_EDGE('',*,*,#6073,.T.);
#9428=ORIENTED_EDGE('',*,*,#6978,.F.);
#9429=ORIENTED_EDGE('',*,*,#6366,.T.);
#9430=ORIENTED_EDGE('',*,*,#6980,.T.);
#9431=ORIENTED_EDGE('',*,*,#6074,.T.);
#9432=ORIENTED_EDGE('',*,*,#6979,.F.);
#9433=ORIENTED_EDGE('',*,*,#6365,.T.);
#9434=ORIENTED_EDGE('',*,*,#6981,.T.);
#9435=ORIENTED_EDGE('',*,*,#6075,.T.);
#9436=ORIENTED_EDGE('',*,*,#6980,.F.);
#9437=ORIENTED_EDGE('',*,*,#6364,.T.);
#9438=ORIENTED_EDGE('',*,*,#6982,.T.);
#9439=ORIENTED_EDGE('',*,*,#6076,.T.);
#9440=ORIENTED_EDGE('',*,*,#6981,.F.);
#9441=ORIENTED_EDGE('',*,*,#6363,.T.);
#9442=ORIENTED_EDGE('',*,*,#6983,.T.);
#9443=ORIENTED_EDGE('',*,*,#6077,.T.);
#9444=ORIENTED_EDGE('',*,*,#6982,.F.);
#9445=ORIENTED_EDGE('',*,*,#6362,.T.);
#9446=ORIENTED_EDGE('',*,*,#6984,.T.);
#9447=ORIENTED_EDGE('',*,*,#6078,.T.);
#9448=ORIENTED_EDGE('',*,*,#6983,.F.);
#9449=ORIENTED_EDGE('',*,*,#6361,.T.);
#9450=ORIENTED_EDGE('',*,*,#6985,.T.);
#9451=ORIENTED_EDGE('',*,*,#6079,.T.);
#9452=ORIENTED_EDGE('',*,*,#6984,.F.);
#9453=ORIENTED_EDGE('',*,*,#6360,.T.);
#9454=ORIENTED_EDGE('',*,*,#6986,.T.);
#9455=ORIENTED_EDGE('',*,*,#6080,.T.);
#9456=ORIENTED_EDGE('',*,*,#6985,.F.);
#9457=ORIENTED_EDGE('',*,*,#6359,.T.);
#9458=ORIENTED_EDGE('',*,*,#6987,.T.);
#9459=ORIENTED_EDGE('',*,*,#6081,.T.);
#9460=ORIENTED_EDGE('',*,*,#6986,.F.);
#9461=ORIENTED_EDGE('',*,*,#6358,.T.);
#9462=ORIENTED_EDGE('',*,*,#6502,.T.);
#9463=ORIENTED_EDGE('',*,*,#6082,.T.);
#9464=ORIENTED_EDGE('',*,*,#6987,.F.);
#9465=ORIENTED_EDGE('',*,*,#6499,.T.);
#9466=ORIENTED_EDGE('',*,*,#6988,.T.);
#9467=ORIENTED_EDGE('',*,*,#6084,.T.);
#9468=ORIENTED_EDGE('',*,*,#6501,.F.);
#9469=ORIENTED_EDGE('',*,*,#6498,.T.);
#9470=ORIENTED_EDGE('',*,*,#6989,.T.);
#9471=ORIENTED_EDGE('',*,*,#6085,.T.);
#9472=ORIENTED_EDGE('',*,*,#6988,.F.);
#9473=ORIENTED_EDGE('',*,*,#6497,.T.);
#9474=ORIENTED_EDGE('',*,*,#6990,.T.);
#9475=ORIENTED_EDGE('',*,*,#6086,.T.);
#9476=ORIENTED_EDGE('',*,*,#6989,.F.);
#9477=ORIENTED_EDGE('',*,*,#6496,.T.);
#9478=ORIENTED_EDGE('',*,*,#6991,.T.);
#9479=ORIENTED_EDGE('',*,*,#6087,.T.);
#9480=ORIENTED_EDGE('',*,*,#6990,.F.);
#9481=ORIENTED_EDGE('',*,*,#6495,.T.);
#9482=ORIENTED_EDGE('',*,*,#6992,.T.);
#9483=ORIENTED_EDGE('',*,*,#6088,.T.);
#9484=ORIENTED_EDGE('',*,*,#6991,.F.);
#9485=ORIENTED_EDGE('',*,*,#6494,.T.);
#9486=ORIENTED_EDGE('',*,*,#6993,.T.);
#9487=ORIENTED_EDGE('',*,*,#6089,.T.);
#9488=ORIENTED_EDGE('',*,*,#6992,.F.);
#9489=ORIENTED_EDGE('',*,*,#6493,.T.);
#9490=ORIENTED_EDGE('',*,*,#6994,.T.);
#9491=ORIENTED_EDGE('',*,*,#6090,.T.);
#9492=ORIENTED_EDGE('',*,*,#6993,.F.);
#9493=ORIENTED_EDGE('',*,*,#6492,.T.);
#9494=ORIENTED_EDGE('',*,*,#6995,.T.);
#9495=ORIENTED_EDGE('',*,*,#6091,.T.);
#9496=ORIENTED_EDGE('',*,*,#6994,.F.);
#9497=ORIENTED_EDGE('',*,*,#6491,.T.);
#9498=ORIENTED_EDGE('',*,*,#6996,.T.);
#9499=ORIENTED_EDGE('',*,*,#6092,.T.);
#9500=ORIENTED_EDGE('',*,*,#6995,.F.);
#9501=ORIENTED_EDGE('',*,*,#6490,.T.);
#9502=ORIENTED_EDGE('',*,*,#6997,.T.);
#9503=ORIENTED_EDGE('',*,*,#6093,.T.);
#9504=ORIENTED_EDGE('',*,*,#6996,.F.);
#9505=ORIENTED_EDGE('',*,*,#6489,.T.);
#9506=ORIENTED_EDGE('',*,*,#6998,.T.);
#9507=ORIENTED_EDGE('',*,*,#6094,.T.);
#9508=ORIENTED_EDGE('',*,*,#6997,.F.);
#9509=ORIENTED_EDGE('',*,*,#6488,.T.);
#9510=ORIENTED_EDGE('',*,*,#6999,.T.);
#9511=ORIENTED_EDGE('',*,*,#6095,.T.);
#9512=ORIENTED_EDGE('',*,*,#6998,.F.);
#9513=ORIENTED_EDGE('',*,*,#6487,.T.);
#9514=ORIENTED_EDGE('',*,*,#7000,.T.);
#9515=ORIENTED_EDGE('',*,*,#6096,.T.);
#9516=ORIENTED_EDGE('',*,*,#6999,.F.);
#9517=ORIENTED_EDGE('',*,*,#6486,.T.);
#9518=ORIENTED_EDGE('',*,*,#7001,.T.);
#9519=ORIENTED_EDGE('',*,*,#6097,.T.);
#9520=ORIENTED_EDGE('',*,*,#7000,.F.);
#9521=ORIENTED_EDGE('',*,*,#6485,.T.);
#9522=ORIENTED_EDGE('',*,*,#7002,.T.);
#9523=ORIENTED_EDGE('',*,*,#6098,.T.);
#9524=ORIENTED_EDGE('',*,*,#7001,.F.);
#9525=ORIENTED_EDGE('',*,*,#6484,.T.);
#9526=ORIENTED_EDGE('',*,*,#7003,.T.);
#9527=ORIENTED_EDGE('',*,*,#6099,.T.);
#9528=ORIENTED_EDGE('',*,*,#7002,.F.);
#9529=ORIENTED_EDGE('',*,*,#6483,.T.);
#9530=ORIENTED_EDGE('',*,*,#7004,.T.);
#9531=ORIENTED_EDGE('',*,*,#6100,.T.);
#9532=ORIENTED_EDGE('',*,*,#7003,.F.);
#9533=ORIENTED_EDGE('',*,*,#6482,.T.);
#9534=ORIENTED_EDGE('',*,*,#7005,.T.);
#9535=ORIENTED_EDGE('',*,*,#6101,.T.);
#9536=ORIENTED_EDGE('',*,*,#7004,.F.);
#9537=ORIENTED_EDGE('',*,*,#6481,.T.);
#9538=ORIENTED_EDGE('',*,*,#7006,.T.);
#9539=ORIENTED_EDGE('',*,*,#6102,.T.);
#9540=ORIENTED_EDGE('',*,*,#7005,.F.);
#9541=ORIENTED_EDGE('',*,*,#6480,.T.);
#9542=ORIENTED_EDGE('',*,*,#7007,.T.);
#9543=ORIENTED_EDGE('',*,*,#6103,.T.);
#9544=ORIENTED_EDGE('',*,*,#7006,.F.);
#9545=ORIENTED_EDGE('',*,*,#6479,.T.);
#9546=ORIENTED_EDGE('',*,*,#7008,.T.);
#9547=ORIENTED_EDGE('',*,*,#6104,.T.);
#9548=ORIENTED_EDGE('',*,*,#7007,.F.);
#9549=ORIENTED_EDGE('',*,*,#6478,.T.);
#9550=ORIENTED_EDGE('',*,*,#7009,.T.);
#9551=ORIENTED_EDGE('',*,*,#6105,.T.);
#9552=ORIENTED_EDGE('',*,*,#7008,.F.);
#9553=ORIENTED_EDGE('',*,*,#6477,.T.);
#9554=ORIENTED_EDGE('',*,*,#7010,.T.);
#9555=ORIENTED_EDGE('',*,*,#6106,.T.);
#9556=ORIENTED_EDGE('',*,*,#7009,.F.);
#9557=ORIENTED_EDGE('',*,*,#6476,.T.);
#9558=ORIENTED_EDGE('',*,*,#7011,.T.);
#9559=ORIENTED_EDGE('',*,*,#6107,.T.);
#9560=ORIENTED_EDGE('',*,*,#7010,.F.);
#9561=ORIENTED_EDGE('',*,*,#6475,.T.);
#9562=ORIENTED_EDGE('',*,*,#7012,.T.);
#9563=ORIENTED_EDGE('',*,*,#6108,.T.);
#9564=ORIENTED_EDGE('',*,*,#7011,.F.);
#9565=ORIENTED_EDGE('',*,*,#6474,.T.);
#9566=ORIENTED_EDGE('',*,*,#7013,.T.);
#9567=ORIENTED_EDGE('',*,*,#6109,.T.);
#9568=ORIENTED_EDGE('',*,*,#7012,.F.);
#9569=ORIENTED_EDGE('',*,*,#6473,.T.);
#9570=ORIENTED_EDGE('',*,*,#7014,.T.);
#9571=ORIENTED_EDGE('',*,*,#6110,.T.);
#9572=ORIENTED_EDGE('',*,*,#7013,.F.);
#9573=ORIENTED_EDGE('',*,*,#6472,.T.);
#9574=ORIENTED_EDGE('',*,*,#7015,.T.);
#9575=ORIENTED_EDGE('',*,*,#6111,.T.);
#9576=ORIENTED_EDGE('',*,*,#7014,.F.);
#9577=ORIENTED_EDGE('',*,*,#6471,.T.);
#9578=ORIENTED_EDGE('',*,*,#7016,.T.);
#9579=ORIENTED_EDGE('',*,*,#6112,.T.);
#9580=ORIENTED_EDGE('',*,*,#7015,.F.);
#9581=ORIENTED_EDGE('',*,*,#6470,.T.);
#9582=ORIENTED_EDGE('',*,*,#7017,.T.);
#9583=ORIENTED_EDGE('',*,*,#6113,.T.);
#9584=ORIENTED_EDGE('',*,*,#7016,.F.);
#9585=ORIENTED_EDGE('',*,*,#6469,.T.);
#9586=ORIENTED_EDGE('',*,*,#7018,.T.);
#9587=ORIENTED_EDGE('',*,*,#6114,.T.);
#9588=ORIENTED_EDGE('',*,*,#7017,.F.);
#9589=ORIENTED_EDGE('',*,*,#6468,.T.);
#9590=ORIENTED_EDGE('',*,*,#7019,.T.);
#9591=ORIENTED_EDGE('',*,*,#6115,.T.);
#9592=ORIENTED_EDGE('',*,*,#7018,.F.);
#9593=ORIENTED_EDGE('',*,*,#5755,.T.);
#9594=ORIENTED_EDGE('',*,*,#7020,.T.);
#9595=ORIENTED_EDGE('',*,*,#7021,.F.);
#9596=ORIENTED_EDGE('',*,*,#6947,.F.);
#9597=ORIENTED_EDGE('',*,*,#5754,.T.);
#9598=ORIENTED_EDGE('',*,*,#7022,.T.);
#9599=ORIENTED_EDGE('',*,*,#7023,.F.);
#9600=ORIENTED_EDGE('',*,*,#7020,.F.);
#9601=ORIENTED_EDGE('',*,*,#5753,.T.);
#9602=ORIENTED_EDGE('',*,*,#7024,.T.);
#9603=ORIENTED_EDGE('',*,*,#7025,.F.);
#9604=ORIENTED_EDGE('',*,*,#7022,.F.);
#9605=ORIENTED_EDGE('',*,*,#5752,.T.);
#9606=ORIENTED_EDGE('',*,*,#7026,.T.);
#9607=ORIENTED_EDGE('',*,*,#7027,.F.);
#9608=ORIENTED_EDGE('',*,*,#7024,.F.);
#9609=ORIENTED_EDGE('',*,*,#5751,.T.);
#9610=ORIENTED_EDGE('',*,*,#7028,.T.);
#9611=ORIENTED_EDGE('',*,*,#7029,.F.);
#9612=ORIENTED_EDGE('',*,*,#7026,.F.);
#9613=ORIENTED_EDGE('',*,*,#5750,.T.);
#9614=ORIENTED_EDGE('',*,*,#7030,.T.);
#9615=ORIENTED_EDGE('',*,*,#7031,.F.);
#9616=ORIENTED_EDGE('',*,*,#7028,.F.);
#9617=ORIENTED_EDGE('',*,*,#5749,.T.);
#9618=ORIENTED_EDGE('',*,*,#7032,.T.);
#9619=ORIENTED_EDGE('',*,*,#7033,.F.);
#9620=ORIENTED_EDGE('',*,*,#7030,.F.);
#9621=ORIENTED_EDGE('',*,*,#5748,.T.);
#9622=ORIENTED_EDGE('',*,*,#7034,.T.);
#9623=ORIENTED_EDGE('',*,*,#7035,.F.);
#9624=ORIENTED_EDGE('',*,*,#7032,.F.);
#9625=ORIENTED_EDGE('',*,*,#5747,.T.);
#9626=ORIENTED_EDGE('',*,*,#7036,.F.);
#9627=ORIENTED_EDGE('',*,*,#6042,.F.);
#9628=ORIENTED_EDGE('',*,*,#7034,.F.);
#9629=ORIENTED_EDGE('',*,*,#5746,.T.);
#9630=ORIENTED_EDGE('',*,*,#7037,.T.);
#9631=ORIENTED_EDGE('',*,*,#7038,.F.);
#9632=ORIENTED_EDGE('',*,*,#7036,.T.);
#9633=ORIENTED_EDGE('',*,*,#6467,.T.);
#9634=ORIENTED_EDGE('',*,*,#7039,.T.);
#9635=ORIENTED_EDGE('',*,*,#6116,.T.);
#9636=ORIENTED_EDGE('',*,*,#7019,.F.);
#9637=ORIENTED_EDGE('',*,*,#6466,.T.);
#9638=ORIENTED_EDGE('',*,*,#7040,.T.);
#9639=ORIENTED_EDGE('',*,*,#6117,.T.);
#9640=ORIENTED_EDGE('',*,*,#7039,.F.);
#9641=ORIENTED_EDGE('',*,*,#6465,.T.);
#9642=ORIENTED_EDGE('',*,*,#6204,.T.);
#9643=ORIENTED_EDGE('',*,*,#6118,.T.);
#9644=ORIENTED_EDGE('',*,*,#7040,.F.);
#9645=ORIENTED_EDGE('',*,*,#6464,.T.);
#9646=ORIENTED_EDGE('',*,*,#7041,.T.);
#9647=ORIENTED_EDGE('',*,*,#6123,.T.);
#9648=ORIENTED_EDGE('',*,*,#6211,.F.);
#9649=ORIENTED_EDGE('',*,*,#6463,.T.);
#9650=ORIENTED_EDGE('',*,*,#7042,.T.);
#9651=ORIENTED_EDGE('',*,*,#6124,.T.);
#9652=ORIENTED_EDGE('',*,*,#7041,.F.);
#9653=ORIENTED_EDGE('',*,*,#6462,.T.);
#9654=ORIENTED_EDGE('',*,*,#7043,.T.);
#9655=ORIENTED_EDGE('',*,*,#6125,.T.);
#9656=ORIENTED_EDGE('',*,*,#7042,.F.);
#9657=ORIENTED_EDGE('',*,*,#6461,.T.);
#9658=ORIENTED_EDGE('',*,*,#7044,.T.);
#9659=ORIENTED_EDGE('',*,*,#6126,.T.);
#9660=ORIENTED_EDGE('',*,*,#7043,.F.);
#9661=ORIENTED_EDGE('',*,*,#6460,.T.);
#9662=ORIENTED_EDGE('',*,*,#7045,.T.);
#9663=ORIENTED_EDGE('',*,*,#6127,.T.);
#9664=ORIENTED_EDGE('',*,*,#7044,.F.);
#9665=ORIENTED_EDGE('',*,*,#6459,.T.);
#9666=ORIENTED_EDGE('',*,*,#7046,.T.);
#9667=ORIENTED_EDGE('',*,*,#6128,.T.);
#9668=ORIENTED_EDGE('',*,*,#7045,.F.);
#9669=ORIENTED_EDGE('',*,*,#6458,.T.);
#9670=ORIENTED_EDGE('',*,*,#7047,.T.);
#9671=ORIENTED_EDGE('',*,*,#6129,.T.);
#9672=ORIENTED_EDGE('',*,*,#7046,.F.);
#9673=ORIENTED_EDGE('',*,*,#6457,.T.);
#9674=ORIENTED_EDGE('',*,*,#7048,.T.);
#9675=ORIENTED_EDGE('',*,*,#6130,.T.);
#9676=ORIENTED_EDGE('',*,*,#7047,.F.);
#9677=ORIENTED_EDGE('',*,*,#6456,.T.);
#9678=ORIENTED_EDGE('',*,*,#7049,.T.);
#9679=ORIENTED_EDGE('',*,*,#6131,.T.);
#9680=ORIENTED_EDGE('',*,*,#7048,.F.);
#9681=ORIENTED_EDGE('',*,*,#6455,.T.);
#9682=ORIENTED_EDGE('',*,*,#7050,.T.);
#9683=ORIENTED_EDGE('',*,*,#6132,.T.);
#9684=ORIENTED_EDGE('',*,*,#7049,.F.);
#9685=ORIENTED_EDGE('',*,*,#6454,.T.);
#9686=ORIENTED_EDGE('',*,*,#7051,.T.);
#9687=ORIENTED_EDGE('',*,*,#6133,.T.);
#9688=ORIENTED_EDGE('',*,*,#7050,.F.);
#9689=ORIENTED_EDGE('',*,*,#6453,.T.);
#9690=ORIENTED_EDGE('',*,*,#7052,.T.);
#9691=ORIENTED_EDGE('',*,*,#6134,.T.);
#9692=ORIENTED_EDGE('',*,*,#7051,.F.);
#9693=ORIENTED_EDGE('',*,*,#6452,.T.);
#9694=ORIENTED_EDGE('',*,*,#7053,.T.);
#9695=ORIENTED_EDGE('',*,*,#6135,.T.);
#9696=ORIENTED_EDGE('',*,*,#7052,.F.);
#9697=ORIENTED_EDGE('',*,*,#6451,.T.);
#9698=ORIENTED_EDGE('',*,*,#7054,.T.);
#9699=ORIENTED_EDGE('',*,*,#6136,.T.);
#9700=ORIENTED_EDGE('',*,*,#7053,.F.);
#9701=ORIENTED_EDGE('',*,*,#6450,.T.);
#9702=ORIENTED_EDGE('',*,*,#7055,.T.);
#9703=ORIENTED_EDGE('',*,*,#6137,.T.);
#9704=ORIENTED_EDGE('',*,*,#7054,.F.);
#9705=ORIENTED_EDGE('',*,*,#6449,.T.);
#9706=ORIENTED_EDGE('',*,*,#7056,.T.);
#9707=ORIENTED_EDGE('',*,*,#6138,.T.);
#9708=ORIENTED_EDGE('',*,*,#7055,.F.);
#9709=ORIENTED_EDGE('',*,*,#6448,.T.);
#9710=ORIENTED_EDGE('',*,*,#7057,.T.);
#9711=ORIENTED_EDGE('',*,*,#6139,.T.);
#9712=ORIENTED_EDGE('',*,*,#7056,.F.);
#9713=ORIENTED_EDGE('',*,*,#6447,.T.);
#9714=ORIENTED_EDGE('',*,*,#7058,.T.);
#9715=ORIENTED_EDGE('',*,*,#6140,.T.);
#9716=ORIENTED_EDGE('',*,*,#7057,.F.);
#9717=ORIENTED_EDGE('',*,*,#6446,.T.);
#9718=ORIENTED_EDGE('',*,*,#7059,.T.);
#9719=ORIENTED_EDGE('',*,*,#6141,.T.);
#9720=ORIENTED_EDGE('',*,*,#7058,.F.);
#9721=ORIENTED_EDGE('',*,*,#6445,.T.);
#9722=ORIENTED_EDGE('',*,*,#7060,.T.);
#9723=ORIENTED_EDGE('',*,*,#6142,.T.);
#9724=ORIENTED_EDGE('',*,*,#7059,.F.);
#9725=ORIENTED_EDGE('',*,*,#6444,.T.);
#9726=ORIENTED_EDGE('',*,*,#7061,.T.);
#9727=ORIENTED_EDGE('',*,*,#6143,.T.);
#9728=ORIENTED_EDGE('',*,*,#7060,.F.);
#9729=ORIENTED_EDGE('',*,*,#6443,.T.);
#9730=ORIENTED_EDGE('',*,*,#7062,.T.);
#9731=ORIENTED_EDGE('',*,*,#6144,.T.);
#9732=ORIENTED_EDGE('',*,*,#7061,.F.);
#9733=ORIENTED_EDGE('',*,*,#6442,.T.);
#9734=ORIENTED_EDGE('',*,*,#7063,.T.);
#9735=ORIENTED_EDGE('',*,*,#6145,.T.);
#9736=ORIENTED_EDGE('',*,*,#7062,.F.);
#9737=ORIENTED_EDGE('',*,*,#6441,.T.);
#9738=ORIENTED_EDGE('',*,*,#7064,.T.);
#9739=ORIENTED_EDGE('',*,*,#6146,.T.);
#9740=ORIENTED_EDGE('',*,*,#7063,.F.);
#9741=ORIENTED_EDGE('',*,*,#6440,.T.);
#9742=ORIENTED_EDGE('',*,*,#7065,.T.);
#9743=ORIENTED_EDGE('',*,*,#6147,.T.);
#9744=ORIENTED_EDGE('',*,*,#7064,.F.);
#9745=ORIENTED_EDGE('',*,*,#6439,.T.);
#9746=ORIENTED_EDGE('',*,*,#7066,.T.);
#9747=ORIENTED_EDGE('',*,*,#6148,.T.);
#9748=ORIENTED_EDGE('',*,*,#7065,.F.);
#9749=ORIENTED_EDGE('',*,*,#6438,.T.);
#9750=ORIENTED_EDGE('',*,*,#7067,.T.);
#9751=ORIENTED_EDGE('',*,*,#6149,.T.);
#9752=ORIENTED_EDGE('',*,*,#7066,.F.);
#9753=ORIENTED_EDGE('',*,*,#6437,.T.);
#9754=ORIENTED_EDGE('',*,*,#7068,.T.);
#9755=ORIENTED_EDGE('',*,*,#6150,.T.);
#9756=ORIENTED_EDGE('',*,*,#7067,.F.);
#9757=ORIENTED_EDGE('',*,*,#6436,.T.);
#9758=ORIENTED_EDGE('',*,*,#7069,.T.);
#9759=ORIENTED_EDGE('',*,*,#6151,.T.);
#9760=ORIENTED_EDGE('',*,*,#7068,.F.);
#9761=ORIENTED_EDGE('',*,*,#6435,.T.);
#9762=ORIENTED_EDGE('',*,*,#7070,.T.);
#9763=ORIENTED_EDGE('',*,*,#6152,.T.);
#9764=ORIENTED_EDGE('',*,*,#7069,.F.);
#9765=ORIENTED_EDGE('',*,*,#6434,.T.);
#9766=ORIENTED_EDGE('',*,*,#7071,.T.);
#9767=ORIENTED_EDGE('',*,*,#6153,.T.);
#9768=ORIENTED_EDGE('',*,*,#7070,.F.);
#9769=ORIENTED_EDGE('',*,*,#6433,.T.);
#9770=ORIENTED_EDGE('',*,*,#7072,.T.);
#9771=ORIENTED_EDGE('',*,*,#6154,.T.);
#9772=ORIENTED_EDGE('',*,*,#7071,.F.);
#9773=ORIENTED_EDGE('',*,*,#6432,.T.);
#9774=ORIENTED_EDGE('',*,*,#7073,.T.);
#9775=ORIENTED_EDGE('',*,*,#6155,.T.);
#9776=ORIENTED_EDGE('',*,*,#7072,.F.);
#9777=ORIENTED_EDGE('',*,*,#6431,.T.);
#9778=ORIENTED_EDGE('',*,*,#7074,.T.);
#9779=ORIENTED_EDGE('',*,*,#6156,.T.);
#9780=ORIENTED_EDGE('',*,*,#7073,.F.);
#9781=ORIENTED_EDGE('',*,*,#6430,.T.);
#9782=ORIENTED_EDGE('',*,*,#7075,.T.);
#9783=ORIENTED_EDGE('',*,*,#6157,.T.);
#9784=ORIENTED_EDGE('',*,*,#7074,.F.);
#9785=ORIENTED_EDGE('',*,*,#6429,.T.);
#9786=ORIENTED_EDGE('',*,*,#7076,.T.);
#9787=ORIENTED_EDGE('',*,*,#6158,.T.);
#9788=ORIENTED_EDGE('',*,*,#7075,.F.);
#9789=ORIENTED_EDGE('',*,*,#6428,.T.);
#9790=ORIENTED_EDGE('',*,*,#7077,.T.);
#9791=ORIENTED_EDGE('',*,*,#6159,.T.);
#9792=ORIENTED_EDGE('',*,*,#7076,.F.);
#9793=ORIENTED_EDGE('',*,*,#6427,.T.);
#9794=ORIENTED_EDGE('',*,*,#7078,.T.);
#9795=ORIENTED_EDGE('',*,*,#6160,.T.);
#9796=ORIENTED_EDGE('',*,*,#7077,.F.);
#9797=ORIENTED_EDGE('',*,*,#6426,.T.);
#9798=ORIENTED_EDGE('',*,*,#7079,.T.);
#9799=ORIENTED_EDGE('',*,*,#6161,.T.);
#9800=ORIENTED_EDGE('',*,*,#7078,.F.);
#9801=ORIENTED_EDGE('',*,*,#6425,.T.);
#9802=ORIENTED_EDGE('',*,*,#7080,.T.);
#9803=ORIENTED_EDGE('',*,*,#6162,.T.);
#9804=ORIENTED_EDGE('',*,*,#7079,.F.);
#9805=ORIENTED_EDGE('',*,*,#6424,.T.);
#9806=ORIENTED_EDGE('',*,*,#7081,.T.);
#9807=ORIENTED_EDGE('',*,*,#6163,.T.);
#9808=ORIENTED_EDGE('',*,*,#7080,.F.);
#9809=ORIENTED_EDGE('',*,*,#6423,.T.);
#9810=ORIENTED_EDGE('',*,*,#7082,.T.);
#9811=ORIENTED_EDGE('',*,*,#6164,.T.);
#9812=ORIENTED_EDGE('',*,*,#7081,.F.);
#9813=ORIENTED_EDGE('',*,*,#6422,.T.);
#9814=ORIENTED_EDGE('',*,*,#7083,.T.);
#9815=ORIENTED_EDGE('',*,*,#6165,.T.);
#9816=ORIENTED_EDGE('',*,*,#7082,.F.);
#9817=ORIENTED_EDGE('',*,*,#6421,.T.);
#9818=ORIENTED_EDGE('',*,*,#7084,.T.);
#9819=ORIENTED_EDGE('',*,*,#6166,.T.);
#9820=ORIENTED_EDGE('',*,*,#7083,.F.);
#9821=ORIENTED_EDGE('',*,*,#6420,.T.);
#9822=ORIENTED_EDGE('',*,*,#7085,.T.);
#9823=ORIENTED_EDGE('',*,*,#6167,.T.);
#9824=ORIENTED_EDGE('',*,*,#7084,.F.);
#9825=ORIENTED_EDGE('',*,*,#6419,.T.);
#9826=ORIENTED_EDGE('',*,*,#7086,.T.);
#9827=ORIENTED_EDGE('',*,*,#6168,.T.);
#9828=ORIENTED_EDGE('',*,*,#7085,.F.);
#9829=ORIENTED_EDGE('',*,*,#6418,.T.);
#9830=ORIENTED_EDGE('',*,*,#7087,.T.);
#9831=ORIENTED_EDGE('',*,*,#6169,.T.);
#9832=ORIENTED_EDGE('',*,*,#7086,.F.);
#9833=ORIENTED_EDGE('',*,*,#6417,.T.);
#9834=ORIENTED_EDGE('',*,*,#7088,.T.);
#9835=ORIENTED_EDGE('',*,*,#6170,.T.);
#9836=ORIENTED_EDGE('',*,*,#7087,.F.);
#9837=ORIENTED_EDGE('',*,*,#6416,.T.);
#9838=ORIENTED_EDGE('',*,*,#7089,.T.);
#9839=ORIENTED_EDGE('',*,*,#6171,.T.);
#9840=ORIENTED_EDGE('',*,*,#7088,.F.);
#9841=ORIENTED_EDGE('',*,*,#6415,.T.);
#9842=ORIENTED_EDGE('',*,*,#7090,.T.);
#9843=ORIENTED_EDGE('',*,*,#6172,.T.);
#9844=ORIENTED_EDGE('',*,*,#7089,.F.);
#9845=ORIENTED_EDGE('',*,*,#6414,.T.);
#9846=ORIENTED_EDGE('',*,*,#7091,.T.);
#9847=ORIENTED_EDGE('',*,*,#6173,.T.);
#9848=ORIENTED_EDGE('',*,*,#7090,.F.);
#9849=ORIENTED_EDGE('',*,*,#6413,.T.);
#9850=ORIENTED_EDGE('',*,*,#7092,.T.);
#9851=ORIENTED_EDGE('',*,*,#6174,.T.);
#9852=ORIENTED_EDGE('',*,*,#7091,.F.);
#9853=ORIENTED_EDGE('',*,*,#6412,.T.);
#9854=ORIENTED_EDGE('',*,*,#7093,.T.);
#9855=ORIENTED_EDGE('',*,*,#6175,.T.);
#9856=ORIENTED_EDGE('',*,*,#7092,.F.);
#9857=ORIENTED_EDGE('',*,*,#6411,.T.);
#9858=ORIENTED_EDGE('',*,*,#7094,.T.);
#9859=ORIENTED_EDGE('',*,*,#6176,.T.);
#9860=ORIENTED_EDGE('',*,*,#7093,.F.);
#9861=ORIENTED_EDGE('',*,*,#6410,.T.);
#9862=ORIENTED_EDGE('',*,*,#7095,.T.);
#9863=ORIENTED_EDGE('',*,*,#6177,.T.);
#9864=ORIENTED_EDGE('',*,*,#7094,.F.);
#9865=ORIENTED_EDGE('',*,*,#6409,.T.);
#9866=ORIENTED_EDGE('',*,*,#7096,.T.);
#9867=ORIENTED_EDGE('',*,*,#6178,.T.);
#9868=ORIENTED_EDGE('',*,*,#7095,.F.);
#9869=ORIENTED_EDGE('',*,*,#6408,.T.);
#9870=ORIENTED_EDGE('',*,*,#7097,.T.);
#9871=ORIENTED_EDGE('',*,*,#6179,.T.);
#9872=ORIENTED_EDGE('',*,*,#7096,.F.);
#9873=ORIENTED_EDGE('',*,*,#6407,.T.);
#9874=ORIENTED_EDGE('',*,*,#7098,.T.);
#9875=ORIENTED_EDGE('',*,*,#6180,.T.);
#9876=ORIENTED_EDGE('',*,*,#7097,.F.);
#9877=ORIENTED_EDGE('',*,*,#6406,.T.);
#9878=ORIENTED_EDGE('',*,*,#7099,.T.);
#9879=ORIENTED_EDGE('',*,*,#6181,.T.);
#9880=ORIENTED_EDGE('',*,*,#7098,.F.);
#9881=ORIENTED_EDGE('',*,*,#6405,.T.);
#9882=ORIENTED_EDGE('',*,*,#7100,.T.);
#9883=ORIENTED_EDGE('',*,*,#6182,.T.);
#9884=ORIENTED_EDGE('',*,*,#7099,.F.);
#9885=ORIENTED_EDGE('',*,*,#6404,.T.);
#9886=ORIENTED_EDGE('',*,*,#7101,.T.);
#9887=ORIENTED_EDGE('',*,*,#6183,.T.);
#9888=ORIENTED_EDGE('',*,*,#7100,.F.);
#9889=ORIENTED_EDGE('',*,*,#6403,.T.);
#9890=ORIENTED_EDGE('',*,*,#7102,.T.);
#9891=ORIENTED_EDGE('',*,*,#6184,.T.);
#9892=ORIENTED_EDGE('',*,*,#7101,.F.);
#9893=ORIENTED_EDGE('',*,*,#6402,.T.);
#9894=ORIENTED_EDGE('',*,*,#7103,.T.);
#9895=ORIENTED_EDGE('',*,*,#6185,.T.);
#9896=ORIENTED_EDGE('',*,*,#7102,.F.);
#9897=ORIENTED_EDGE('',*,*,#6401,.T.);
#9898=ORIENTED_EDGE('',*,*,#7104,.T.);
#9899=ORIENTED_EDGE('',*,*,#6186,.T.);
#9900=ORIENTED_EDGE('',*,*,#7103,.F.);
#9901=ORIENTED_EDGE('',*,*,#6400,.T.);
#9902=ORIENTED_EDGE('',*,*,#7105,.T.);
#9903=ORIENTED_EDGE('',*,*,#6187,.T.);
#9904=ORIENTED_EDGE('',*,*,#7104,.F.);
#9905=ORIENTED_EDGE('',*,*,#6399,.T.);
#9906=ORIENTED_EDGE('',*,*,#7106,.T.);
#9907=ORIENTED_EDGE('',*,*,#6188,.T.);
#9908=ORIENTED_EDGE('',*,*,#7105,.F.);
#9909=ORIENTED_EDGE('',*,*,#6398,.T.);
#9910=ORIENTED_EDGE('',*,*,#6950,.T.);
#9911=ORIENTED_EDGE('',*,*,#6189,.T.);
#9912=ORIENTED_EDGE('',*,*,#7106,.F.);
#9913=ORIENTED_EDGE('',*,*,#6606,.T.);
#9914=ORIENTED_EDGE('',*,*,#7107,.T.);
#9915=ORIENTED_EDGE('',*,*,#6836,.T.);
#9916=ORIENTED_EDGE('',*,*,#7108,.F.);
#9917=ORIENTED_EDGE('',*,*,#6830,.T.);
#9918=ORIENTED_EDGE('',*,*,#7109,.T.);
#9919=ORIENTED_EDGE('',*,*,#6603,.T.);
#9920=ORIENTED_EDGE('',*,*,#7110,.T.);
#9921=ORIENTED_EDGE('',*,*,#6602,.T.);
#9922=ORIENTED_EDGE('',*,*,#7111,.T.);
#9923=ORIENTED_EDGE('',*,*,#6828,.T.);
#9924=ORIENTED_EDGE('',*,*,#7110,.F.);
#9925=ORIENTED_EDGE('',*,*,#6601,.T.);
#9926=ORIENTED_EDGE('',*,*,#7112,.T.);
#9927=ORIENTED_EDGE('',*,*,#6826,.T.);
#9928=ORIENTED_EDGE('',*,*,#7111,.F.);
#9929=ORIENTED_EDGE('',*,*,#6600,.T.);
#9930=ORIENTED_EDGE('',*,*,#7113,.T.);
#9931=ORIENTED_EDGE('',*,*,#6824,.T.);
#9932=ORIENTED_EDGE('',*,*,#7112,.F.);
#9933=ORIENTED_EDGE('',*,*,#6599,.T.);
#9934=ORIENTED_EDGE('',*,*,#7114,.T.);
#9935=ORIENTED_EDGE('',*,*,#6822,.T.);
#9936=ORIENTED_EDGE('',*,*,#7113,.F.);
#9937=ORIENTED_EDGE('',*,*,#6598,.T.);
#9938=ORIENTED_EDGE('',*,*,#7115,.T.);
#9939=ORIENTED_EDGE('',*,*,#6820,.T.);
#9940=ORIENTED_EDGE('',*,*,#7114,.F.);
#9941=ORIENTED_EDGE('',*,*,#6597,.T.);
#9942=ORIENTED_EDGE('',*,*,#7116,.T.);
#9943=ORIENTED_EDGE('',*,*,#6817,.T.);
#9944=ORIENTED_EDGE('',*,*,#7115,.F.);
#9945=ORIENTED_EDGE('',*,*,#6596,.T.);
#9946=ORIENTED_EDGE('',*,*,#7117,.T.);
#9947=ORIENTED_EDGE('',*,*,#7118,.T.);
#9948=ORIENTED_EDGE('',*,*,#7116,.F.);
#9949=ORIENTED_EDGE('',*,*,#6595,.T.);
#9950=ORIENTED_EDGE('',*,*,#7119,.T.);
#9951=ORIENTED_EDGE('',*,*,#7120,.T.);
#9952=ORIENTED_EDGE('',*,*,#7117,.F.);
#9953=ORIENTED_EDGE('',*,*,#6594,.T.);
#9954=ORIENTED_EDGE('',*,*,#7121,.T.);
#9955=ORIENTED_EDGE('',*,*,#7122,.T.);
#9956=ORIENTED_EDGE('',*,*,#7119,.F.);
#9957=ORIENTED_EDGE('',*,*,#6593,.T.);
#9958=ORIENTED_EDGE('',*,*,#7123,.T.);
#9959=ORIENTED_EDGE('',*,*,#7124,.T.);
#9960=ORIENTED_EDGE('',*,*,#7121,.F.);
#9961=ORIENTED_EDGE('',*,*,#6592,.T.);
#9962=ORIENTED_EDGE('',*,*,#7125,.T.);
#9963=ORIENTED_EDGE('',*,*,#7126,.T.);
#9964=ORIENTED_EDGE('',*,*,#7123,.F.);
#9965=ORIENTED_EDGE('',*,*,#7127,.T.);
#9966=ORIENTED_EDGE('',*,*,#6620,.T.);
#9967=ORIENTED_EDGE('',*,*,#7128,.T.);
#9968=ORIENTED_EDGE('',*,*,#6864,.T.);
#9969=ORIENTED_EDGE('',*,*,#6591,.T.);
#9970=ORIENTED_EDGE('',*,*,#7129,.T.);
#9971=ORIENTED_EDGE('',*,*,#7130,.T.);
#9972=ORIENTED_EDGE('',*,*,#7125,.F.);
#9973=ORIENTED_EDGE('',*,*,#6590,.T.);
#9974=ORIENTED_EDGE('',*,*,#7131,.T.);
#9975=ORIENTED_EDGE('',*,*,#7132,.T.);
#9976=ORIENTED_EDGE('',*,*,#7129,.F.);
#9977=ORIENTED_EDGE('',*,*,#6589,.T.);
#9978=ORIENTED_EDGE('',*,*,#7133,.T.);
#9979=ORIENTED_EDGE('',*,*,#7134,.T.);
#9980=ORIENTED_EDGE('',*,*,#7131,.F.);
#9981=ORIENTED_EDGE('',*,*,#6588,.T.);
#9982=ORIENTED_EDGE('',*,*,#7135,.T.);
#9983=ORIENTED_EDGE('',*,*,#7136,.T.);
#9984=ORIENTED_EDGE('',*,*,#7133,.F.);
#9985=ORIENTED_EDGE('',*,*,#6587,.T.);
#9986=ORIENTED_EDGE('',*,*,#7137,.T.);
#9987=ORIENTED_EDGE('',*,*,#7138,.T.);
#9988=ORIENTED_EDGE('',*,*,#7135,.F.);
#9989=ORIENTED_EDGE('',*,*,#6586,.T.);
#9990=ORIENTED_EDGE('',*,*,#7139,.T.);
#9991=ORIENTED_EDGE('',*,*,#7140,.T.);
#9992=ORIENTED_EDGE('',*,*,#7137,.F.);
#9993=ORIENTED_EDGE('',*,*,#7141,.T.);
#9994=ORIENTED_EDGE('',*,*,#7142,.T.);
#9995=ORIENTED_EDGE('',*,*,#6584,.T.);
#9996=ORIENTED_EDGE('',*,*,#7143,.T.);
#9997=ORIENTED_EDGE('',*,*,#6583,.T.);
#9998=ORIENTED_EDGE('',*,*,#7144,.T.);
#9999=ORIENTED_EDGE('',*,*,#7145,.T.);
#10000=ORIENTED_EDGE('',*,*,#7143,.F.);
#10001=ORIENTED_EDGE('',*,*,#6582,.T.);
#10002=ORIENTED_EDGE('',*,*,#7146,.T.);
#10003=ORIENTED_EDGE('',*,*,#7147,.T.);
#10004=ORIENTED_EDGE('',*,*,#7144,.F.);
#10005=ORIENTED_EDGE('',*,*,#6581,.T.);
#10006=ORIENTED_EDGE('',*,*,#7148,.T.);
#10007=ORIENTED_EDGE('',*,*,#7149,.T.);
#10008=ORIENTED_EDGE('',*,*,#7146,.F.);
#10009=ORIENTED_EDGE('',*,*,#6580,.T.);
#10010=ORIENTED_EDGE('',*,*,#7150,.T.);
#10011=ORIENTED_EDGE('',*,*,#7151,.T.);
#10012=ORIENTED_EDGE('',*,*,#7148,.F.);
#10013=ORIENTED_EDGE('',*,*,#6579,.T.);
#10014=ORIENTED_EDGE('',*,*,#7152,.T.);
#10015=ORIENTED_EDGE('',*,*,#7153,.T.);
#10016=ORIENTED_EDGE('',*,*,#7150,.F.);
#10017=ORIENTED_EDGE('',*,*,#6578,.T.);
#10018=ORIENTED_EDGE('',*,*,#7154,.T.);
#10019=ORIENTED_EDGE('',*,*,#7155,.T.);
#10020=ORIENTED_EDGE('',*,*,#7152,.F.);
#10021=ORIENTED_EDGE('',*,*,#6577,.T.);
#10022=ORIENTED_EDGE('',*,*,#7156,.T.);
#10023=ORIENTED_EDGE('',*,*,#7157,.T.);
#10024=ORIENTED_EDGE('',*,*,#7154,.F.);
#10025=ORIENTED_EDGE('',*,*,#6576,.T.);
#10026=ORIENTED_EDGE('',*,*,#7158,.T.);
#10027=ORIENTED_EDGE('',*,*,#7159,.T.);
#10028=ORIENTED_EDGE('',*,*,#7156,.F.);
#10029=ORIENTED_EDGE('',*,*,#7160,.T.);
#10030=ORIENTED_EDGE('',*,*,#6574,.T.);
#10031=ORIENTED_EDGE('',*,*,#7161,.T.);
#10032=ORIENTED_EDGE('',*,*,#7162,.T.);
#10033=ORIENTED_EDGE('',*,*,#7163,.T.);
#10034=ORIENTED_EDGE('',*,*,#6638,.T.);
#10035=ORIENTED_EDGE('',*,*,#7164,.T.);
#10036=ORIENTED_EDGE('',*,*,#6900,.T.);
#10037=ORIENTED_EDGE('',*,*,#6573,.T.);
#10038=ORIENTED_EDGE('',*,*,#7165,.T.);
#10039=ORIENTED_EDGE('',*,*,#7166,.T.);
#10040=ORIENTED_EDGE('',*,*,#7161,.F.);
#10041=ORIENTED_EDGE('',*,*,#6002,.T.);
#10042=ORIENTED_EDGE('',*,*,#7167,.T.);
#10043=ORIENTED_EDGE('',*,*,#6571,.T.);
#10044=ORIENTED_EDGE('',*,*,#7168,.T.);
#10045=ORIENTED_EDGE('',*,*,#6570,.T.);
#10046=ORIENTED_EDGE('',*,*,#7169,.T.);
#10047=ORIENTED_EDGE('',*,*,#7170,.T.);
#10048=ORIENTED_EDGE('',*,*,#7168,.F.);
#10049=ORIENTED_EDGE('',*,*,#6569,.T.);
#10050=ORIENTED_EDGE('',*,*,#7171,.T.);
#10051=ORIENTED_EDGE('',*,*,#7172,.T.);
#10052=ORIENTED_EDGE('',*,*,#7169,.F.);
#10053=ORIENTED_EDGE('',*,*,#6568,.T.);
#10054=ORIENTED_EDGE('',*,*,#7173,.T.);
#10055=ORIENTED_EDGE('',*,*,#7174,.T.);
#10056=ORIENTED_EDGE('',*,*,#7171,.F.);
#10057=ORIENTED_EDGE('',*,*,#7175,.T.);
#10058=ORIENTED_EDGE('',*,*,#6565,.T.);
#10059=ORIENTED_EDGE('',*,*,#7176,.T.);
#10060=ORIENTED_EDGE('',*,*,#7177,.T.);
#10061=ORIENTED_EDGE('',*,*,#7178,.T.);
#10062=ORIENTED_EDGE('',*,*,#6563,.T.);
#10063=ORIENTED_EDGE('',*,*,#7179,.T.);
#10064=ORIENTED_EDGE('',*,*,#7180,.T.);
#10065=ORIENTED_EDGE('',*,*,#6922,.T.);
#10066=ORIENTED_EDGE('',*,*,#7181,.T.);
#10067=ORIENTED_EDGE('',*,*,#6649,.T.);
#10068=ORIENTED_EDGE('',*,*,#7182,.T.);
#10069=ORIENTED_EDGE('',*,*,#6562,.T.);
#10070=ORIENTED_EDGE('',*,*,#7183,.T.);
#10071=ORIENTED_EDGE('',*,*,#7184,.T.);
#10072=ORIENTED_EDGE('',*,*,#7179,.F.);
#10073=ORIENTED_EDGE('',*,*,#6561,.T.);
#10074=ORIENTED_EDGE('',*,*,#7185,.T.);
#10075=ORIENTED_EDGE('',*,*,#7186,.T.);
#10076=ORIENTED_EDGE('',*,*,#7183,.F.);
#10077=ORIENTED_EDGE('',*,*,#6560,.T.);
#10078=ORIENTED_EDGE('',*,*,#7187,.T.);
#10079=ORIENTED_EDGE('',*,*,#7188,.T.);
#10080=ORIENTED_EDGE('',*,*,#7185,.F.);
#10081=ORIENTED_EDGE('',*,*,#6559,.T.);
#10082=ORIENTED_EDGE('',*,*,#7189,.T.);
#10083=ORIENTED_EDGE('',*,*,#7190,.T.);
#10084=ORIENTED_EDGE('',*,*,#7187,.F.);
#10085=ORIENTED_EDGE('',*,*,#6558,.T.);
#10086=ORIENTED_EDGE('',*,*,#7191,.T.);
#10087=ORIENTED_EDGE('',*,*,#7192,.T.);
#10088=ORIENTED_EDGE('',*,*,#7189,.F.);
#10089=ORIENTED_EDGE('',*,*,#6932,.T.);
#10090=ORIENTED_EDGE('',*,*,#7193,.T.);
#10091=ORIENTED_EDGE('',*,*,#6654,.T.);
#10092=ORIENTED_EDGE('',*,*,#7194,.T.);
#10093=ORIENTED_EDGE('',*,*,#7193,.F.);
#10094=ORIENTED_EDGE('',*,*,#6934,.T.);
#10095=ORIENTED_EDGE('',*,*,#7195,.T.);
#10096=ORIENTED_EDGE('',*,*,#6655,.T.);
#10097=ORIENTED_EDGE('',*,*,#7196,.T.);
#10098=ORIENTED_EDGE('',*,*,#7197,.T.);
#10099=ORIENTED_EDGE('',*,*,#6556,.T.);
#10100=ORIENTED_EDGE('',*,*,#7198,.T.);
#10101=ORIENTED_EDGE('',*,*,#6555,.T.);
#10102=ORIENTED_EDGE('',*,*,#7199,.T.);
#10103=ORIENTED_EDGE('',*,*,#7200,.T.);
#10104=ORIENTED_EDGE('',*,*,#7198,.F.);
#10105=ORIENTED_EDGE('',*,*,#6554,.T.);
#10106=ORIENTED_EDGE('',*,*,#7201,.T.);
#10107=ORIENTED_EDGE('',*,*,#7202,.T.);
#10108=ORIENTED_EDGE('',*,*,#7199,.F.);
#10109=ORIENTED_EDGE('',*,*,#6553,.T.);
#10110=ORIENTED_EDGE('',*,*,#7203,.T.);
#10111=ORIENTED_EDGE('',*,*,#7204,.T.);
#10112=ORIENTED_EDGE('',*,*,#7201,.F.);
#10113=ORIENTED_EDGE('',*,*,#7205,.T.);
#10114=ORIENTED_EDGE('',*,*,#6548,.T.);
#10115=ORIENTED_EDGE('',*,*,#7206,.T.);
#10116=ORIENTED_EDGE('',*,*,#7207,.T.);
#10117=ORIENTED_EDGE('',*,*,#7208,.T.);
#10118=ORIENTED_EDGE('',*,*,#6546,.T.);
#10119=ORIENTED_EDGE('',*,*,#7209,.T.);
#10120=ORIENTED_EDGE('',*,*,#7210,.T.);
#10121=ORIENTED_EDGE('',*,*,#6545,.T.);
#10122=ORIENTED_EDGE('',*,*,#7211,.T.);
#10123=ORIENTED_EDGE('',*,*,#7212,.T.);
#10124=ORIENTED_EDGE('',*,*,#7209,.F.);
#10125=ORIENTED_EDGE('',*,*,#6544,.T.);
#10126=ORIENTED_EDGE('',*,*,#7213,.T.);
#10127=ORIENTED_EDGE('',*,*,#7214,.T.);
#10128=ORIENTED_EDGE('',*,*,#7211,.F.);
#10129=ORIENTED_EDGE('',*,*,#6543,.T.);
#10130=ORIENTED_EDGE('',*,*,#7215,.T.);
#10131=ORIENTED_EDGE('',*,*,#7216,.T.);
#10132=ORIENTED_EDGE('',*,*,#7213,.F.);
#10133=ORIENTED_EDGE('',*,*,#6542,.T.);
#10134=ORIENTED_EDGE('',*,*,#7217,.T.);
#10135=ORIENTED_EDGE('',*,*,#7218,.T.);
#10136=ORIENTED_EDGE('',*,*,#7215,.F.);
#10137=ORIENTED_EDGE('',*,*,#6541,.T.);
#10138=ORIENTED_EDGE('',*,*,#7219,.T.);
#10139=ORIENTED_EDGE('',*,*,#7220,.T.);
#10140=ORIENTED_EDGE('',*,*,#7217,.F.);
#10141=ORIENTED_EDGE('',*,*,#6540,.T.);
#10142=ORIENTED_EDGE('',*,*,#6043,.T.);
#10143=ORIENTED_EDGE('',*,*,#7038,.T.);
#10144=ORIENTED_EDGE('',*,*,#7219,.F.);
#10145=ORIENTED_EDGE('',*,*,#7035,.T.);
#10146=ORIENTED_EDGE('',*,*,#6041,.F.);
#10147=ORIENTED_EDGE('',*,*,#6670,.T.);
#10148=ORIENTED_EDGE('',*,*,#7221,.T.);
#10149=ORIENTED_EDGE('',*,*,#6669,.T.);
#10150=ORIENTED_EDGE('',*,*,#7222,.T.);
#10151=ORIENTED_EDGE('',*,*,#7033,.T.);
#10152=ORIENTED_EDGE('',*,*,#7221,.F.);
#10153=ORIENTED_EDGE('',*,*,#7031,.T.);
#10154=ORIENTED_EDGE('',*,*,#7222,.F.);
#10155=ORIENTED_EDGE('',*,*,#6668,.T.);
#10156=ORIENTED_EDGE('',*,*,#7223,.T.);
#10157=ORIENTED_EDGE('',*,*,#7029,.T.);
#10158=ORIENTED_EDGE('',*,*,#7223,.F.);
#10159=ORIENTED_EDGE('',*,*,#6667,.T.);
#10160=ORIENTED_EDGE('',*,*,#7224,.T.);
#10161=ORIENTED_EDGE('',*,*,#7027,.T.);
#10162=ORIENTED_EDGE('',*,*,#7224,.F.);
#10163=ORIENTED_EDGE('',*,*,#6666,.T.);
#10164=ORIENTED_EDGE('',*,*,#7225,.T.);
#10165=ORIENTED_EDGE('',*,*,#7025,.T.);
#10166=ORIENTED_EDGE('',*,*,#7225,.F.);
#10167=ORIENTED_EDGE('',*,*,#6665,.T.);
#10168=ORIENTED_EDGE('',*,*,#7226,.T.);
#10169=ORIENTED_EDGE('',*,*,#6547,.T.);
#10170=ORIENTED_EDGE('',*,*,#7208,.F.);
#10171=ORIENTED_EDGE('',*,*,#7227,.T.);
#10172=ORIENTED_EDGE('',*,*,#7206,.F.);
#10173=ORIENTED_EDGE('',*,*,#7023,.T.);
#10174=ORIENTED_EDGE('',*,*,#7226,.F.);
#10175=ORIENTED_EDGE('',*,*,#6664,.T.);
#10176=ORIENTED_EDGE('',*,*,#7228,.T.);
#10177=ORIENTED_EDGE('',*,*,#7021,.T.);
#10178=ORIENTED_EDGE('',*,*,#7228,.F.);
#10179=ORIENTED_EDGE('',*,*,#6663,.T.);
#10180=ORIENTED_EDGE('',*,*,#7229,.T.);
#10181=ORIENTED_EDGE('',*,*,#7230,.T.);
#10182=ORIENTED_EDGE('',*,*,#6549,.T.);
#10183=ORIENTED_EDGE('',*,*,#7205,.F.);
#10184=ORIENTED_EDGE('',*,*,#7231,.T.);
#10185=ORIENTED_EDGE('',*,*,#6948,.T.);
#10186=ORIENTED_EDGE('',*,*,#7229,.F.);
#10187=ORIENTED_EDGE('',*,*,#6662,.T.);
#10188=ORIENTED_EDGE('',*,*,#7232,.T.);
#10189=ORIENTED_EDGE('',*,*,#7233,.T.);
#10190=ORIENTED_EDGE('',*,*,#6550,.T.);
#10191=ORIENTED_EDGE('',*,*,#7230,.F.);
#10192=ORIENTED_EDGE('',*,*,#7234,.T.);
#10193=ORIENTED_EDGE('',*,*,#6946,.T.);
#10194=ORIENTED_EDGE('',*,*,#7232,.F.);
#10195=ORIENTED_EDGE('',*,*,#6661,.T.);
#10196=ORIENTED_EDGE('',*,*,#7235,.T.);
#10197=ORIENTED_EDGE('',*,*,#7236,.T.);
#10198=ORIENTED_EDGE('',*,*,#6551,.T.);
#10199=ORIENTED_EDGE('',*,*,#7233,.F.);
#10200=ORIENTED_EDGE('',*,*,#7237,.T.);
#10201=ORIENTED_EDGE('',*,*,#6944,.T.);
#10202=ORIENTED_EDGE('',*,*,#7235,.F.);
#10203=ORIENTED_EDGE('',*,*,#6660,.T.);
#10204=ORIENTED_EDGE('',*,*,#7238,.T.);
#10205=ORIENTED_EDGE('',*,*,#6552,.T.);
#10206=ORIENTED_EDGE('',*,*,#7236,.F.);
#10207=ORIENTED_EDGE('',*,*,#7239,.T.);
#10208=ORIENTED_EDGE('',*,*,#7203,.F.);
#10209=ORIENTED_EDGE('',*,*,#6942,.T.);
#10210=ORIENTED_EDGE('',*,*,#7238,.F.);
#10211=ORIENTED_EDGE('',*,*,#6659,.T.);
#10212=ORIENTED_EDGE('',*,*,#7240,.T.);
#10213=ORIENTED_EDGE('',*,*,#6940,.T.);
#10214=ORIENTED_EDGE('',*,*,#7240,.F.);
#10215=ORIENTED_EDGE('',*,*,#6658,.T.);
#10216=ORIENTED_EDGE('',*,*,#7241,.T.);
#10217=ORIENTED_EDGE('',*,*,#6938,.T.);
#10218=ORIENTED_EDGE('',*,*,#7241,.F.);
#10219=ORIENTED_EDGE('',*,*,#6657,.T.);
#10220=ORIENTED_EDGE('',*,*,#7242,.T.);
#10221=ORIENTED_EDGE('',*,*,#7195,.F.);
#10222=ORIENTED_EDGE('',*,*,#6936,.T.);
#10223=ORIENTED_EDGE('',*,*,#7242,.F.);
#10224=ORIENTED_EDGE('',*,*,#6656,.T.);
#10225=ORIENTED_EDGE('',*,*,#6557,.T.);
#10226=ORIENTED_EDGE('',*,*,#7197,.F.);
#10227=ORIENTED_EDGE('',*,*,#7243,.T.);
#10228=ORIENTED_EDGE('',*,*,#7191,.F.);
#10229=ORIENTED_EDGE('',*,*,#6930,.T.);
#10230=ORIENTED_EDGE('',*,*,#7194,.F.);
#10231=ORIENTED_EDGE('',*,*,#6653,.T.);
#10232=ORIENTED_EDGE('',*,*,#7244,.T.);
#10233=ORIENTED_EDGE('',*,*,#6928,.T.);
#10234=ORIENTED_EDGE('',*,*,#7244,.F.);
#10235=ORIENTED_EDGE('',*,*,#6652,.T.);
#10236=ORIENTED_EDGE('',*,*,#7245,.T.);
#10237=ORIENTED_EDGE('',*,*,#6651,.T.);
#10238=ORIENTED_EDGE('',*,*,#7246,.T.);
#10239=ORIENTED_EDGE('',*,*,#6926,.T.);
#10240=ORIENTED_EDGE('',*,*,#7245,.F.);
#10241=ORIENTED_EDGE('',*,*,#7181,.F.);
#10242=ORIENTED_EDGE('',*,*,#6924,.T.);
#10243=ORIENTED_EDGE('',*,*,#7246,.F.);
#10244=ORIENTED_EDGE('',*,*,#6650,.T.);
#10245=ORIENTED_EDGE('',*,*,#6920,.T.);
#10246=ORIENTED_EDGE('',*,*,#7182,.F.);
#10247=ORIENTED_EDGE('',*,*,#6648,.T.);
#10248=ORIENTED_EDGE('',*,*,#7247,.T.);
#10249=ORIENTED_EDGE('',*,*,#6564,.T.);
#10250=ORIENTED_EDGE('',*,*,#7178,.F.);
#10251=ORIENTED_EDGE('',*,*,#7248,.T.);
#10252=ORIENTED_EDGE('',*,*,#7176,.F.);
#10253=ORIENTED_EDGE('',*,*,#6918,.T.);
#10254=ORIENTED_EDGE('',*,*,#7247,.F.);
#10255=ORIENTED_EDGE('',*,*,#6647,.T.);
#10256=ORIENTED_EDGE('',*,*,#7249,.T.);
#10257=ORIENTED_EDGE('',*,*,#6916,.T.);
#10258=ORIENTED_EDGE('',*,*,#7249,.F.);
#10259=ORIENTED_EDGE('',*,*,#6646,.T.);
#10260=ORIENTED_EDGE('',*,*,#7250,.T.);
#10261=ORIENTED_EDGE('',*,*,#7251,.T.);
#10262=ORIENTED_EDGE('',*,*,#6566,.T.);
#10263=ORIENTED_EDGE('',*,*,#7175,.F.);
#10264=ORIENTED_EDGE('',*,*,#7252,.T.);
#10265=ORIENTED_EDGE('',*,*,#6914,.T.);
#10266=ORIENTED_EDGE('',*,*,#7250,.F.);
#10267=ORIENTED_EDGE('',*,*,#6645,.T.);
#10268=ORIENTED_EDGE('',*,*,#7253,.T.);
#10269=ORIENTED_EDGE('',*,*,#6567,.T.);
#10270=ORIENTED_EDGE('',*,*,#7251,.F.);
#10271=ORIENTED_EDGE('',*,*,#7254,.T.);
#10272=ORIENTED_EDGE('',*,*,#7173,.F.);
#10273=ORIENTED_EDGE('',*,*,#6912,.T.);
#10274=ORIENTED_EDGE('',*,*,#7253,.F.);
#10275=ORIENTED_EDGE('',*,*,#6644,.T.);
#10276=ORIENTED_EDGE('',*,*,#7255,.T.);
#10277=ORIENTED_EDGE('',*,*,#6910,.T.);
#10278=ORIENTED_EDGE('',*,*,#7255,.F.);
#10279=ORIENTED_EDGE('',*,*,#6643,.T.);
#10280=ORIENTED_EDGE('',*,*,#7256,.T.);
#10281=ORIENTED_EDGE('',*,*,#6908,.T.);
#10282=ORIENTED_EDGE('',*,*,#7256,.F.);
#10283=ORIENTED_EDGE('',*,*,#6642,.T.);
#10284=ORIENTED_EDGE('',*,*,#7257,.T.);
#10285=ORIENTED_EDGE('',*,*,#6906,.T.);
#10286=ORIENTED_EDGE('',*,*,#7257,.F.);
#10287=ORIENTED_EDGE('',*,*,#6641,.T.);
#10288=ORIENTED_EDGE('',*,*,#7258,.T.);
#10289=ORIENTED_EDGE('',*,*,#6904,.T.);
#10290=ORIENTED_EDGE('',*,*,#7258,.F.);
#10291=ORIENTED_EDGE('',*,*,#6640,.T.);
#10292=ORIENTED_EDGE('',*,*,#7259,.T.);
#10293=ORIENTED_EDGE('',*,*,#6572,.T.);
#10294=ORIENTED_EDGE('',*,*,#7167,.F.);
#10295=ORIENTED_EDGE('',*,*,#7260,.T.);
#10296=ORIENTED_EDGE('',*,*,#7165,.F.);
#10297=ORIENTED_EDGE('',*,*,#7163,.F.);
#10298=ORIENTED_EDGE('',*,*,#6902,.T.);
#10299=ORIENTED_EDGE('',*,*,#7259,.F.);
#10300=ORIENTED_EDGE('',*,*,#6639,.T.);
#10301=ORIENTED_EDGE('',*,*,#6898,.T.);
#10302=ORIENTED_EDGE('',*,*,#7164,.F.);
#10303=ORIENTED_EDGE('',*,*,#6637,.T.);
#10304=ORIENTED_EDGE('',*,*,#7261,.T.);
#10305=ORIENTED_EDGE('',*,*,#6575,.T.);
#10306=ORIENTED_EDGE('',*,*,#7160,.F.);
#10307=ORIENTED_EDGE('',*,*,#7262,.T.);
#10308=ORIENTED_EDGE('',*,*,#7158,.F.);
#10309=ORIENTED_EDGE('',*,*,#6896,.T.);
#10310=ORIENTED_EDGE('',*,*,#7261,.F.);
#10311=ORIENTED_EDGE('',*,*,#6636,.T.);
#10312=ORIENTED_EDGE('',*,*,#7263,.T.);
#10313=ORIENTED_EDGE('',*,*,#6635,.T.);
#10314=ORIENTED_EDGE('',*,*,#7264,.T.);
#10315=ORIENTED_EDGE('',*,*,#6894,.T.);
#10316=ORIENTED_EDGE('',*,*,#7263,.F.);
#10317=ORIENTED_EDGE('',*,*,#6892,.T.);
#10318=ORIENTED_EDGE('',*,*,#7264,.F.);
#10319=ORIENTED_EDGE('',*,*,#6634,.T.);
#10320=ORIENTED_EDGE('',*,*,#7265,.T.);
#10321=ORIENTED_EDGE('',*,*,#6890,.T.);
#10322=ORIENTED_EDGE('',*,*,#7265,.F.);
#10323=ORIENTED_EDGE('',*,*,#6633,.T.);
#10324=ORIENTED_EDGE('',*,*,#7266,.T.);
#10325=ORIENTED_EDGE('',*,*,#6888,.T.);
#10326=ORIENTED_EDGE('',*,*,#7266,.F.);
#10327=ORIENTED_EDGE('',*,*,#6632,.T.);
#10328=ORIENTED_EDGE('',*,*,#7267,.T.);
#10329=ORIENTED_EDGE('',*,*,#6886,.T.);
#10330=ORIENTED_EDGE('',*,*,#7267,.F.);
#10331=ORIENTED_EDGE('',*,*,#6631,.T.);
#10332=ORIENTED_EDGE('',*,*,#7268,.T.);
#10333=ORIENTED_EDGE('',*,*,#6884,.T.);
#10334=ORIENTED_EDGE('',*,*,#7268,.F.);
#10335=ORIENTED_EDGE('',*,*,#6630,.T.);
#10336=ORIENTED_EDGE('',*,*,#7269,.T.);
#10337=ORIENTED_EDGE('',*,*,#6882,.T.);
#10338=ORIENTED_EDGE('',*,*,#7269,.F.);
#10339=ORIENTED_EDGE('',*,*,#6629,.T.);
#10340=ORIENTED_EDGE('',*,*,#7270,.T.);
#10341=ORIENTED_EDGE('',*,*,#6880,.T.);
#10342=ORIENTED_EDGE('',*,*,#7270,.F.);
#10343=ORIENTED_EDGE('',*,*,#6628,.T.);
#10344=ORIENTED_EDGE('',*,*,#7271,.T.);
#10345=ORIENTED_EDGE('',*,*,#6878,.T.);
#10346=ORIENTED_EDGE('',*,*,#7271,.F.);
#10347=ORIENTED_EDGE('',*,*,#6627,.T.);
#10348=ORIENTED_EDGE('',*,*,#7272,.T.);
#10349=ORIENTED_EDGE('',*,*,#6585,.T.);
#10350=ORIENTED_EDGE('',*,*,#7142,.F.);
#10351=ORIENTED_EDGE('',*,*,#7273,.T.);
#10352=ORIENTED_EDGE('',*,*,#7139,.F.);
#10353=ORIENTED_EDGE('',*,*,#6876,.T.);
#10354=ORIENTED_EDGE('',*,*,#7272,.F.);
#10355=ORIENTED_EDGE('',*,*,#6626,.T.);
#10356=ORIENTED_EDGE('',*,*,#7274,.T.);
#10357=ORIENTED_EDGE('',*,*,#6874,.T.);
#10358=ORIENTED_EDGE('',*,*,#7274,.F.);
#10359=ORIENTED_EDGE('',*,*,#6625,.T.);
#10360=ORIENTED_EDGE('',*,*,#7275,.T.);
#10361=ORIENTED_EDGE('',*,*,#6872,.T.);
#10362=ORIENTED_EDGE('',*,*,#7275,.F.);
#10363=ORIENTED_EDGE('',*,*,#6624,.T.);
#10364=ORIENTED_EDGE('',*,*,#7276,.T.);
#10365=ORIENTED_EDGE('',*,*,#6870,.T.);
#10366=ORIENTED_EDGE('',*,*,#7276,.F.);
#10367=ORIENTED_EDGE('',*,*,#6623,.T.);
#10368=ORIENTED_EDGE('',*,*,#7277,.T.);
#10369=ORIENTED_EDGE('',*,*,#6868,.T.);
#10370=ORIENTED_EDGE('',*,*,#7277,.F.);
#10371=ORIENTED_EDGE('',*,*,#6622,.T.);
#10372=ORIENTED_EDGE('',*,*,#7278,.T.);
#10373=ORIENTED_EDGE('',*,*,#7127,.F.);
#10374=ORIENTED_EDGE('',*,*,#6866,.T.);
#10375=ORIENTED_EDGE('',*,*,#7278,.F.);
#10376=ORIENTED_EDGE('',*,*,#6621,.T.);
#10377=ORIENTED_EDGE('',*,*,#6862,.T.);
#10378=ORIENTED_EDGE('',*,*,#7128,.F.);
#10379=ORIENTED_EDGE('',*,*,#6619,.T.);
#10380=ORIENTED_EDGE('',*,*,#7279,.T.);
#10381=ORIENTED_EDGE('',*,*,#6860,.T.);
#10382=ORIENTED_EDGE('',*,*,#7279,.F.);
#10383=ORIENTED_EDGE('',*,*,#6618,.T.);
#10384=ORIENTED_EDGE('',*,*,#7280,.T.);
#10385=ORIENTED_EDGE('',*,*,#6617,.T.);
#10386=ORIENTED_EDGE('',*,*,#7281,.T.);
#10387=ORIENTED_EDGE('',*,*,#6858,.T.);
#10388=ORIENTED_EDGE('',*,*,#7280,.F.);
#10389=ORIENTED_EDGE('',*,*,#6856,.T.);
#10390=ORIENTED_EDGE('',*,*,#7281,.F.);
#10391=ORIENTED_EDGE('',*,*,#6616,.T.);
#10392=ORIENTED_EDGE('',*,*,#7282,.T.);
#10393=ORIENTED_EDGE('',*,*,#6854,.T.);
#10394=ORIENTED_EDGE('',*,*,#7282,.F.);
#10395=ORIENTED_EDGE('',*,*,#6615,.T.);
#10396=ORIENTED_EDGE('',*,*,#7283,.T.);
#10397=ORIENTED_EDGE('',*,*,#6852,.T.);
#10398=ORIENTED_EDGE('',*,*,#7283,.F.);
#10399=ORIENTED_EDGE('',*,*,#6614,.T.);
#10400=ORIENTED_EDGE('',*,*,#7284,.T.);
#10401=ORIENTED_EDGE('',*,*,#6850,.T.);
#10402=ORIENTED_EDGE('',*,*,#7284,.F.);
#10403=ORIENTED_EDGE('',*,*,#6613,.T.);
#10404=ORIENTED_EDGE('',*,*,#7285,.T.);
#10405=ORIENTED_EDGE('',*,*,#6848,.T.);
#10406=ORIENTED_EDGE('',*,*,#7285,.F.);
#10407=ORIENTED_EDGE('',*,*,#6612,.T.);
#10408=ORIENTED_EDGE('',*,*,#7286,.T.);
#10409=ORIENTED_EDGE('',*,*,#6846,.T.);
#10410=ORIENTED_EDGE('',*,*,#7286,.F.);
#10411=ORIENTED_EDGE('',*,*,#6611,.T.);
#10412=ORIENTED_EDGE('',*,*,#7287,.T.);
#10413=ORIENTED_EDGE('',*,*,#6844,.T.);
#10414=ORIENTED_EDGE('',*,*,#7287,.F.);
#10415=ORIENTED_EDGE('',*,*,#6610,.T.);
#10416=ORIENTED_EDGE('',*,*,#7288,.T.);
#10417=ORIENTED_EDGE('',*,*,#6842,.T.);
#10418=ORIENTED_EDGE('',*,*,#7288,.F.);
#10419=ORIENTED_EDGE('',*,*,#6609,.T.);
#10420=ORIENTED_EDGE('',*,*,#7289,.T.);
#10421=ORIENTED_EDGE('',*,*,#6840,.T.);
#10422=ORIENTED_EDGE('',*,*,#7289,.F.);
#10423=ORIENTED_EDGE('',*,*,#6608,.T.);
#10424=ORIENTED_EDGE('',*,*,#7290,.T.);
#10425=ORIENTED_EDGE('',*,*,#7291,.T.);
#10426=ORIENTED_EDGE('',*,*,#6604,.T.);
#10427=ORIENTED_EDGE('',*,*,#7109,.F.);
#10428=ORIENTED_EDGE('',*,*,#6832,.T.);
#10429=ORIENTED_EDGE('',*,*,#6838,.T.);
#10430=ORIENTED_EDGE('',*,*,#7290,.F.);
#10431=ORIENTED_EDGE('',*,*,#6607,.T.);
#10432=ORIENTED_EDGE('',*,*,#7108,.T.);
#10433=ORIENTED_EDGE('',*,*,#6605,.T.);
#10434=ORIENTED_EDGE('',*,*,#7291,.F.);
#10435=ORIENTED_EDGE('',*,*,#6834,.T.);
#10436=ORIENTED_EDGE('',*,*,#7107,.F.);
#10437=ORIENTED_EDGE('',*,*,#5822,.T.);
#10438=ORIENTED_EDGE('',*,*,#6818,.T.);
#10439=ORIENTED_EDGE('',*,*,#7118,.F.);
#10440=ORIENTED_EDGE('',*,*,#7292,.F.);
#10441=ORIENTED_EDGE('',*,*,#5823,.T.);
#10442=ORIENTED_EDGE('',*,*,#7292,.T.);
#10443=ORIENTED_EDGE('',*,*,#7120,.F.);
#10444=ORIENTED_EDGE('',*,*,#7293,.F.);
#10445=ORIENTED_EDGE('',*,*,#5824,.T.);
#10446=ORIENTED_EDGE('',*,*,#7293,.T.);
#10447=ORIENTED_EDGE('',*,*,#7122,.F.);
#10448=ORIENTED_EDGE('',*,*,#7294,.F.);
#10449=ORIENTED_EDGE('',*,*,#5825,.T.);
#10450=ORIENTED_EDGE('',*,*,#7294,.T.);
#10451=ORIENTED_EDGE('',*,*,#7124,.F.);
#10452=ORIENTED_EDGE('',*,*,#7295,.F.);
#10453=ORIENTED_EDGE('',*,*,#5826,.T.);
#10454=ORIENTED_EDGE('',*,*,#7295,.T.);
#10455=ORIENTED_EDGE('',*,*,#7126,.F.);
#10456=ORIENTED_EDGE('',*,*,#7296,.F.);
#10457=ORIENTED_EDGE('',*,*,#5827,.T.);
#10458=ORIENTED_EDGE('',*,*,#7296,.T.);
#10459=ORIENTED_EDGE('',*,*,#7130,.F.);
#10460=ORIENTED_EDGE('',*,*,#7297,.F.);
#10461=ORIENTED_EDGE('',*,*,#5828,.T.);
#10462=ORIENTED_EDGE('',*,*,#7297,.T.);
#10463=ORIENTED_EDGE('',*,*,#7132,.F.);
#10464=ORIENTED_EDGE('',*,*,#7298,.F.);
#10465=ORIENTED_EDGE('',*,*,#5829,.T.);
#10466=ORIENTED_EDGE('',*,*,#7298,.T.);
#10467=ORIENTED_EDGE('',*,*,#7134,.F.);
#10468=ORIENTED_EDGE('',*,*,#7299,.F.);
#10469=ORIENTED_EDGE('',*,*,#5830,.T.);
#10470=ORIENTED_EDGE('',*,*,#7299,.T.);
#10471=ORIENTED_EDGE('',*,*,#7136,.F.);
#10472=ORIENTED_EDGE('',*,*,#7300,.F.);
#10473=ORIENTED_EDGE('',*,*,#5831,.T.);
#10474=ORIENTED_EDGE('',*,*,#7300,.T.);
#10475=ORIENTED_EDGE('',*,*,#7138,.F.);
#10476=ORIENTED_EDGE('',*,*,#7301,.F.);
#10477=ORIENTED_EDGE('',*,*,#5832,.T.);
#10478=ORIENTED_EDGE('',*,*,#7301,.T.);
#10479=ORIENTED_EDGE('',*,*,#7140,.F.);
#10480=ORIENTED_EDGE('',*,*,#7302,.F.);
#10481=ORIENTED_EDGE('',*,*,#5833,.T.);
#10482=ORIENTED_EDGE('',*,*,#7302,.T.);
#10483=ORIENTED_EDGE('',*,*,#7273,.F.);
#10484=ORIENTED_EDGE('',*,*,#7303,.F.);
#10485=ORIENTED_EDGE('',*,*,#5834,.T.);
#10486=ORIENTED_EDGE('',*,*,#7303,.T.);
#10487=ORIENTED_EDGE('',*,*,#7141,.F.);
#10488=ORIENTED_EDGE('',*,*,#7304,.F.);
#10489=ORIENTED_EDGE('',*,*,#5835,.T.);
#10490=ORIENTED_EDGE('',*,*,#7304,.T.);
#10491=ORIENTED_EDGE('',*,*,#7145,.F.);
#10492=ORIENTED_EDGE('',*,*,#7305,.F.);
#10493=ORIENTED_EDGE('',*,*,#5836,.T.);
#10494=ORIENTED_EDGE('',*,*,#7305,.T.);
#10495=ORIENTED_EDGE('',*,*,#7147,.F.);
#10496=ORIENTED_EDGE('',*,*,#7306,.F.);
#10497=ORIENTED_EDGE('',*,*,#5837,.T.);
#10498=ORIENTED_EDGE('',*,*,#7306,.T.);
#10499=ORIENTED_EDGE('',*,*,#7149,.F.);
#10500=ORIENTED_EDGE('',*,*,#7307,.F.);
#10501=ORIENTED_EDGE('',*,*,#5838,.T.);
#10502=ORIENTED_EDGE('',*,*,#7307,.T.);
#10503=ORIENTED_EDGE('',*,*,#7151,.F.);
#10504=ORIENTED_EDGE('',*,*,#7308,.F.);
#10505=ORIENTED_EDGE('',*,*,#5839,.T.);
#10506=ORIENTED_EDGE('',*,*,#7308,.T.);
#10507=ORIENTED_EDGE('',*,*,#7153,.F.);
#10508=ORIENTED_EDGE('',*,*,#7309,.F.);
#10509=ORIENTED_EDGE('',*,*,#5840,.T.);
#10510=ORIENTED_EDGE('',*,*,#7309,.T.);
#10511=ORIENTED_EDGE('',*,*,#7155,.F.);
#10512=ORIENTED_EDGE('',*,*,#7310,.F.);
#10513=ORIENTED_EDGE('',*,*,#5841,.T.);
#10514=ORIENTED_EDGE('',*,*,#7310,.T.);
#10515=ORIENTED_EDGE('',*,*,#7157,.F.);
#10516=ORIENTED_EDGE('',*,*,#7311,.F.);
#10517=ORIENTED_EDGE('',*,*,#5842,.T.);
#10518=ORIENTED_EDGE('',*,*,#7311,.T.);
#10519=ORIENTED_EDGE('',*,*,#7159,.F.);
#10520=ORIENTED_EDGE('',*,*,#7312,.F.);
#10521=ORIENTED_EDGE('',*,*,#5843,.T.);
#10522=ORIENTED_EDGE('',*,*,#7312,.T.);
#10523=ORIENTED_EDGE('',*,*,#7262,.F.);
#10524=ORIENTED_EDGE('',*,*,#7313,.F.);
#10525=ORIENTED_EDGE('',*,*,#5844,.T.);
#10526=ORIENTED_EDGE('',*,*,#7313,.T.);
#10527=ORIENTED_EDGE('',*,*,#7162,.F.);
#10528=ORIENTED_EDGE('',*,*,#7314,.F.);
#10529=ORIENTED_EDGE('',*,*,#5845,.T.);
#10530=ORIENTED_EDGE('',*,*,#7314,.T.);
#10531=ORIENTED_EDGE('',*,*,#7166,.F.);
#10532=ORIENTED_EDGE('',*,*,#7315,.F.);
#10533=ORIENTED_EDGE('',*,*,#5846,.T.);
#10534=ORIENTED_EDGE('',*,*,#7315,.T.);
#10535=ORIENTED_EDGE('',*,*,#7260,.F.);
#10536=ORIENTED_EDGE('',*,*,#6001,.F.);
#10537=ORIENTED_EDGE('',*,*,#5726,.T.);
#10538=ORIENTED_EDGE('',*,*,#6003,.T.);
#10539=ORIENTED_EDGE('',*,*,#7170,.F.);
#10540=ORIENTED_EDGE('',*,*,#7316,.F.);
#10541=ORIENTED_EDGE('',*,*,#5727,.T.);
#10542=ORIENTED_EDGE('',*,*,#7316,.T.);
#10543=ORIENTED_EDGE('',*,*,#7172,.F.);
#10544=ORIENTED_EDGE('',*,*,#7317,.F.);
#10545=ORIENTED_EDGE('',*,*,#5728,.T.);
#10546=ORIENTED_EDGE('',*,*,#7317,.T.);
#10547=ORIENTED_EDGE('',*,*,#7174,.F.);
#10548=ORIENTED_EDGE('',*,*,#7318,.F.);
#10549=ORIENTED_EDGE('',*,*,#5729,.T.);
#10550=ORIENTED_EDGE('',*,*,#7318,.T.);
#10551=ORIENTED_EDGE('',*,*,#7254,.F.);
#10552=ORIENTED_EDGE('',*,*,#7319,.F.);
#10553=ORIENTED_EDGE('',*,*,#5730,.T.);
#10554=ORIENTED_EDGE('',*,*,#7319,.T.);
#10555=ORIENTED_EDGE('',*,*,#7252,.F.);
#10556=ORIENTED_EDGE('',*,*,#7320,.F.);
#10557=ORIENTED_EDGE('',*,*,#5731,.T.);
#10558=ORIENTED_EDGE('',*,*,#7320,.T.);
#10559=ORIENTED_EDGE('',*,*,#7177,.F.);
#10560=ORIENTED_EDGE('',*,*,#7321,.F.);
#10561=ORIENTED_EDGE('',*,*,#5732,.T.);
#10562=ORIENTED_EDGE('',*,*,#7321,.T.);
#10563=ORIENTED_EDGE('',*,*,#7248,.F.);
#10564=ORIENTED_EDGE('',*,*,#7322,.F.);
#10565=ORIENTED_EDGE('',*,*,#5733,.T.);
#10566=ORIENTED_EDGE('',*,*,#7322,.T.);
#10567=ORIENTED_EDGE('',*,*,#7180,.F.);
#10568=ORIENTED_EDGE('',*,*,#7323,.F.);
#10569=ORIENTED_EDGE('',*,*,#5734,.T.);
#10570=ORIENTED_EDGE('',*,*,#7323,.T.);
#10571=ORIENTED_EDGE('',*,*,#7184,.F.);
#10572=ORIENTED_EDGE('',*,*,#7324,.F.);
#10573=ORIENTED_EDGE('',*,*,#5735,.T.);
#10574=ORIENTED_EDGE('',*,*,#7324,.T.);
#10575=ORIENTED_EDGE('',*,*,#7186,.F.);
#10576=ORIENTED_EDGE('',*,*,#7325,.F.);
#10577=ORIENTED_EDGE('',*,*,#5736,.T.);
#10578=ORIENTED_EDGE('',*,*,#7325,.T.);
#10579=ORIENTED_EDGE('',*,*,#7188,.F.);
#10580=ORIENTED_EDGE('',*,*,#7326,.F.);
#10581=ORIENTED_EDGE('',*,*,#5737,.T.);
#10582=ORIENTED_EDGE('',*,*,#7326,.T.);
#10583=ORIENTED_EDGE('',*,*,#7190,.F.);
#10584=ORIENTED_EDGE('',*,*,#7327,.F.);
#10585=ORIENTED_EDGE('',*,*,#5738,.T.);
#10586=ORIENTED_EDGE('',*,*,#7327,.T.);
#10587=ORIENTED_EDGE('',*,*,#7192,.F.);
#10588=ORIENTED_EDGE('',*,*,#7328,.F.);
#10589=ORIENTED_EDGE('',*,*,#5739,.T.);
#10590=ORIENTED_EDGE('',*,*,#7328,.T.);
#10591=ORIENTED_EDGE('',*,*,#7243,.F.);
#10592=ORIENTED_EDGE('',*,*,#7329,.F.);
#10593=ORIENTED_EDGE('',*,*,#5740,.T.);
#10594=ORIENTED_EDGE('',*,*,#7329,.T.);
#10595=ORIENTED_EDGE('',*,*,#7196,.F.);
#10596=ORIENTED_EDGE('',*,*,#7330,.F.);
#10597=ORIENTED_EDGE('',*,*,#5741,.T.);
#10598=ORIENTED_EDGE('',*,*,#7330,.T.);
#10599=ORIENTED_EDGE('',*,*,#7200,.F.);
#10600=ORIENTED_EDGE('',*,*,#7331,.F.);
#10601=ORIENTED_EDGE('',*,*,#5742,.T.);
#10602=ORIENTED_EDGE('',*,*,#7331,.T.);
#10603=ORIENTED_EDGE('',*,*,#7202,.F.);
#10604=ORIENTED_EDGE('',*,*,#7332,.F.);
#10605=ORIENTED_EDGE('',*,*,#5743,.T.);
#10606=ORIENTED_EDGE('',*,*,#7332,.T.);
#10607=ORIENTED_EDGE('',*,*,#7204,.F.);
#10608=ORIENTED_EDGE('',*,*,#7333,.F.);
#10609=ORIENTED_EDGE('',*,*,#5714,.F.);
#10610=ORIENTED_EDGE('',*,*,#5693,.T.);
#10611=ORIENTED_EDGE('',*,*,#5710,.T.);
#10612=ORIENTED_EDGE('',*,*,#7333,.T.);
#10613=ORIENTED_EDGE('',*,*,#7239,.F.);
#10614=ORIENTED_EDGE('',*,*,#7334,.F.);
#10615=ORIENTED_EDGE('',*,*,#5694,.T.);
#10616=ORIENTED_EDGE('',*,*,#7334,.T.);
#10617=ORIENTED_EDGE('',*,*,#7237,.F.);
#10618=ORIENTED_EDGE('',*,*,#7335,.F.);
#10619=ORIENTED_EDGE('',*,*,#5695,.T.);
#10620=ORIENTED_EDGE('',*,*,#7335,.T.);
#10621=ORIENTED_EDGE('',*,*,#7234,.F.);
#10622=ORIENTED_EDGE('',*,*,#7336,.F.);
#10623=ORIENTED_EDGE('',*,*,#5696,.T.);
#10624=ORIENTED_EDGE('',*,*,#7336,.T.);
#10625=ORIENTED_EDGE('',*,*,#7231,.F.);
#10626=ORIENTED_EDGE('',*,*,#7337,.F.);
#10627=ORIENTED_EDGE('',*,*,#5697,.T.);
#10628=ORIENTED_EDGE('',*,*,#7337,.T.);
#10629=ORIENTED_EDGE('',*,*,#7207,.F.);
#10630=ORIENTED_EDGE('',*,*,#7338,.F.);
#10631=ORIENTED_EDGE('',*,*,#5698,.T.);
#10632=ORIENTED_EDGE('',*,*,#7338,.T.);
#10633=ORIENTED_EDGE('',*,*,#7227,.F.);
#10634=ORIENTED_EDGE('',*,*,#7339,.F.);
#10635=ORIENTED_EDGE('',*,*,#5699,.T.);
#10636=ORIENTED_EDGE('',*,*,#7339,.T.);
#10637=ORIENTED_EDGE('',*,*,#7210,.F.);
#10638=ORIENTED_EDGE('',*,*,#7340,.F.);
#10639=ORIENTED_EDGE('',*,*,#5745,.T.);
#10640=ORIENTED_EDGE('',*,*,#7341,.T.);
#10641=ORIENTED_EDGE('',*,*,#7220,.F.);
#10642=ORIENTED_EDGE('',*,*,#7037,.F.);
#10643=ORIENTED_EDGE('',*,*,#5744,.T.);
#10644=ORIENTED_EDGE('',*,*,#5717,.T.);
#10645=ORIENTED_EDGE('',*,*,#7342,.T.);
#10646=ORIENTED_EDGE('',*,*,#7218,.F.);
#10647=ORIENTED_EDGE('',*,*,#7341,.F.);
#10648=ORIENTED_EDGE('',*,*,#5702,.T.);
#10649=ORIENTED_EDGE('',*,*,#7343,.T.);
#10650=ORIENTED_EDGE('',*,*,#7216,.F.);
#10651=ORIENTED_EDGE('',*,*,#7342,.F.);
#10652=ORIENTED_EDGE('',*,*,#5705,.T.);
#10653=ORIENTED_EDGE('',*,*,#5701,.T.);
#10654=ORIENTED_EDGE('',*,*,#7344,.T.);
#10655=ORIENTED_EDGE('',*,*,#7214,.F.);
#10656=ORIENTED_EDGE('',*,*,#7343,.F.);
#10657=ORIENTED_EDGE('',*,*,#5700,.T.);
#10658=ORIENTED_EDGE('',*,*,#7340,.T.);
#10659=ORIENTED_EDGE('',*,*,#7212,.F.);
#10660=ORIENTED_EDGE('',*,*,#7344,.F.);
#10661=TOROIDAL_SURFACE('',#11286,4.4,0.4);
#10662=TOROIDAL_SURFACE('',#11301,2.4,0.4);
#10663=TOROIDAL_SURFACE('',#11304,6.10000000000001,0.4);
#10664=TOROIDAL_SURFACE('',#11307,1.64999997934679,0.4);
#10665=TOROIDAL_SURFACE('',#11637,1.30000014378002,0.75);
#10666=TOROIDAL_SURFACE('',#11643,1.30000014378917,0.75);
#10667=TOROIDAL_SURFACE('',#11649,1.30000014379002,0.75);
#10668=TOROIDAL_SURFACE('',#11655,1.30000014378999,0.75);
#10669=ADVANCED_FACE('',(#2993),#10661,.T.);
#10670=ADVANCED_FACE('',(#2994),#2812,.F.);
#10671=ADVANCED_FACE('',(#2995,#155),#161,.T.);
#10672=ADVANCED_FACE('',(#2996),#10662,.T.);
#10673=ADVANCED_FACE('',(#2997),#10663,.T.);
#10674=ADVANCED_FACE('',(#2998),#10664,.T.);
#10675=ADVANCED_FACE('',(#2999),#2813,.F.);
#10676=ADVANCED_FACE('',(#3000),#2814,.T.);
#10677=ADVANCED_FACE('',(#3001),#2815,.F.);
#10678=ADVANCED_FACE('',(#3002),#162,.F.);
#10679=ADVANCED_FACE('',(#3003,#156),#163,.T.);
#10680=ADVANCED_FACE('',(#3004),#164,.F.);
#10681=ADVANCED_FACE('',(#3005),#165,.T.);
#10682=ADVANCED_FACE('',(#3006),#166,.T.);
#10683=ADVANCED_FACE('',(#3007),#167,.T.);
#10684=ADVANCED_FACE('',(#3008),#2816,.F.);
#10685=ADVANCED_FACE('',(#3009),#168,.T.);
#10686=ADVANCED_FACE('',(#3010),#2817,.F.);
#10687=ADVANCED_FACE('',(#3011),#169,.T.);
#10688=ADVANCED_FACE('',(#3012),#170,.T.);
#10689=ADVANCED_FACE('',(#3013),#2818,.F.);
#10690=ADVANCED_FACE('',(#3014),#171,.T.);
#10691=ADVANCED_FACE('',(#3015),#2819,.F.);
#10692=ADVANCED_FACE('',(#3016),#172,.F.);
#10693=ADVANCED_FACE('',(#3017),#173,.F.);
#10694=ADVANCED_FACE('',(#3018),#15,.F.);
#10695=ADVANCED_FACE('',(#3019,#157,#158),#174,.T.);
#10696=ADVANCED_FACE('',(#3020),#175,.F.);
#10697=ADVANCED_FACE('',(#3021),#176,.F.);
#10698=ADVANCED_FACE('',(#3022),#177,.F.);
#10699=ADVANCED_FACE('',(#3023),#178,.F.);
#10700=ADVANCED_FACE('',(#3024),#2820,.T.);
#10701=ADVANCED_FACE('',(#3025),#179,.F.);
#10702=ADVANCED_FACE('',(#3026),#180,.T.);
#10703=ADVANCED_FACE('',(#3027),#181,.F.);
#10704=ADVANCED_FACE('',(#3028),#2821,.F.);
#10705=ADVANCED_FACE('',(#3029),#182,.F.);
#10706=ADVANCED_FACE('',(#3030),#2822,.F.);
#10707=ADVANCED_FACE('',(#3031),#183,.F.);
#10708=ADVANCED_FACE('',(#3032),#2823,.T.);
#10709=ADVANCED_FACE('',(#3033),#10665,.T.);
#10710=ADVANCED_FACE('',(#3034),#2824,.T.);
#10711=ADVANCED_FACE('',(#3035),#10666,.T.);
#10712=ADVANCED_FACE('',(#3036),#2825,.T.);
#10713=ADVANCED_FACE('',(#3037),#10667,.T.);
#10714=ADVANCED_FACE('',(#3038),#2826,.T.);
#10715=ADVANCED_FACE('',(#3039),#10668,.T.);
#10716=ADVANCED_FACE('',(#3040),#2827,.F.);
#10717=ADVANCED_FACE('',(#3041),#184,.F.);
#10718=ADVANCED_FACE('',(#3042),#2828,.F.);
#10719=ADVANCED_FACE('',(#3043),#185,.F.);
#10720=ADVANCED_FACE('',(#3044,#159,#160),#186,.T.);
#10721=ADVANCED_FACE('',(#3045),#187,.F.);
#10722=ADVANCED_FACE('',(#3046),#2829,.F.);
#10723=ADVANCED_FACE('',(#3047),#188,.F.);
#10724=ADVANCED_FACE('',(#3048),#2830,.F.);
#10725=ADVANCED_FACE('',(#3049),#2831,.F.);
#10726=ADVANCED_FACE('',(#3050),#189,.F.);
#10727=ADVANCED_FACE('',(#3051),#2832,.F.);
#10728=ADVANCED_FACE('',(#3052),#190,.F.);
#10729=ADVANCED_FACE('',(#3053),#2833,.T.);
#10730=ADVANCED_FACE('',(#3054),#191,.F.);
#10731=ADVANCED_FACE('',(#3055),#2834,.T.);
#10732=ADVANCED_FACE('',(#3056),#192,.F.);
#10733=ADVANCED_FACE('',(#3057),#2835,.T.);
#10734=ADVANCED_FACE('',(#3058),#193,.F.);
#10735=ADVANCED_FACE('',(#3059),#2836,.T.);
#10736=ADVANCED_FACE('',(#3060),#194,.F.);
#10737=ADVANCED_FACE('',(#3061),#2837,.T.);
#10738=ADVANCED_FACE('',(#3062),#195,.F.);
#10739=ADVANCED_FACE('',(#3063),#2838,.T.);
#10740=ADVANCED_FACE('',(#3064),#196,.F.);
#10741=ADVANCED_FACE('',(#3065),#2839,.F.);
#10742=ADVANCED_FACE('',(#3066),#197,.F.);
#10743=ADVANCED_FACE('',(#3067),#198,.F.);
#10744=ADVANCED_FACE('',(#3068),#199,.F.);
#10745=ADVANCED_FACE('',(#3069),#200,.F.);
#10746=ADVANCED_FACE('',(#3070),#2840,.T.);
#10747=ADVANCED_FACE('',(#3071),#201,.F.);
#10748=ADVANCED_FACE('',(#3072),#2841,.T.);
#10749=ADVANCED_FACE('',(#3073),#202,.F.);
#10750=ADVANCED_FACE('',(#3074),#2842,.T.);
#10751=ADVANCED_FACE('',(#3075),#203,.F.);
#10752=ADVANCED_FACE('',(#3076),#2843,.T.);
#10753=ADVANCED_FACE('',(#3077),#204,.F.);
#10754=ADVANCED_FACE('',(#3078),#2844,.T.);
#10755=ADVANCED_FACE('',(#3079),#205,.F.);
#10756=ADVANCED_FACE('',(#3080),#206,.F.);
#10757=ADVANCED_FACE('',(#3081),#207,.F.);
#10758=ADVANCED_FACE('',(#3082),#208,.F.);
#10759=ADVANCED_FACE('',(#3083),#2845,.F.);
#10760=ADVANCED_FACE('',(#3084),#209,.F.);
#10761=ADVANCED_FACE('',(#3085),#2846,.F.);
#10762=ADVANCED_FACE('',(#3086),#210,.F.);
#10763=ADVANCED_FACE('',(#3087),#211,.F.);
#10764=ADVANCED_FACE('',(#3088),#212,.F.);
#10765=ADVANCED_FACE('',(#3089),#213,.F.);
#10766=ADVANCED_FACE('',(#3090),#214,.F.);
#10767=ADVANCED_FACE('',(#3091),#2847,.F.);
#10768=ADVANCED_FACE('',(#3092),#215,.F.);
#10769=ADVANCED_FACE('',(#3093),#2848,.F.);
#10770=ADVANCED_FACE('',(#3094),#216,.F.);
#10771=ADVANCED_FACE('',(#3095),#2849,.T.);
#10772=ADVANCED_FACE('',(#3096),#217,.F.);
#10773=ADVANCED_FACE('',(#3097),#2850,.T.);
#10774=ADVANCED_FACE('',(#3098),#218,.F.);
#10775=ADVANCED_FACE('',(#3099),#2851,.T.);
#10776=ADVANCED_FACE('',(#3100),#219,.F.);
#10777=ADVANCED_FACE('',(#3101),#2852,.T.);
#10778=ADVANCED_FACE('',(#3102),#220,.F.);
#10779=ADVANCED_FACE('',(#3103),#2853,.T.);
#10780=ADVANCED_FACE('',(#3104),#221,.F.);
#10781=ADVANCED_FACE('',(#3105),#222,.F.);
#10782=ADVANCED_FACE('',(#3106),#223,.F.);
#10783=ADVANCED_FACE('',(#3107),#224,.F.);
#10784=ADVANCED_FACE('',(#3108),#2854,.T.);
#10785=ADVANCED_FACE('',(#3109),#225,.F.);
#10786=ADVANCED_FACE('',(#3110),#2855,.T.);
#10787=ADVANCED_FACE('',(#3111),#226,.F.);
#10788=ADVANCED_FACE('',(#3112),#2856,.T.);
#10789=ADVANCED_FACE('',(#3113),#227,.F.);
#10790=ADVANCED_FACE('',(#3114),#2857,.T.);
#10791=ADVANCED_FACE('',(#3115),#228,.F.);
#10792=ADVANCED_FACE('',(#3116),#2858,.T.);
#10793=ADVANCED_FACE('',(#3117),#229,.F.);
#10794=ADVANCED_FACE('',(#3118),#2859,.T.);
#10795=ADVANCED_FACE('',(#3119),#230,.F.);
#10796=ADVANCED_FACE('',(#3120),#2860,.T.);
#10797=ADVANCED_FACE('',(#3121),#231,.F.);
#10798=ADVANCED_FACE('',(#3122),#2861,.T.);
#10799=ADVANCED_FACE('',(#3123),#232,.F.);
#10800=ADVANCED_FACE('',(#3124),#2862,.T.);
#10801=ADVANCED_FACE('',(#3125),#233,.F.);
#10802=ADVANCED_FACE('',(#3126),#2863,.T.);
#10803=ADVANCED_FACE('',(#3127),#234,.F.);
#10804=ADVANCED_FACE('',(#3128),#2864,.T.);
#10805=ADVANCED_FACE('',(#3129),#235,.F.);
#10806=ADVANCED_FACE('',(#3130),#2865,.T.);
#10807=ADVANCED_FACE('',(#3131),#236,.F.);
#10808=ADVANCED_FACE('',(#3132),#2866,.T.);
#10809=ADVANCED_FACE('',(#3133),#237,.F.);
#10810=ADVANCED_FACE('',(#3134),#2867,.T.);
#10811=ADVANCED_FACE('',(#3135),#238,.F.);
#10812=ADVANCED_FACE('',(#3136),#239,.F.);
#10813=ADVANCED_FACE('',(#3137),#240,.F.);
#10814=ADVANCED_FACE('',(#3138),#241,.F.);
#10815=ADVANCED_FACE('',(#3139),#242,.F.);
#10816=ADVANCED_FACE('',(#3140),#243,.F.);
#10817=ADVANCED_FACE('',(#3141),#244,.F.);
#10818=ADVANCED_FACE('',(#3142),#245,.F.);
#10819=ADVANCED_FACE('',(#3143),#246,.F.);
#10820=ADVANCED_FACE('',(#3144),#247,.F.);
#10821=ADVANCED_FACE('',(#3145),#248,.F.);
#10822=ADVANCED_FACE('',(#3146),#2868,.T.);
#10823=ADVANCED_FACE('',(#3147),#249,.F.);
#10824=ADVANCED_FACE('',(#3148),#250,.F.);
#10825=ADVANCED_FACE('',(#3149),#251,.F.);
#10826=ADVANCED_FACE('',(#3150),#2869,.F.);
#10827=ADVANCED_FACE('',(#3151),#252,.F.);
#10828=ADVANCED_FACE('',(#3152),#2870,.F.);
#10829=ADVANCED_FACE('',(#3153),#253,.F.);
#10830=ADVANCED_FACE('',(#3154),#2871,.F.);
#10831=ADVANCED_FACE('',(#3155),#254,.F.);
#10832=ADVANCED_FACE('',(#3156),#255,.F.);
#10833=ADVANCED_FACE('',(#3157),#256,.F.);
#10834=ADVANCED_FACE('',(#3158),#2872,.F.);
#10835=ADVANCED_FACE('',(#3159),#257,.F.);
#10836=ADVANCED_FACE('',(#3160),#2873,.F.);
#10837=ADVANCED_FACE('',(#3161),#258,.F.);
#10838=ADVANCED_FACE('',(#3162),#2874,.T.);
#10839=ADVANCED_FACE('',(#3163),#259,.F.);
#10840=ADVANCED_FACE('',(#3164),#2875,.T.);
#10841=ADVANCED_FACE('',(#3165),#260,.F.);
#10842=ADVANCED_FACE('',(#3166),#2876,.T.);
#10843=ADVANCED_FACE('',(#3167),#261,.F.);
#10844=ADVANCED_FACE('',(#3168),#2877,.T.);
#10845=ADVANCED_FACE('',(#3169),#262,.F.);
#10846=ADVANCED_FACE('',(#3170),#2878,.T.);
#10847=ADVANCED_FACE('',(#3171),#263,.F.);
#10848=ADVANCED_FACE('',(#3172),#264,.F.);
#10849=ADVANCED_FACE('',(#3173),#265,.F.);
#10850=ADVANCED_FACE('',(#3174),#2879,.F.);
#10851=ADVANCED_FACE('',(#3175),#266,.F.);
#10852=ADVANCED_FACE('',(#3176),#2880,.F.);
#10853=ADVANCED_FACE('',(#3177),#267,.F.);
#10854=ADVANCED_FACE('',(#3178),#2881,.T.);
#10855=ADVANCED_FACE('',(#3179),#268,.F.);
#10856=ADVANCED_FACE('',(#3180),#2882,.T.);
#10857=ADVANCED_FACE('',(#3181),#269,.F.);
#10858=ADVANCED_FACE('',(#3182),#2883,.T.);
#10859=ADVANCED_FACE('',(#3183),#270,.F.);
#10860=ADVANCED_FACE('',(#3184),#2884,.T.);
#10861=ADVANCED_FACE('',(#3185),#271,.F.);
#10862=ADVANCED_FACE('',(#3186),#2885,.T.);
#10863=ADVANCED_FACE('',(#3187),#272,.F.);
#10864=ADVANCED_FACE('',(#3188),#2886,.T.);
#10865=ADVANCED_FACE('',(#3189),#273,.F.);
#10866=ADVANCED_FACE('',(#3190),#274,.F.);
#10867=ADVANCED_FACE('',(#3191),#275,.F.);
#10868=ADVANCED_FACE('',(#3192),#276,.T.);
#10869=ADVANCED_FACE('',(#3193),#277,.T.);
#10870=ADVANCED_FACE('',(#3194),#278,.T.);
#10871=ADVANCED_FACE('',(#3195),#279,.T.);
#10872=ADVANCED_FACE('',(#3196),#2887,.F.);
#10873=ADVANCED_FACE('',(#3197),#280,.T.);
#10874=ADVANCED_FACE('',(#3198),#2888,.F.);
#10875=ADVANCED_FACE('',(#3199),#281,.T.);
#10876=ADVANCED_FACE('',(#3200),#2889,.T.);
#10877=ADVANCED_FACE('',(#3201),#282,.T.);
#10878=ADVANCED_FACE('',(#3202),#2890,.T.);
#10879=ADVANCED_FACE('',(#3203),#283,.T.);
#10880=ADVANCED_FACE('',(#3204),#2891,.T.);
#10881=ADVANCED_FACE('',(#3205),#284,.T.);
#10882=ADVANCED_FACE('',(#3206),#2892,.T.);
#10883=ADVANCED_FACE('',(#3207),#285,.T.);
#10884=ADVANCED_FACE('',(#3208),#2893,.T.);
#10885=ADVANCED_FACE('',(#3209),#286,.T.);
#10886=ADVANCED_FACE('',(#3210),#287,.T.);
#10887=ADVANCED_FACE('',(#3211),#288,.T.);
#10888=ADVANCED_FACE('',(#3212),#2894,.F.);
#10889=ADVANCED_FACE('',(#3213),#289,.T.);
#10890=ADVANCED_FACE('',(#3214),#2895,.F.);
#10891=ADVANCED_FACE('',(#3215),#290,.T.);
#10892=ADVANCED_FACE('',(#3216),#2896,.T.);
#10893=ADVANCED_FACE('',(#3217),#291,.T.);
#10894=ADVANCED_FACE('',(#3218),#2897,.T.);
#10895=ADVANCED_FACE('',(#3219),#292,.T.);
#10896=ADVANCED_FACE('',(#3220),#2898,.T.);
#10897=ADVANCED_FACE('',(#3221),#293,.T.);
#10898=ADVANCED_FACE('',(#3222),#2899,.T.);
#10899=ADVANCED_FACE('',(#3223),#294,.T.);
#10900=ADVANCED_FACE('',(#3224),#2900,.T.);
#10901=ADVANCED_FACE('',(#3225),#295,.T.);
#10902=ADVANCED_FACE('',(#3226),#2901,.T.);
#10903=ADVANCED_FACE('',(#3227),#296,.T.);
#10904=ADVANCED_FACE('',(#3228),#297,.T.);
#10905=ADVANCED_FACE('',(#3229),#298,.T.);
#10906=ADVANCED_FACE('',(#3230),#2902,.F.);
#10907=ADVANCED_FACE('',(#3231),#299,.T.);
#10908=ADVANCED_FACE('',(#3232),#2903,.F.);
#10909=ADVANCED_FACE('',(#3233),#300,.T.);
#10910=ADVANCED_FACE('',(#3234),#2904,.T.);
#10911=ADVANCED_FACE('',(#3235),#301,.T.);
#10912=ADVANCED_FACE('',(#3236),#2905,.T.);
#10913=ADVANCED_FACE('',(#3237),#302,.T.);
#10914=ADVANCED_FACE('',(#3238),#2906,.T.);
#10915=ADVANCED_FACE('',(#3239),#303,.T.);
#10916=ADVANCED_FACE('',(#3240),#2907,.T.);
#10917=ADVANCED_FACE('',(#3241),#304,.T.);
#10918=ADVANCED_FACE('',(#3242),#2908,.T.);
#10919=ADVANCED_FACE('',(#3243),#305,.T.);
#10920=ADVANCED_FACE('',(#3244),#2909,.T.);
#10921=ADVANCED_FACE('',(#3245),#306,.T.);
#10922=ADVANCED_FACE('',(#3246),#2910,.F.);
#10923=ADVANCED_FACE('',(#3247),#307,.T.);
#10924=ADVANCED_FACE('',(#3248),#308,.T.);
#10925=ADVANCED_FACE('',(#3249),#309,.T.);
#10926=ADVANCED_FACE('',(#3250),#310,.T.);
#10927=ADVANCED_FACE('',(#3251),#2911,.T.);
#10928=ADVANCED_FACE('',(#3252),#311,.T.);
#10929=ADVANCED_FACE('',(#3253),#2912,.T.);
#10930=ADVANCED_FACE('',(#3254),#312,.T.);
#10931=ADVANCED_FACE('',(#3255),#2913,.T.);
#10932=ADVANCED_FACE('',(#3256),#313,.T.);
#10933=ADVANCED_FACE('',(#3257),#2914,.T.);
#10934=ADVANCED_FACE('',(#3258),#2915,.T.);
#10935=ADVANCED_FACE('',(#3259),#314,.F.);
#10936=ADVANCED_FACE('',(#3260),#2916,.T.);
#10937=ADVANCED_FACE('',(#3261),#315,.F.);
#10938=ADVANCED_FACE('',(#3262),#316,.F.);
#10939=ADVANCED_FACE('',(#3263),#317,.F.);
#10940=ADVANCED_FACE('',(#3264),#318,.F.);
#10941=ADVANCED_FACE('',(#3265),#2917,.T.);
#10942=ADVANCED_FACE('',(#3266),#319,.F.);
#10943=ADVANCED_FACE('',(#3267),#2918,.T.);
#10944=ADVANCED_FACE('',(#3268),#320,.F.);
#10945=ADVANCED_FACE('',(#3269),#2919,.T.);
#10946=ADVANCED_FACE('',(#3270),#321,.F.);
#10947=ADVANCED_FACE('',(#3271),#322,.F.);
#10948=ADVANCED_FACE('',(#3272),#323,.F.);
#10949=ADVANCED_FACE('',(#3273),#2920,.F.);
#10950=ADVANCED_FACE('',(#3274),#324,.F.);
#10951=ADVANCED_FACE('',(#3275),#325,.F.);
#10952=ADVANCED_FACE('',(#3276),#326,.F.);
#10953=ADVANCED_FACE('',(#3277),#327,.F.);
#10954=ADVANCED_FACE('',(#3278),#328,.F.);
#10955=ADVANCED_FACE('',(#3279),#329,.F.);
#10956=ADVANCED_FACE('',(#3280),#330,.F.);
#10957=ADVANCED_FACE('',(#3281),#331,.F.);
#10958=ADVANCED_FACE('',(#3282),#332,.F.);
#10959=ADVANCED_FACE('',(#3283),#333,.F.);
#10960=ADVANCED_FACE('',(#3284),#334,.F.);
#10961=ADVANCED_FACE('',(#3285),#2921,.F.);
#10962=ADVANCED_FACE('',(#3286),#335,.F.);
#10963=ADVANCED_FACE('',(#3287),#2922,.F.);
#10964=ADVANCED_FACE('',(#3288),#336,.F.);
#10965=ADVANCED_FACE('',(#3289),#2923,.F.);
#10966=ADVANCED_FACE('',(#3290),#337,.F.);
#10967=ADVANCED_FACE('',(#3291),#2924,.F.);
#10968=ADVANCED_FACE('',(#3292),#338,.F.);
#10969=ADVANCED_FACE('',(#3293),#2925,.F.);
#10970=ADVANCED_FACE('',(#3294),#339,.F.);
#10971=ADVANCED_FACE('',(#3295),#2926,.F.);
#10972=ADVANCED_FACE('',(#3296),#340,.F.);
#10973=ADVANCED_FACE('',(#3297),#2927,.F.);
#10974=ADVANCED_FACE('',(#3298),#341,.F.);
#10975=ADVANCED_FACE('',(#3299),#2928,.F.);
#10976=ADVANCED_FACE('',(#3300),#342,.F.);
#10977=ADVANCED_FACE('',(#3301),#2929,.F.);
#10978=ADVANCED_FACE('',(#3302),#343,.F.);
#10979=ADVANCED_FACE('',(#3303),#2930,.F.);
#10980=ADVANCED_FACE('',(#3304),#344,.F.);
#10981=ADVANCED_FACE('',(#3305),#2931,.F.);
#10982=ADVANCED_FACE('',(#3306),#345,.F.);
#10983=ADVANCED_FACE('',(#3307),#2932,.F.);
#10984=ADVANCED_FACE('',(#3308),#346,.F.);
#10985=ADVANCED_FACE('',(#3309),#2933,.F.);
#10986=ADVANCED_FACE('',(#3310),#347,.F.);
#10987=ADVANCED_FACE('',(#3311),#2934,.F.);
#10988=ADVANCED_FACE('',(#3312),#348,.F.);
#10989=ADVANCED_FACE('',(#3313),#349,.F.);
#10990=ADVANCED_FACE('',(#3314),#350,.F.);
#10991=ADVANCED_FACE('',(#3315),#351,.F.);
#10992=ADVANCED_FACE('',(#3316),#2935,.F.);
#10993=ADVANCED_FACE('',(#3317),#352,.F.);
#10994=ADVANCED_FACE('',(#3318),#2936,.F.);
#10995=ADVANCED_FACE('',(#3319),#353,.F.);
#10996=ADVANCED_FACE('',(#3320),#2937,.F.);
#10997=ADVANCED_FACE('',(#3321),#354,.F.);
#10998=ADVANCED_FACE('',(#3322),#2938,.F.);
#10999=ADVANCED_FACE('',(#3323),#355,.F.);
#11000=ADVANCED_FACE('',(#3324),#2939,.F.);
#11001=ADVANCED_FACE('',(#3325),#356,.F.);
#11002=ADVANCED_FACE('',(#3326),#2940,.T.);
#11003=ADVANCED_FACE('',(#3327),#357,.F.);
#11004=ADVANCED_FACE('',(#3328),#2941,.T.);
#11005=ADVANCED_FACE('',(#3329),#358,.F.);
#11006=ADVANCED_FACE('',(#3330),#359,.T.);
#11007=ADVANCED_FACE('',(#3331),#2942,.T.);
#11008=ADVANCED_FACE('',(#3332),#360,.T.);
#11009=ADVANCED_FACE('',(#3333),#361,.T.);
#11010=ADVANCED_FACE('',(#3334),#362,.T.);
#11011=ADVANCED_FACE('',(#3335),#363,.T.);
#11012=ADVANCED_FACE('',(#3336),#2943,.F.);
#11013=ADVANCED_FACE('',(#3337),#364,.T.);
#11014=ADVANCED_FACE('',(#3338),#2944,.F.);
#11015=ADVANCED_FACE('',(#3339),#365,.T.);
#11016=ADVANCED_FACE('',(#3340),#366,.F.);
#11017=ADVANCED_FACE('',(#3341),#367,.F.);
#11018=ADVANCED_FACE('',(#3342),#368,.F.);
#11019=ADVANCED_FACE('',(#3343),#369,.F.);
#11020=ADVANCED_FACE('',(#3344),#2945,.T.);
#11021=ADVANCED_FACE('',(#3345),#370,.F.);
#11022=ADVANCED_FACE('',(#3346),#371,.F.);
#11023=ADVANCED_FACE('',(#3347),#372,.F.);
#11024=ADVANCED_FACE('',(#3348),#373,.F.);
#11025=ADVANCED_FACE('',(#3349),#2946,.F.);
#11026=ADVANCED_FACE('',(#3350),#374,.F.);
#11027=ADVANCED_FACE('',(#3351),#2947,.F.);
#11028=ADVANCED_FACE('',(#3352),#375,.F.);
#11029=ADVANCED_FACE('',(#3353),#2948,.F.);
#11030=ADVANCED_FACE('',(#3354),#376,.F.);
#11031=ADVANCED_FACE('',(#3355),#2949,.F.);
#11032=ADVANCED_FACE('',(#3356),#377,.F.);
#11033=ADVANCED_FACE('',(#3357),#2950,.F.);
#11034=ADVANCED_FACE('',(#3358),#378,.F.);
#11035=ADVANCED_FACE('',(#3359),#379,.F.);
#11036=ADVANCED_FACE('',(#3360),#380,.F.);
#11037=ADVANCED_FACE('',(#3361),#381,.F.);
#11038=ADVANCED_FACE('',(#3362),#2951,.T.);
#11039=ADVANCED_FACE('',(#3363),#382,.F.);
#11040=ADVANCED_FACE('',(#3364),#2952,.F.);
#11041=ADVANCED_FACE('',(#3365),#383,.F.);
#11042=ADVANCED_FACE('',(#3366),#2953,.F.);
#11043=ADVANCED_FACE('',(#3367),#384,.F.);
#11044=ADVANCED_FACE('',(#3368),#2954,.F.);
#11045=ADVANCED_FACE('',(#3369),#385,.F.);
#11046=ADVANCED_FACE('',(#3370),#2955,.F.);
#11047=ADVANCED_FACE('',(#3371),#386,.F.);
#11048=ADVANCED_FACE('',(#3372),#2956,.F.);
#11049=ADVANCED_FACE('',(#3373),#387,.F.);
#11050=ADVANCED_FACE('',(#3374),#2957,.F.);
#11051=ADVANCED_FACE('',(#3375),#388,.F.);
#11052=ADVANCED_FACE('',(#3376),#2958,.T.);
#11053=ADVANCED_FACE('',(#3377),#389,.F.);
#11054=ADVANCED_FACE('',(#3378),#2959,.T.);
#11055=ADVANCED_FACE('',(#3379),#390,.F.);
#11056=ADVANCED_FACE('',(#3380),#391,.F.);
#11057=ADVANCED_FACE('',(#3381),#392,.F.);
#11058=ADVANCED_FACE('',(#3382),#2960,.F.);
#11059=ADVANCED_FACE('',(#3383),#393,.F.);
#11060=ADVANCED_FACE('',(#3384),#2961,.F.);
#11061=ADVANCED_FACE('',(#3385),#394,.F.);
#11062=ADVANCED_FACE('',(#3386),#2962,.F.);
#11063=ADVANCED_FACE('',(#3387),#395,.F.);
#11064=ADVANCED_FACE('',(#3388),#2963,.F.);
#11065=ADVANCED_FACE('',(#3389),#396,.F.);
#11066=ADVANCED_FACE('',(#3390),#2964,.F.);
#11067=ADVANCED_FACE('',(#3391),#397,.F.);
#11068=ADVANCED_FACE('',(#3392),#2965,.F.);
#11069=ADVANCED_FACE('',(#3393),#398,.F.);
#11070=ADVANCED_FACE('',(#3394),#2966,.T.);
#11071=ADVANCED_FACE('',(#3395),#399,.F.);
#11072=ADVANCED_FACE('',(#3396),#2967,.T.);
#11073=ADVANCED_FACE('',(#3397),#400,.F.);
#11074=ADVANCED_FACE('',(#3398),#401,.F.);
#11075=ADVANCED_FACE('',(#3399),#402,.F.);
#11076=ADVANCED_FACE('',(#3400),#2968,.F.);
#11077=ADVANCED_FACE('',(#3401),#403,.F.);
#11078=ADVANCED_FACE('',(#3402),#2969,.F.);
#11079=ADVANCED_FACE('',(#3403),#404,.F.);
#11080=ADVANCED_FACE('',(#3404),#2970,.F.);
#11081=ADVANCED_FACE('',(#3405),#405,.F.);
#11082=ADVANCED_FACE('',(#3406),#2971,.F.);
#11083=ADVANCED_FACE('',(#3407),#406,.F.);
#11084=ADVANCED_FACE('',(#3408),#2972,.F.);
#11085=ADVANCED_FACE('',(#3409),#407,.F.);
#11086=ADVANCED_FACE('',(#3410),#408,.T.);
#11087=ADVANCED_FACE('',(#3411),#16,.F.);
#11088=ADVANCED_FACE('',(#3412),#409,.T.);
#11089=ADVANCED_FACE('',(#3413),#17,.F.);
#11090=ADVANCED_FACE('',(#3414),#410,.T.);
#11091=ADVANCED_FACE('',(#3415),#411,.T.);
#11092=ADVANCED_FACE('',(#3416),#412,.T.);
#11093=ADVANCED_FACE('',(#3417),#413,.T.);
#11094=ADVANCED_FACE('',(#3418),#18,.T.);
#11095=ADVANCED_FACE('',(#3419),#414,.T.);
#11096=ADVANCED_FACE('',(#3420),#415,.T.);
#11097=ADVANCED_FACE('',(#3421),#416,.T.);
#11098=ADVANCED_FACE('',(#3422),#417,.T.);
#11099=ADVANCED_FACE('',(#3423),#418,.T.);
#11100=ADVANCED_FACE('',(#3424),#419,.T.);
#11101=ADVANCED_FACE('',(#3425),#420,.T.);
#11102=ADVANCED_FACE('',(#3426),#421,.T.);
#11103=ADVANCED_FACE('',(#3427),#422,.T.);
#11104=ADVANCED_FACE('',(#3428),#423,.T.);
#11105=ADVANCED_FACE('',(#3429),#424,.T.);
#11106=ADVANCED_FACE('',(#3430),#19,.T.);
#11107=ADVANCED_FACE('',(#3431),#425,.T.);
#11108=ADVANCED_FACE('',(#3432),#20,.T.);
#11109=ADVANCED_FACE('',(#3433),#426,.T.);
#11110=ADVANCED_FACE('',(#3434),#21,.T.);
#11111=ADVANCED_FACE('',(#3435),#427,.T.);
#11112=ADVANCED_FACE('',(#3436),#22,.T.);
#11113=ADVANCED_FACE('',(#3437),#428,.T.);
#11114=ADVANCED_FACE('',(#3438),#23,.T.);
#11115=ADVANCED_FACE('',(#3439),#24,.T.);
#11116=ADVANCED_FACE('',(#3440),#429,.T.);
#11117=ADVANCED_FACE('',(#3441),#430,.T.);
#11118=ADVANCED_FACE('',(#3442),#431,.T.);
#11119=ADVANCED_FACE('',(#3443),#432,.T.);
#11120=ADVANCED_FACE('',(#3444),#25,.T.);
#11121=ADVANCED_FACE('',(#3445),#433,.T.);
#11122=ADVANCED_FACE('',(#3446),#26,.T.);
#11123=ADVANCED_FACE('',(#3447),#27,.T.);
#11124=ADVANCED_FACE('',(#3448),#28,.T.);
#11125=ADVANCED_FACE('',(#3449),#434,.T.);
#11126=ADVANCED_FACE('',(#3450),#29,.T.);
#11127=ADVANCED_FACE('',(#3451),#435,.T.);
#11128=ADVANCED_FACE('',(#3452),#30,.T.);
#11129=ADVANCED_FACE('',(#3453),#436,.T.);
#11130=ADVANCED_FACE('',(#3454),#437,.T.);
#11131=ADVANCED_FACE('',(#3455),#438,.T.);
#11132=ADVANCED_FACE('',(#3456),#439,.T.);
#11133=ADVANCED_FACE('',(#3457),#440,.T.);
#11134=ADVANCED_FACE('',(#3458),#441,.T.);
#11135=ADVANCED_FACE('',(#3459),#442,.T.);
#11136=ADVANCED_FACE('',(#3460),#31,.T.);
#11137=ADVANCED_FACE('',(#3461),#32,.T.);
#11138=ADVANCED_FACE('',(#3462),#443,.T.);
#11139=ADVANCED_FACE('',(#3463),#33,.T.);
#11140=ADVANCED_FACE('',(#3464),#444,.T.);
#11141=ADVANCED_FACE('',(#3465),#445,.T.);
#11142=ADVANCED_FACE('',(#3466),#446,.T.);
#11143=ADVANCED_FACE('',(#3467),#447,.T.);
#11144=ADVANCED_FACE('',(#3468),#448,.T.);
#11145=ADVANCED_FACE('',(#3469),#34,.F.);
#11146=ADVANCED_FACE('',(#3470),#449,.T.);
#11147=ADVANCED_FACE('',(#3471),#450,.T.);
#11148=ADVANCED_FACE('',(#3472),#451,.T.);
#11149=ADVANCED_FACE('',(#3473),#452,.T.);
#11150=ADVANCED_FACE('',(#3474),#453,.T.);
#11151=ADVANCED_FACE('',(#3475),#35,.T.);
#11152=ADVANCED_FACE('',(#3476),#454,.T.);
#11153=ADVANCED_FACE('',(#3477),#455,.T.);
#11154=ADVANCED_FACE('',(#3478),#36,.T.);
#11155=ADVANCED_FACE('',(#3479),#37,.T.);
#11156=ADVANCED_FACE('',(#3480),#456,.T.);
#11157=ADVANCED_FACE('',(#3481),#457,.T.);
#11158=ADVANCED_FACE('',(#3482),#38,.T.);
#11159=ADVANCED_FACE('',(#3483),#39,.T.);
#11160=ADVANCED_FACE('',(#3484),#458,.T.);
#11161=ADVANCED_FACE('',(#3485),#40,.T.);
#11162=ADVANCED_FACE('',(#3486),#459,.T.);
#11163=ADVANCED_FACE('',(#3487),#41,.T.);
#11164=ADVANCED_FACE('',(#3488),#42,.T.);
#11165=ADVANCED_FACE('',(#3489),#460,.T.);
#11166=ADVANCED_FACE('',(#3490),#461,.T.);
#11167=ADVANCED_FACE('',(#3491),#43,.F.);
#11168=ADVANCED_FACE('',(#3492),#462,.T.);
#11169=ADVANCED_FACE('',(#3493),#463,.T.);
#11170=ADVANCED_FACE('',(#3494),#464,.T.);
#11171=ADVANCED_FACE('',(#3495),#44,.T.);
#11172=ADVANCED_FACE('',(#3496),#465,.T.);
#11173=ADVANCED_FACE('',(#3497),#466,.T.);
#11174=ADVANCED_FACE('',(#3498),#45,.T.);
#11175=ADVANCED_FACE('',(#3499),#46,.T.);
#11176=ADVANCED_FACE('',(#3500),#467,.T.);
#11177=ADVANCED_FACE('',(#3501),#47,.T.);
#11178=ADVANCED_FACE('',(#3502),#468,.T.);
#11179=ADVANCED_FACE('',(#3503),#48,.T.);
#11180=ADVANCED_FACE('',(#3504),#469,.T.);
#11181=ADVANCED_FACE('',(#3505),#49,.T.);
#11182=ADVANCED_FACE('',(#3506),#50,.T.);
#11183=ADVANCED_FACE('',(#3507),#51,.F.);
#11184=ADVANCED_FACE('',(#3508),#470,.T.);
#11185=ADVANCED_FACE('',(#3509),#471,.T.);
#11186=ADVANCED_FACE('',(#3510),#52,.F.);
#11187=ADVANCED_FACE('',(#3511),#472,.T.);
#11188=ADVANCED_FACE('',(#3512),#473,.T.);
#11189=ADVANCED_FACE('',(#3513),#474,.T.);
#11190=ADVANCED_FACE('',(#3514),#53,.T.);
#11191=ADVANCED_FACE('',(#3515),#475,.T.);
#11192=ADVANCED_FACE('',(#3516),#54,.T.);
#11193=ADVANCED_FACE('',(#3517),#476,.T.);
#11194=ADVANCED_FACE('',(#3518),#55,.T.);
#11195=ADVANCED_FACE('',(#3519),#477,.T.);
#11196=ADVANCED_FACE('',(#3520),#478,.T.);
#11197=ADVANCED_FACE('',(#3521),#56,.T.);
#11198=ADVANCED_FACE('',(#3522),#479,.T.);
#11199=ADVANCED_FACE('',(#3523),#57,.T.);
#11200=ADVANCED_FACE('',(#3524),#480,.T.);
#11201=ADVANCED_FACE('',(#3525),#58,.T.);
#11202=ADVANCED_FACE('',(#3526),#59,.F.);
#11203=ADVANCED_FACE('',(#3527),#481,.T.);
#11204=ADVANCED_FACE('',(#3528),#60,.F.);
#11205=ADVANCED_FACE('',(#3529),#482,.T.);
#11206=ADVANCED_FACE('',(#3530),#483,.T.);
#11207=ADVANCED_FACE('',(#3531),#484,.T.);
#11208=ADVANCED_FACE('',(#3532),#61,.T.);
#11209=ADVANCED_FACE('',(#3533),#485,.T.);
#11210=ADVANCED_FACE('',(#3534),#62,.T.);
#11211=ADVANCED_FACE('',(#3535),#486,.T.);
#11212=ADVANCED_FACE('',(#3536),#63,.T.);
#11213=ADVANCED_FACE('',(#3537),#487,.T.);
#11214=ADVANCED_FACE('',(#3538),#488,.T.);
#11215=ADVANCED_FACE('',(#3539),#64,.T.);
#11216=ADVANCED_FACE('',(#3540),#65,.T.);
#11217=ADVANCED_FACE('',(#3541),#2973,.T.);
#11218=ADVANCED_FACE('',(#3542),#489,.T.);
#11219=ADVANCED_FACE('',(#3543),#490,.T.);
#11220=ADVANCED_FACE('',(#3544),#491,.T.);
#11221=ADVANCED_FACE('',(#3545),#492,.T.);
#11222=ADVANCED_FACE('',(#3546),#493,.T.);
#11223=ADVANCED_FACE('',(#3547),#494,.T.);
#11224=ADVANCED_FACE('',(#3548),#495,.T.);
#11225=ADVANCED_FACE('',(#3549),#496,.T.);
#11226=ADVANCED_FACE('',(#3550),#497,.T.);
#11227=ADVANCED_FACE('',(#3551),#498,.T.);
#11228=ADVANCED_FACE('',(#3552),#499,.T.);
#11229=ADVANCED_FACE('',(#3553),#2974,.T.);
#11230=ADVANCED_FACE('',(#3554),#500,.T.);
#11231=ADVANCED_FACE('',(#3555),#2975,.T.);
#11232=ADVANCED_FACE('',(#3556),#501,.T.);
#11233=ADVANCED_FACE('',(#3557),#2976,.T.);
#11234=ADVANCED_FACE('',(#3558),#502,.T.);
#11235=ADVANCED_FACE('',(#3559),#2977,.T.);
#11236=ADVANCED_FACE('',(#3560),#503,.T.);
#11237=ADVANCED_FACE('',(#3561),#2978,.T.);
#11238=ADVANCED_FACE('',(#3562),#504,.T.);
#11239=ADVANCED_FACE('',(#3563),#2979,.T.);
#11240=ADVANCED_FACE('',(#3564),#505,.T.);
#11241=ADVANCED_FACE('',(#3565),#2980,.T.);
#11242=ADVANCED_FACE('',(#3566),#506,.T.);
#11243=ADVANCED_FACE('',(#3567),#2981,.T.);
#11244=ADVANCED_FACE('',(#3568),#507,.T.);
#11245=ADVANCED_FACE('',(#3569),#2982,.T.);
#11246=ADVANCED_FACE('',(#3570),#508,.T.);
#11247=ADVANCED_FACE('',(#3571),#2983,.T.);
#11248=ADVANCED_FACE('',(#3572),#509,.T.);
#11249=ADVANCED_FACE('',(#3573),#2984,.T.);
#11250=ADVANCED_FACE('',(#3574),#510,.T.);
#11251=ADVANCED_FACE('',(#3575),#2985,.T.);
#11252=ADVANCED_FACE('',(#3576),#511,.T.);
#11253=ADVANCED_FACE('',(#3577),#2986,.T.);
#11254=ADVANCED_FACE('',(#3578),#512,.T.);
#11255=ADVANCED_FACE('',(#3579),#2987,.T.);
#11256=ADVANCED_FACE('',(#3580),#513,.T.);
#11257=ADVANCED_FACE('',(#3581),#514,.T.);
#11258=ADVANCED_FACE('',(#3582),#515,.T.);
#11259=ADVANCED_FACE('',(#3583),#516,.T.);
#11260=ADVANCED_FACE('',(#3584),#2988,.T.);
#11261=ADVANCED_FACE('',(#3585),#517,.T.);
#11262=ADVANCED_FACE('',(#3586),#2989,.T.);
#11263=ADVANCED_FACE('',(#3587),#518,.T.);
#11264=ADVANCED_FACE('',(#3588),#2990,.T.);
#11265=ADVANCED_FACE('',(#3589),#519,.T.);
#11266=ADVANCED_FACE('',(#3590),#2991,.T.);
#11267=ADVANCED_FACE('',(#3591),#520,.T.);
#11268=ADVANCED_FACE('',(#3592),#521,.T.);
#11269=ADVANCED_FACE('',(#3593),#522,.T.);
#11270=ADVANCED_FACE('',(#3594),#2992,.T.);
#11271=ADVANCED_FACE('',(#3595),#523,.T.);
#11272=CLOSED_SHELL('',(#10669,#10670,#10671,#10672,#10673,#10674,#10675,
#10676,#10677,#10678,#10679,#10680,#10681,#10682,#10683,#10684,#10685,#10686,
#10687,#10688,#10689,#10690,#10691,#10692,#10693,#10694,#10695,#10696,#10697,
#10698,#10699,#10700,#10701,#10702,#10703,#10704,#10705,#10706,#10707,#10708,
#10709,#10710,#10711,#10712,#10713,#10714,#10715,#10716,#10717,#10718,#10719,
#10720,#10721,#10722,#10723,#10724,#10725,#10726,#10727,#10728,#10729,#10730,
#10731,#10732,#10733,#10734,#10735,#10736,#10737,#10738,#10739,#10740,#10741,
#10742,#10743,#10744,#10745,#10746,#10747,#10748,#10749,#10750,#10751,#10752,
#10753,#10754,#10755,#10756,#10757,#10758,#10759,#10760,#10761,#10762,#10763,
#10764,#10765,#10766,#10767,#10768,#10769,#10770,#10771,#10772,#10773,#10774,
#10775,#10776,#10777,#10778,#10779,#10780,#10781,#10782,#10783,#10784,#10785,
#10786,#10787,#10788,#10789,#10790,#10791,#10792,#10793,#10794,#10795,#10796,
#10797,#10798,#10799,#10800,#10801,#10802,#10803,#10804,#10805,#10806,#10807,
#10808,#10809,#10810,#10811,#10812,#10813,#10814,#10815,#10816,#10817,#10818,
#10819,#10820,#10821,#10822,#10823,#10824,#10825,#10826,#10827,#10828,#10829,
#10830,#10831,#10832,#10833,#10834,#10835,#10836,#10837,#10838,#10839,#10840,
#10841,#10842,#10843,#10844,#10845,#10846,#10847,#10848,#10849,#10850,#10851,
#10852,#10853,#10854,#10855,#10856,#10857,#10858,#10859,#10860,#10861,#10862,
#10863,#10864,#10865,#10866,#10867,#10868,#10869,#10870,#10871,#10872,#10873,
#10874,#10875,#10876,#10877,#10878,#10879,#10880,#10881,#10882,#10883,#10884,
#10885,#10886,#10887,#10888,#10889,#10890,#10891,#10892,#10893,#10894,#10895,
#10896,#10897,#10898,#10899,#10900,#10901,#10902,#10903,#10904,#10905,#10906,
#10907,#10908,#10909,#10910,#10911,#10912,#10913,#10914,#10915,#10916,#10917,
#10918,#10919,#10920,#10921,#10922,#10923,#10924,#10925,#10926,#10927,#10928,
#10929,#10930,#10931,#10932,#10933,#10934,#10935,#10936,#10937,#10938,#10939,
#10940,#10941,#10942,#10943,#10944,#10945,#10946,#10947,#10948,#10949,#10950,
#10951,#10952,#10953,#10954,#10955,#10956,#10957,#10958,#10959,#10960,#10961,
#10962,#10963,#10964,#10965,#10966,#10967,#10968,#10969,#10970,#10971,#10972,
#10973,#10974,#10975,#10976,#10977,#10978,#10979,#10980,#10981,#10982,#10983,
#10984,#10985,#10986,#10987,#10988,#10989,#10990,#10991,#10992,#10993,#10994,
#10995,#10996,#10997,#10998,#10999,#11000,#11001,#11002,#11003,#11004,#11005,
#11006,#11007,#11008,#11009,#11010,#11011,#11012,#11013,#11014,#11015,#11016,
#11017,#11018,#11019,#11020,#11021,#11022,#11023,#11024,#11025,#11026,#11027,
#11028,#11029,#11030,#11031,#11032,#11033,#11034,#11035,#11036,#11037,#11038,
#11039,#11040,#11041,#11042,#11043,#11044,#11045,#11046,#11047,#11048,#11049,
#11050,#11051,#11052,#11053,#11054,#11055,#11056,#11057,#11058,#11059,#11060,
#11061,#11062,#11063,#11064,#11065,#11066,#11067,#11068,#11069,#11070,#11071,
#11072,#11073,#11074,#11075,#11076,#11077,#11078,#11079,#11080,#11081,#11082,
#11083,#11084,#11085,#11086,#11087,#11088,#11089,#11090,#11091,#11092,#11093,
#11094,#11095,#11096,#11097,#11098,#11099,#11100,#11101,#11102,#11103,#11104,
#11105,#11106,#11107,#11108,#11109,#11110,#11111,#11112,#11113,#11114,#11115,
#11116,#11117,#11118,#11119,#11120,#11121,#11122,#11123,#11124,#11125,#11126,
#11127,#11128,#11129,#11130,#11131,#11132,#11133,#11134,#11135,#11136,#11137,
#11138,#11139,#11140,#11141,#11142,#11143,#11144,#11145,#11146,#11147,#11148,
#11149,#11150,#11151,#11152,#11153,#11154,#11155,#11156,#11157,#11158,#11159,
#11160,#11161,#11162,#11163,#11164,#11165,#11166,#11167,#11168,#11169,#11170,
#11171,#11172,#11173,#11174,#11175,#11176,#11177,#11178,#11179,#11180,#11181,
#11182,#11183,#11184,#11185,#11186,#11187,#11188,#11189,#11190,#11191,#11192,
#11193,#11194,#11195,#11196,#11197,#11198,#11199,#11200,#11201,#11202,#11203,
#11204,#11205,#11206,#11207,#11208,#11209,#11210,#11211,#11212,#11213,#11214,
#11215,#11216,#11217,#11218,#11219,#11220,#11221,#11222,#11223,#11224,#11225,
#11226,#11227,#11228,#11229,#11230,#11231,#11232,#11233,#11234,#11235,#11236,
#11237,#11238,#11239,#11240,#11241,#11242,#11243,#11244,#11245,#11246,#11247,
#11248,#11249,#11250,#11251,#11252,#11253,#11254,#11255,#11256,#11257,#11258,
#11259,#11260,#11261,#11262,#11263,#11264,#11265,#11266,#11267,#11268,#11269,
#11270,#11271));
#11273=DERIVED_UNIT_ELEMENT(#11275,1.);
#11274=DERIVED_UNIT_ELEMENT(#19163,-3.);
#11275=(
MASS_UNIT()
NAMED_UNIT(*)
SI_UNIT(.KILO.,.GRAM.)
);
#11276=DERIVED_UNIT((#11273,#11274));
#11277=MEASURE_REPRESENTATION_ITEM('density measure',
POSITIVE_RATIO_MEASURE(1060.),#11276);
#11278=PROPERTY_DEFINITION_REPRESENTATION(#11283,#11280);
#11279=PROPERTY_DEFINITION_REPRESENTATION(#11284,#11281);
#11280=REPRESENTATION('material name',(#11282),#19160);
#11281=REPRESENTATION('density',(#11277),#19160);
#11282=DESCRIPTIVE_REPRESENTATION_ITEM('ABS Plastic','ABS Plastic');
#11283=PROPERTY_DEFINITION('material property','material name',#19170);
#11284=PROPERTY_DEFINITION('material property','density of part',#19170);
#11285=AXIS2_PLACEMENT_3D('',#15516,#12314,#12315);
#11286=AXIS2_PLACEMENT_3D('',#15517,#12316,#12317);
#11287=AXIS2_PLACEMENT_3D('',#15519,#12318,#12319);
#11288=AXIS2_PLACEMENT_3D('',#15521,#12320,#12321);
#11289=AXIS2_PLACEMENT_3D('',#15522,#12322,#12323);
#11290=AXIS2_PLACEMENT_3D('',#15523,#12324,#12325);
#11291=AXIS2_PLACEMENT_3D('',#15526,#12327,#12328);
#11292=AXIS2_PLACEMENT_3D('',#15527,#12329,#12330);
#11293=AXIS2_PLACEMENT_3D('',#15530,#12331,#12332);
#11294=AXIS2_PLACEMENT_3D('',#15532,#12333,#12334);
#11295=AXIS2_PLACEMENT_3D('',#15536,#12336,#12337);
#11296=AXIS2_PLACEMENT_3D('',#15540,#12339,#12340);
#11297=AXIS2_PLACEMENT_3D('',#15544,#12342,#12343);
#11298=AXIS2_PLACEMENT_3D('',#15548,#12345,#12346);
#11299=AXIS2_PLACEMENT_3D('',#15552,#12348,#12349);
#11300=AXIS2_PLACEMENT_3D('',#15553,#12350,#12351);
#11301=AXIS2_PLACEMENT_3D('',#15554,#12352,#12353);
#11302=AXIS2_PLACEMENT_3D('',#15569,#12354,#12355);
#11303=AXIS2_PLACEMENT_3D('',#15570,#12356,#12357);
#11304=AXIS2_PLACEMENT_3D('',#15571,#12358,#12359);
#11305=AXIS2_PLACEMENT_3D('',#15573,#12360,#12361);
#11306=AXIS2_PLACEMENT_3D('',#15574,#12362,#12363);
#11307=AXIS2_PLACEMENT_3D('',#15575,#12364,#12365);
#11308=AXIS2_PLACEMENT_3D('',#15589,#12366,#12367);
#11309=AXIS2_PLACEMENT_3D('',#15590,#12368,#12369);
#11310=AXIS2_PLACEMENT_3D('',#15594,#12371,#12372);
#11311=AXIS2_PLACEMENT_3D('',#15596,#12374,#12375);
#11312=AXIS2_PLACEMENT_3D('',#15599,#12377,#12378);
#11313=AXIS2_PLACEMENT_3D('',#15600,#12379,#12380);
#11314=AXIS2_PLACEMENT_3D('',#15603,#12382,#12383);
#11315=AXIS2_PLACEMENT_3D('',#15604,#12384,#12385);
#11316=AXIS2_PLACEMENT_3D('',#15617,#12392,#12393);
#11317=AXIS2_PLACEMENT_3D('',#15623,#12396,#12397);
#11318=AXIS2_PLACEMENT_3D('',#15627,#12399,#12400);
#11319=AXIS2_PLACEMENT_3D('',#15631,#12402,#12403);
#11320=AXIS2_PLACEMENT_3D('',#15635,#12405,#12406);
#11321=AXIS2_PLACEMENT_3D('',#15639,#12408,#12409);
#11322=AXIS2_PLACEMENT_3D('',#15643,#12411,#12412);
#11323=AXIS2_PLACEMENT_3D('',#15647,#12414,#12415);
#11324=AXIS2_PLACEMENT_3D('',#15662,#12423,#12424);
#11325=AXIS2_PLACEMENT_3D('',#15666,#12426,#12427);
#11326=AXIS2_PLACEMENT_3D('',#15676,#12432,#12433);
#11327=AXIS2_PLACEMENT_3D('',#15680,#12435,#12436);
#11328=AXIS2_PLACEMENT_3D('',#15684,#12438,#12439);
#11329=AXIS2_PLACEMENT_3D('',#15688,#12441,#12442);
#11330=AXIS2_PLACEMENT_3D('',#15692,#12444,#12445);
#11331=AXIS2_PLACEMENT_3D('',#15702,#12450,#12451);
#11332=AXIS2_PLACEMENT_3D('',#15706,#12453,#12454);
#11333=AXIS2_PLACEMENT_3D('',#15710,#12456,#12457);
#11334=AXIS2_PLACEMENT_3D('',#15714,#12459,#12460);
#11335=AXIS2_PLACEMENT_3D('',#15718,#12462,#12463);
#11336=AXIS2_PLACEMENT_3D('',#15722,#12465,#12466);
#11337=AXIS2_PLACEMENT_3D('',#15726,#12468,#12469);
#11338=AXIS2_PLACEMENT_3D('',#15730,#12471,#12472);
#11339=AXIS2_PLACEMENT_3D('',#15734,#12474,#12475);
#11340=AXIS2_PLACEMENT_3D('',#15742,#12479,#12480);
#11341=AXIS2_PLACEMENT_3D('',#15746,#12482,#12483);
#11342=AXIS2_PLACEMENT_3D('',#15750,#12485,#12486);
#11343=AXIS2_PLACEMENT_3D('',#15754,#12488,#12489);
#11344=AXIS2_PLACEMENT_3D('',#15758,#12491,#12492);
#11345=AXIS2_PLACEMENT_3D('',#15762,#12494,#12495);
#11346=AXIS2_PLACEMENT_3D('',#15766,#12497,#12498);
#11347=AXIS2_PLACEMENT_3D('',#15770,#12500,#12501);
#11348=AXIS2_PLACEMENT_3D('',#15778,#12505,#12506);
#11349=AXIS2_PLACEMENT_3D('',#15782,#12508,#12509);
#11350=AXIS2_PLACEMENT_3D('',#15786,#12511,#12512);
#11351=AXIS2_PLACEMENT_3D('',#15790,#12514,#12515);
#11352=AXIS2_PLACEMENT_3D('',#15794,#12517,#12518);
#11353=AXIS2_PLACEMENT_3D('',#15798,#12520,#12521);
#11354=AXIS2_PLACEMENT_3D('',#15802,#12523,#12524);
#11355=AXIS2_PLACEMENT_3D('',#15812,#12529,#12530);
#11356=AXIS2_PLACEMENT_3D('',#15836,#12542,#12543);
#11357=AXIS2_PLACEMENT_3D('',#15840,#12545,#12546);
#11358=AXIS2_PLACEMENT_3D('',#15844,#12548,#12549);
#11359=AXIS2_PLACEMENT_3D('',#15848,#12551,#12552);
#11360=AXIS2_PLACEMENT_3D('',#15852,#12554,#12555);
#11361=AXIS2_PLACEMENT_3D('',#15856,#12557,#12558);
#11362=AXIS2_PLACEMENT_3D('',#15860,#12560,#12561);
#11363=AXIS2_PLACEMENT_3D('',#15868,#12565,#12566);
#11364=AXIS2_PLACEMENT_3D('',#15872,#12568,#12569);
#11365=AXIS2_PLACEMENT_3D('',#15876,#12571,#12572);
#11366=AXIS2_PLACEMENT_3D('',#15880,#12574,#12575);
#11367=AXIS2_PLACEMENT_3D('',#15884,#12577,#12578);
#11368=AXIS2_PLACEMENT_3D('',#15888,#12580,#12581);
#11369=AXIS2_PLACEMENT_3D('',#15892,#12583,#12584);
#11370=AXIS2_PLACEMENT_3D('',#15916,#12596,#12597);
#11371=AXIS2_PLACEMENT_3D('',#15924,#12601,#12602);
#11372=AXIS2_PLACEMENT_3D('',#15928,#12604,#12605);
#11373=AXIS2_PLACEMENT_3D('',#15932,#12607,#12608);
#11374=AXIS2_PLACEMENT_3D('',#15940,#12612,#12613);
#11375=AXIS2_PLACEMENT_3D('',#15944,#12615,#12616);
#11376=AXIS2_PLACEMENT_3D('',#15948,#12618,#12619);
#11377=AXIS2_PLACEMENT_3D('',#15952,#12621,#12622);
#11378=AXIS2_PLACEMENT_3D('',#15956,#12624,#12625);
#11379=AXIS2_PLACEMENT_3D('',#15960,#12627,#12628);
#11380=AXIS2_PLACEMENT_3D('',#15964,#12630,#12631);
#11381=AXIS2_PLACEMENT_3D('',#15972,#12635,#12636);
#11382=AXIS2_PLACEMENT_3D('',#15976,#12638,#12639);
#11383=AXIS2_PLACEMENT_3D('',#15980,#12641,#12642);
#11384=AXIS2_PLACEMENT_3D('',#15984,#12644,#12645);
#11385=AXIS2_PLACEMENT_3D('',#15988,#12647,#12648);
#11386=AXIS2_PLACEMENT_3D('',#15992,#12650,#12651);
#11387=AXIS2_PLACEMENT_3D('',#15996,#12653,#12654);
#11388=AXIS2_PLACEMENT_3D('',#16000,#12656,#12657);
#11389=AXIS2_PLACEMENT_3D('',#16008,#12661,#12662);
#11390=AXIS2_PLACEMENT_3D('',#16012,#12664,#12665);
#11391=AXIS2_PLACEMENT_3D('',#16016,#12667,#12668);
#11392=AXIS2_PLACEMENT_3D('',#16020,#12670,#12671);
#11393=AXIS2_PLACEMENT_3D('',#16024,#12673,#12674);
#11394=AXIS2_PLACEMENT_3D('',#16028,#12676,#12677);
#11395=AXIS2_PLACEMENT_3D('',#16032,#12679,#12680);
#11396=AXIS2_PLACEMENT_3D('',#16036,#12682,#12683);
#11397=AXIS2_PLACEMENT_3D('',#16040,#12685,#12686);
#11398=AXIS2_PLACEMENT_3D('',#16050,#12691,#12692);
#11399=AXIS2_PLACEMENT_3D('',#16054,#12694,#12695);
#11400=AXIS2_PLACEMENT_3D('',#16058,#12697,#12698);
#11401=AXIS2_PLACEMENT_3D('',#16062,#12700,#12701);
#11402=AXIS2_PLACEMENT_3D('',#16066,#12703,#12704);
#11403=AXIS2_PLACEMENT_3D('',#16076,#12709,#12710);
#11404=AXIS2_PLACEMENT_3D('',#16080,#12712,#12713);
#11405=AXIS2_PLACEMENT_3D('',#16092,#12719,#12720);
#11406=AXIS2_PLACEMENT_3D('',#16096,#12722,#12723);
#11407=AXIS2_PLACEMENT_3D('',#16100,#12725,#12726);
#11408=AXIS2_PLACEMENT_3D('',#16104,#12728,#12729);
#11409=AXIS2_PLACEMENT_3D('',#16108,#12731,#12732);
#11410=AXIS2_PLACEMENT_3D('',#16112,#12734,#12735);
#11411=AXIS2_PLACEMENT_3D('',#16116,#12737,#12738);
#11412=AXIS2_PLACEMENT_3D('',#16126,#12743,#12744);
#11413=AXIS2_PLACEMENT_3D('',#16130,#12746,#12747);
#11414=AXIS2_PLACEMENT_3D('',#16134,#12749,#12750);
#11415=AXIS2_PLACEMENT_3D('',#16138,#12752,#12753);
#11416=AXIS2_PLACEMENT_3D('',#16142,#12755,#12756);
#11417=AXIS2_PLACEMENT_3D('',#16146,#12758,#12759);
#11418=AXIS2_PLACEMENT_3D('',#16150,#12761,#12762);
#11419=AXIS2_PLACEMENT_3D('',#16154,#12765,#12766);
#11420=AXIS2_PLACEMENT_3D('',#16160,#12770,#12771);
#11421=AXIS2_PLACEMENT_3D('',#16162,#12772,#12773);
#11422=AXIS2_PLACEMENT_3D('',#16166,#12775,#12776);
#11423=AXIS2_PLACEMENT_3D('',#16173,#12781,#12782);
#11424=AXIS2_PLACEMENT_3D('',#16182,#12785,#12786);
#11425=AXIS2_PLACEMENT_3D('',#16191,#12791,#12792);
#11426=AXIS2_PLACEMENT_3D('',#16193,#12793,#12794);
#11427=AXIS2_PLACEMENT_3D('',#16196,#12796,#12797);
#11428=AXIS2_PLACEMENT_3D('',#16197,#12798,#12799);
#11429=AXIS2_PLACEMENT_3D('',#16203,#12803,#12804);
#11430=AXIS2_PLACEMENT_3D('',#16205,#12805,#12806);
#11431=AXIS2_PLACEMENT_3D('',#16208,#12808,#12809);
#11432=AXIS2_PLACEMENT_3D('',#16209,#12810,#12811);
#11433=AXIS2_PLACEMENT_3D('',#16215,#12813,#12814);
#11434=AXIS2_PLACEMENT_3D('',#16221,#12818,#12819);
#11435=AXIS2_PLACEMENT_3D('',#16223,#12820,#12821);
#11436=AXIS2_PLACEMENT_3D('',#16226,#12823,#12824);
#11437=AXIS2_PLACEMENT_3D('',#16227,#12825,#12826);
#11438=AXIS2_PLACEMENT_3D('',#16233,#12830,#12831);
#11439=AXIS2_PLACEMENT_3D('',#16234,#12832,#12833);
#11440=AXIS2_PLACEMENT_3D('',#16235,#12834,#12835);
#11441=AXIS2_PLACEMENT_3D('',#16236,#12836,#12837);
#11442=AXIS2_PLACEMENT_3D('',#16245,#12842,#12843);
#11443=AXIS2_PLACEMENT_3D('',#16251,#12847,#12848);
#11444=AXIS2_PLACEMENT_3D('',#16253,#12849,#12850);
#11445=AXIS2_PLACEMENT_3D('',#16260,#12851,#12852);
#11446=AXIS2_PLACEMENT_3D('',#16266,#12853,#12854);
#11447=AXIS2_PLACEMENT_3D('',#16267,#12855,#12856);
#11448=AXIS2_PLACEMENT_3D('',#16279,#12862,#12863);
#11449=AXIS2_PLACEMENT_3D('',#16283,#12865,#12866);
#11450=AXIS2_PLACEMENT_3D('',#16287,#12868,#12869);
#11451=AXIS2_PLACEMENT_3D('',#16295,#12873,#12874);
#11452=AXIS2_PLACEMENT_3D('',#16319,#12886,#12887);
#11453=AXIS2_PLACEMENT_3D('',#16323,#12889,#12890);
#11454=AXIS2_PLACEMENT_3D('',#16327,#12892,#12893);
#11455=AXIS2_PLACEMENT_3D('',#16331,#12895,#12896);
#11456=AXIS2_PLACEMENT_3D('',#16335,#12898,#12899);
#11457=AXIS2_PLACEMENT_3D('',#16339,#12901,#12902);
#11458=AXIS2_PLACEMENT_3D('',#16343,#12904,#12905);
#11459=AXIS2_PLACEMENT_3D('',#16349,#12908,#12909);
#11460=AXIS2_PLACEMENT_3D('',#16353,#12911,#12912);
#11461=AXIS2_PLACEMENT_3D('',#16357,#12914,#12915);
#11462=AXIS2_PLACEMENT_3D('',#16361,#12917,#12918);
#11463=AXIS2_PLACEMENT_3D('',#16365,#12920,#12921);
#11464=AXIS2_PLACEMENT_3D('',#16369,#12923,#12924);
#11465=AXIS2_PLACEMENT_3D('',#16373,#12926,#12927);
#11466=AXIS2_PLACEMENT_3D('',#16383,#12932,#12933);
#11467=AXIS2_PLACEMENT_3D('',#16387,#12935,#12936);
#11468=AXIS2_PLACEMENT_3D('',#16391,#12938,#12939);
#11469=AXIS2_PLACEMENT_3D('',#16395,#12941,#12942);
#11470=AXIS2_PLACEMENT_3D('',#16399,#12944,#12945);
#11471=AXIS2_PLACEMENT_3D('',#16403,#12947,#12948);
#11472=AXIS2_PLACEMENT_3D('',#16407,#12950,#12951);
#11473=AXIS2_PLACEMENT_3D('',#16423,#12959,#12960);
#11474=AXIS2_PLACEMENT_3D('',#16427,#12962,#12963);
#11475=AXIS2_PLACEMENT_3D('',#16437,#12968,#12969);
#11476=AXIS2_PLACEMENT_3D('',#16441,#12971,#12972);
#11477=AXIS2_PLACEMENT_3D('',#16445,#12974,#12975);
#11478=AXIS2_PLACEMENT_3D('',#16449,#12977,#12978);
#11479=AXIS2_PLACEMENT_3D('',#16453,#12980,#12981);
#11480=AXIS2_PLACEMENT_3D('',#16463,#12986,#12987);
#11481=AXIS2_PLACEMENT_3D('',#16467,#12989,#12990);
#11482=AXIS2_PLACEMENT_3D('',#16471,#12992,#12993);
#11483=AXIS2_PLACEMENT_3D('',#16475,#12995,#12996);
#11484=AXIS2_PLACEMENT_3D('',#16479,#12998,#12999);
#11485=AXIS2_PLACEMENT_3D('',#16483,#13001,#13002);
#11486=AXIS2_PLACEMENT_3D('',#16487,#13004,#13005);
#11487=AXIS2_PLACEMENT_3D('',#16491,#13007,#13008);
#11488=AXIS2_PLACEMENT_3D('',#16495,#13010,#13011);
#11489=AXIS2_PLACEMENT_3D('',#16503,#13015,#13016);
#11490=AXIS2_PLACEMENT_3D('',#16507,#13018,#13019);
#11491=AXIS2_PLACEMENT_3D('',#16511,#13021,#13022);
#11492=AXIS2_PLACEMENT_3D('',#16515,#13024,#13025);
#11493=AXIS2_PLACEMENT_3D('',#16519,#13027,#13028);
#11494=AXIS2_PLACEMENT_3D('',#16523,#13030,#13031);
#11495=AXIS2_PLACEMENT_3D('',#16527,#13033,#13034);
#11496=AXIS2_PLACEMENT_3D('',#16531,#13036,#13037);
#11497=AXIS2_PLACEMENT_3D('',#16539,#13041,#13042);
#11498=AXIS2_PLACEMENT_3D('',#16543,#13044,#13045);
#11499=AXIS2_PLACEMENT_3D('',#16547,#13047,#13048);
#11500=AXIS2_PLACEMENT_3D('',#16551,#13050,#13051);
#11501=AXIS2_PLACEMENT_3D('',#16555,#13053,#13054);
#11502=AXIS2_PLACEMENT_3D('',#16559,#13056,#13057);
#11503=AXIS2_PLACEMENT_3D('',#16562,#13059,#13060);
#11504=AXIS2_PLACEMENT_3D('',#16567,#13062,#13063);
#11505=AXIS2_PLACEMENT_3D('',#16571,#13065,#13066);
#11506=AXIS2_PLACEMENT_3D('',#16575,#13068,#13069);
#11507=AXIS2_PLACEMENT_3D('',#16578,#13071,#13072);
#11508=AXIS2_PLACEMENT_3D('',#16579,#13073,#13074);
#11509=AXIS2_PLACEMENT_3D('',#16583,#13077,#13078);
#11510=AXIS2_PLACEMENT_3D('',#16589,#13082,#13083);
#11511=AXIS2_PLACEMENT_3D('',#16593,#13086,#13087);
#11512=AXIS2_PLACEMENT_3D('',#16597,#13090,#13091);
#11513=AXIS2_PLACEMENT_3D('',#16599,#13092,#13093);
#11514=AXIS2_PLACEMENT_3D('',#16601,#13095,#13096);
#11515=AXIS2_PLACEMENT_3D('',#16607,#13099,#13100);
#11516=AXIS2_PLACEMENT_3D('',#16611,#13102,#13103);
#11517=AXIS2_PLACEMENT_3D('',#16615,#13105,#13106);
#11518=AXIS2_PLACEMENT_3D('',#16619,#13108,#13109);
#11519=AXIS2_PLACEMENT_3D('',#16623,#13111,#13112);
#11520=AXIS2_PLACEMENT_3D('',#16627,#13114,#13115);
#11521=AXIS2_PLACEMENT_3D('',#16631,#13117,#13118);
#11522=AXIS2_PLACEMENT_3D('',#16641,#13123,#13124);
#11523=AXIS2_PLACEMENT_3D('',#16645,#13126,#13127);
#11524=AXIS2_PLACEMENT_3D('',#16649,#13129,#13130);
#11525=AXIS2_PLACEMENT_3D('',#16653,#13132,#13133);
#11526=AXIS2_PLACEMENT_3D('',#16657,#13135,#13136);
#11527=AXIS2_PLACEMENT_3D('',#16661,#13138,#13139);
#11528=AXIS2_PLACEMENT_3D('',#16665,#13141,#13142);
#11529=AXIS2_PLACEMENT_3D('',#16677,#13148,#13149);
#11530=AXIS2_PLACEMENT_3D('',#16681,#13151,#13152);
#11531=AXIS2_PLACEMENT_3D('',#16691,#13157,#13158);
#11532=AXIS2_PLACEMENT_3D('',#16695,#13160,#13161);
#11533=AXIS2_PLACEMENT_3D('',#16699,#13163,#13164);
#11534=AXIS2_PLACEMENT_3D('',#16703,#13166,#13167);
#11535=AXIS2_PLACEMENT_3D('',#16707,#13169,#13170);
#11536=AXIS2_PLACEMENT_3D('',#16717,#13175,#13176);
#11537=AXIS2_PLACEMENT_3D('',#16721,#13178,#13179);
#11538=AXIS2_PLACEMENT_3D('',#16725,#13181,#13182);
#11539=AXIS2_PLACEMENT_3D('',#16729,#13184,#13185);
#11540=AXIS2_PLACEMENT_3D('',#16733,#13187,#13188);
#11541=AXIS2_PLACEMENT_3D('',#16737,#13190,#13191);
#11542=AXIS2_PLACEMENT_3D('',#16741,#13193,#13194);
#11543=AXIS2_PLACEMENT_3D('',#16745,#13196,#13197);
#11544=AXIS2_PLACEMENT_3D('',#16749,#13199,#13200);
#11545=AXIS2_PLACEMENT_3D('',#16757,#13204,#13205);
#11546=AXIS2_PLACEMENT_3D('',#16761,#13207,#13208);
#11547=AXIS2_PLACEMENT_3D('',#16765,#13210,#13211);
#11548=AXIS2_PLACEMENT_3D('',#16769,#13213,#13214);
#11549=AXIS2_PLACEMENT_3D('',#16773,#13216,#13217);
#11550=AXIS2_PLACEMENT_3D('',#16777,#13219,#13220);
#11551=AXIS2_PLACEMENT_3D('',#16781,#13222,#13223);
#11552=AXIS2_PLACEMENT_3D('',#16785,#13225,#13226);
#11553=AXIS2_PLACEMENT_3D('',#16793,#13230,#13231);
#11554=AXIS2_PLACEMENT_3D('',#16797,#13233,#13234);
#11555=AXIS2_PLACEMENT_3D('',#16801,#13236,#13237);
#11556=AXIS2_PLACEMENT_3D('',#16805,#13239,#13240);
#11557=AXIS2_PLACEMENT_3D('',#16809,#13242,#13243);
#11558=AXIS2_PLACEMENT_3D('',#16813,#13245,#13246);
#11559=AXIS2_PLACEMENT_3D('',#16817,#13248,#13249);
#11560=AXIS2_PLACEMENT_3D('',#16825,#13253,#13254);
#11561=AXIS2_PLACEMENT_3D('',#16829,#13256,#13257);
#11562=AXIS2_PLACEMENT_3D('',#16833,#13259,#13260);
#11563=AXIS2_PLACEMENT_3D('',#16841,#13264,#13265);
#11564=AXIS2_PLACEMENT_3D('',#16865,#13277,#13278);
#11565=AXIS2_PLACEMENT_3D('',#16869,#13280,#13281);
#11566=AXIS2_PLACEMENT_3D('',#16873,#13283,#13284);
#11567=AXIS2_PLACEMENT_3D('',#16877,#13286,#13287);
#11568=AXIS2_PLACEMENT_3D('',#16881,#13289,#13290);
#11569=AXIS2_PLACEMENT_3D('',#16885,#13292,#13293);
#11570=AXIS2_PLACEMENT_3D('',#16888,#13295,#13296);
#11571=AXIS2_PLACEMENT_3D('',#16894,#13299,#13300);
#11572=AXIS2_PLACEMENT_3D('',#16898,#13302,#13303);
#11573=AXIS2_PLACEMENT_3D('',#16902,#13305,#13306);
#11574=AXIS2_PLACEMENT_3D('',#16906,#13308,#13309);
#11575=AXIS2_PLACEMENT_3D('',#16910,#13311,#13312);
#11576=AXIS2_PLACEMENT_3D('',#16914,#13314,#13315);
#11577=AXIS2_PLACEMENT_3D('',#16918,#13317,#13318);
#11578=AXIS2_PLACEMENT_3D('',#16942,#13330,#13331);
#11579=AXIS2_PLACEMENT_3D('',#16950,#13335,#13336);
#11580=AXIS2_PLACEMENT_3D('',#16954,#13338,#13339);
#11581=AXIS2_PLACEMENT_3D('',#16958,#13341,#13342);
#11582=AXIS2_PLACEMENT_3D('',#16967,#13347,#13348);
#11583=AXIS2_PLACEMENT_3D('',#16971,#13350,#13351);
#11584=AXIS2_PLACEMENT_3D('',#16975,#13353,#13354);
#11585=AXIS2_PLACEMENT_3D('',#16979,#13356,#13357);
#11586=AXIS2_PLACEMENT_3D('',#16983,#13359,#13360);
#11587=AXIS2_PLACEMENT_3D('',#16987,#13362,#13363);
#11588=AXIS2_PLACEMENT_3D('',#16991,#13365,#13366);
#11589=AXIS2_PLACEMENT_3D('',#16999,#13370,#13371);
#11590=AXIS2_PLACEMENT_3D('',#17003,#13373,#13374);
#11591=AXIS2_PLACEMENT_3D('',#17007,#13376,#13377);
#11592=AXIS2_PLACEMENT_3D('',#17011,#13379,#13380);
#11593=AXIS2_PLACEMENT_3D('',#17015,#13382,#13383);
#11594=AXIS2_PLACEMENT_3D('',#17019,#13385,#13386);
#11595=AXIS2_PLACEMENT_3D('',#17023,#13388,#13389);
#11596=AXIS2_PLACEMENT_3D('',#17027,#13391,#13392);
#11597=AXIS2_PLACEMENT_3D('',#17035,#13396,#13397);
#11598=AXIS2_PLACEMENT_3D('',#17039,#13399,#13400);
#11599=AXIS2_PLACEMENT_3D('',#17043,#13402,#13403);
#11600=AXIS2_PLACEMENT_3D('',#17047,#13405,#13406);
#11601=AXIS2_PLACEMENT_3D('',#17051,#13408,#13409);
#11602=AXIS2_PLACEMENT_3D('',#17055,#13411,#13412);
#11603=AXIS2_PLACEMENT_3D('',#17059,#13414,#13415);
#11604=AXIS2_PLACEMENT_3D('',#17063,#13417,#13418);
#11605=AXIS2_PLACEMENT_3D('',#17067,#13420,#13421);
#11606=AXIS2_PLACEMENT_3D('',#17077,#13426,#13427);
#11607=AXIS2_PLACEMENT_3D('',#17081,#13429,#13430);
#11608=AXIS2_PLACEMENT_3D('',#17085,#13432,#13433);
#11609=AXIS2_PLACEMENT_3D('',#17089,#13435,#13436);
#11610=AXIS2_PLACEMENT_3D('',#17093,#13438,#13439);
#11611=AXIS2_PLACEMENT_3D('',#17103,#13444,#13445);
#11612=AXIS2_PLACEMENT_3D('',#17114,#13451,#13452);
#11613=AXIS2_PLACEMENT_3D('',#17118,#13454,#13455);
#11614=AXIS2_PLACEMENT_3D('',#17122,#13457,#13458);
#11615=AXIS2_PLACEMENT_3D('',#17126,#13460,#13461);
#11616=AXIS2_PLACEMENT_3D('',#17130,#13463,#13464);
#11617=AXIS2_PLACEMENT_3D('',#17134,#13466,#13467);
#11618=AXIS2_PLACEMENT_3D('',#17138,#13469,#13470);
#11619=AXIS2_PLACEMENT_3D('',#17148,#13475,#13476);
#11620=AXIS2_PLACEMENT_3D('',#17152,#13478,#13479);
#11621=AXIS2_PLACEMENT_3D('',#17156,#13481,#13482);
#11622=AXIS2_PLACEMENT_3D('',#17160,#13484,#13485);
#11623=AXIS2_PLACEMENT_3D('',#17164,#13487,#13488);
#11624=AXIS2_PLACEMENT_3D('',#17168,#13490,#13491);
#11625=AXIS2_PLACEMENT_3D('',#17172,#13493,#13494);
#11626=AXIS2_PLACEMENT_3D('',#17176,#13497,#13498);
#11627=AXIS2_PLACEMENT_3D('',#17182,#13502,#13503);
#11628=AXIS2_PLACEMENT_3D('',#17185,#13505,#13506);
#11629=AXIS2_PLACEMENT_3D('',#17186,#13507,#13508);
#11630=AXIS2_PLACEMENT_3D('',#17188,#13510,#13511);
#11631=AXIS2_PLACEMENT_3D('',#17190,#13513,#13514);
#11632=AXIS2_PLACEMENT_3D('',#17192,#13516,#13517);
#11633=AXIS2_PLACEMENT_3D('',#17193,#13518,#13519);
#11634=AXIS2_PLACEMENT_3D('',#17195,#13521,#13522);
#11635=AXIS2_PLACEMENT_3D('',#17198,#13523,#13524);
#11636=AXIS2_PLACEMENT_3D('',#17202,#13526,#13527);
#11637=AXIS2_PLACEMENT_3D('',#17204,#13529,#13530);
#11638=AXIS2_PLACEMENT_3D('',#17207,#13531,#13532);
#11639=AXIS2_PLACEMENT_3D('',#17208,#13533,#13534);
#11640=AXIS2_PLACEMENT_3D('',#17209,#13535,#13536);
#11641=AXIS2_PLACEMENT_3D('',#17210,#13537,#13538);
#11642=AXIS2_PLACEMENT_3D('',#17213,#13539,#13540);
#11643=AXIS2_PLACEMENT_3D('',#17216,#13543,#13544);
#11644=AXIS2_PLACEMENT_3D('',#17219,#13545,#13546);
#11645=AXIS2_PLACEMENT_3D('',#17220,#13547,#13548);
#11646=AXIS2_PLACEMENT_3D('',#17221,#13549,#13550);
#11647=AXIS2_PLACEMENT_3D('',#17222,#13551,#13552);
#11648=AXIS2_PLACEMENT_3D('',#17225,#13553,#13554);
#11649=AXIS2_PLACEMENT_3D('',#17228,#13557,#13558);
#11650=AXIS2_PLACEMENT_3D('',#17231,#13559,#13560);
#11651=AXIS2_PLACEMENT_3D('',#17232,#13561,#13562);
#11652=AXIS2_PLACEMENT_3D('',#17233,#13563,#13564);
#11653=AXIS2_PLACEMENT_3D('',#17234,#13565,#13566);
#11654=AXIS2_PLACEMENT_3D('',#17237,#13567,#13568);
#11655=AXIS2_PLACEMENT_3D('',#17240,#13571,#13572);
#11656=AXIS2_PLACEMENT_3D('',#17241,#13573,#13574);
#11657=AXIS2_PLACEMENT_3D('',#17242,#13575,#13576);
#11658=AXIS2_PLACEMENT_3D('',#17243,#13577,#13578);
#11659=AXIS2_PLACEMENT_3D('',#17246,#13581,#13582);
#11660=AXIS2_PLACEMENT_3D('',#17248,#13584,#13585);
#11661=AXIS2_PLACEMENT_3D('',#17250,#13587,#13588);
#11662=AXIS2_PLACEMENT_3D('',#17252,#13590,#13591);
#11663=AXIS2_PLACEMENT_3D('',#17262,#13596,#13597);
#11664=AXIS2_PLACEMENT_3D('',#17266,#13599,#13600);
#11665=AXIS2_PLACEMENT_3D('',#17270,#13602,#13603);
#11666=AXIS2_PLACEMENT_3D('',#17274,#13605,#13606);
#11667=AXIS2_PLACEMENT_3D('',#17278,#13608,#13609);
#11668=AXIS2_PLACEMENT_3D('',#17288,#13614,#13615);
#11669=AXIS2_PLACEMENT_3D('',#17292,#13617,#13618);
#11670=AXIS2_PLACEMENT_3D('',#17296,#13620,#13621);
#11671=AXIS2_PLACEMENT_3D('',#17300,#13623,#13624);
#11672=AXIS2_PLACEMENT_3D('',#17304,#13626,#13627);
#11673=AXIS2_PLACEMENT_3D('',#17308,#13629,#13630);
#11674=AXIS2_PLACEMENT_3D('',#17312,#13632,#13633);
#11675=AXIS2_PLACEMENT_3D('',#17318,#13636,#13637);
#11676=AXIS2_PLACEMENT_3D('',#17322,#13639,#13640);
#11677=AXIS2_PLACEMENT_3D('',#17326,#13642,#13643);
#11678=AXIS2_PLACEMENT_3D('',#17330,#13645,#13646);
#11679=AXIS2_PLACEMENT_3D('',#17334,#13648,#13649);
#11680=AXIS2_PLACEMENT_3D('',#17338,#13651,#13652);
#11681=AXIS2_PLACEMENT_3D('',#17342,#13654,#13655);
#11682=AXIS2_PLACEMENT_3D('',#17366,#13667,#13668);
#11683=AXIS2_PLACEMENT_3D('',#17376,#13673,#13674);
#11684=AXIS2_PLACEMENT_3D('',#17380,#13676,#13677);
#11685=AXIS2_PLACEMENT_3D('',#17384,#13679,#13680);
#11686=AXIS2_PLACEMENT_3D('',#17388,#13682,#13683);
#11687=AXIS2_PLACEMENT_3D('',#17392,#13685,#13686);
#11688=AXIS2_PLACEMENT_3D('',#17396,#13688,#13689);
#11689=AXIS2_PLACEMENT_3D('',#17400,#13691,#13692);
#11690=AXIS2_PLACEMENT_3D('',#17408,#13696,#13697);
#11691=AXIS2_PLACEMENT_3D('',#17412,#13699,#13700);
#11692=AXIS2_PLACEMENT_3D('',#17416,#13702,#13703);
#11693=AXIS2_PLACEMENT_3D('',#17420,#13705,#13706);
#11694=AXIS2_PLACEMENT_3D('',#17424,#13708,#13709);
#11695=AXIS2_PLACEMENT_3D('',#17428,#13711,#13712);
#11696=AXIS2_PLACEMENT_3D('',#17432,#13714,#13715);
#11697=AXIS2_PLACEMENT_3D('',#17436,#13717,#13718);
#11698=AXIS2_PLACEMENT_3D('',#17444,#13722,#13723);
#11699=AXIS2_PLACEMENT_3D('',#17448,#13725,#13726);
#11700=AXIS2_PLACEMENT_3D('',#17452,#13728,#13729);
#11701=AXIS2_PLACEMENT_3D('',#17456,#13731,#13732);
#11702=AXIS2_PLACEMENT_3D('',#17460,#13734,#13735);
#11703=AXIS2_PLACEMENT_3D('',#17464,#13737,#13738);
#11704=AXIS2_PLACEMENT_3D('',#17468,#13740,#13741);
#11705=AXIS2_PLACEMENT_3D('',#17472,#13743,#13744);
#11706=AXIS2_PLACEMENT_3D('',#17476,#13746,#13747);
#11707=AXIS2_PLACEMENT_3D('',#17486,#13752,#13753);
#11708=AXIS2_PLACEMENT_3D('',#17490,#13755,#13756);
#11709=AXIS2_PLACEMENT_3D('',#17494,#13758,#13759);
#11710=AXIS2_PLACEMENT_3D('',#17498,#13761,#13762);
#11711=AXIS2_PLACEMENT_3D('',#17502,#13764,#13765);
#11712=AXIS2_PLACEMENT_3D('',#17512,#13770,#13771);
#11713=AXIS2_PLACEMENT_3D('',#17514,#13773,#13774);
#11714=AXIS2_PLACEMENT_3D('',#17516,#13776,#13777);
#11715=AXIS2_PLACEMENT_3D('',#17518,#13779,#13780);
#11716=AXIS2_PLACEMENT_3D('',#17520,#13782,#13783);
#11717=AXIS2_PLACEMENT_3D('',#17521,#13784,#13785);
#11718=AXIS2_PLACEMENT_3D('',#17524,#13788,#13789);
#11719=AXIS2_PLACEMENT_3D('',#17526,#13791,#13792);
#11720=AXIS2_PLACEMENT_3D('',#17528,#13794,#13795);
#11721=AXIS2_PLACEMENT_3D('',#17530,#13797,#13798);
#11722=AXIS2_PLACEMENT_3D('',#17532,#13800,#13801);
#11723=AXIS2_PLACEMENT_3D('',#17534,#13803,#13804);
#11724=AXIS2_PLACEMENT_3D('',#17536,#13806,#13807);
#11725=AXIS2_PLACEMENT_3D('',#17538,#13809,#13810);
#11726=AXIS2_PLACEMENT_3D('',#17540,#13812,#13813);
#11727=AXIS2_PLACEMENT_3D('',#17542,#13815,#13816);
#11728=AXIS2_PLACEMENT_3D('',#17544,#13818,#13819);
#11729=AXIS2_PLACEMENT_3D('',#17546,#13821,#13822);
#11730=AXIS2_PLACEMENT_3D('',#17548,#13824,#13825);
#11731=AXIS2_PLACEMENT_3D('',#17550,#13827,#13828);
#11732=AXIS2_PLACEMENT_3D('',#17552,#13830,#13831);
#11733=AXIS2_PLACEMENT_3D('',#17554,#13833,#13834);
#11734=AXIS2_PLACEMENT_3D('',#17556,#13836,#13837);
#11735=AXIS2_PLACEMENT_3D('',#17558,#13839,#13840);
#11736=AXIS2_PLACEMENT_3D('',#17560,#13842,#13843);
#11737=AXIS2_PLACEMENT_3D('',#17562,#13845,#13846);
#11738=AXIS2_PLACEMENT_3D('',#17564,#13848,#13849);
#11739=AXIS2_PLACEMENT_3D('',#17566,#13851,#13852);
#11740=AXIS2_PLACEMENT_3D('',#17568,#13854,#13855);
#11741=AXIS2_PLACEMENT_3D('',#17570,#13857,#13858);
#11742=AXIS2_PLACEMENT_3D('',#17572,#13860,#13861);
#11743=AXIS2_PLACEMENT_3D('',#17574,#13863,#13864);
#11744=AXIS2_PLACEMENT_3D('',#17576,#13866,#13867);
#11745=AXIS2_PLACEMENT_3D('',#17578,#13869,#13870);
#11746=AXIS2_PLACEMENT_3D('',#17580,#13872,#13873);
#11747=AXIS2_PLACEMENT_3D('',#17582,#13875,#13876);
#11748=AXIS2_PLACEMENT_3D('',#17584,#13878,#13879);
#11749=AXIS2_PLACEMENT_3D('',#17586,#13881,#13882);
#11750=AXIS2_PLACEMENT_3D('',#17588,#13884,#13885);
#11751=AXIS2_PLACEMENT_3D('',#17590,#13887,#13888);
#11752=AXIS2_PLACEMENT_3D('',#17592,#13890,#13891);
#11753=AXIS2_PLACEMENT_3D('',#17594,#13893,#13894);
#11754=AXIS2_PLACEMENT_3D('',#17596,#13896,#13897);
#11755=AXIS2_PLACEMENT_3D('',#17598,#13899,#13900);
#11756=AXIS2_PLACEMENT_3D('',#17600,#13902,#13903);
#11757=AXIS2_PLACEMENT_3D('',#17602,#13905,#13906);
#11758=AXIS2_PLACEMENT_3D('',#17604,#13908,#13909);
#11759=AXIS2_PLACEMENT_3D('',#17606,#13911,#13912);
#11760=AXIS2_PLACEMENT_3D('',#17608,#13914,#13915);
#11761=AXIS2_PLACEMENT_3D('',#17610,#13917,#13918);
#11762=AXIS2_PLACEMENT_3D('',#17612,#13920,#13921);
#11763=AXIS2_PLACEMENT_3D('',#17614,#13923,#13924);
#11764=AXIS2_PLACEMENT_3D('',#17616,#13926,#13927);
#11765=AXIS2_PLACEMENT_3D('',#17618,#13929,#13930);
#11766=AXIS2_PLACEMENT_3D('',#17620,#13932,#13933);
#11767=AXIS2_PLACEMENT_3D('',#17622,#13935,#13936);
#11768=AXIS2_PLACEMENT_3D('',#17624,#13938,#13939);
#11769=AXIS2_PLACEMENT_3D('',#17626,#13941,#13942);
#11770=AXIS2_PLACEMENT_3D('',#17628,#13944,#13945);
#11771=AXIS2_PLACEMENT_3D('',#17630,#13947,#13948);
#11772=AXIS2_PLACEMENT_3D('',#17632,#13950,#13951);
#11773=AXIS2_PLACEMENT_3D('',#17634,#13953,#13954);
#11774=AXIS2_PLACEMENT_3D('',#17636,#13956,#13957);
#11775=AXIS2_PLACEMENT_3D('',#17638,#13959,#13960);
#11776=AXIS2_PLACEMENT_3D('',#17640,#13962,#13963);
#11777=AXIS2_PLACEMENT_3D('',#17642,#13965,#13966);
#11778=AXIS2_PLACEMENT_3D('',#17644,#13968,#13969);
#11779=AXIS2_PLACEMENT_3D('',#17646,#13971,#13972);
#11780=AXIS2_PLACEMENT_3D('',#17648,#13974,#13975);
#11781=AXIS2_PLACEMENT_3D('',#17650,#13977,#13978);
#11782=AXIS2_PLACEMENT_3D('',#17652,#13980,#13981);
#11783=AXIS2_PLACEMENT_3D('',#17654,#13983,#13984);
#11784=AXIS2_PLACEMENT_3D('',#17656,#13986,#13987);
#11785=AXIS2_PLACEMENT_3D('',#17658,#13989,#13990);
#11786=AXIS2_PLACEMENT_3D('',#17660,#13992,#13993);
#11787=AXIS2_PLACEMENT_3D('',#17662,#13995,#13996);
#11788=AXIS2_PLACEMENT_3D('',#17664,#13998,#13999);
#11789=AXIS2_PLACEMENT_3D('',#17666,#14001,#14002);
#11790=AXIS2_PLACEMENT_3D('',#17667,#14003,#14004);
#11791=AXIS2_PLACEMENT_3D('',#17669,#14006,#14007);
#11792=AXIS2_PLACEMENT_3D('',#17671,#14009,#14010);
#11793=AXIS2_PLACEMENT_3D('',#17673,#14012,#14013);
#11794=AXIS2_PLACEMENT_3D('',#17675,#14015,#14016);
#11795=AXIS2_PLACEMENT_3D('',#17677,#14018,#14019);
#11796=AXIS2_PLACEMENT_3D('',#17679,#14021,#14022);
#11797=AXIS2_PLACEMENT_3D('',#17681,#14024,#14025);
#11798=AXIS2_PLACEMENT_3D('',#17683,#14027,#14028);
#11799=AXIS2_PLACEMENT_3D('',#17685,#14030,#14031);
#11800=AXIS2_PLACEMENT_3D('',#17687,#14033,#14034);
#11801=AXIS2_PLACEMENT_3D('',#17689,#14036,#14037);
#11802=AXIS2_PLACEMENT_3D('',#17691,#14039,#14040);
#11803=AXIS2_PLACEMENT_3D('',#17693,#14042,#14043);
#11804=AXIS2_PLACEMENT_3D('',#17695,#14045,#14046);
#11805=AXIS2_PLACEMENT_3D('',#17697,#14048,#14049);
#11806=AXIS2_PLACEMENT_3D('',#17699,#14051,#14052);
#11807=AXIS2_PLACEMENT_3D('',#17701,#14054,#14055);
#11808=AXIS2_PLACEMENT_3D('',#17703,#14057,#14058);
#11809=AXIS2_PLACEMENT_3D('',#17705,#14060,#14061);
#11810=AXIS2_PLACEMENT_3D('',#17707,#14063,#14064);
#11811=AXIS2_PLACEMENT_3D('',#17709,#14066,#14067);
#11812=AXIS2_PLACEMENT_3D('',#17711,#14069,#14070);
#11813=AXIS2_PLACEMENT_3D('',#17713,#14072,#14073);
#11814=AXIS2_PLACEMENT_3D('',#17715,#14075,#14076);
#11815=AXIS2_PLACEMENT_3D('',#17717,#14078,#14079);
#11816=AXIS2_PLACEMENT_3D('',#17719,#14081,#14082);
#11817=AXIS2_PLACEMENT_3D('',#17721,#14084,#14085);
#11818=AXIS2_PLACEMENT_3D('',#17723,#14087,#14088);
#11819=AXIS2_PLACEMENT_3D('',#17725,#14090,#14091);
#11820=AXIS2_PLACEMENT_3D('',#17727,#14093,#14094);
#11821=AXIS2_PLACEMENT_3D('',#17729,#14096,#14097);
#11822=AXIS2_PLACEMENT_3D('',#17731,#14099,#14100);
#11823=AXIS2_PLACEMENT_3D('',#17733,#14102,#14103);
#11824=AXIS2_PLACEMENT_3D('',#17735,#14105,#14106);
#11825=AXIS2_PLACEMENT_3D('',#17737,#14108,#14109);
#11826=AXIS2_PLACEMENT_3D('',#17739,#14111,#14112);
#11827=AXIS2_PLACEMENT_3D('',#17741,#14114,#14115);
#11828=AXIS2_PLACEMENT_3D('',#17743,#14117,#14118);
#11829=AXIS2_PLACEMENT_3D('',#17745,#14120,#14121);
#11830=AXIS2_PLACEMENT_3D('',#17747,#14123,#14124);
#11831=AXIS2_PLACEMENT_3D('',#17749,#14126,#14127);
#11832=AXIS2_PLACEMENT_3D('',#17751,#14129,#14130);
#11833=AXIS2_PLACEMENT_3D('',#17753,#14132,#14133);
#11834=AXIS2_PLACEMENT_3D('',#17755,#14135,#14136);
#11835=AXIS2_PLACEMENT_3D('',#17757,#14138,#14139);
#11836=AXIS2_PLACEMENT_3D('',#17759,#14141,#14142);
#11837=AXIS2_PLACEMENT_3D('',#17761,#14144,#14145);
#11838=AXIS2_PLACEMENT_3D('',#17763,#14147,#14148);
#11839=AXIS2_PLACEMENT_3D('',#17765,#14150,#14151);
#11840=AXIS2_PLACEMENT_3D('',#17767,#14153,#14154);
#11841=AXIS2_PLACEMENT_3D('',#17769,#14156,#14157);
#11842=AXIS2_PLACEMENT_3D('',#17771,#14159,#14160);
#11843=AXIS2_PLACEMENT_3D('',#17773,#14162,#14163);
#11844=AXIS2_PLACEMENT_3D('',#17775,#14165,#14166);
#11845=AXIS2_PLACEMENT_3D('',#17777,#14168,#14169);
#11846=AXIS2_PLACEMENT_3D('',#17779,#14171,#14172);
#11847=AXIS2_PLACEMENT_3D('',#17781,#14174,#14175);
#11848=AXIS2_PLACEMENT_3D('',#17783,#14177,#14178);
#11849=AXIS2_PLACEMENT_3D('',#17785,#14180,#14181);
#11850=AXIS2_PLACEMENT_3D('',#17787,#14183,#14184);
#11851=AXIS2_PLACEMENT_3D('',#17789,#14186,#14187);
#11852=AXIS2_PLACEMENT_3D('',#17791,#14189,#14190);
#11853=AXIS2_PLACEMENT_3D('',#17793,#14192,#14193);
#11854=AXIS2_PLACEMENT_3D('',#17795,#14195,#14196);
#11855=AXIS2_PLACEMENT_3D('',#17797,#14198,#14199);
#11856=AXIS2_PLACEMENT_3D('',#17799,#14201,#14202);
#11857=AXIS2_PLACEMENT_3D('',#17801,#14204,#14205);
#11858=AXIS2_PLACEMENT_3D('',#17803,#14207,#14208);
#11859=AXIS2_PLACEMENT_3D('',#17805,#14210,#14211);
#11860=AXIS2_PLACEMENT_3D('',#17806,#14212,#14213);
#11861=AXIS2_PLACEMENT_3D('',#17812,#14217,#14218);
#11862=AXIS2_PLACEMENT_3D('',#17816,#14221,#14222);
#11863=AXIS2_PLACEMENT_3D('',#17820,#14225,#14226);
#11864=AXIS2_PLACEMENT_3D('',#17824,#14229,#14230);
#11865=AXIS2_PLACEMENT_3D('',#17827,#14232,#14233);
#11866=AXIS2_PLACEMENT_3D('',#17828,#14234,#14235);
#11867=AXIS2_PLACEMENT_3D('',#17832,#14238,#14239);
#11868=AXIS2_PLACEMENT_3D('',#17835,#14241,#14242);
#11869=AXIS2_PLACEMENT_3D('',#17836,#14243,#14244);
#11870=AXIS2_PLACEMENT_3D('',#17840,#14247,#14248);
#11871=AXIS2_PLACEMENT_3D('',#17843,#14250,#14251);
#11872=AXIS2_PLACEMENT_3D('',#17844,#14252,#14253);
#11873=AXIS2_PLACEMENT_3D('',#17848,#14256,#14257);
#11874=AXIS2_PLACEMENT_3D('',#17851,#14259,#14260);
#11875=AXIS2_PLACEMENT_3D('',#17852,#14261,#14262);
#11876=AXIS2_PLACEMENT_3D('',#17856,#14265,#14266);
#11877=AXIS2_PLACEMENT_3D('',#17859,#14268,#14269);
#11878=AXIS2_PLACEMENT_3D('',#17860,#14270,#14271);
#11879=AXIS2_PLACEMENT_3D('',#17864,#14274,#14275);
#11880=AXIS2_PLACEMENT_3D('',#17867,#14277,#14278);
#11881=AXIS2_PLACEMENT_3D('',#17868,#14279,#14280);
#11882=AXIS2_PLACEMENT_3D('',#17872,#14283,#14284);
#11883=AXIS2_PLACEMENT_3D('',#17875,#14286,#14287);
#11884=AXIS2_PLACEMENT_3D('',#17876,#14288,#14289);
#11885=AXIS2_PLACEMENT_3D('',#17880,#14292,#14293);
#11886=AXIS2_PLACEMENT_3D('',#17884,#14296,#14297);
#11887=AXIS2_PLACEMENT_3D('',#17888,#14300,#14301);
#11888=AXIS2_PLACEMENT_3D('',#17891,#14303,#14304);
#11889=AXIS2_PLACEMENT_3D('',#17892,#14305,#14306);
#11890=AXIS2_PLACEMENT_3D('',#17896,#14309,#14310);
#11891=AXIS2_PLACEMENT_3D('',#17899,#14312,#14313);
#11892=AXIS2_PLACEMENT_3D('',#17900,#14314,#14315);
#11893=AXIS2_PLACEMENT_3D('',#17904,#14318,#14319);
#11894=AXIS2_PLACEMENT_3D('',#17907,#14321,#14322);
#11895=AXIS2_PLACEMENT_3D('',#17908,#14323,#14324);
#11896=AXIS2_PLACEMENT_3D('',#17912,#14327,#14328);
#11897=AXIS2_PLACEMENT_3D('',#17915,#14330,#14331);
#11898=AXIS2_PLACEMENT_3D('',#17916,#14332,#14333);
#11899=AXIS2_PLACEMENT_3D('',#17920,#14336,#14337);
#11900=AXIS2_PLACEMENT_3D('',#17923,#14339,#14340);
#11901=AXIS2_PLACEMENT_3D('',#17924,#14341,#14342);
#11902=AXIS2_PLACEMENT_3D('',#17928,#14345,#14346);
#11903=AXIS2_PLACEMENT_3D('',#17931,#14348,#14349);
#11904=AXIS2_PLACEMENT_3D('',#17932,#14350,#14351);
#11905=AXIS2_PLACEMENT_3D('',#17936,#14354,#14355);
#11906=AXIS2_PLACEMENT_3D('',#17939,#14357,#14358);
#11907=AXIS2_PLACEMENT_3D('',#17940,#14359,#14360);
#11908=AXIS2_PLACEMENT_3D('',#17944,#14363,#14364);
#11909=AXIS2_PLACEMENT_3D('',#17947,#14366,#14367);
#11910=AXIS2_PLACEMENT_3D('',#17948,#14368,#14369);
#11911=AXIS2_PLACEMENT_3D('',#17952,#14372,#14373);
#11912=AXIS2_PLACEMENT_3D('',#17956,#14376,#14377);
#11913=AXIS2_PLACEMENT_3D('',#17960,#14380,#14381);
#11914=AXIS2_PLACEMENT_3D('',#17963,#14383,#14384);
#11915=AXIS2_PLACEMENT_3D('',#17964,#14385,#14386);
#11916=AXIS2_PLACEMENT_3D('',#17968,#14389,#14390);
#11917=AXIS2_PLACEMENT_3D('',#17971,#14392,#14393);
#11918=AXIS2_PLACEMENT_3D('',#17972,#14394,#14395);
#11919=AXIS2_PLACEMENT_3D('',#17976,#14398,#14399);
#11920=AXIS2_PLACEMENT_3D('',#17979,#14401,#14402);
#11921=AXIS2_PLACEMENT_3D('',#17980,#14403,#14404);
#11922=AXIS2_PLACEMENT_3D('',#17984,#14407,#14408);
#11923=AXIS2_PLACEMENT_3D('',#17987,#14410,#14411);
#11924=AXIS2_PLACEMENT_3D('',#17988,#14412,#14413);
#11925=AXIS2_PLACEMENT_3D('',#17992,#14416,#14417);
#11926=AXIS2_PLACEMENT_3D('',#17995,#14419,#14420);
#11927=AXIS2_PLACEMENT_3D('',#17996,#14421,#14422);
#11928=AXIS2_PLACEMENT_3D('',#18000,#14425,#14426);
#11929=AXIS2_PLACEMENT_3D('',#18003,#14428,#14429);
#11930=AXIS2_PLACEMENT_3D('',#18004,#14430,#14431);
#11931=AXIS2_PLACEMENT_3D('',#18008,#14434,#14435);
#11932=AXIS2_PLACEMENT_3D('',#18011,#14437,#14438);
#11933=AXIS2_PLACEMENT_3D('',#18012,#14439,#14440);
#11934=AXIS2_PLACEMENT_3D('',#18016,#14443,#14444);
#11935=AXIS2_PLACEMENT_3D('',#18019,#14446,#14447);
#11936=AXIS2_PLACEMENT_3D('',#18020,#14448,#14449);
#11937=AXIS2_PLACEMENT_3D('',#18024,#14452,#14453);
#11938=AXIS2_PLACEMENT_3D('',#18027,#14455,#14456);
#11939=AXIS2_PLACEMENT_3D('',#18028,#14457,#14458);
#11940=AXIS2_PLACEMENT_3D('',#18032,#14461,#14462);
#11941=AXIS2_PLACEMENT_3D('',#18036,#14465,#14466);
#11942=AXIS2_PLACEMENT_3D('',#18040,#14469,#14470);
#11943=AXIS2_PLACEMENT_3D('',#18044,#14473,#14474);
#11944=AXIS2_PLACEMENT_3D('',#18047,#14476,#14477);
#11945=AXIS2_PLACEMENT_3D('',#18048,#14478,#14479);
#11946=AXIS2_PLACEMENT_3D('',#18052,#14482,#14483);
#11947=AXIS2_PLACEMENT_3D('',#18055,#14485,#14486);
#11948=AXIS2_PLACEMENT_3D('',#18056,#14487,#14488);
#11949=AXIS2_PLACEMENT_3D('',#18060,#14491,#14492);
#11950=AXIS2_PLACEMENT_3D('',#18063,#14494,#14495);
#11951=AXIS2_PLACEMENT_3D('',#18064,#14496,#14497);
#11952=AXIS2_PLACEMENT_3D('',#18068,#14500,#14501);
#11953=AXIS2_PLACEMENT_3D('',#18071,#14503,#14504);
#11954=AXIS2_PLACEMENT_3D('',#18072,#14505,#14506);
#11955=AXIS2_PLACEMENT_3D('',#18075,#14509,#14510);
#11956=AXIS2_PLACEMENT_3D('',#18077,#14512,#14513);
#11957=AXIS2_PLACEMENT_3D('',#18078,#14514,#14515);
#11958=AXIS2_PLACEMENT_3D('',#18080,#14517,#14518);
#11959=AXIS2_PLACEMENT_3D('',#18082,#14520,#14521);
#11960=AXIS2_PLACEMENT_3D('',#18084,#14523,#14524);
#11961=AXIS2_PLACEMENT_3D('',#18086,#14526,#14527);
#11962=AXIS2_PLACEMENT_3D('',#18088,#14529,#14530);
#11963=AXIS2_PLACEMENT_3D('',#18090,#14532,#14533);
#11964=AXIS2_PLACEMENT_3D('',#18092,#14535,#14536);
#11965=AXIS2_PLACEMENT_3D('',#18094,#14538,#14539);
#11966=AXIS2_PLACEMENT_3D('',#18096,#14541,#14542);
#11967=AXIS2_PLACEMENT_3D('',#18098,#14544,#14545);
#11968=AXIS2_PLACEMENT_3D('',#18100,#14547,#14548);
#11969=AXIS2_PLACEMENT_3D('',#18102,#14550,#14551);
#11970=AXIS2_PLACEMENT_3D('',#18104,#14553,#14554);
#11971=AXIS2_PLACEMENT_3D('',#18106,#14556,#14557);
#11972=AXIS2_PLACEMENT_3D('',#18108,#14559,#14560);
#11973=AXIS2_PLACEMENT_3D('',#18110,#14562,#14563);
#11974=AXIS2_PLACEMENT_3D('',#18112,#14565,#14566);
#11975=AXIS2_PLACEMENT_3D('',#18114,#14568,#14569);
#11976=AXIS2_PLACEMENT_3D('',#18116,#14571,#14572);
#11977=AXIS2_PLACEMENT_3D('',#18118,#14574,#14575);
#11978=AXIS2_PLACEMENT_3D('',#18120,#14577,#14578);
#11979=AXIS2_PLACEMENT_3D('',#18122,#14580,#14581);
#11980=AXIS2_PLACEMENT_3D('',#18124,#14583,#14584);
#11981=AXIS2_PLACEMENT_3D('',#18126,#14586,#14587);
#11982=AXIS2_PLACEMENT_3D('',#18128,#14589,#14590);
#11983=AXIS2_PLACEMENT_3D('',#18130,#14592,#14593);
#11984=AXIS2_PLACEMENT_3D('',#18132,#14595,#14596);
#11985=AXIS2_PLACEMENT_3D('',#18134,#14598,#14599);
#11986=AXIS2_PLACEMENT_3D('',#18136,#14601,#14602);
#11987=AXIS2_PLACEMENT_3D('',#18138,#14604,#14605);
#11988=AXIS2_PLACEMENT_3D('',#18140,#14607,#14608);
#11989=AXIS2_PLACEMENT_3D('',#18142,#14610,#14611);
#11990=AXIS2_PLACEMENT_3D('',#18144,#14613,#14614);
#11991=AXIS2_PLACEMENT_3D('',#18146,#14616,#14617);
#11992=AXIS2_PLACEMENT_3D('',#18148,#14619,#14620);
#11993=AXIS2_PLACEMENT_3D('',#18150,#14622,#14623);
#11994=AXIS2_PLACEMENT_3D('',#18151,#14624,#14625);
#11995=AXIS2_PLACEMENT_3D('',#18153,#14627,#14628);
#11996=AXIS2_PLACEMENT_3D('',#18155,#14630,#14631);
#11997=AXIS2_PLACEMENT_3D('',#18157,#14633,#14634);
#11998=AXIS2_PLACEMENT_3D('',#18159,#14636,#14637);
#11999=AXIS2_PLACEMENT_3D('',#18161,#14639,#14640);
#12000=AXIS2_PLACEMENT_3D('',#18163,#14642,#14643);
#12001=AXIS2_PLACEMENT_3D('',#18165,#14645,#14646);
#12002=AXIS2_PLACEMENT_3D('',#18167,#14648,#14649);
#12003=AXIS2_PLACEMENT_3D('',#18169,#14651,#14652);
#12004=AXIS2_PLACEMENT_3D('',#18171,#14654,#14655);
#12005=AXIS2_PLACEMENT_3D('',#18173,#14657,#14658);
#12006=AXIS2_PLACEMENT_3D('',#18175,#14660,#14661);
#12007=AXIS2_PLACEMENT_3D('',#18177,#14663,#14664);
#12008=AXIS2_PLACEMENT_3D('',#18179,#14666,#14667);
#12009=AXIS2_PLACEMENT_3D('',#18181,#14669,#14670);
#12010=AXIS2_PLACEMENT_3D('',#18183,#14672,#14673);
#12011=AXIS2_PLACEMENT_3D('',#18185,#14675,#14676);
#12012=AXIS2_PLACEMENT_3D('',#18187,#14678,#14679);
#12013=AXIS2_PLACEMENT_3D('',#18189,#14681,#14682);
#12014=AXIS2_PLACEMENT_3D('',#18191,#14684,#14685);
#12015=AXIS2_PLACEMENT_3D('',#18193,#14687,#14688);
#12016=AXIS2_PLACEMENT_3D('',#18195,#14690,#14691);
#12017=AXIS2_PLACEMENT_3D('',#18197,#14693,#14694);
#12018=AXIS2_PLACEMENT_3D('',#18199,#14696,#14697);
#12019=AXIS2_PLACEMENT_3D('',#18201,#14699,#14700);
#12020=AXIS2_PLACEMENT_3D('',#18203,#14702,#14703);
#12021=AXIS2_PLACEMENT_3D('',#18205,#14705,#14706);
#12022=AXIS2_PLACEMENT_3D('',#18207,#14708,#14709);
#12023=AXIS2_PLACEMENT_3D('',#18209,#14711,#14712);
#12024=AXIS2_PLACEMENT_3D('',#18211,#14714,#14715);
#12025=AXIS2_PLACEMENT_3D('',#18213,#14717,#14718);
#12026=AXIS2_PLACEMENT_3D('',#18215,#14720,#14721);
#12027=AXIS2_PLACEMENT_3D('',#18219,#14724,#14725);
#12028=AXIS2_PLACEMENT_3D('',#18222,#14727,#14728);
#12029=AXIS2_PLACEMENT_3D('',#18223,#14729,#14730);
#12030=AXIS2_PLACEMENT_3D('',#18227,#14733,#14734);
#12031=AXIS2_PLACEMENT_3D('',#18231,#14737,#14738);
#12032=AXIS2_PLACEMENT_3D('',#18235,#14741,#14742);
#12033=AXIS2_PLACEMENT_3D('',#18239,#14745,#14746);
#12034=AXIS2_PLACEMENT_3D('',#18242,#14748,#14749);
#12035=AXIS2_PLACEMENT_3D('',#18243,#14750,#14751);
#12036=AXIS2_PLACEMENT_3D('',#18246,#14754,#14755);
#12037=AXIS2_PLACEMENT_3D('',#18248,#14757,#14758);
#12038=AXIS2_PLACEMENT_3D('',#18252,#14761,#14762);
#12039=AXIS2_PLACEMENT_3D('',#18254,#14764,#14765);
#12040=AXIS2_PLACEMENT_3D('',#18256,#14767,#14768);
#12041=AXIS2_PLACEMENT_3D('',#18257,#14769,#14770);
#12042=AXIS2_PLACEMENT_3D('',#18259,#14772,#14773);
#12043=AXIS2_PLACEMENT_3D('',#18261,#14775,#14776);
#12044=AXIS2_PLACEMENT_3D('',#18263,#14778,#14779);
#12045=AXIS2_PLACEMENT_3D('',#18265,#14781,#14782);
#12046=AXIS2_PLACEMENT_3D('',#18267,#14784,#14785);
#12047=AXIS2_PLACEMENT_3D('',#18269,#14787,#14788);
#12048=AXIS2_PLACEMENT_3D('',#18271,#14790,#14791);
#12049=AXIS2_PLACEMENT_3D('',#18273,#14793,#14794);
#12050=AXIS2_PLACEMENT_3D('',#18275,#14796,#14797);
#12051=AXIS2_PLACEMENT_3D('',#18277,#14799,#14800);
#12052=AXIS2_PLACEMENT_3D('',#18279,#14802,#14803);
#12053=AXIS2_PLACEMENT_3D('',#18281,#14805,#14806);
#12054=AXIS2_PLACEMENT_3D('',#18283,#14808,#14809);
#12055=AXIS2_PLACEMENT_3D('',#18285,#14811,#14812);
#12056=AXIS2_PLACEMENT_3D('',#18287,#14814,#14815);
#12057=AXIS2_PLACEMENT_3D('',#18289,#14817,#14818);
#12058=AXIS2_PLACEMENT_3D('',#18291,#14820,#14821);
#12059=AXIS2_PLACEMENT_3D('',#18293,#14823,#14824);
#12060=AXIS2_PLACEMENT_3D('',#18295,#14826,#14827);
#12061=AXIS2_PLACEMENT_3D('',#18297,#14829,#14830);
#12062=AXIS2_PLACEMENT_3D('',#18299,#14832,#14833);
#12063=AXIS2_PLACEMENT_3D('',#18301,#14835,#14836);
#12064=AXIS2_PLACEMENT_3D('',#18303,#14838,#14839);
#12065=AXIS2_PLACEMENT_3D('',#18305,#14841,#14842);
#12066=AXIS2_PLACEMENT_3D('',#18307,#14844,#14845);
#12067=AXIS2_PLACEMENT_3D('',#18309,#14847,#14848);
#12068=AXIS2_PLACEMENT_3D('',#18311,#14850,#14851);
#12069=AXIS2_PLACEMENT_3D('',#18313,#14853,#14854);
#12070=AXIS2_PLACEMENT_3D('',#18315,#14856,#14857);
#12071=AXIS2_PLACEMENT_3D('',#18317,#14859,#14860);
#12072=AXIS2_PLACEMENT_3D('',#18319,#14862,#14863);
#12073=AXIS2_PLACEMENT_3D('',#18321,#14865,#14866);
#12074=AXIS2_PLACEMENT_3D('',#18323,#14868,#14869);
#12075=AXIS2_PLACEMENT_3D('',#18325,#14871,#14872);
#12076=AXIS2_PLACEMENT_3D('',#18327,#14874,#14875);
#12077=AXIS2_PLACEMENT_3D('',#18329,#14877,#14878);
#12078=AXIS2_PLACEMENT_3D('',#18331,#14880,#14881);
#12079=AXIS2_PLACEMENT_3D('',#18333,#14883,#14884);
#12080=AXIS2_PLACEMENT_3D('',#18335,#14886,#14887);
#12081=AXIS2_PLACEMENT_3D('',#18337,#14889,#14890);
#12082=AXIS2_PLACEMENT_3D('',#18339,#14892,#14893);
#12083=AXIS2_PLACEMENT_3D('',#18341,#14895,#14896);
#12084=AXIS2_PLACEMENT_3D('',#18343,#14898,#14899);
#12085=AXIS2_PLACEMENT_3D('',#18345,#14901,#14902);
#12086=AXIS2_PLACEMENT_3D('',#18347,#14904,#14905);
#12087=AXIS2_PLACEMENT_3D('',#18349,#14907,#14908);
#12088=AXIS2_PLACEMENT_3D('',#18351,#14910,#14911);
#12089=AXIS2_PLACEMENT_3D('',#18353,#14913,#14914);
#12090=AXIS2_PLACEMENT_3D('',#18355,#14916,#14917);
#12091=AXIS2_PLACEMENT_3D('',#18357,#14919,#14920);
#12092=AXIS2_PLACEMENT_3D('',#18359,#14922,#14923);
#12093=AXIS2_PLACEMENT_3D('',#18361,#14925,#14926);
#12094=AXIS2_PLACEMENT_3D('',#18363,#14928,#14929);
#12095=AXIS2_PLACEMENT_3D('',#18365,#14931,#14932);
#12096=AXIS2_PLACEMENT_3D('',#18367,#14934,#14935);
#12097=AXIS2_PLACEMENT_3D('',#18369,#14937,#14938);
#12098=AXIS2_PLACEMENT_3D('',#18371,#14940,#14941);
#12099=AXIS2_PLACEMENT_3D('',#18373,#14943,#14944);
#12100=AXIS2_PLACEMENT_3D('',#18375,#14946,#14947);
#12101=AXIS2_PLACEMENT_3D('',#18377,#14949,#14950);
#12102=AXIS2_PLACEMENT_3D('',#18379,#14952,#14953);
#12103=AXIS2_PLACEMENT_3D('',#18381,#14955,#14956);
#12104=AXIS2_PLACEMENT_3D('',#18383,#14958,#14959);
#12105=AXIS2_PLACEMENT_3D('',#18385,#14961,#14962);
#12106=AXIS2_PLACEMENT_3D('',#18387,#14964,#14965);
#12107=AXIS2_PLACEMENT_3D('',#18389,#14967,#14968);
#12108=AXIS2_PLACEMENT_3D('',#18390,#14969,#14970);
#12109=AXIS2_PLACEMENT_3D('',#18399,#14971,#14972);
#12110=AXIS2_PLACEMENT_3D('',#18405,#14974,#14975);
#12111=AXIS2_PLACEMENT_3D('',#18410,#14976,#14977);
#12112=AXIS2_PLACEMENT_3D('',#18415,#14978,#14979);
#12113=AXIS2_PLACEMENT_3D('',#18417,#14981,#14982);
#12114=AXIS2_PLACEMENT_3D('',#18419,#14984,#14985);
#12115=AXIS2_PLACEMENT_3D('',#18421,#14987,#14988);
#12116=AXIS2_PLACEMENT_3D('',#18426,#14989,#14990);
#12117=AXIS2_PLACEMENT_3D('',#18432,#14991,#14992);
#12118=AXIS2_PLACEMENT_3D('',#18433,#14993,#14994);
#12119=AXIS2_PLACEMENT_3D('',#18437,#14997,#14998);
#12120=AXIS2_PLACEMENT_3D('',#18441,#15001,#15002);
#12121=AXIS2_PLACEMENT_3D('',#18445,#15005,#15006);
#12122=AXIS2_PLACEMENT_3D('',#18449,#15009,#15010);
#12123=AXIS2_PLACEMENT_3D('',#18452,#15013,#15014);
#12124=AXIS2_PLACEMENT_3D('',#18456,#15017,#15018);
#12125=AXIS2_PLACEMENT_3D('',#18460,#15021,#15022);
#12126=AXIS2_PLACEMENT_3D('',#18464,#15025,#15026);
#12127=AXIS2_PLACEMENT_3D('',#18468,#15029,#15030);
#12128=AXIS2_PLACEMENT_3D('',#18472,#15033,#15034);
#12129=AXIS2_PLACEMENT_3D('',#18476,#15037,#15038);
#12130=AXIS2_PLACEMENT_3D('',#18479,#15039,#15040);
#12131=AXIS2_PLACEMENT_3D('',#18485,#15042,#15043);
#12132=AXIS2_PLACEMENT_3D('',#18492,#15045,#15046);
#12133=AXIS2_PLACEMENT_3D('',#18498,#15047,#15048);
#12134=AXIS2_PLACEMENT_3D('',#18499,#15049,#15050);
#12135=AXIS2_PLACEMENT_3D('',#18506,#15052,#15053);
#12136=AXIS2_PLACEMENT_3D('',#18512,#15054,#15055);
#12137=AXIS2_PLACEMENT_3D('',#18513,#15056,#15057);
#12138=AXIS2_PLACEMENT_3D('',#18520,#15059,#15060);
#12139=AXIS2_PLACEMENT_3D('',#18526,#15061,#15062);
#12140=AXIS2_PLACEMENT_3D('',#18527,#15063,#15064);
#12141=AXIS2_PLACEMENT_3D('',#18534,#15066,#15067);
#12142=AXIS2_PLACEMENT_3D('',#18540,#15068,#15069);
#12143=AXIS2_PLACEMENT_3D('',#18541,#15070,#15071);
#12144=AXIS2_PLACEMENT_3D('',#18558,#15072,#15073);
#12145=AXIS2_PLACEMENT_3D('',#18559,#15074,#15075);
#12146=AXIS2_PLACEMENT_3D('',#18562,#15078,#15079);
#12147=AXIS2_PLACEMENT_3D('',#18569,#15081,#15082);
#12148=AXIS2_PLACEMENT_3D('',#18572,#15085,#15086);
#12149=AXIS2_PLACEMENT_3D('',#18579,#15088,#15089);
#12150=AXIS2_PLACEMENT_3D('',#18585,#15090,#15091);
#12151=AXIS2_PLACEMENT_3D('',#18586,#15092,#15093);
#12152=AXIS2_PLACEMENT_3D('',#18593,#15095,#15096);
#12153=AXIS2_PLACEMENT_3D('',#18610,#15097,#15098);
#12154=AXIS2_PLACEMENT_3D('',#18611,#15099,#15100);
#12155=AXIS2_PLACEMENT_3D('',#18628,#15101,#15102);
#12156=AXIS2_PLACEMENT_3D('',#18629,#15103,#15104);
#12157=AXIS2_PLACEMENT_3D('',#18644,#15105,#15106);
#12158=AXIS2_PLACEMENT_3D('',#18651,#15108,#15109);
#12159=AXIS2_PLACEMENT_3D('',#18657,#15110,#15111);
#12160=AXIS2_PLACEMENT_3D('',#18658,#15112,#15113);
#12161=AXIS2_PLACEMENT_3D('',#18665,#15115,#15116);
#12162=AXIS2_PLACEMENT_3D('',#18671,#15117,#15118);
#12163=AXIS2_PLACEMENT_3D('',#18672,#15119,#15120);
#12164=AXIS2_PLACEMENT_3D('',#18679,#15122,#15123);
#12165=AXIS2_PLACEMENT_3D('',#18682,#15126,#15127);
#12166=AXIS2_PLACEMENT_3D('',#18684,#15129,#15130);
#12167=AXIS2_PLACEMENT_3D('',#18690,#15134,#15135);
#12168=AXIS2_PLACEMENT_3D('',#18694,#15138,#15139);
#12169=AXIS2_PLACEMENT_3D('',#18698,#15142,#15143);
#12170=AXIS2_PLACEMENT_3D('',#18705,#15145,#15146);
#12171=AXIS2_PLACEMENT_3D('',#18722,#15147,#15148);
#12172=AXIS2_PLACEMENT_3D('',#18723,#15149,#15150);
#12173=AXIS2_PLACEMENT_3D('',#18740,#15151,#15152);
#12174=AXIS2_PLACEMENT_3D('',#18741,#15153,#15154);
#12175=AXIS2_PLACEMENT_3D('',#18748,#15156,#15157);
#12176=AXIS2_PLACEMENT_3D('',#18754,#15158,#15159);
#12177=AXIS2_PLACEMENT_3D('',#18755,#15160,#15161);
#12178=AXIS2_PLACEMENT_3D('',#18759,#15164,#15165);
#12179=AXIS2_PLACEMENT_3D('',#18763,#15168,#15169);
#12180=AXIS2_PLACEMENT_3D('',#18766,#15172,#15173);
#12181=AXIS2_PLACEMENT_3D('',#18767,#15174,#15175);
#12182=AXIS2_PLACEMENT_3D('',#18772,#15176,#15177);
#12183=AXIS2_PLACEMENT_3D('',#18774,#15179,#15180);
#12184=AXIS2_PLACEMENT_3D('',#18776,#15182,#15183);
#12185=AXIS2_PLACEMENT_3D('',#18778,#15185,#15186);
#12186=AXIS2_PLACEMENT_3D('',#18780,#15188,#15189);
#12187=AXIS2_PLACEMENT_3D('',#18785,#15190,#15191);
#12188=AXIS2_PLACEMENT_3D('',#18787,#15193,#15194);
#12189=AXIS2_PLACEMENT_3D('',#18792,#15195,#15196);
#12190=AXIS2_PLACEMENT_3D('',#18797,#15197,#15198);
#12191=AXIS2_PLACEMENT_3D('',#18801,#15201,#15202);
#12192=AXIS2_PLACEMENT_3D('',#18806,#15203,#15204);
#12193=AXIS2_PLACEMENT_3D('',#18818,#15205,#15206);
#12194=AXIS2_PLACEMENT_3D('',#18819,#15207,#15208);
#12195=AXIS2_PLACEMENT_3D('',#18824,#15209,#15210);
#12196=AXIS2_PLACEMENT_3D('',#18828,#15213,#15214);
#12197=AXIS2_PLACEMENT_3D('',#18833,#15215,#15216);
#12198=AXIS2_PLACEMENT_3D('',#18834,#15217,#15218);
#12199=AXIS2_PLACEMENT_3D('',#18835,#15219,#15220);
#12200=AXIS2_PLACEMENT_3D('',#18840,#15221,#15222);
#12201=AXIS2_PLACEMENT_3D('',#18845,#15223,#15224);
#12202=AXIS2_PLACEMENT_3D('',#18850,#15225,#15226);
#12203=AXIS2_PLACEMENT_3D('',#18851,#15227,#15228);
#12204=AXIS2_PLACEMENT_3D('',#18852,#15229,#15230);
#12205=AXIS2_PLACEMENT_3D('',#18853,#15231,#15232);
#12206=AXIS2_PLACEMENT_3D('',#18855,#15234,#15235);
#12207=AXIS2_PLACEMENT_3D('',#18860,#15236,#15237);
#12208=AXIS2_PLACEMENT_3D('',#18862,#15239,#15240);
#12209=AXIS2_PLACEMENT_3D('',#18863,#15241,#15242);
#12210=AXIS2_PLACEMENT_3D('',#18868,#15243,#15244);
#12211=AXIS2_PLACEMENT_3D('',#18870,#15246,#15247);
#12212=AXIS2_PLACEMENT_3D('',#18875,#15248,#15249);
#12213=AXIS2_PLACEMENT_3D('',#18880,#15250,#15251);
#12214=AXIS2_PLACEMENT_3D('',#18884,#15254,#15255);
#12215=AXIS2_PLACEMENT_3D('',#18889,#15256,#15257);
#12216=AXIS2_PLACEMENT_3D('',#18890,#15258,#15259);
#12217=AXIS2_PLACEMENT_3D('',#18891,#15260,#15261);
#12218=AXIS2_PLACEMENT_3D('',#18896,#15262,#15263);
#12219=AXIS2_PLACEMENT_3D('',#18901,#15264,#15265);
#12220=AXIS2_PLACEMENT_3D('',#18906,#15266,#15267);
#12221=AXIS2_PLACEMENT_3D('',#18911,#15268,#15269);
#12222=AXIS2_PLACEMENT_3D('',#18916,#15270,#15271);
#12223=AXIS2_PLACEMENT_3D('',#18917,#15272,#15273);
#12224=AXIS2_PLACEMENT_3D('',#18918,#15274,#15275);
#12225=AXIS2_PLACEMENT_3D('',#18919,#15276,#15277);
#12226=AXIS2_PLACEMENT_3D('',#18924,#15278,#15279);
#12227=AXIS2_PLACEMENT_3D('',#18926,#15281,#15282);
#12228=AXIS2_PLACEMENT_3D('',#18931,#15283,#15284);
#12229=AXIS2_PLACEMENT_3D('',#18933,#15286,#15287);
#12230=AXIS2_PLACEMENT_3D('',#18935,#15289,#15290);
#12231=AXIS2_PLACEMENT_3D('',#18937,#15292,#15293);
#12232=AXIS2_PLACEMENT_3D('',#18942,#15294,#15295);
#12233=AXIS2_PLACEMENT_3D('',#18947,#15296,#15297);
#12234=AXIS2_PLACEMENT_3D('',#18952,#15298,#15299);
#12235=AXIS2_PLACEMENT_3D('',#18957,#15300,#15301);
#12236=AXIS2_PLACEMENT_3D('',#18962,#15302,#15303);
#12237=AXIS2_PLACEMENT_3D('',#18967,#15304,#15305);
#12238=AXIS2_PLACEMENT_3D('',#18969,#15307,#15308);
#12239=AXIS2_PLACEMENT_3D('',#18974,#15309,#15310);
#12240=AXIS2_PLACEMENT_3D('',#18979,#15311,#15312);
#12241=AXIS2_PLACEMENT_3D('',#18984,#15313,#15314);
#12242=AXIS2_PLACEMENT_3D('',#18989,#15315,#15316);
#12243=AXIS2_PLACEMENT_3D('',#18994,#15317,#15318);
#12244=AXIS2_PLACEMENT_3D('',#18995,#15319,#15320);
#12245=AXIS2_PLACEMENT_3D('',#19000,#15321,#15322);
#12246=AXIS2_PLACEMENT_3D('',#19005,#15323,#15324);
#12247=AXIS2_PLACEMENT_3D('',#19007,#15326,#15327);
#12248=AXIS2_PLACEMENT_3D('',#19009,#15329,#15330);
#12249=AXIS2_PLACEMENT_3D('',#19011,#15332,#15333);
#12250=AXIS2_PLACEMENT_3D('',#19016,#15334,#15335);
#12251=AXIS2_PLACEMENT_3D('',#19021,#15336,#15337);
#12252=AXIS2_PLACEMENT_3D('',#19026,#15338,#15339);
#12253=AXIS2_PLACEMENT_3D('',#19031,#15340,#15341);
#12254=AXIS2_PLACEMENT_3D('',#19036,#15342,#15343);
#12255=AXIS2_PLACEMENT_3D('',#19041,#15344,#15345);
#12256=AXIS2_PLACEMENT_3D('',#19046,#15346,#15347);
#12257=AXIS2_PLACEMENT_3D('',#19048,#15349,#15350);
#12258=AXIS2_PLACEMENT_3D('',#19049,#15351,#15352);
#12259=AXIS2_PLACEMENT_3D('',#19050,#15353,#15354);
#12260=AXIS2_PLACEMENT_3D('',#19052,#15356,#15357);
#12261=AXIS2_PLACEMENT_3D('',#19054,#15359,#15360);
#12262=AXIS2_PLACEMENT_3D('',#19056,#15362,#15363);
#12263=AXIS2_PLACEMENT_3D('',#19058,#15365,#15366);
#12264=AXIS2_PLACEMENT_3D('',#19060,#15368,#15369);
#12265=AXIS2_PLACEMENT_3D('',#19062,#15371,#15372);
#12266=AXIS2_PLACEMENT_3D('',#19064,#15374,#15375);
#12267=AXIS2_PLACEMENT_3D('',#19066,#15377,#15378);
#12268=AXIS2_PLACEMENT_3D('',#19068,#15380,#15381);
#12269=AXIS2_PLACEMENT_3D('',#19070,#15383,#15384);
#12270=AXIS2_PLACEMENT_3D('',#19072,#15386,#15387);
#12271=AXIS2_PLACEMENT_3D('',#19074,#15389,#15390);
#12272=AXIS2_PLACEMENT_3D('',#19076,#15392,#15393);
#12273=AXIS2_PLACEMENT_3D('',#19078,#15395,#15396);
#12274=AXIS2_PLACEMENT_3D('',#19080,#15398,#15399);
#12275=AXIS2_PLACEMENT_3D('',#19082,#15401,#15402);
#12276=AXIS2_PLACEMENT_3D('',#19084,#15404,#15405);
#12277=AXIS2_PLACEMENT_3D('',#19086,#15407,#15408);
#12278=AXIS2_PLACEMENT_3D('',#19088,#15410,#15411);
#12279=AXIS2_PLACEMENT_3D('',#19090,#15413,#15414);
#12280=AXIS2_PLACEMENT_3D('',#19092,#15416,#15417);
#12281=AXIS2_PLACEMENT_3D('',#19094,#15419,#15420);
#12282=AXIS2_PLACEMENT_3D('',#19096,#15422,#15423);
#12283=AXIS2_PLACEMENT_3D('',#19098,#15425,#15426);
#12284=AXIS2_PLACEMENT_3D('',#19099,#15427,#15428);
#12285=AXIS2_PLACEMENT_3D('',#19101,#15430,#15431);
#12286=AXIS2_PLACEMENT_3D('',#19103,#15433,#15434);
#12287=AXIS2_PLACEMENT_3D('',#19105,#15436,#15437);
#12288=AXIS2_PLACEMENT_3D('',#19107,#15439,#15440);
#12289=AXIS2_PLACEMENT_3D('',#19109,#15442,#15443);
#12290=AXIS2_PLACEMENT_3D('',#19111,#15445,#15446);
#12291=AXIS2_PLACEMENT_3D('',#19113,#15448,#15449);
#12292=AXIS2_PLACEMENT_3D('',#19115,#15451,#15452);
#12293=AXIS2_PLACEMENT_3D('',#19117,#15454,#15455);
#12294=AXIS2_PLACEMENT_3D('',#19119,#15457,#15458);
#12295=AXIS2_PLACEMENT_3D('',#19121,#15460,#15461);
#12296=AXIS2_PLACEMENT_3D('',#19123,#15463,#15464);
#12297=AXIS2_PLACEMENT_3D('',#19125,#15466,#15467);
#12298=AXIS2_PLACEMENT_3D('',#19127,#15469,#15470);
#12299=AXIS2_PLACEMENT_3D('',#19129,#15472,#15473);
#12300=AXIS2_PLACEMENT_3D('',#19131,#15475,#15476);
#12301=AXIS2_PLACEMENT_3D('',#19133,#15478,#15479);
#12302=AXIS2_PLACEMENT_3D('',#19135,#15481,#15482);
#12303=AXIS2_PLACEMENT_3D('',#19137,#15484,#15485);
#12304=AXIS2_PLACEMENT_3D('',#19139,#15487,#15488);
#12305=AXIS2_PLACEMENT_3D('',#19141,#15490,#15491);
#12306=AXIS2_PLACEMENT_3D('',#19143,#15493,#15494);
#12307=AXIS2_PLACEMENT_3D('',#19145,#15496,#15497);
#12308=AXIS2_PLACEMENT_3D('',#19147,#15499,#15500);
#12309=AXIS2_PLACEMENT_3D('',#19149,#15502,#15503);
#12310=AXIS2_PLACEMENT_3D('',#19151,#15505,#15506);
#12311=AXIS2_PLACEMENT_3D('',#19153,#15508,#15509);
#12312=AXIS2_PLACEMENT_3D('',#19155,#15511,#15512);
#12313=AXIS2_PLACEMENT_3D('',#19157,#15514,#15515);
#12314=DIRECTION('axis',(0.,0.,1.));
#12315=DIRECTION('refdir',(1.,0.,0.));
#12316=DIRECTION('center_axis',(0.,0.,1.));
#12317=DIRECTION('ref_axis',(1.,0.,0.));
#12318=DIRECTION('center_axis',(0.,0.,-1.));
#12319=DIRECTION('ref_axis',(1.,0.,0.));
#12320=DIRECTION('center_axis',(0.,-1.,0.));
#12321=DIRECTION('ref_axis',(-1.,0.,0.));
#12322=DIRECTION('center_axis',(0.,0.,1.));
#12323=DIRECTION('ref_axis',(1.,0.,0.));
#12324=DIRECTION('center_axis',(0.,0.,-1.));
#12325=DIRECTION('ref_axis',(1.,0.,0.));
#12326=DIRECTION('',(0.,0.,1.));
#12327=DIRECTION('center_axis',(0.,0.,1.));
#12328=DIRECTION('ref_axis',(1.,0.,0.));
#12329=DIRECTION('center_axis',(0.,0.,-1.));
#12330=DIRECTION('ref_axis',(1.,0.,0.));
#12331=DIRECTION('center_axis',(0.,0.,-1.));
#12332=DIRECTION('ref_axis',(-0.0551320026748592,-0.998479074533392,0.));
#12333=DIRECTION('center_axis',(0.,0.,-1.));
#12334=DIRECTION('ref_axis',(-0.974473465468216,-0.224502706216128,0.));
#12335=DIRECTION('',(-0.237375994153997,0.971417849022449,0.));
#12336=DIRECTION('center_axis',(0.,0.,-1.));
#12337=DIRECTION('ref_axis',(-0.926378234159098,-0.376594433411158,0.));
#12338=DIRECTION('',(-0.391691134627906,0.920096763962304,0.));
#12339=DIRECTION('center_axis',(0.,0.,-1.));
#12340=DIRECTION('ref_axis',(-0.838569156762708,-0.544795162722908,0.));
#12341=DIRECTION('',(-0.5597308516508,0.828674467876421,0.));
#12342=DIRECTION('center_axis',(0.,0.,-1.));
#12343=DIRECTION('ref_axis',(-0.669951720922458,-0.742404668380417,0.));
#12344=DIRECTION('',(-0.754636003225322,0.656143660059375,0.));
#12345=DIRECTION('center_axis',(0.,0.,-1.));
#12346=DIRECTION('ref_axis',(-0.52866987526755,-0.848827522518323,0.));
#12347=DIRECTION('',(0.,1.,0.));
#12348=DIRECTION('center_axis',(0.,0.,-1.));
#12349=DIRECTION('ref_axis',(0.391399646417226,0.920220797843904,0.));
#12350=DIRECTION('center_axis',(0.,0.,1.));
#12351=DIRECTION('ref_axis',(-0.999129783624296,-0.0417094171005389,0.));
#12352=DIRECTION('center_axis',(0.,0.,1.));
#12353=DIRECTION('ref_axis',(1.,0.,0.));
#12354=DIRECTION('center_axis',(0.,0.,1.));
#12355=DIRECTION('ref_axis',(0.391399646417226,0.920220797843904,0.));
#12356=DIRECTION('center_axis',(0.925562814194994,0.378594079429991,0.));
#12357=DIRECTION('ref_axis',(0.378594079429991,-0.925562814194994,0.));
#12358=DIRECTION('center_axis',(0.,0.,-1.));
#12359=DIRECTION('ref_axis',(-1.,0.,0.));
#12360=DIRECTION('center_axis',(-0.953896850013564,0.300134635679058,0.));
#12361=DIRECTION('ref_axis',(0.300134635679058,0.953896850013564,0.));
#12362=DIRECTION('center_axis',(0.,0.,-1.));
#12363=DIRECTION('ref_axis',(-0.999129783624296,-0.0417094171005389,0.));
#12364=DIRECTION('center_axis',(0.,0.,1.));
#12365=DIRECTION('ref_axis',(1.,0.,0.));
#12366=DIRECTION('center_axis',(0.,0.,1.));
#12367=DIRECTION('ref_axis',(-0.0551320026748592,-0.998479074533392,0.));
#12368=DIRECTION('center_axis',(0.,0.,-1.));
#12369=DIRECTION('ref_axis',(0.193289578896106,-0.981141752597537,0.));
#12370=DIRECTION('',(0.,0.,-1.));
#12371=DIRECTION('center_axis',(0.,0.,-1.));
#12372=DIRECTION('ref_axis',(0.193289578896106,-0.981141752597537,0.));
#12373=DIRECTION('',(0.,0.,-1.));
#12374=DIRECTION('center_axis',(0.,0.,-1.));
#12375=DIRECTION('ref_axis',(-0.999129783624296,-0.0417094171005389,0.));
#12376=DIRECTION('',(0.,0.,-1.));
#12377=DIRECTION('center_axis',(0.,0.,-1.));
#12378=DIRECTION('ref_axis',(0.378594079429986,-0.925562814194996,0.));
#12379=DIRECTION('center_axis',(0.,0.,-1.));
#12380=DIRECTION('ref_axis',(-0.378594079429985,0.925562814194997,0.));
#12381=DIRECTION('',(0.,0.,-1.));
#12382=DIRECTION('center_axis',(0.,0.,-1.));
#12383=DIRECTION('ref_axis',(-0.378594079429985,0.925562814194997,0.));
#12384=DIRECTION('center_axis',(-1.,0.,0.));
#12385=DIRECTION('ref_axis',(0.,0.,-1.));
#12386=DIRECTION('',(0.,0.,1.));
#12387=DIRECTION('',(0.,-1.,0.));
#12388=DIRECTION('',(0.,0.,-1.));
#12389=DIRECTION('',(0.,1.,0.));
#12390=DIRECTION('',(0.,0.,-1.));
#12391=DIRECTION('',(0.,1.,0.));
#12392=DIRECTION('center_axis',(0.,0.,1.));
#12393=DIRECTION('ref_axis',(-1.,0.,0.));
#12394=DIRECTION('',(1.,0.,0.));
#12395=DIRECTION('',(0.999687101928363,0.0250139608633004,0.));
#12396=DIRECTION('center_axis',(0.,0.,-1.));
#12397=DIRECTION('ref_axis',(-0.193513592872522,0.981097594214545,0.));
#12398=DIRECTION('',(0.977394186431257,0.21142517430614,0.));
#12399=DIRECTION('center_axis',(0.,0.,-1.));
#12400=DIRECTION('ref_axis',(-0.398778079779735,0.917047459560947,0.));
#12401=DIRECTION('',(0.910091788378668,0.414406728620226,0.));
#12402=DIRECTION('center_axis',(0.,0.,-1.));
#12403=DIRECTION('ref_axis',(-0.613182503430011,0.789941274708003,0.));
#12404=DIRECTION('',(0.778089379934364,0.628153577426219,0.));
#12405=DIRECTION('center_axis',(0.,0.,-1.));
#12406=DIRECTION('ref_axis',(-0.743787761201632,0.668415863281733,0.));
#12407=DIRECTION('',(0.653081463713402,0.757287661165795,0.));
#12408=DIRECTION('center_axis',(0.,0.,-1.));
#12409=DIRECTION('ref_axis',(-0.860798680740759,0.508945607344213,0.));
#12410=DIRECTION('',(0.489288788398493,0.872121827239483,0.));
#12411=DIRECTION('center_axis',(0.,0.,-1.));
#12412=DIRECTION('ref_axis',(-0.952510689890895,0.304505148796489,0.));
#12413=DIRECTION('',(0.28067621503708,0.959802512141148,0.));
#12414=DIRECTION('center_axis',(0.,0.,-1.));
#12415=DIRECTION('ref_axis',(-0.999999693752013,0.000782621160534626,0.));
#12416=DIRECTION('',(0.,1.,0.));
#12417=DIRECTION('',(-0.0217297306338146,0.999763881527324,0.));
#12418=DIRECTION('',(-0.0672614835716004,0.997735382166909,0.));
#12419=DIRECTION('',(-0.11589664229074,0.993261278972322,0.));
#12420=DIRECTION('',(0.337016983410236,0.94149856765322,0.));
#12421=DIRECTION('',(0.467751606711997,0.883859963126708,0.));
#12422=DIRECTION('',(0.5203326497576,0.853963660582952,0.));
#12423=DIRECTION('center_axis',(0.,0.,1.));
#12424=DIRECTION('ref_axis',(0.832611357894217,-0.553857677301262,0.));
#12425=DIRECTION('',(0.820804142677414,0.571209733253553,0.));
#12426=DIRECTION('center_axis',(0.,0.,1.));
#12427=DIRECTION('ref_axis',(0.53920972830721,-0.842171519881114,0.));
#12428=DIRECTION('',(0.986611347415368,0.163089083482716,0.));
#12429=DIRECTION('',(0.980363210612862,0.19720034299372,0.));
#12430=DIRECTION('',(0.964174614984365,0.26526837696897,0.));
#12431=DIRECTION('',(0.943135346243159,0.332408962976024,0.));
#12432=DIRECTION('center_axis',(0.,0.,-1.));
#12433=DIRECTION('ref_axis',(-0.612662326740627,0.790344781340879,0.));
#12434=DIRECTION('',(0.772551558721234,0.634952036863723,0.));
#12435=DIRECTION('center_axis',(0.,0.,-1.));
#12436=DIRECTION('ref_axis',(-0.838569978206979,0.544793898322978,0.));
#12437=DIRECTION('',(0.522515327657466,0.852629891783657,0.));
#12438=DIRECTION('center_axis',(0.,0.,-1.));
#12439=DIRECTION('ref_axis',(-0.992092406958571,0.125509585511024,0.));
#12440=DIRECTION('',(0.0983800278597763,0.995148918563604,0.));
#12441=DIRECTION('center_axis',(0.,0.,-1.));
#12442=DIRECTION('ref_axis',(-0.883292481224496,-0.468822346536801,0.));
#12443=DIRECTION('',(-0.494795712389854,0.869009322735158,0.));
#12444=DIRECTION('center_axis',(0.,0.,-1.));
#12445=DIRECTION('ref_axis',(-0.720443086847689,-0.693514065187847,0.));
#12446=DIRECTION('',(-0.692851441911076,0.721080355745283,0.));
#12447=DIRECTION('',(-0.671843623120738,0.740693017431648,0.));
#12448=DIRECTION('',(-0.628051543443758,0.778171741184369,0.));
#12449=DIRECTION('',(-0.582336841303919,0.812947601792498,0.));
#12450=DIRECTION('center_axis',(0.,0.,1.));
#12451=DIRECTION('ref_axis',(0.833793435088761,0.552076541435048,0.));
#12452=DIRECTION('',(0.150021482022787,0.988682737247741,0.));
#12453=DIRECTION('center_axis',(0.,0.,-1.));
#12454=DIRECTION('ref_axis',(-0.997324366872776,-0.0731034010277004,0.));
#12455=DIRECTION('',(-0.103804629189708,0.994597707095078,0.));
#12456=DIRECTION('center_axis',(0.,0.,-1.));
#12457=DIRECTION('ref_axis',(-0.876297174665871,-0.481770963916063,0.));
#12458=DIRECTION('',(-0.50578273295052,0.862660899223503,0.));
#12459=DIRECTION('center_axis',(0.,0.,-1.));
#12460=DIRECTION('ref_axis',(-0.670513191339272,-0.741897607652178,0.));
#12461=DIRECTION('',(-0.759203722961735,0.650853061021488,0.));
#12462=DIRECTION('center_axis',(0.,0.,-1.));
#12463=DIRECTION('ref_axis',(-0.339658917104074,-0.940548680309365,0.));
#12464=DIRECTION('',(-0.949597527794507,0.313471745467689,0.));
#12465=DIRECTION('center_axis',(0.,0.,-1.));
#12466=DIRECTION('ref_axis',(0.20434749247733,-0.978898412665087,0.));
#12467=DIRECTION('',(-0.972379284289253,-0.233406356993804,0.));
#12468=DIRECTION('center_axis',(0.,0.,-1.));
#12469=DIRECTION('ref_axis',(0.468248448507462,-0.88359684838186,0.));
#12470=DIRECTION('',(-0.884024495834568,-0.467440574580811,0.));
#12471=DIRECTION('center_axis',(0.,0.,1.));
#12472=DIRECTION('ref_axis',(-0.467562738030013,0.883959889364827,0.));
#12473=DIRECTION('',(-0.988698405212076,-0.149918189460442,0.));
#12474=DIRECTION('center_axis',(0.,0.,1.));
#12475=DIRECTION('ref_axis',(-0.111409692710675,0.993774562146825,0.));
#12476=DIRECTION('',(-0.884023242761326,0.467442944387601,0.));
#12477=DIRECTION('',(-0.900025065038916,0.435838137731998,0.));
#12478=DIRECTION('',(-0.928869964472622,0.370405978759294,0.));
#12479=DIRECTION('center_axis',(0.,0.,-1.));
#12480=DIRECTION('ref_axis',(-0.121836133649711,-0.992550228722602,0.));
#12481=DIRECTION('',(-0.995719582235507,0.0924257191086314,0.));
#12482=DIRECTION('center_axis',(0.,0.,-1.));
#12483=DIRECTION('ref_axis',(0.223356607479589,-0.974736798266696,0.));
#12484=DIRECTION('',(-0.968326790135529,-0.249686258143743,0.));
#12485=DIRECTION('center_axis',(0.,0.,-1.));
#12486=DIRECTION('ref_axis',(0.578938796285081,-0.815371001542231,0.));
#12487=DIRECTION('',(-0.799729012064218,-0.60036114736281,0.));
#12488=DIRECTION('center_axis',(0.,0.,-1.));
#12489=DIRECTION('ref_axis',(0.809959956115489,-0.586485182668237,0.));
#12490=DIRECTION('',(-0.563182926352797,-0.826332252465496,0.));
#12491=DIRECTION('center_axis',(0.,0.,-1.));
#12492=DIRECTION('ref_axis',(0.990998823839587,-0.133870576111985,0.));
#12493=DIRECTION('',(-0.103869745366113,-0.994590908865338,0.));
#12494=DIRECTION('center_axis',(0.,0.,-1.));
#12495=DIRECTION('ref_axis',(0.988549034919466,0.150899985287581,0.));
#12496=DIRECTION('',(0.150013659712071,-0.988683924163729,0.));
#12497=DIRECTION('center_axis',(0.,0.,1.));
#12498=DIRECTION('ref_axis',(-0.988628947634799,-0.150375542886836,0.));
#12499=DIRECTION('',(-0.330320776054598,-0.943868732879042,0.));
#12500=DIRECTION('center_axis',(0.,0.,1.));
#12501=DIRECTION('ref_axis',(-0.930873166195709,0.365342508417479,0.));
#12502=DIRECTION('',(-0.692853835367226,-0.721078055980713,0.));
#12503=DIRECTION('',(-0.667228782752096,-0.744852838799152,0.));
#12504=DIRECTION('',(-0.612990676011166,-0.790090141137943,0.));
#12505=DIRECTION('center_axis',(0.,0.,-1.));
#12506=DIRECTION('ref_axis',(0.944331143613268,-0.328996491169827,0.));
#12507=DIRECTION('',(-0.301140207620219,-0.953579873610203,0.));
#12508=DIRECTION('center_axis',(0.,0.,-1.));
#12509=DIRECTION('ref_axis',(0.999979316849296,0.00643163071193866,0.));
#12510=DIRECTION('',(0.0329899382538139,-0.999455683846967,0.));
#12511=DIRECTION('center_axis',(0.,0.,-1.));
#12512=DIRECTION('ref_axis',(0.896680950708477,0.442677391151324,0.));
#12513=DIRECTION('',(0.466241355761365,-0.884657559837593,0.));
#12514=DIRECTION('center_axis',(0.,0.,-1.));
#12515=DIRECTION('ref_axis',(0.424693422317427,0.905337228352127,0.));
#12516=DIRECTION('',(0.917389363774566,-0.397990898430225,0.));
#12517=DIRECTION('center_axis',(0.,0.,-1.));
#12518=DIRECTION('ref_axis',(0.162215741117134,0.986755315837629,0.));
#12519=DIRECTION('',(0.986611282501375,-0.163089476181,0.));
#12520=DIRECTION('center_axis',(0.,0.,1.));
#12521=DIRECTION('ref_axis',(-0.162674959445154,-0.986679713772163,0.));
#12522=DIRECTION('',(0.820805280181983,-0.571208098704296,0.));
#12523=DIRECTION('center_axis',(0.,0.,1.));
#12524=DIRECTION('ref_axis',(-0.601696684503249,-0.798724670870882,0.));
#12525=DIRECTION('',(0.327000411702094,-0.945024195852498,0.));
#12526=DIRECTION('',(7.21282392114666E-14,-1.,0.));
#12527=DIRECTION('',(-0.849178418845867,-0.528106062232231,0.));
#12528=DIRECTION('',(-0.797677579878425,-0.603084138872263,0.));
#12529=DIRECTION('center_axis',(0.,0.,-1.));
#12530=DIRECTION('ref_axis',(0.82280648331261,-0.568321643982293,0.));
#12531=DIRECTION('',(-0.542896541938699,-0.839799586062653,0.));
#12532=DIRECTION('',(-0.474989159705435,-0.879991646643492,0.));
#12533=DIRECTION('',(-0.408252083974581,-0.912869232656251,0.));
#12534=DIRECTION('',(-0.34364319958957,-0.939100288241806,0.));
#12535=DIRECTION('',(-0.281821052271021,-0.959466984578862,0.));
#12536=DIRECTION('',(-0.223178540412525,-0.974777584425973,0.));
#12537=DIRECTION('',(-0.167882818170969,-0.985806958467515,0.));
#12538=DIRECTION('',(-0.115958919214423,-0.993254010339059,0.));
#12539=DIRECTION('',(-0.0672990988329584,-0.997732845653721,0.));
#12540=DIRECTION('',(-0.021743946251211,-0.999763572451719,0.));
#12541=DIRECTION('',(3.59752433298871E-8,-0.999999999999999,0.));
#12542=DIRECTION('center_axis',(0.,0.,-1.));
#12543=DIRECTION('ref_axis',(0.965879727257276,0.258991027785538,0.));
#12544=DIRECTION('',(0.280845746828397,-0.959752919499805,0.));
#12545=DIRECTION('center_axis',(0.,0.,-1.));
#12546=DIRECTION('ref_axis',(0.882041526077748,0.471171673888018,0.));
#12547=DIRECTION('',(0.48946180220775,-0.872024738284151,0.));
#12548=DIRECTION('center_axis',(0.,0.,-1.));
#12549=DIRECTION('ref_axis',(0.769423804084095,0.638738608281008,0.));
#12550=DIRECTION('',(0.653166856856814,-0.757214010107969,0.));
#12551=DIRECTION('center_axis',(0.,0.,-1.));
#12552=DIRECTION('ref_axis',(0.641928282322442,0.766764683820636,0.));
#12553=DIRECTION('',(0.778111404319006,-0.628126294998629,0.));
#12554=DIRECTION('center_axis',(0.,0.,-1.));
#12555=DIRECTION('ref_axis',(0.392378532407021,0.919803830882494,0.));
#12556=DIRECTION('',(0.926610774880675,-0.376021903451161,0.));
#12557=DIRECTION('center_axis',(0.,0.,-1.));
#12558=DIRECTION('ref_axis',(0.187195518431411,0.98232267503056,0.));
#12559=DIRECTION('',(0.985947103856249,-0.167057799570915,0.));
#12560=DIRECTION('center_axis',(0.,0.,-1.));
#12561=DIRECTION('ref_axis',(0.000691926961939874,0.999999760618511,0.));
#12562=DIRECTION('',(1.,0.,0.));
#12563=DIRECTION('',(0.,-1.,0.));
#12564=DIRECTION('',(-1.,4.88760138659691E-11,0.));
#12565=DIRECTION('center_axis',(0.,0.,1.));
#12566=DIRECTION('ref_axis',(0.146334004727979,0.989235239495779,0.));
#12567=DIRECTION('',(-0.985947103855756,0.167057799573821,0.));
#12568=DIRECTION('center_axis',(0.,0.,1.));
#12569=DIRECTION('ref_axis',(0.357791990809833,0.933801312545841,0.));
#12570=DIRECTION('',(-0.926610774883793,0.37602190344348,0.));
#12571=DIRECTION('center_axis',(0.,0.,1.));
#12572=DIRECTION('ref_axis',(0.610669994039507,0.791885192676179,0.));
#12573=DIRECTION('',(-0.778111404317686,0.628126295000264,0.));
#12574=DIRECTION('center_axis',(0.,0.,1.));
#12575=DIRECTION('ref_axis',(0.741070083307032,0.671427681606373,0.));
#12576=DIRECTION('',(-0.653166856858337,0.757214010106654,0.));
#12577=DIRECTION('center_axis',(0.,0.,1.));
#12578=DIRECTION('ref_axis',(0.858119473317931,0.513450065257136,0.));
#12579=DIRECTION('',(-0.489461802211066,0.872024738282289,0.));
#12580=DIRECTION('center_axis',(0.,0.,1.));
#12581=DIRECTION('ref_axis',(0.950565097717676,0.310525353233813,0.));
#12582=DIRECTION('',(-0.280845746827719,0.959752919500004,0.));
#12583=DIRECTION('center_axis',(0.,0.,1.));
#12584=DIRECTION('ref_axis',(0.999999551413969,0.000947191565198769,0.));
#12585=DIRECTION('',(-2.89951045651259E-14,1.,0.));
#12586=DIRECTION('',(0.0217439462505533,0.999763572451734,0.));
#12587=DIRECTION('',(0.0672990988329729,0.99773284565372,0.));
#12588=DIRECTION('',(0.115958919214521,0.993254010339047,0.));
#12589=DIRECTION('',(0.167882818171369,0.985806958467447,0.));
#12590=DIRECTION('',(0.223178540412501,0.974777584425979,0.));
#12591=DIRECTION('',(0.28182105227117,0.959466984578818,0.));
#12592=DIRECTION('',(0.343643199589363,0.939100288241882,0.));
#12593=DIRECTION('',(0.408252083974499,0.912869232656287,0.));
#12594=DIRECTION('',(0.474989159705006,0.879991646643724,0.));
#12595=DIRECTION('',(0.542896541937889,0.839799586063176,0.));
#12596=DIRECTION('center_axis',(0.,0.,1.));
#12597=DIRECTION('ref_axis',(0.639441908015151,-0.768839415140732,0.));
#12598=DIRECTION('',(0.797677579877521,0.603084138873459,0.));
#12599=DIRECTION('',(0.849178418846374,0.528106062231416,0.));
#12600=DIRECTION('',(0.893200760201451,0.44965809452911,0.));
#12601=DIRECTION('center_axis',(0.,0.,-1.));
#12602=DIRECTION('ref_axis',(-0.402566667074494,0.915390669911231,0.));
#12603=DIRECTION('',(0.503539231563398,0.863972361986507,0.));
#12604=DIRECTION('center_axis',(0.,0.,-1.));
#12605=DIRECTION('ref_axis',(-0.873240947987013,0.487288668818333,0.));
#12606=DIRECTION('',(0.141609701745071,0.989922568876815,0.));
#12607=DIRECTION('center_axis',(0.,0.,-1.));
#12608=DIRECTION('ref_axis',(-0.992936946770388,0.118643245649719,0.));
#12609=DIRECTION('',(-7.23251134004812E-14,1.,0.));
#12610=DIRECTION('',(-0.327000411702018,0.945024195852525,0.));
#12611=DIRECTION('',(-0.317311768254924,0.94832127558488,0.));
#12612=DIRECTION('center_axis',(0.,0.,-1.));
#12613=DIRECTION('ref_axis',(-0.897881953748963,-0.440236296926941,0.));
#12614=DIRECTION('',(-0.820805279692059,0.571208099408298,0.));
#12615=DIRECTION('center_axis',(0.,0.,-1.));
#12616=DIRECTION('ref_axis',(-0.546198423202375,-0.837655825796752,0.));
#12617=DIRECTION('',(-0.986611282594007,0.16308947562062,0.));
#12618=DIRECTION('center_axis',(0.,0.,1.));
#12619=DIRECTION('ref_axis',(0.364581469675293,0.93117149439263,0.));
#12620=DIRECTION('',(-0.917389363774979,0.397990898429272,0.));
#12621=DIRECTION('center_axis',(0.,0.,1.));
#12622=DIRECTION('ref_axis',(0.870670403691338,0.491866900833917,0.));
#12623=DIRECTION('',(-0.466241355762694,0.884657559836892,0.));
#12624=DIRECTION('center_axis',(0.,0.,1.));
#12625=DIRECTION('ref_axis',(0.99782827937973,0.0658689977917375,0.));
#12626=DIRECTION('',(-0.0329899382557521,0.999455683846904,0.));
#12627=DIRECTION('center_axis',(0.,0.,1.));
#12628=DIRECTION('ref_axis',(0.963415368538149,-0.268012737877332,0.));
#12629=DIRECTION('',(0.301140207619268,0.953579873610504,0.));
#12630=DIRECTION('center_axis',(0.,0.,1.));
#12631=DIRECTION('ref_axis',(0.810146447521734,-0.586227544190747,0.));
#12632=DIRECTION('',(0.612990676011153,0.790090141137953,0.));
#12633=DIRECTION('',(0.667228782750637,0.744852838800459,0.));
#12634=DIRECTION('',(0.692853835313585,0.721078056032255,0.));
#12635=DIRECTION('center_axis',(0.,0.,-1.));
#12636=DIRECTION('ref_axis',(-0.720717400270139,0.693228987382851,0.));
#12637=DIRECTION('',(0.330320776701619,0.943868732652607,0.));
#12638=DIRECTION('center_axis',(0.,0.,-1.));
#12639=DIRECTION('ref_axis',(-0.952988784122497,0.303005573111659,0.));
#12640=DIRECTION('',(-0.150013660059108,0.988683924111073,0.));
#12641=DIRECTION('center_axis',(0.,0.,1.));
#12642=DIRECTION('ref_axis',(0.997781976358609,-0.0665667158113366,0.));
#12643=DIRECTION('',(0.103869745367363,0.994590908865207,0.));
#12644=DIRECTION('center_axis',(0.,0.,1.));
#12645=DIRECTION('ref_axis',(0.843768292386359,-0.536707619438562,0.));
#12646=DIRECTION('',(0.563182926351786,0.826332252466185,0.));
#12647=DIRECTION('center_axis',(0.,0.,1.));
#12648=DIRECTION('ref_axis',(0.624872556780797,-0.78072676896737,0.));
#12649=DIRECTION('',(0.799729012062284,0.600361147365386,0.));
#12650=DIRECTION('center_axis',(0.,0.,1.));
#12651=DIRECTION('ref_axis',(0.281955059978807,-0.959427612773547,0.));
#12652=DIRECTION('',(0.968326790135645,0.249686258143293,0.));
#12653=DIRECTION('center_axis',(0.,0.,1.));
#12654=DIRECTION('ref_axis',(-0.0574530868854354,-0.99834820719393,0.));
#12655=DIRECTION('',(0.995719582235774,-0.0924257191057519,0.));
#12656=DIRECTION('center_axis',(0.,0.,1.));
#12657=DIRECTION('ref_axis',(-0.338469610716139,-0.940977323117654,0.));
#12658=DIRECTION('',(0.928869964473516,-0.370405978757051,0.));
#12659=DIRECTION('',(0.900025065046065,-0.435838137717233,0.));
#12660=DIRECTION('',(0.884023242765017,-0.467442944380621,0.));
#12661=DIRECTION('center_axis',(0.,0.,-1.));
#12662=DIRECTION('ref_axis',(0.467270054940733,0.884114639487258,0.));
#12663=DIRECTION('',(0.988698405225496,0.149918189371942,0.));
#12664=DIRECTION('center_axis',(0.,0.,-1.));
#12665=DIRECTION('ref_axis',(-0.180231764865698,0.983624171588618,0.));
#12666=DIRECTION('',(0.884024495862917,0.467440574527197,0.));
#12667=DIRECTION('center_axis',(0.,0.,1.));
#12668=DIRECTION('ref_axis',(0.269098221870649,-0.963112738461108,0.));
#12669=DIRECTION('',(0.972379284289076,0.233406356994545,0.));
#12670=DIRECTION('center_axis',(0.,0.,1.));
#12671=DIRECTION('ref_axis',(-0.284188087987961,-0.958768549049116,0.));
#12672=DIRECTION('',(0.949597527794331,-0.313471745468223,0.));
#12673=DIRECTION('center_axis',(0.,0.,1.));
#12674=DIRECTION('ref_axis',(-0.626591665069803,-0.779347730647272,0.));
#12675=DIRECTION('',(0.759203722962177,-0.650853061020973,0.));
#12676=DIRECTION('center_axis',(0.,0.,1.));
#12677=DIRECTION('ref_axis',(-0.844860216286618,-0.534987116607614,0.));
#12678=DIRECTION('',(0.505782732949491,-0.862660899224106,0.));
#12679=DIRECTION('center_axis',(0.,0.,1.));
#12680=DIRECTION('ref_axis',(-0.990249655027207,-0.139304058514094,0.));
#12681=DIRECTION('',(0.10380462919066,-0.994597707094979,0.));
#12682=DIRECTION('center_axis',(0.,0.,1.));
#12683=DIRECTION('ref_axis',(-0.988367874746662,0.152082031051557,0.));
#12684=DIRECTION('',(-0.150021498303368,-0.988682734777346,0.));
#12685=DIRECTION('center_axis',(0.,0.,-1.));
#12686=DIRECTION('ref_axis',(0.988724625887371,-0.149745164075096,0.));
#12687=DIRECTION('',(0.582336841301049,-0.812947601794554,0.));
#12688=DIRECTION('',(0.628051543443127,-0.778171741184879,0.));
#12689=DIRECTION('',(0.671843623118349,-0.740693017433815,0.));
#12690=DIRECTION('',(0.692851441718325,-0.721080355930487,0.));
#12691=DIRECTION('center_axis',(0.,0.,1.));
#12692=DIRECTION('ref_axis',(-0.850380560886594,-0.52616813060675,0.));
#12693=DIRECTION('',(0.49479571238987,-0.869009322735148,0.));
#12694=DIRECTION('center_axis',(0.,0.,1.));
#12695=DIRECTION('ref_axis',(-0.997640681331756,0.068651809531211,0.));
#12696=DIRECTION('',(-0.0983800278574801,-0.99514891856383,0.));
#12697=DIRECTION('center_axis',(0.,0.,1.));
#12698=DIRECTION('ref_axis',(-0.868836835754113,0.495098528413063,0.));
#12699=DIRECTION('',(-0.522515327656495,-0.852629891784252,0.));
#12700=DIRECTION('center_axis',(0.,0.,1.));
#12701=DIRECTION('ref_axis',(-0.660790259486862,0.750570604918209,0.));
#12702=DIRECTION('',(-0.772551558722335,-0.634952036862384,0.));
#12703=DIRECTION('center_axis',(0.,0.,1.));
#12704=DIRECTION('ref_axis',(-0.363994109724765,0.931401249776741,0.));
#12705=DIRECTION('',(-0.943135346243082,-0.332408962976243,0.));
#12706=DIRECTION('',(-0.964174614984555,-0.265268376968279,0.));
#12707=DIRECTION('',(-0.980363210613319,-0.197200342991449,0.));
#12708=DIRECTION('',(-0.986611347413963,-0.163089083491218,0.));
#12709=DIRECTION('center_axis',(0.,0.,-1.));
#12710=DIRECTION('ref_axis',(0.16283453037367,-0.986653391884904,0.));
#12711=DIRECTION('',(-0.820804142677274,-0.571209733253754,0.));
#12712=DIRECTION('center_axis',(0.,0.,-1.));
#12713=DIRECTION('ref_axis',(0.595318214316469,-0.803490027133536,0.));
#12714=DIRECTION('',(-0.520332649758026,-0.853963660582692,0.));
#12715=DIRECTION('',(-0.467751606712092,-0.883859963126657,0.));
#12716=DIRECTION('',(-0.348059386763732,-0.937472486681959,0.));
#12717=DIRECTION('',(-0.33701698341024,-0.941498567653218,0.));
#12718=DIRECTION('',(1.95232753548348E-8,-1.,0.));
#12719=DIRECTION('center_axis',(0.,0.,-1.));
#12720=DIRECTION('ref_axis',(0.999993933059141,0.00348336689284466,0.));
#12721=DIRECTION('',(0.709386754479588,-0.704819432598816,0.));
#12722=DIRECTION('center_axis',(0.,0.,-1.));
#12723=DIRECTION('ref_axis',(0.677564577999925,0.735463284358766,0.));
#12724=DIRECTION('',(0.902889954477943,-0.429871760066671,0.));
#12725=DIRECTION('center_axis',(0.,0.,1.));
#12726=DIRECTION('ref_axis',(-0.638579145773528,-0.769556154275405,0.));
#12727=DIRECTION('',(0.754636003226087,-0.656143660058494,0.));
#12728=DIRECTION('center_axis',(0.,0.,1.));
#12729=DIRECTION('ref_axis',(-0.818526323372742,-0.574469022616451,0.));
#12730=DIRECTION('',(0.559730851651412,-0.828674467876008,0.));
#12731=DIRECTION('center_axis',(0.,0.,1.));
#12732=DIRECTION('ref_axis',(-0.913933070545736,-0.405864931427739,0.));
#12733=DIRECTION('',(0.391691134625042,-0.920096763963523,0.));
#12734=DIRECTION('center_axis',(0.,0.,1.));
#12735=DIRECTION('ref_axis',(-0.968322751576988,-0.249701919853193,0.));
#12736=DIRECTION('',(0.237375994149244,-0.971417849023611,0.));
#12737=DIRECTION('center_axis',(0.,0.,1.));
#12738=DIRECTION('ref_axis',(-0.990204060735069,-0.13962778413976,0.));
#12739=DIRECTION('',(0.115896642290869,-0.993261278972307,0.));
#12740=DIRECTION('',(0.0672614835720207,-0.99773538216688,0.));
#12741=DIRECTION('',(0.021729730636763,-0.99976388152726,0.));
#12742=DIRECTION('',(0.,-1.,0.));
#12743=DIRECTION('center_axis',(0.,0.,1.));
#12744=DIRECTION('ref_axis',(-0.967254312042914,0.253809172084836,0.));
#12745=DIRECTION('',(-0.28067621503575,-0.959802512141537,0.));
#12746=DIRECTION('center_axis',(0.,0.,1.));
#12747=DIRECTION('ref_axis',(-0.88369134067546,0.468070095621593,0.));
#12748=DIRECTION('',(-0.489288788396782,-0.872121827240443,0.));
#12749=DIRECTION('center_axis',(0.,0.,1.));
#12750=DIRECTION('ref_axis',(-0.77108896622429,0.636727419047708,0.));
#12751=DIRECTION('',(-0.653081463714712,-0.757287661164666,0.));
#12752=DIRECTION('center_axis',(0.,0.,1.));
#12753=DIRECTION('ref_axis',(-0.643590980027054,0.765369616870056,0.));
#12754=DIRECTION('',(-0.778089379936055,-0.628153577424125,0.));
#12755=DIRECTION('center_axis',(0.,0.,1.));
#12756=DIRECTION('ref_axis',(-0.43242628413012,0.901669290146568,0.));
#12757=DIRECTION('',(-0.910091788378634,-0.414406728620302,0.));
#12758=DIRECTION('center_axis',(0.,0.,1.));
#12759=DIRECTION('ref_axis',(-0.23371450068794,0.972305266965158,0.));
#12760=DIRECTION('',(-0.977394186430855,-0.211425174307996,0.));
#12761=DIRECTION('center_axis',(0.,0.,1.));
#12762=DIRECTION('ref_axis',(-0.050649595190565,0.998716485548843,0.));
#12763=DIRECTION('',(-0.999687101928522,-0.0250139608569493,0.));
#12764=DIRECTION('',(-1.,4.88760138659691E-11,0.));
#12765=DIRECTION('center_axis',(-4.88760138659691E-11,-1.,0.));
#12766=DIRECTION('ref_axis',(-1.,4.88760138659691E-11,0.));
#12767=DIRECTION('',(0.,0.,1.));
#12768=DIRECTION('',(-1.,4.88760138659691E-11,0.));
#12769=DIRECTION('',(0.,0.,-1.));
#12770=DIRECTION('center_axis',(0.,1.,0.));
#12771=DIRECTION('ref_axis',(-1.,0.,0.));
#12772=DIRECTION('center_axis',(0.,-1.,0.));
#12773=DIRECTION('ref_axis',(0.,0.,-1.));
#12774=DIRECTION('',(1.,0.,4.66328149318486E-13));
#12775=DIRECTION('center_axis',(0.,-1.,0.));
#12776=DIRECTION('ref_axis',(1.,0.,-8.18341810088186E-13));
#12777=DIRECTION('',(0.,0.,1.));
#12778=DIRECTION('',(0.,0.,-1.));
#12779=DIRECTION('',(1.,0.,0.));
#12780=DIRECTION('',(0.,0.,-1.));
#12781=DIRECTION('center_axis',(0.,1.,0.));
#12782=DIRECTION('ref_axis',(-1.,0.,0.));
#12783=DIRECTION('',(-1.,0.,0.));
#12784=DIRECTION('',(0.,0.,1.));
#12785=DIRECTION('center_axis',(0.,1.,0.));
#12786=DIRECTION('ref_axis',(-1.,0.,0.));
#12787=DIRECTION('',(1.,0.,0.));
#12788=DIRECTION('',(0.,0.,1.));
#12789=DIRECTION('',(1.,0.,0.));
#12790=DIRECTION('',(0.,0.,1.));
#12791=DIRECTION('center_axis',(0.,0.,1.));
#12792=DIRECTION('ref_axis',(1.,-1.18423789293348E-14,0.));
#12793=DIRECTION('center_axis',(0.,0.,1.));
#12794=DIRECTION('ref_axis',(1.,-1.18423789293348E-14,0.));
#12795=DIRECTION('',(0.,0.,1.));
#12796=DIRECTION('center_axis',(0.,0.,1.));
#12797=DIRECTION('ref_axis',(1.,-1.18423789293348E-14,0.));
#12798=DIRECTION('center_axis',(-1.,0.,0.));
#12799=DIRECTION('ref_axis',(0.,-1.,0.));
#12800=DIRECTION('',(0.,1.,0.));
#12801=DIRECTION('',(0.,0.,1.));
#12802=DIRECTION('',(0.,1.,0.));
#12803=DIRECTION('center_axis',(0.,0.,1.));
#12804=DIRECTION('ref_axis',(2.36847578586697E-14,1.,0.));
#12805=DIRECTION('center_axis',(0.,0.,1.));
#12806=DIRECTION('ref_axis',(2.36847578586697E-14,1.,0.));
#12807=DIRECTION('',(0.,0.,1.));
#12808=DIRECTION('center_axis',(0.,0.,1.));
#12809=DIRECTION('ref_axis',(2.36847578586697E-14,1.,0.));
#12810=DIRECTION('center_axis',(-1.,0.,0.));
#12811=DIRECTION('ref_axis',(0.,-1.,0.));
#12812=DIRECTION('',(0.,-1.,0.));
#12813=DIRECTION('center_axis',(3.96508223080413E-16,-1.,0.));
#12814=DIRECTION('ref_axis',(1.,3.96508223080413E-16,0.));
#12815=DIRECTION('',(-1.,-3.96508223080413E-16,0.));
#12816=DIRECTION('',(0.,0.,1.));
#12817=DIRECTION('',(-1.,-3.96508223080413E-16,0.));
#12818=DIRECTION('center_axis',(0.,0.,1.));
#12819=DIRECTION('ref_axis',(-1.,1.18423789293348E-14,0.));
#12820=DIRECTION('center_axis',(0.,0.,1.));
#12821=DIRECTION('ref_axis',(-1.,1.18423789293348E-14,0.));
#12822=DIRECTION('',(0.,0.,1.));
#12823=DIRECTION('center_axis',(0.,0.,1.));
#12824=DIRECTION('ref_axis',(-1.,1.18423789293348E-14,0.));
#12825=DIRECTION('center_axis',(1.,0.,0.));
#12826=DIRECTION('ref_axis',(0.,1.,0.));
#12827=DIRECTION('',(0.,-1.,0.));
#12828=DIRECTION('',(0.,0.,1.));
#12829=DIRECTION('',(0.,-1.,0.));
#12830=DIRECTION('center_axis',(0.,0.,1.));
#12831=DIRECTION('ref_axis',(-2.36847578586694E-14,-1.,0.));
#12832=DIRECTION('center_axis',(0.,0.,1.));
#12833=DIRECTION('ref_axis',(-2.36847578586694E-14,-1.,0.));
#12834=DIRECTION('center_axis',(0.,0.,1.));
#12835=DIRECTION('ref_axis',(-2.36847578586694E-14,-1.,0.));
#12836=DIRECTION('center_axis',(0.,1.,0.));
#12837=DIRECTION('ref_axis',(-1.,0.,0.));
#12838=DIRECTION('',(1.,0.,0.));
#12839=DIRECTION('',(0.,0.,-1.));
#12840=DIRECTION('',(-1.,0.,0.));
#12841=DIRECTION('',(0.,0.,-1.));
#12842=DIRECTION('center_axis',(1.,0.,0.));
#12843=DIRECTION('ref_axis',(0.,1.,0.));
#12844=DIRECTION('',(0.,-1.,0.));
#12845=DIRECTION('',(0.,0.,1.));
#12846=DIRECTION('',(0.,1.,0.));
#12847=DIRECTION('center_axis',(0.,0.,-1.));
#12848=DIRECTION('ref_axis',(0.832611357894216,-0.553857677301262,0.));
#12849=DIRECTION('center_axis',(0.,0.,-1.));
#12850=DIRECTION('ref_axis',(0.832611357894217,-0.553857677301262,0.));
#12851=DIRECTION('center_axis',(0.,0.,1.));
#12852=DIRECTION('ref_axis',(0.832611357894217,-0.553857677301262,0.));
#12853=DIRECTION('center_axis',(0.,0.,-1.));
#12854=DIRECTION('ref_axis',(0.832611357894217,-0.553857677301262,0.));
#12855=DIRECTION('center_axis',(0.,0.,1.));
#12856=DIRECTION('ref_axis',(-1.,0.,0.));
#12857=DIRECTION('',(-0.435635200370441,0.900123309440549,0.));
#12858=DIRECTION('',(-0.317311768276728,0.948321275577584,0.));
#12859=DIRECTION('',(-0.327000411702093,0.945024195852499,0.));
#12860=DIRECTION('',(-0.336899845202638,0.941540489996282,0.));
#12861=DIRECTION('',(0.,1.,0.));
#12862=DIRECTION('center_axis',(0.,0.,-1.));
#12863=DIRECTION('ref_axis',(-0.991596100295118,0.129372229939482,0.));
#12864=DIRECTION('',(0.141609632439572,0.989922578791053,0.));
#12865=DIRECTION('center_axis',(0.,0.,-1.));
#12866=DIRECTION('ref_axis',(-0.868962137539002,0.49487857452475,0.));
#12867=DIRECTION('',(0.503539231860037,0.863972361813619,0.));
#12868=DIRECTION('center_axis',(0.,0.,-1.));
#12869=DIRECTION('ref_axis',(-0.423260009270924,0.906008258545129,0.));
#12870=DIRECTION('',(0.893200760206623,0.449658094518836,0.));
#12871=DIRECTION('',(0.849178418845881,0.528106062232209,0.));
#12872=DIRECTION('',(0.797677579893231,0.60308413885268,0.));
#12873=DIRECTION('center_axis',(0.,0.,1.));
#12874=DIRECTION('ref_axis',(0.654903453378218,-0.75571255564089,0.));
#12875=DIRECTION('',(0.542896541955462,0.839799586051816,0.));
#12876=DIRECTION('',(0.47498915970536,0.879991646643532,0.));
#12877=DIRECTION('',(0.408252083974684,0.912869232656204,0.));
#12878=DIRECTION('',(0.343643199589455,0.939100288241848,0.));
#12879=DIRECTION('',(0.28182105227102,0.959466984578862,0.));
#12880=DIRECTION('',(0.223178540412515,0.974777584425975,0.));
#12881=DIRECTION('',(0.167882818171033,0.985806958467504,0.));
#12882=DIRECTION('',(0.115958919214348,0.993254010339067,0.));
#12883=DIRECTION('',(0.0672990988329123,0.997732845653724,0.));
#12884=DIRECTION('',(0.0217439462511112,0.999763572451722,0.));
#12885=DIRECTION('',(0.,1.,0.));
#12886=DIRECTION('center_axis',(0.,0.,1.));
#12887=DIRECTION('ref_axis',(0.999999059584667,0.0013714334766883,0.));
#12888=DIRECTION('',(-0.280845746840566,0.959752919496245,0.));
#12889=DIRECTION('center_axis',(0.,0.,1.));
#12890=DIRECTION('ref_axis',(0.947421138397601,0.319989353756331,0.));
#12891=DIRECTION('',(-0.489461802219415,0.872024738277603,0.));
#12892=DIRECTION('center_axis',(0.,0.,1.));
#12893=DIRECTION('ref_axis',(0.854395326182413,0.519623543151817,0.));
#12894=DIRECTION('',(-0.653166856865065,0.757214010100851,0.));
#12895=DIRECTION('center_axis',(0.,0.,1.));
#12896=DIRECTION('ref_axis',(0.737512933172478,0.675333009265302,0.));
#12897=DIRECTION('',(-0.778111404321188,0.628126294995926,0.));
#12898=DIRECTION('center_axis',(0.,0.,1.));
#12899=DIRECTION('ref_axis',(0.607251060832871,0.794510005674789,0.));
#12900=DIRECTION('',(-0.926610774896307,0.376021903412642,0.));
#12901=DIRECTION('center_axis',(0.,0.,1.));
#12902=DIRECTION('ref_axis',(0.354034311528042,0.935232434350341,0.));
#12903=DIRECTION('',(-0.985947103863182,0.167057799529996,0.));
#12904=DIRECTION('center_axis',(0.,0.,1.));
#12905=DIRECTION('ref_axis',(0.141303152399914,0.989966372722754,0.));
#12906=DIRECTION('',(-1.,3.85039335001403E-9,0.));
#12907=DIRECTION('',(-0.999687101928343,-0.0250139608641204,0.));
#12908=DIRECTION('center_axis',(0.,0.,1.));
#12909=DIRECTION('ref_axis',(-0.0565164689262191,0.998401667035924,0.));
#12910=DIRECTION('',(-0.977394186429758,-0.211425174313068,0.));
#12911=DIRECTION('center_axis',(0.,0.,1.));
#12912=DIRECTION('ref_axis',(-0.238168142282463,0.971223937102932,0.));
#12913=DIRECTION('',(-0.910091788354123,-0.414406728674131,0.));
#12914=DIRECTION('center_axis',(0.,0.,1.));
#12915=DIRECTION('ref_axis',(-0.435916311480339,0.899987205123148,0.));
#12916=DIRECTION('',(-0.778089379886838,-0.628153577485089,0.));
#12917=DIRECTION('center_axis',(0.,0.,1.));
#12918=DIRECTION('ref_axis',(-0.646950000011172,0.762532423891302,0.));
#12919=DIRECTION('',(-0.653081463665032,-0.757287661207509,0.));
#12920=DIRECTION('center_axis',(0.,0.,1.));
#12921=DIRECTION('ref_axis',(-0.774682598230983,0.632350276348555,0.));
#12922=DIRECTION('',(-0.489288788353059,-0.872121827264973,0.));
#12923=DIRECTION('center_axis',(0.,0.,1.));
#12924=DIRECTION('ref_axis',(-0.887356583687777,0.461083824684793,0.));
#12925=DIRECTION('',(-0.280676214985053,-0.959802512156362,0.));
#12926=DIRECTION('center_axis',(0.,0.,1.));
#12927=DIRECTION('ref_axis',(-0.969933382924767,0.243370566601874,0.));
#12928=DIRECTION('',(-5.81811857449066E-8,-0.999999999999998,0.));
#12929=DIRECTION('',(0.0217297306337889,-0.999763881527325,0.));
#12930=DIRECTION('',(0.0672614835715777,-0.99773538216691,0.));
#12931=DIRECTION('',(0.115896642290843,-0.99326127897231,0.));
#12932=DIRECTION('center_axis',(0.,0.,1.));
#12933=DIRECTION('ref_axis',(-0.989553529457907,-0.144165919472667,0.));
#12934=DIRECTION('',(0.237375994157826,-0.971417849021514,0.));
#12935=DIRECTION('center_axis',(0.,0.,1.));
#12936=DIRECTION('ref_axis',(-0.967519557729479,-0.252796173647771,0.));
#12937=DIRECTION('',(0.391691134666706,-0.920096763945786,0.));
#12938=DIRECTION('center_axis',(0.,0.,1.));
#12939=DIRECTION('ref_axis',(-0.911781082125546,-0.410676585987038,0.));
#12940=DIRECTION('',(0.559730851685883,-0.828674467852725,0.));
#12941=DIRECTION('center_axis',(0.,0.,1.));
#12942=DIRECTION('ref_axis',(-0.814000348296072,-0.580864384322084,0.));
#12943=DIRECTION('',(0.754636003215835,-0.656143660070286,0.));
#12944=DIRECTION('center_axis',(0.,0.,1.));
#12945=DIRECTION('ref_axis',(-0.63062320864793,-0.776089149978654,0.));
#12946=DIRECTION('',(0.902889954469398,-0.429871760084619,0.));
#12947=DIRECTION('center_axis',(0.,0.,-1.));
#12948=DIRECTION('ref_axis',(0.689463039029961,0.724320866613389,0.));
#12949=DIRECTION('',(0.709386754489849,-0.704819432588488,0.));
#12950=DIRECTION('center_axis',(0.,0.,-1.));
#12951=DIRECTION('ref_axis',(0.999997890563073,0.00205398865754428,0.));
#12952=DIRECTION('',(1.0156910978097E-7,-0.999999999999995,0.));
#12953=DIRECTION('',(-0.336473869787596,-0.941692802855666,0.));
#12954=DIRECTION('',(-0.337016983410235,-0.94149856765322,0.));
#12955=DIRECTION('',(-0.348059386735592,-0.937472486692406,0.));
#12956=DIRECTION('',(-0.418434828199601,-0.908246824684552,0.));
#12957=DIRECTION('',(1.,0.,0.));
#12958=DIRECTION('',(0.,1.,0.));
#12959=DIRECTION('center_axis',(0.,0.,-1.));
#12960=DIRECTION('ref_axis',(0.591872421334843,-0.806031659963323,0.));
#12961=DIRECTION('',(-0.820804142654566,-0.571209733286386,0.));
#12962=DIRECTION('center_axis',(0.,0.,-1.));
#12963=DIRECTION('ref_axis',(0.16286917900954,-0.986647672945494,0.));
#12964=DIRECTION('',(-0.986611347393049,-0.163089083617732,0.));
#12965=DIRECTION('',(-0.980363210612858,-0.19720034299374,0.));
#12966=DIRECTION('',(-0.964174614984374,-0.265268376968939,0.));
#12967=DIRECTION('',(-0.943135346240667,-0.332408962983095,0.));
#12968=DIRECTION('center_axis',(0.,0.,1.));
#12969=DIRECTION('ref_axis',(-0.372656379119517,0.927969408494445,0.));
#12970=DIRECTION('',(-0.772551558698289,-0.634952036891642,0.));
#12971=DIRECTION('center_axis',(0.,0.,1.));
#12972=DIRECTION('ref_axis',(-0.667735290271503,0.744398805833292,0.));
#12973=DIRECTION('',(-0.522515327612761,-0.852629891811054,0.));
#12974=DIRECTION('center_axis',(0.,0.,1.));
#12975=DIRECTION('ref_axis',(-0.872994701021883,0.487729691517456,0.));
#12976=DIRECTION('',(-0.0983800278337904,-0.995148918566172,0.));
#12977=DIRECTION('center_axis',(0.,0.,1.));
#12978=DIRECTION('ref_axis',(-0.998182363109994,0.0602658275986289,0.));
#12979=DIRECTION('',(0.494795712398491,-0.869009322730239,0.));
#12980=DIRECTION('center_axis',(0.,0.,1.));
#12981=DIRECTION('ref_axis',(-0.84535676737382,-0.534202148868091,0.));
#12982=DIRECTION('',(0.692851438011537,-0.721080359492161,0.));
#12983=DIRECTION('',(0.671843623120742,-0.740693017431644,0.));
#12984=DIRECTION('',(0.628051543443778,-0.778171741184353,0.));
#12985=DIRECTION('',(0.582336841294289,-0.812947601799397,0.));
#12986=DIRECTION('center_axis',(0.,0.,-1.));
#12987=DIRECTION('ref_axis',(0.988718846303003,-0.149783320050194,0.));
#12988=DIRECTION('',(-0.15002149842139,-0.988682734759438,0.));
#12989=DIRECTION('center_axis',(0.,0.,1.));
#12990=DIRECTION('ref_axis',(-0.988274526264962,0.152687460964432,0.));
#12991=DIRECTION('',(0.103804629198675,-0.994597707094142,0.));
#12992=DIRECTION('center_axis',(0.,0.,1.));
#12993=DIRECTION('ref_axis',(-0.988782085602142,-0.149365281080574,0.));
#12994=DIRECTION('',(0.505782732858492,-0.86266089927746,0.));
#12995=DIRECTION('center_axis',(0.,0.,1.));
#12996=DIRECTION('ref_axis',(-0.839928349523304,-0.542697307591495,0.));
#12997=DIRECTION('',(0.759203722967869,-0.650853061014334,0.));
#12998=DIRECTION('center_axis',(0.,0.,1.));
#12999=DIRECTION('ref_axis',(-0.620184243818145,-0.784456183428823,0.));
#13000=DIRECTION('',(0.949597527721837,-0.31347174568783,0.));
#13001=DIRECTION('center_axis',(0.,0.,1.));
#13002=DIRECTION('ref_axis',(-0.276097226266971,-0.961129711146048,0.));
#13003=DIRECTION('',(0.972379284393944,0.23340635655766,0.));
#13004=DIRECTION('center_axis',(0.,0.,1.));
#13005=DIRECTION('ref_axis',(0.278100686279333,-0.96055192899237,0.));
#13006=DIRECTION('',(0.884024498348772,0.467440569825943,0.));
#13007=DIRECTION('center_axis',(0.,0.,-1.));
#13008=DIRECTION('ref_axis',(-0.175902451312284,0.984407602379385,0.));
#13009=DIRECTION('',(0.988698405270286,0.149918189076555,0.));
#13010=DIRECTION('center_axis',(0.,0.,-1.));
#13011=DIRECTION('ref_axis',(0.467293554197242,0.884102219319525,0.));
#13012=DIRECTION('',(0.88402324279706,-0.467442944320021,0.));
#13013=DIRECTION('',(0.900025065038917,-0.435838137731995,0.));
#13014=DIRECTION('',(0.928869964452443,-0.370405978809897,0.));
#13015=DIRECTION('center_axis',(0.,0.,1.));
#13016=DIRECTION('ref_axis',(-0.329751480623098,-0.944067773534758,0.));
#13017=DIRECTION('',(0.995719582219465,-0.0924257192814539,0.));
#13018=DIRECTION('center_axis',(0.,0.,1.));
#13019=DIRECTION('ref_axis',(-0.0478494797650603,-0.998854557623988,0.));
#13020=DIRECTION('',(0.968326790191597,0.249686257926301,0.));
#13021=DIRECTION('center_axis',(0.,0.,1.));
#13022=DIRECTION('ref_axis',(0.290313614693265,-0.956931557178323,0.));
#13023=DIRECTION('',(0.799729012269087,0.600361147089908,0.));
#13024=DIRECTION('center_axis',(0.,0.,1.));
#13025=DIRECTION('ref_axis',(0.631254571630016,-0.775575699591087,0.));
#13026=DIRECTION('',(0.563182926535945,0.826332252340672,0.));
#13027=DIRECTION('center_axis',(0.,0.,1.));
#13028=DIRECTION('ref_axis',(0.84855804082616,-0.529102307072337,0.));
#13029=DIRECTION('',(0.103869745411171,0.994590908860632,0.));
#13030=DIRECTION('center_axis',(0.,0.,1.));
#13031=DIRECTION('ref_axis',(0.998387994761398,-0.0567574833507926,0.));
#13032=DIRECTION('',(-0.150013655188551,0.988683924850086,0.));
#13033=DIRECTION('center_axis',(0.,0.,-1.));
#13034=DIRECTION('ref_axis',(-0.951710525030801,0.306996867322123,0.));
#13035=DIRECTION('',(0.330320776178827,0.943868732835566,0.));
#13036=DIRECTION('center_axis',(0.,0.,-1.));
#13037=DIRECTION('ref_axis',(-0.720767051135809,0.693177364025247,0.));
#13038=DIRECTION('',(0.692853834977476,0.721078056355207,0.));
#13039=DIRECTION('',(0.667228782752092,0.744852838799156,0.));
#13040=DIRECTION('',(0.612990676015024,0.790090141134949,0.));
#13041=DIRECTION('center_axis',(0.,0.,1.));
#13042=DIRECTION('ref_axis',(0.815579676321159,-0.578644788771034,0.));
#13043=DIRECTION('',(0.301140207653006,0.953579873599849,0.));
#13044=DIRECTION('center_axis',(0.,0.,1.));
#13045=DIRECTION('ref_axis',(0.965966689705776,-0.258666492570773,0.));
#13046=DIRECTION('',(-0.0329899382055305,0.999455683848561,0.));
#13047=DIRECTION('center_axis',(0.,0.,1.));
#13048=DIRECTION('ref_axis',(0.997212406612571,0.0746151197678143,0.));
#13049=DIRECTION('',(-0.466241355758739,0.884657559838977,0.));
#13050=DIRECTION('center_axis',(0.,0.,1.));
#13051=DIRECTION('ref_axis',(0.86667402350783,0.498874871061621,0.));
#13052=DIRECTION('',(-0.917389363783158,0.397990898410419,0.));
#13053=DIRECTION('center_axis',(0.,0.,1.));
#13054=DIRECTION('ref_axis',(0.356013267499288,0.934480900481374,0.));
#13055=DIRECTION('',(-0.986611281809302,0.163089480367698,0.));
#13056=DIRECTION('center_axis',(0.,0.,-1.));
#13057=DIRECTION('ref_axis',(-0.549809987240721,-0.835289756869051,0.));
#13058=DIRECTION('',(-0.820805280191265,0.571208098690958,0.));
#13059=DIRECTION('center_axis',(0.,0.,-1.));
#13060=DIRECTION('ref_axis',(-0.897827243615928,-0.440347863195706,0.));
#13061=DIRECTION('',(-2.00728274751209E-12,1.,0.));
#13062=DIRECTION('center_axis',(0.,0.,1.));
#13063=DIRECTION('ref_axis',(0.999999999999966,-2.6143478117792E-7,0.));
#13064=DIRECTION('',(1.,1.9055461786315E-13,0.));
#13065=DIRECTION('center_axis',(0.,0.,1.));
#13066=DIRECTION('ref_axis',(-2.61418099576676E-7,-0.999999999999966,0.));
#13067=DIRECTION('',(2.0428098757523E-13,-1.,0.));
#13068=DIRECTION('center_axis',(0.,0.,1.));
#13069=DIRECTION('ref_axis',(-0.999999999999966,2.61418115725772E-7,0.));
#13070=DIRECTION('',(-1.,6.44332987526137E-13,0.));
#13071=DIRECTION('center_axis',(0.,0.,1.));
#13072=DIRECTION('ref_axis',(2.61436961256394E-7,0.999999999999966,0.));
#13073=DIRECTION('center_axis',(0.900123309440549,0.435635200370441,0.));
#13074=DIRECTION('ref_axis',(0.435635200370441,-0.900123309440549,0.));
#13075=DIRECTION('',(-0.435635200370441,0.900123309440549,0.));
#13076=DIRECTION('',(0.,0.,-1.));
#13077=DIRECTION('center_axis',(-0.908246824684552,0.418434828199601,0.));
#13078=DIRECTION('ref_axis',(0.418434828199601,0.908246824684552,0.));
#13079=DIRECTION('',(0.,0.,1.));
#13080=DIRECTION('',(0.,0.,-1.));
#13081=DIRECTION('',(-0.418434828199601,-0.908246824684552,0.));
#13082=DIRECTION('center_axis',(0.,1.,0.));
#13083=DIRECTION('ref_axis',(-1.,0.,0.));
#13084=DIRECTION('',(-1.,0.,0.));
#13085=DIRECTION('',(0.,0.,1.));
#13086=DIRECTION('center_axis',(-1.,0.,0.));
#13087=DIRECTION('ref_axis',(0.,-1.,0.));
#13088=DIRECTION('',(0.,-1.,0.));
#13089=DIRECTION('',(0.,0.,-1.));
#13090=DIRECTION('center_axis',(0.,0.,-1.));
#13091=DIRECTION('ref_axis',(0.591872421334843,-0.806031659963323,0.));
#13092=DIRECTION('center_axis',(0.,0.,-1.));
#13093=DIRECTION('ref_axis',(0.591872421334843,-0.806031659963323,0.));
#13094=DIRECTION('',(0.,0.,-1.));
#13095=DIRECTION('center_axis',(0.,0.,-1.));
#13096=DIRECTION('ref_axis',(-1.,0.,0.));
#13097=DIRECTION('',(-1.,4.88760138659691E-11,0.));
#13098=DIRECTION('',(-0.999687101928522,-0.0250139608569493,0.));
#13099=DIRECTION('center_axis',(0.,0.,1.));
#13100=DIRECTION('ref_axis',(-0.050649595190565,0.998716485548843,0.));
#13101=DIRECTION('',(-0.977394186430855,-0.211425174307996,0.));
#13102=DIRECTION('center_axis',(0.,0.,1.));
#13103=DIRECTION('ref_axis',(-0.23371450068794,0.972305266965158,0.));
#13104=DIRECTION('',(-0.910091788378634,-0.414406728620302,0.));
#13105=DIRECTION('center_axis',(0.,0.,1.));
#13106=DIRECTION('ref_axis',(-0.43242628413012,0.901669290146568,0.));
#13107=DIRECTION('',(-0.778089379936055,-0.628153577424125,0.));
#13108=DIRECTION('center_axis',(0.,0.,1.));
#13109=DIRECTION('ref_axis',(-0.643590980027054,0.765369616870056,0.));
#13110=DIRECTION('',(-0.653081463714712,-0.757287661164666,0.));
#13111=DIRECTION('center_axis',(0.,0.,1.));
#13112=DIRECTION('ref_axis',(-0.77108896622429,0.636727419047708,0.));
#13113=DIRECTION('',(-0.489288788396782,-0.872121827240443,0.));
#13114=DIRECTION('center_axis',(0.,0.,1.));
#13115=DIRECTION('ref_axis',(-0.88369134067546,0.468070095621593,0.));
#13116=DIRECTION('',(-0.28067621503575,-0.959802512141537,0.));
#13117=DIRECTION('center_axis',(0.,0.,1.));
#13118=DIRECTION('ref_axis',(-0.967254312042914,0.253809172084836,0.));
#13119=DIRECTION('',(0.,-1.,0.));
#13120=DIRECTION('',(0.021729730636763,-0.99976388152726,0.));
#13121=DIRECTION('',(0.0672614835720207,-0.99773538216688,0.));
#13122=DIRECTION('',(0.115896642290869,-0.993261278972307,0.));
#13123=DIRECTION('center_axis',(0.,0.,1.));
#13124=DIRECTION('ref_axis',(-0.990204060735069,-0.13962778413976,0.));
#13125=DIRECTION('',(0.237375994149244,-0.971417849023611,0.));
#13126=DIRECTION('center_axis',(0.,0.,1.));
#13127=DIRECTION('ref_axis',(-0.968322751576988,-0.249701919853193,0.));
#13128=DIRECTION('',(0.391691134625042,-0.920096763963523,0.));
#13129=DIRECTION('center_axis',(0.,0.,1.));
#13130=DIRECTION('ref_axis',(-0.913933070545736,-0.405864931427739,0.));
#13131=DIRECTION('',(0.559730851651412,-0.828674467876008,0.));
#13132=DIRECTION('center_axis',(0.,0.,1.));
#13133=DIRECTION('ref_axis',(-0.818526323372742,-0.574469022616451,0.));
#13134=DIRECTION('',(0.754636003226087,-0.656143660058494,0.));
#13135=DIRECTION('center_axis',(0.,0.,1.));
#13136=DIRECTION('ref_axis',(-0.638579145773528,-0.769556154275405,0.));
#13137=DIRECTION('',(0.902889954477943,-0.429871760066671,0.));
#13138=DIRECTION('center_axis',(0.,0.,-1.));
#13139=DIRECTION('ref_axis',(0.677564577999925,0.735463284358766,0.));
#13140=DIRECTION('',(0.709386754479588,-0.704819432598816,0.));
#13141=DIRECTION('center_axis',(0.,0.,-1.));
#13142=DIRECTION('ref_axis',(0.999993933059141,0.00348336689284466,0.));
#13143=DIRECTION('',(1.95232753548348E-8,-1.,0.));
#13144=DIRECTION('',(-0.33701698341024,-0.941498567653218,0.));
#13145=DIRECTION('',(-0.348059386763732,-0.937472486681959,0.));
#13146=DIRECTION('',(-0.467751606712092,-0.883859963126657,0.));
#13147=DIRECTION('',(-0.520332649758026,-0.853963660582692,0.));
#13148=DIRECTION('center_axis',(0.,0.,-1.));
#13149=DIRECTION('ref_axis',(0.595318214316469,-0.803490027133536,0.));
#13150=DIRECTION('',(-0.820804142677275,-0.571209733253754,0.));
#13151=DIRECTION('center_axis',(0.,0.,-1.));
#13152=DIRECTION('ref_axis',(0.16283453037367,-0.986653391884904,0.));
#13153=DIRECTION('',(-0.986611347413963,-0.163089083491218,0.));
#13154=DIRECTION('',(-0.980363210613319,-0.197200342991449,0.));
#13155=DIRECTION('',(-0.964174614984555,-0.265268376968279,0.));
#13156=DIRECTION('',(-0.943135346243082,-0.332408962976243,0.));
#13157=DIRECTION('center_axis',(0.,0.,1.));
#13158=DIRECTION('ref_axis',(-0.363994109724765,0.931401249776741,0.));
#13159=DIRECTION('',(-0.772551558722335,-0.634952036862384,0.));
#13160=DIRECTION('center_axis',(0.,0.,1.));
#13161=DIRECTION('ref_axis',(-0.660790259486862,0.750570604918209,0.));
#13162=DIRECTION('',(-0.522515327656495,-0.852629891784252,0.));
#13163=DIRECTION('center_axis',(0.,0.,1.));
#13164=DIRECTION('ref_axis',(-0.868836835754113,0.495098528413063,0.));
#13165=DIRECTION('',(-0.0983800278574801,-0.99514891856383,0.));
#13166=DIRECTION('center_axis',(0.,0.,1.));
#13167=DIRECTION('ref_axis',(-0.997640681331756,0.068651809531211,0.));
#13168=DIRECTION('',(0.49479571238987,-0.869009322735148,0.));
#13169=DIRECTION('center_axis',(0.,0.,1.));
#13170=DIRECTION('ref_axis',(-0.850380560886594,-0.52616813060675,0.));
#13171=DIRECTION('',(0.692851441718325,-0.721080355930487,0.));
#13172=DIRECTION('',(0.671843623118349,-0.740693017433815,0.));
#13173=DIRECTION('',(0.628051543443127,-0.778171741184879,0.));
#13174=DIRECTION('',(0.582336841301049,-0.812947601794554,0.));
#13175=DIRECTION('center_axis',(0.,0.,-1.));
#13176=DIRECTION('ref_axis',(0.988724625887371,-0.149745164075096,0.));
#13177=DIRECTION('',(-0.150021498303368,-0.988682734777346,0.));
#13178=DIRECTION('center_axis',(0.,0.,1.));
#13179=DIRECTION('ref_axis',(-0.988367874746662,0.152082031051557,0.));
#13180=DIRECTION('',(0.10380462919066,-0.994597707094979,0.));
#13181=DIRECTION('center_axis',(0.,0.,1.));
#13182=DIRECTION('ref_axis',(-0.990249655027207,-0.139304058514094,0.));
#13183=DIRECTION('',(0.505782732949491,-0.862660899224106,0.));
#13184=DIRECTION('center_axis',(0.,0.,1.));
#13185=DIRECTION('ref_axis',(-0.844860216286618,-0.534987116607614,0.));
#13186=DIRECTION('',(0.759203722962177,-0.650853061020973,0.));
#13187=DIRECTION('center_axis',(0.,0.,1.));
#13188=DIRECTION('ref_axis',(-0.626591665069803,-0.779347730647272,0.));
#13189=DIRECTION('',(0.949597527794331,-0.313471745468223,0.));
#13190=DIRECTION('center_axis',(0.,0.,1.));
#13191=DIRECTION('ref_axis',(-0.284188087987961,-0.958768549049116,0.));
#13192=DIRECTION('',(0.972379284289076,0.233406356994545,0.));
#13193=DIRECTION('center_axis',(0.,0.,1.));
#13194=DIRECTION('ref_axis',(0.269098221870649,-0.963112738461108,0.));
#13195=DIRECTION('',(0.884024495862917,0.467440574527197,0.));
#13196=DIRECTION('center_axis',(0.,0.,-1.));
#13197=DIRECTION('ref_axis',(-0.180231764865698,0.983624171588618,0.));
#13198=DIRECTION('',(0.988698405225496,0.149918189371942,0.));
#13199=DIRECTION('center_axis',(0.,0.,-1.));
#13200=DIRECTION('ref_axis',(0.467270054940733,0.884114639487258,0.));
#13201=DIRECTION('',(0.884023242765017,-0.467442944380621,0.));
#13202=DIRECTION('',(0.900025065046065,-0.435838137717233,0.));
#13203=DIRECTION('',(0.928869964473516,-0.370405978757051,0.));
#13204=DIRECTION('center_axis',(0.,0.,1.));
#13205=DIRECTION('ref_axis',(-0.338469610716139,-0.940977323117654,0.));
#13206=DIRECTION('',(0.995719582235774,-0.0924257191057519,0.));
#13207=DIRECTION('center_axis',(0.,0.,1.));
#13208=DIRECTION('ref_axis',(-0.0574530868854354,-0.99834820719393,0.));
#13209=DIRECTION('',(0.968326790135645,0.249686258143293,0.));
#13210=DIRECTION('center_axis',(0.,0.,1.));
#13211=DIRECTION('ref_axis',(0.281955059978807,-0.959427612773547,0.));
#13212=DIRECTION('',(0.799729012062284,0.600361147365386,0.));
#13213=DIRECTION('center_axis',(0.,0.,1.));
#13214=DIRECTION('ref_axis',(0.624872556780797,-0.78072676896737,0.));
#13215=DIRECTION('',(0.563182926351786,0.826332252466185,0.));
#13216=DIRECTION('center_axis',(0.,0.,1.));
#13217=DIRECTION('ref_axis',(0.843768292386359,-0.536707619438562,0.));
#13218=DIRECTION('',(0.103869745367363,0.994590908865207,0.));
#13219=DIRECTION('center_axis',(0.,0.,1.));
#13220=DIRECTION('ref_axis',(0.997781976358609,-0.0665667158113366,0.));
#13221=DIRECTION('',(-0.150013660059108,0.988683924111073,0.));
#13222=DIRECTION('center_axis',(0.,0.,-1.));
#13223=DIRECTION('ref_axis',(-0.952988784122497,0.303005573111659,0.));
#13224=DIRECTION('',(0.330320776701619,0.943868732652607,0.));
#13225=DIRECTION('center_axis',(0.,0.,-1.));
#13226=DIRECTION('ref_axis',(-0.720717400270139,0.693228987382851,0.));
#13227=DIRECTION('',(0.692853835313585,0.721078056032255,0.));
#13228=DIRECTION('',(0.667228782750637,0.744852838800459,0.));
#13229=DIRECTION('',(0.612990676011153,0.790090141137953,0.));
#13230=DIRECTION('center_axis',(0.,0.,1.));
#13231=DIRECTION('ref_axis',(0.810146447521734,-0.586227544190747,0.));
#13232=DIRECTION('',(0.301140207619268,0.953579873610504,0.));
#13233=DIRECTION('center_axis',(0.,0.,1.));
#13234=DIRECTION('ref_axis',(0.963415368538149,-0.268012737877332,0.));
#13235=DIRECTION('',(-0.0329899382557521,0.999455683846904,0.));
#13236=DIRECTION('center_axis',(0.,0.,1.));
#13237=DIRECTION('ref_axis',(0.99782827937973,0.0658689977917375,0.));
#13238=DIRECTION('',(-0.466241355762694,0.884657559836892,0.));
#13239=DIRECTION('center_axis',(0.,0.,1.));
#13240=DIRECTION('ref_axis',(0.870670403691338,0.491866900833917,0.));
#13241=DIRECTION('',(-0.917389363774979,0.397990898429272,0.));
#13242=DIRECTION('center_axis',(0.,0.,1.));
#13243=DIRECTION('ref_axis',(0.364581469675293,0.93117149439263,0.));
#13244=DIRECTION('',(-0.986611282594007,0.16308947562062,0.));
#13245=DIRECTION('center_axis',(0.,0.,-1.));
#13246=DIRECTION('ref_axis',(-0.546198423202375,-0.837655825796752,0.));
#13247=DIRECTION('',(-0.820805279692059,0.571208099408298,0.));
#13248=DIRECTION('center_axis',(0.,0.,-1.));
#13249=DIRECTION('ref_axis',(-0.897881953748963,-0.440236296926941,0.));
#13250=DIRECTION('',(-0.317311768254924,0.94832127558488,0.));
#13251=DIRECTION('',(-0.327000411702018,0.945024195852525,0.));
#13252=DIRECTION('',(-7.23251134004812E-14,1.,0.));
#13253=DIRECTION('center_axis',(0.,0.,-1.));
#13254=DIRECTION('ref_axis',(-0.992936946770388,0.118643245649719,0.));
#13255=DIRECTION('',(0.141609701745071,0.989922568876815,0.));
#13256=DIRECTION('center_axis',(0.,0.,-1.));
#13257=DIRECTION('ref_axis',(-0.873240947987013,0.487288668818333,0.));
#13258=DIRECTION('',(0.503539231563398,0.863972361986507,0.));
#13259=DIRECTION('center_axis',(0.,0.,-1.));
#13260=DIRECTION('ref_axis',(-0.402566667074494,0.915390669911231,0.));
#13261=DIRECTION('',(0.893200760201451,0.44965809452911,0.));
#13262=DIRECTION('',(0.849178418846374,0.528106062231416,0.));
#13263=DIRECTION('',(0.797677579877521,0.603084138873459,0.));
#13264=DIRECTION('center_axis',(0.,0.,1.));
#13265=DIRECTION('ref_axis',(0.639441908015151,-0.768839415140732,0.));
#13266=DIRECTION('',(0.542896541937889,0.839799586063176,0.));
#13267=DIRECTION('',(0.474989159705006,0.879991646643724,0.));
#13268=DIRECTION('',(0.408252083974499,0.912869232656287,0.));
#13269=DIRECTION('',(0.343643199589363,0.939100288241882,0.));
#13270=DIRECTION('',(0.28182105227117,0.959466984578818,0.));
#13271=DIRECTION('',(0.223178540412501,0.974777584425979,0.));
#13272=DIRECTION('',(0.167882818171369,0.985806958467447,0.));
#13273=DIRECTION('',(0.115958919214521,0.993254010339047,0.));
#13274=DIRECTION('',(0.0672990988329729,0.99773284565372,0.));
#13275=DIRECTION('',(0.0217439462505533,0.999763572451734,0.));
#13276=DIRECTION('',(-2.89951045651259E-14,1.,0.));
#13277=DIRECTION('center_axis',(0.,0.,1.));
#13278=DIRECTION('ref_axis',(0.999999551413969,0.000947191565198769,0.));
#13279=DIRECTION('',(-0.280845746827719,0.959752919500004,0.));
#13280=DIRECTION('center_axis',(0.,0.,1.));
#13281=DIRECTION('ref_axis',(0.950565097717676,0.310525353233813,0.));
#13282=DIRECTION('',(-0.489461802211066,0.872024738282289,0.));
#13283=DIRECTION('center_axis',(0.,0.,1.));
#13284=DIRECTION('ref_axis',(0.858119473317931,0.513450065257136,0.));
#13285=DIRECTION('',(-0.653166856858337,0.757214010106654,0.));
#13286=DIRECTION('center_axis',(0.,0.,1.));
#13287=DIRECTION('ref_axis',(0.741070083307032,0.671427681606373,0.));
#13288=DIRECTION('',(-0.778111404317686,0.628126295000264,0.));
#13289=DIRECTION('center_axis',(0.,0.,1.));
#13290=DIRECTION('ref_axis',(0.610669994039507,0.791885192676179,0.));
#13291=DIRECTION('',(-0.926610774883793,0.37602190344348,0.));
#13292=DIRECTION('center_axis',(0.,0.,1.));
#13293=DIRECTION('ref_axis',(0.357791990809833,0.933801312545841,0.));
#13294=DIRECTION('',(-0.985947103855756,0.167057799573821,0.));
#13295=DIRECTION('center_axis',(0.,0.,1.));
#13296=DIRECTION('ref_axis',(0.146334004727979,0.989235239495779,0.));
#13297=DIRECTION('',(0.,-1.,0.));
#13298=DIRECTION('',(-1.,3.85039335001403E-9,0.));
#13299=DIRECTION('center_axis',(0.,0.,1.));
#13300=DIRECTION('ref_axis',(0.141303152399914,0.989966372722754,0.));
#13301=DIRECTION('',(-0.985947103863182,0.167057799529996,0.));
#13302=DIRECTION('center_axis',(0.,0.,1.));
#13303=DIRECTION('ref_axis',(0.354034311528042,0.935232434350341,0.));
#13304=DIRECTION('',(-0.926610774896307,0.376021903412642,0.));
#13305=DIRECTION('center_axis',(0.,0.,1.));
#13306=DIRECTION('ref_axis',(0.607251060832871,0.794510005674789,0.));
#13307=DIRECTION('',(-0.778111404321188,0.628126294995926,0.));
#13308=DIRECTION('center_axis',(0.,0.,1.));
#13309=DIRECTION('ref_axis',(0.737512933172478,0.675333009265302,0.));
#13310=DIRECTION('',(-0.653166856865065,0.757214010100851,0.));
#13311=DIRECTION('center_axis',(0.,0.,1.));
#13312=DIRECTION('ref_axis',(0.854395326182413,0.519623543151817,0.));
#13313=DIRECTION('',(-0.489461802219415,0.872024738277603,0.));
#13314=DIRECTION('center_axis',(0.,0.,1.));
#13315=DIRECTION('ref_axis',(0.947421138397601,0.319989353756331,0.));
#13316=DIRECTION('',(-0.280845746840566,0.959752919496245,0.));
#13317=DIRECTION('center_axis',(0.,0.,1.));
#13318=DIRECTION('ref_axis',(0.999999059584667,0.0013714334766883,0.));
#13319=DIRECTION('',(0.,1.,0.));
#13320=DIRECTION('',(0.0217439462511112,0.999763572451722,0.));
#13321=DIRECTION('',(0.0672990988329123,0.997732845653724,0.));
#13322=DIRECTION('',(0.115958919214348,0.993254010339067,0.));
#13323=DIRECTION('',(0.167882818171033,0.985806958467504,0.));
#13324=DIRECTION('',(0.223178540412515,0.974777584425975,0.));
#13325=DIRECTION('',(0.28182105227102,0.959466984578862,0.));
#13326=DIRECTION('',(0.343643199589455,0.939100288241848,0.));
#13327=DIRECTION('',(0.408252083974684,0.912869232656204,0.));
#13328=DIRECTION('',(0.47498915970536,0.879991646643532,0.));
#13329=DIRECTION('',(0.542896541955462,0.839799586051816,0.));
#13330=DIRECTION('center_axis',(0.,0.,1.));
#13331=DIRECTION('ref_axis',(0.654903453378218,-0.75571255564089,0.));
#13332=DIRECTION('',(0.797677579893231,0.60308413885268,0.));
#13333=DIRECTION('',(0.849178418845881,0.528106062232209,0.));
#13334=DIRECTION('',(0.893200760206623,0.449658094518836,0.));
#13335=DIRECTION('center_axis',(0.,0.,-1.));
#13336=DIRECTION('ref_axis',(-0.423260009270924,0.906008258545129,0.));
#13337=DIRECTION('',(0.503539231860037,0.863972361813619,0.));
#13338=DIRECTION('center_axis',(0.,0.,-1.));
#13339=DIRECTION('ref_axis',(-0.868962137539002,0.49487857452475,0.));
#13340=DIRECTION('',(0.141609632439572,0.989922578791053,0.));
#13341=DIRECTION('center_axis',(0.,0.,-1.));
#13342=DIRECTION('ref_axis',(-0.991596100295118,0.129372229939482,0.));
#13343=DIRECTION('',(0.,1.,0.));
#13344=DIRECTION('',(-0.336899845202638,0.941540489996282,0.));
#13345=DIRECTION('',(-0.327000411702093,0.945024195852499,0.));
#13346=DIRECTION('',(-0.317311768276728,0.948321275577584,0.));
#13347=DIRECTION('center_axis',(0.,0.,-1.));
#13348=DIRECTION('ref_axis',(-0.897827243615928,-0.440347863195706,0.));
#13349=DIRECTION('',(-0.820805280191265,0.571208098690958,0.));
#13350=DIRECTION('center_axis',(0.,0.,-1.));
#13351=DIRECTION('ref_axis',(-0.549809987240721,-0.835289756869051,0.));
#13352=DIRECTION('',(-0.986611281809302,0.163089480367698,0.));
#13353=DIRECTION('center_axis',(0.,0.,1.));
#13354=DIRECTION('ref_axis',(0.356013267499288,0.934480900481374,0.));
#13355=DIRECTION('',(-0.917389363783158,0.397990898410419,0.));
#13356=DIRECTION('center_axis',(0.,0.,1.));
#13357=DIRECTION('ref_axis',(0.86667402350783,0.498874871061621,0.));
#13358=DIRECTION('',(-0.466241355758739,0.884657559838977,0.));
#13359=DIRECTION('center_axis',(0.,0.,1.));
#13360=DIRECTION('ref_axis',(0.997212406612571,0.0746151197678143,0.));
#13361=DIRECTION('',(-0.0329899382055305,0.999455683848561,0.));
#13362=DIRECTION('center_axis',(0.,0.,1.));
#13363=DIRECTION('ref_axis',(0.965966689705776,-0.258666492570773,0.));
#13364=DIRECTION('',(0.301140207653006,0.953579873599849,0.));
#13365=DIRECTION('center_axis',(0.,0.,1.));
#13366=DIRECTION('ref_axis',(0.815579676321159,-0.578644788771034,0.));
#13367=DIRECTION('',(0.612990676015024,0.790090141134949,0.));
#13368=DIRECTION('',(0.667228782752092,0.744852838799156,0.));
#13369=DIRECTION('',(0.692853834977476,0.721078056355207,0.));
#13370=DIRECTION('center_axis',(0.,0.,-1.));
#13371=DIRECTION('ref_axis',(-0.720767051135809,0.693177364025247,0.));
#13372=DIRECTION('',(0.330320776178827,0.943868732835566,0.));
#13373=DIRECTION('center_axis',(0.,0.,-1.));
#13374=DIRECTION('ref_axis',(-0.951710525030801,0.306996867322123,0.));
#13375=DIRECTION('',(-0.150013655188551,0.988683924850086,0.));
#13376=DIRECTION('center_axis',(0.,0.,1.));
#13377=DIRECTION('ref_axis',(0.998387994761398,-0.0567574833507926,0.));
#13378=DIRECTION('',(0.103869745411171,0.994590908860632,0.));
#13379=DIRECTION('center_axis',(0.,0.,1.));
#13380=DIRECTION('ref_axis',(0.84855804082616,-0.529102307072337,0.));
#13381=DIRECTION('',(0.563182926535945,0.826332252340672,0.));
#13382=DIRECTION('center_axis',(0.,0.,1.));
#13383=DIRECTION('ref_axis',(0.631254571630016,-0.775575699591087,0.));
#13384=DIRECTION('',(0.799729012269087,0.600361147089908,0.));
#13385=DIRECTION('center_axis',(0.,0.,1.));
#13386=DIRECTION('ref_axis',(0.290313614693265,-0.956931557178323,0.));
#13387=DIRECTION('',(0.968326790191597,0.249686257926301,0.));
#13388=DIRECTION('center_axis',(0.,0.,1.));
#13389=DIRECTION('ref_axis',(-0.0478494797650603,-0.998854557623988,0.));
#13390=DIRECTION('',(0.995719582219465,-0.0924257192814539,0.));
#13391=DIRECTION('center_axis',(0.,0.,1.));
#13392=DIRECTION('ref_axis',(-0.329751480623098,-0.944067773534758,0.));
#13393=DIRECTION('',(0.928869964452443,-0.370405978809897,0.));
#13394=DIRECTION('',(0.900025065038917,-0.435838137731995,0.));
#13395=DIRECTION('',(0.88402324279706,-0.467442944320021,0.));
#13396=DIRECTION('center_axis',(0.,0.,-1.));
#13397=DIRECTION('ref_axis',(0.467293554197242,0.884102219319525,0.));
#13398=DIRECTION('',(0.988698405270286,0.149918189076555,0.));
#13399=DIRECTION('center_axis',(0.,0.,-1.));
#13400=DIRECTION('ref_axis',(-0.175902451312284,0.984407602379385,0.));
#13401=DIRECTION('',(0.884024498348772,0.467440569825943,0.));
#13402=DIRECTION('center_axis',(0.,0.,1.));
#13403=DIRECTION('ref_axis',(0.278100686279333,-0.96055192899237,0.));
#13404=DIRECTION('',(0.972379284393944,0.23340635655766,0.));
#13405=DIRECTION('center_axis',(0.,0.,1.));
#13406=DIRECTION('ref_axis',(-0.276097226266971,-0.961129711146048,0.));
#13407=DIRECTION('',(0.949597527721837,-0.31347174568783,0.));
#13408=DIRECTION('center_axis',(0.,0.,1.));
#13409=DIRECTION('ref_axis',(-0.620184243818145,-0.784456183428823,0.));
#13410=DIRECTION('',(0.759203722967869,-0.650853061014334,0.));
#13411=DIRECTION('center_axis',(0.,0.,1.));
#13412=DIRECTION('ref_axis',(-0.839928349523304,-0.542697307591495,0.));
#13413=DIRECTION('',(0.505782732858492,-0.86266089927746,0.));
#13414=DIRECTION('center_axis',(0.,0.,1.));
#13415=DIRECTION('ref_axis',(-0.988782085602142,-0.149365281080574,0.));
#13416=DIRECTION('',(0.103804629198675,-0.994597707094142,0.));
#13417=DIRECTION('center_axis',(0.,0.,1.));
#13418=DIRECTION('ref_axis',(-0.988274526264962,0.152687460964432,0.));
#13419=DIRECTION('',(-0.15002149842139,-0.988682734759438,0.));
#13420=DIRECTION('center_axis',(0.,0.,-1.));
#13421=DIRECTION('ref_axis',(0.988718846303003,-0.149783320050194,0.));
#13422=DIRECTION('',(0.582336841294289,-0.812947601799397,0.));
#13423=DIRECTION('',(0.628051543443778,-0.778171741184353,0.));
#13424=DIRECTION('',(0.671843623120742,-0.740693017431644,0.));
#13425=DIRECTION('',(0.692851438011537,-0.721080359492161,0.));
#13426=DIRECTION('center_axis',(0.,0.,1.));
#13427=DIRECTION('ref_axis',(-0.84535676737382,-0.534202148868091,0.));
#13428=DIRECTION('',(0.494795712398491,-0.869009322730239,0.));
#13429=DIRECTION('center_axis',(0.,0.,1.));
#13430=DIRECTION('ref_axis',(-0.998182363109994,0.0602658275986289,0.));
#13431=DIRECTION('',(-0.0983800278337904,-0.995148918566172,0.));
#13432=DIRECTION('center_axis',(0.,0.,1.));
#13433=DIRECTION('ref_axis',(-0.872994701021883,0.487729691517456,0.));
#13434=DIRECTION('',(-0.522515327612761,-0.852629891811054,0.));
#13435=DIRECTION('center_axis',(0.,0.,1.));
#13436=DIRECTION('ref_axis',(-0.667735290271503,0.744398805833292,0.));
#13437=DIRECTION('',(-0.772551558698289,-0.634952036891642,0.));
#13438=DIRECTION('center_axis',(0.,0.,1.));
#13439=DIRECTION('ref_axis',(-0.372656379119517,0.927969408494445,0.));
#13440=DIRECTION('',(-0.943135346240667,-0.332408962983095,0.));
#13441=DIRECTION('',(-0.964174614984374,-0.265268376968939,0.));
#13442=DIRECTION('',(-0.980363210612858,-0.19720034299374,0.));
#13443=DIRECTION('',(-0.986611347393049,-0.163089083617732,0.));
#13444=DIRECTION('center_axis',(0.,0.,-1.));
#13445=DIRECTION('ref_axis',(0.16286917900954,-0.986647672945494,0.));
#13446=DIRECTION('',(-0.820804142654566,-0.571209733286386,0.));
#13447=DIRECTION('',(-0.348059386735592,-0.937472486692406,0.));
#13448=DIRECTION('',(-0.337016983410235,-0.94149856765322,0.));
#13449=DIRECTION('',(-0.336473869787596,-0.941692802855666,0.));
#13450=DIRECTION('',(1.0156910978097E-7,-0.999999999999995,0.));
#13451=DIRECTION('center_axis',(0.,0.,-1.));
#13452=DIRECTION('ref_axis',(0.999997890563073,0.00205398865754428,0.));
#13453=DIRECTION('',(0.709386754489849,-0.704819432588488,0.));
#13454=DIRECTION('center_axis',(0.,0.,-1.));
#13455=DIRECTION('ref_axis',(0.689463039029961,0.724320866613389,0.));
#13456=DIRECTION('',(0.902889954469398,-0.429871760084619,0.));
#13457=DIRECTION('center_axis',(0.,0.,1.));
#13458=DIRECTION('ref_axis',(-0.63062320864793,-0.776089149978654,0.));
#13459=DIRECTION('',(0.754636003215835,-0.656143660070286,0.));
#13460=DIRECTION('center_axis',(0.,0.,1.));
#13461=DIRECTION('ref_axis',(-0.814000348296072,-0.580864384322084,0.));
#13462=DIRECTION('',(0.559730851685883,-0.828674467852725,0.));
#13463=DIRECTION('center_axis',(0.,0.,1.));
#13464=DIRECTION('ref_axis',(-0.911781082125546,-0.410676585987038,0.));
#13465=DIRECTION('',(0.391691134666706,-0.920096763945786,0.));
#13466=DIRECTION('center_axis',(0.,0.,1.));
#13467=DIRECTION('ref_axis',(-0.967519557729479,-0.252796173647771,0.));
#13468=DIRECTION('',(0.237375994157826,-0.971417849021514,0.));
#13469=DIRECTION('center_axis',(0.,0.,1.));
#13470=DIRECTION('ref_axis',(-0.989553529457907,-0.144165919472667,0.));
#13471=DIRECTION('',(0.115896642290843,-0.99326127897231,0.));
#13472=DIRECTION('',(0.0672614835715777,-0.99773538216691,0.));
#13473=DIRECTION('',(0.0217297306337889,-0.999763881527325,0.));
#13474=DIRECTION('',(-5.81811857449066E-8,-0.999999999999998,0.));
#13475=DIRECTION('center_axis',(0.,0.,1.));
#13476=DIRECTION('ref_axis',(-0.969933382924767,0.243370566601874,0.));
#13477=DIRECTION('',(-0.280676214985053,-0.959802512156362,0.));
#13478=DIRECTION('center_axis',(0.,0.,1.));
#13479=DIRECTION('ref_axis',(-0.887356583687777,0.461083824684793,0.));
#13480=DIRECTION('',(-0.489288788353059,-0.872121827264973,0.));
#13481=DIRECTION('center_axis',(0.,0.,1.));
#13482=DIRECTION('ref_axis',(-0.774682598230983,0.632350276348555,0.));
#13483=DIRECTION('',(-0.653081463665032,-0.757287661207509,0.));
#13484=DIRECTION('center_axis',(0.,0.,1.));
#13485=DIRECTION('ref_axis',(-0.646950000011172,0.762532423891302,0.));
#13486=DIRECTION('',(-0.778089379886838,-0.628153577485089,0.));
#13487=DIRECTION('center_axis',(0.,0.,1.));
#13488=DIRECTION('ref_axis',(-0.435916311480339,0.899987205123148,0.));
#13489=DIRECTION('',(-0.910091788354123,-0.414406728674131,0.));
#13490=DIRECTION('center_axis',(0.,0.,1.));
#13491=DIRECTION('ref_axis',(-0.238168142282463,0.971223937102932,0.));
#13492=DIRECTION('',(-0.977394186429758,-0.211425174313068,0.));
#13493=DIRECTION('center_axis',(0.,0.,1.));
#13494=DIRECTION('ref_axis',(-0.0565164689262191,0.998401667035924,0.));
#13495=DIRECTION('',(-0.999687101928343,-0.0250139608641204,0.));
#13496=DIRECTION('',(-1.,3.85039335001403E-9,0.));
#13497=DIRECTION('center_axis',(-3.85039335001403E-9,-1.,0.));
#13498=DIRECTION('ref_axis',(0.,0.,-1.));
#13499=DIRECTION('',(0.,0.,-1.));
#13500=DIRECTION('',(0.,0.,-1.));
#13501=DIRECTION('',(0.,0.,-1.));
#13502=DIRECTION('center_axis',(3.85039335001403E-9,1.,0.));
#13503=DIRECTION('ref_axis',(1.,-3.85039335001403E-9,-8.18341810088186E-13));
#13504=DIRECTION('',(-1.,3.85039335001403E-9,-4.66328149318486E-13));
#13505=DIRECTION('center_axis',(3.85039335001403E-9,1.,0.));
#13506=DIRECTION('ref_axis',(0.,0.,-1.));
#13507=DIRECTION('center_axis',(1.,0.,-4.20321054955928E-12));
#13508=DIRECTION('ref_axis',(4.20321054955928E-12,0.,1.));
#13509=DIRECTION('',(0.,-1.,0.));
#13510=DIRECTION('center_axis',(0.,-1.,0.));
#13511=DIRECTION('ref_axis',(1.,0.,-8.18341810088186E-13));
#13512=DIRECTION('',(0.,-1.,0.));
#13513=DIRECTION('center_axis',(4.66328149318486E-13,0.,-1.));
#13514=DIRECTION('ref_axis',(1.,0.,4.66328149318486E-13));
#13515=DIRECTION('',(0.,-1.,0.));
#13516=DIRECTION('center_axis',(0.,-1.,0.));
#13517=DIRECTION('ref_axis',(0.,0.,-1.));
#13518=DIRECTION('center_axis',(-4.88760138659691E-11,-1.,0.));
#13519=DIRECTION('ref_axis',(-1.,4.88760138659691E-11,0.));
#13520=DIRECTION('',(0.,0.,-1.));
#13521=DIRECTION('center_axis',(-2.00728274751209E-12,1.,0.));
#13522=DIRECTION('ref_axis',(-0.707106781186528,-1.4068028429807E-12,-0.707106781186567));
#13523=DIRECTION('center_axis',(-2.00136203905763E-12,1.,0.));
#13524=DIRECTION('ref_axis',(0.,0.,-1.));
#13525=DIRECTION('',(-2.00728274751209E-12,1.,0.));
#13526=DIRECTION('center_axis',(2.00136203905716E-12,-1.,0.));
#13527=DIRECTION('ref_axis',(-1.,-2.00136203905716E-12,0.));
#13528=DIRECTION('',(2.00728274751209E-12,-1.,0.));
#13529=DIRECTION('center_axis',(0.,0.,1.));
#13530=DIRECTION('ref_axis',(1.,0.,0.));
#13531=DIRECTION('center_axis',(0.999999999999966,-2.61436952087024E-7,
0.));
#13532=DIRECTION('ref_axis',(-2.61436952087024E-7,-0.999999999999966,0.));
#13533=DIRECTION('center_axis',(0.,0.,-1.));
#13534=DIRECTION('ref_axis',(0.707105856942627,0.70710770542926,0.));
#13535=DIRECTION('center_axis',(0.,0.,1.));
#13536=DIRECTION('ref_axis',(0.707105856942627,0.70710770542926,0.));
#13537=DIRECTION('center_axis',(-1.,6.44332987526137E-13,0.));
#13538=DIRECTION('ref_axis',(-4.68934280993551E-13,-0.707106781186553,-0.707106781186542));
#13539=DIRECTION('center_axis',(1.,-6.39488462184089E-13,0.));
#13540=DIRECTION('ref_axis',(-6.39488462184089E-13,-1.,0.));
#13541=DIRECTION('',(1.,-6.44332987526137E-13,0.));
#13542=DIRECTION('',(-1.,6.44332987526137E-13,0.));
#13543=DIRECTION('center_axis',(0.,0.,1.));
#13544=DIRECTION('ref_axis',(1.,0.,0.));
#13545=DIRECTION('center_axis',(2.61418110862147E-7,0.999999999999966,0.));
#13546=DIRECTION('ref_axis',(0.999999999999966,-2.61418110862147E-7,0.));
#13547=DIRECTION('center_axis',(0.,0.,-1.));
#13548=DIRECTION('ref_axis',(-0.707107705435833,0.707105856936054,0.));
#13549=DIRECTION('center_axis',(0.,0.,1.));
#13550=DIRECTION('ref_axis',(-0.707107705435833,0.707105856936054,0.));
#13551=DIRECTION('center_axis',(2.0428098757523E-13,-1.,0.));
#13552=DIRECTION('ref_axis',(0.707106781186544,1.50728876033643E-13,-0.707106781186551));
#13553=DIRECTION('center_axis',(-2.01320441798697E-13,1.,0.));
#13554=DIRECTION('ref_axis',(1.,2.01320441798697E-13,0.));
#13555=DIRECTION('',(-2.0428098757523E-13,1.,0.));
#13556=DIRECTION('',(2.0428098757523E-13,-1.,0.));
#13557=DIRECTION('center_axis',(0.,0.,1.));
#13558=DIRECTION('ref_axis',(1.,0.,0.));
#13559=DIRECTION('center_axis',(-0.999999999999966,2.61418099019768E-7,
0.));
#13560=DIRECTION('ref_axis',(2.61418099019768E-7,0.999999999999966,0.));
#13561=DIRECTION('center_axis',(0.,0.,-1.));
#13562=DIRECTION('ref_axis',(-0.707105856865274,-0.707107705506613,0.));
#13563=DIRECTION('center_axis',(0.,0.,1.));
#13564=DIRECTION('ref_axis',(-0.707105856865274,-0.707107705506613,0.));
#13565=DIRECTION('center_axis',(1.,1.9055461786315E-13,0.));
#13566=DIRECTION('ref_axis',(-1.33981223141016E-13,0.707106781186544,-0.707106781186551));
#13567=DIRECTION('center_axis',(-1.,-1.89478062869362E-13,0.));
#13568=DIRECTION('ref_axis',(-1.89478062869362E-13,1.,0.));
#13569=DIRECTION('',(-1.,-1.9055461786315E-13,0.));
#13570=DIRECTION('',(1.,1.9055461786315E-13,0.));
#13571=DIRECTION('center_axis',(0.,0.,1.));
#13572=DIRECTION('ref_axis',(1.,0.,0.));
#13573=DIRECTION('center_axis',(0.,0.,-1.));
#13574=DIRECTION('ref_axis',(0.707107705500524,-0.707105856871363,0.));
#13575=DIRECTION('center_axis',(0.,0.,1.));
#13576=DIRECTION('ref_axis',(0.707107705500524,-0.707105856871362,0.));
#13577=DIRECTION('center_axis',(0.,0.,1.));
#13578=DIRECTION('ref_axis',(-0.999999999999966,2.61418115725772E-7,0.));
#13579=DIRECTION('',(0.,0.,1.));
#13580=DIRECTION('',(0.,0.,1.));
#13581=DIRECTION('center_axis',(6.44332987526137E-13,1.,0.));
#13582=DIRECTION('ref_axis',(-1.,6.44332987526137E-13,0.));
#13583=DIRECTION('',(0.,0.,1.));
#13584=DIRECTION('center_axis',(0.,0.,1.));
#13585=DIRECTION('ref_axis',(2.61436961256394E-7,0.999999999999966,0.));
#13586=DIRECTION('',(0.,0.,1.));
#13587=DIRECTION('center_axis',(1.,2.00728274751209E-12,0.));
#13588=DIRECTION('ref_axis',(-2.00728274751209E-12,1.,0.));
#13589=DIRECTION('',(0.,0.,1.));
#13590=DIRECTION('center_axis',(0.,0.,-1.));
#13591=DIRECTION('ref_axis',(-1.,0.,0.));
#13592=DIRECTION('',(-0.5203326497576,-0.853963660582952,0.));
#13593=DIRECTION('',(-0.467751606711997,-0.883859963126708,0.));
#13594=DIRECTION('',(-0.337016983410236,-0.94149856765322,0.));
#13595=DIRECTION('',(0.,-1.,0.));
#13596=DIRECTION('center_axis',(0.,0.,1.));
#13597=DIRECTION('ref_axis',(-0.52866987526755,-0.848827522518322,0.));
#13598=DIRECTION('',(0.754636003225322,-0.656143660059375,0.));
#13599=DIRECTION('center_axis',(0.,0.,1.));
#13600=DIRECTION('ref_axis',(-0.669951720922458,-0.742404668380417,0.));
#13601=DIRECTION('',(0.5597308516508,-0.828674467876421,0.));
#13602=DIRECTION('center_axis',(0.,0.,1.));
#13603=DIRECTION('ref_axis',(-0.838569156762708,-0.544795162722908,0.));
#13604=DIRECTION('',(0.391691134627906,-0.920096763962304,0.));
#13605=DIRECTION('center_axis',(0.,0.,1.));
#13606=DIRECTION('ref_axis',(-0.926378234159098,-0.376594433411158,0.));
#13607=DIRECTION('',(0.237375994153997,-0.971417849022449,0.));
#13608=DIRECTION('center_axis',(0.,0.,1.));
#13609=DIRECTION('ref_axis',(-0.974473465468216,-0.224502706216128,0.));
#13610=DIRECTION('',(0.11589664229074,-0.993261278972322,0.));
#13611=DIRECTION('',(0.0672614835716004,-0.997735382166909,0.));
#13612=DIRECTION('',(0.0217297306338146,-0.999763881527324,0.));
#13613=DIRECTION('',(0.,-1.,0.));
#13614=DIRECTION('center_axis',(0.,0.,1.));
#13615=DIRECTION('ref_axis',(-0.999999693752013,0.000782621160534626,0.));
#13616=DIRECTION('',(-0.28067621503708,-0.959802512141148,0.));
#13617=DIRECTION('center_axis',(0.,0.,1.));
#13618=DIRECTION('ref_axis',(-0.952510689890895,0.304505148796489,0.));
#13619=DIRECTION('',(-0.489288788398493,-0.872121827239483,0.));
#13620=DIRECTION('center_axis',(0.,0.,1.));
#13621=DIRECTION('ref_axis',(-0.860798680740759,0.508945607344213,0.));
#13622=DIRECTION('',(-0.653081463713402,-0.757287661165795,0.));
#13623=DIRECTION('center_axis',(0.,0.,1.));
#13624=DIRECTION('ref_axis',(-0.743787761201632,0.668415863281733,0.));
#13625=DIRECTION('',(-0.778089379934364,-0.628153577426219,0.));
#13626=DIRECTION('center_axis',(0.,0.,1.));
#13627=DIRECTION('ref_axis',(-0.613182503430011,0.789941274708003,0.));
#13628=DIRECTION('',(-0.910091788378668,-0.414406728620226,0.));
#13629=DIRECTION('center_axis',(0.,0.,1.));
#13630=DIRECTION('ref_axis',(-0.398778079779735,0.917047459560947,0.));
#13631=DIRECTION('',(-0.977394186431257,-0.21142517430614,0.));
#13632=DIRECTION('center_axis',(0.,0.,1.));
#13633=DIRECTION('ref_axis',(-0.193513592872522,0.981097594214545,0.));
#13634=DIRECTION('',(-0.999687101928363,-0.0250139608633004,0.));
#13635=DIRECTION('',(-1.,0.,0.));
#13636=DIRECTION('center_axis',(0.,0.,1.));
#13637=DIRECTION('ref_axis',(0.000691926961939874,0.999999760618511,0.));
#13638=DIRECTION('',(-0.985947103856249,0.167057799570915,0.));
#13639=DIRECTION('center_axis',(0.,0.,1.));
#13640=DIRECTION('ref_axis',(0.187195518431411,0.98232267503056,0.));
#13641=DIRECTION('',(-0.926610774880675,0.376021903451161,0.));
#13642=DIRECTION('center_axis',(0.,0.,1.));
#13643=DIRECTION('ref_axis',(0.392378532407021,0.919803830882494,0.));
#13644=DIRECTION('',(-0.778111404319006,0.628126294998629,0.));
#13645=DIRECTION('center_axis',(0.,0.,1.));
#13646=DIRECTION('ref_axis',(0.641928282322442,0.766764683820636,0.));
#13647=DIRECTION('',(-0.653166856856814,0.757214010107969,0.));
#13648=DIRECTION('center_axis',(0.,0.,1.));
#13649=DIRECTION('ref_axis',(0.769423804084096,0.638738608281008,0.));
#13650=DIRECTION('',(-0.48946180220775,0.872024738284151,0.));
#13651=DIRECTION('center_axis',(0.,0.,1.));
#13652=DIRECTION('ref_axis',(0.882041526077748,0.471171673888018,0.));
#13653=DIRECTION('',(-0.280845746828397,0.959752919499805,0.));
#13654=DIRECTION('center_axis',(0.,0.,1.));
#13655=DIRECTION('ref_axis',(0.965879727257277,0.258991027785538,0.));
#13656=DIRECTION('',(-3.59752433298871E-8,0.999999999999999,0.));
#13657=DIRECTION('',(0.021743946251211,0.999763572451719,0.));
#13658=DIRECTION('',(0.0672990988329584,0.997732845653721,0.));
#13659=DIRECTION('',(0.115958919214423,0.993254010339059,0.));
#13660=DIRECTION('',(0.167882818170969,0.985806958467515,0.));
#13661=DIRECTION('',(0.223178540412525,0.974777584425973,0.));
#13662=DIRECTION('',(0.281821052271021,0.959466984578862,0.));
#13663=DIRECTION('',(0.34364319958957,0.939100288241806,0.));
#13664=DIRECTION('',(0.408252083974581,0.912869232656251,0.));
#13665=DIRECTION('',(0.474989159705435,0.879991646643492,0.));
#13666=DIRECTION('',(0.542896541938699,0.839799586062653,0.));
#13667=DIRECTION('center_axis',(0.,0.,1.));
#13668=DIRECTION('ref_axis',(0.82280648331261,-0.568321643982293,0.));
#13669=DIRECTION('',(0.797677579878425,0.603084138872263,0.));
#13670=DIRECTION('',(0.849178418845867,0.528106062232231,0.));
#13671=DIRECTION('',(-7.21282392114666E-14,1.,0.));
#13672=DIRECTION('',(-0.327000411702094,0.945024195852498,0.));
#13673=DIRECTION('center_axis',(0.,0.,-1.));
#13674=DIRECTION('ref_axis',(-0.601696684503249,-0.798724670870881,0.));
#13675=DIRECTION('',(-0.820805280181983,0.571208098704296,0.));
#13676=DIRECTION('center_axis',(0.,0.,-1.));
#13677=DIRECTION('ref_axis',(-0.162674959445154,-0.986679713772163,0.));
#13678=DIRECTION('',(-0.986611282501375,0.163089476181,0.));
#13679=DIRECTION('center_axis',(0.,0.,1.));
#13680=DIRECTION('ref_axis',(0.162215741117134,0.986755315837629,0.));
#13681=DIRECTION('',(-0.917389363774566,0.397990898430225,0.));
#13682=DIRECTION('center_axis',(0.,0.,1.));
#13683=DIRECTION('ref_axis',(0.424693422317427,0.905337228352127,0.));
#13684=DIRECTION('',(-0.466241355761365,0.884657559837593,0.));
#13685=DIRECTION('center_axis',(0.,0.,1.));
#13686=DIRECTION('ref_axis',(0.896680950708477,0.442677391151324,0.));
#13687=DIRECTION('',(-0.0329899382538139,0.999455683846967,0.));
#13688=DIRECTION('center_axis',(0.,0.,1.));
#13689=DIRECTION('ref_axis',(0.999979316849296,0.00643163071193866,0.));
#13690=DIRECTION('',(0.301140207620219,0.953579873610203,0.));
#13691=DIRECTION('center_axis',(0.,0.,1.));
#13692=DIRECTION('ref_axis',(0.944331143613268,-0.328996491169827,0.));
#13693=DIRECTION('',(0.612990676011166,0.790090141137943,0.));
#13694=DIRECTION('',(0.667228782752096,0.744852838799152,0.));
#13695=DIRECTION('',(0.692853835367226,0.721078055980713,0.));
#13696=DIRECTION('center_axis',(0.,0.,-1.));
#13697=DIRECTION('ref_axis',(-0.930873166195709,0.365342508417479,0.));
#13698=DIRECTION('',(0.330320776054598,0.943868732879042,0.));
#13699=DIRECTION('center_axis',(0.,0.,-1.));
#13700=DIRECTION('ref_axis',(-0.988628947634799,-0.150375542886836,0.));
#13701=DIRECTION('',(-0.150013659712071,0.988683924163729,0.));
#13702=DIRECTION('center_axis',(0.,0.,1.));
#13703=DIRECTION('ref_axis',(0.988549034919466,0.150899985287581,0.));
#13704=DIRECTION('',(0.103869745366113,0.994590908865338,0.));
#13705=DIRECTION('center_axis',(0.,0.,1.));
#13706=DIRECTION('ref_axis',(0.990998823839587,-0.133870576111985,0.));
#13707=DIRECTION('',(0.563182926352797,0.826332252465496,0.));
#13708=DIRECTION('center_axis',(0.,0.,1.));
#13709=DIRECTION('ref_axis',(0.809959956115489,-0.586485182668237,0.));
#13710=DIRECTION('',(0.799729012064218,0.60036114736281,0.));
#13711=DIRECTION('center_axis',(0.,0.,1.));
#13712=DIRECTION('ref_axis',(0.578938796285081,-0.815371001542231,0.));
#13713=DIRECTION('',(0.968326790135529,0.249686258143743,0.));
#13714=DIRECTION('center_axis',(0.,0.,1.));
#13715=DIRECTION('ref_axis',(0.223356607479589,-0.974736798266696,0.));
#13716=DIRECTION('',(0.995719582235507,-0.0924257191086314,0.));
#13717=DIRECTION('center_axis',(0.,0.,1.));
#13718=DIRECTION('ref_axis',(-0.121836133649711,-0.992550228722602,0.));
#13719=DIRECTION('',(0.928869964472622,-0.370405978759294,0.));
#13720=DIRECTION('',(0.900025065038916,-0.435838137731998,0.));
#13721=DIRECTION('',(0.884023242761326,-0.467442944387601,0.));
#13722=DIRECTION('center_axis',(0.,0.,-1.));
#13723=DIRECTION('ref_axis',(-0.111409692710675,0.993774562146825,0.));
#13724=DIRECTION('',(0.988698405212076,0.149918189460442,0.));
#13725=DIRECTION('center_axis',(0.,0.,-1.));
#13726=DIRECTION('ref_axis',(-0.467562738030013,0.883959889364827,0.));
#13727=DIRECTION('',(0.884024495834568,0.467440574580811,0.));
#13728=DIRECTION('center_axis',(0.,0.,1.));
#13729=DIRECTION('ref_axis',(0.468248448507461,-0.88359684838186,0.));
#13730=DIRECTION('',(0.972379284289253,0.233406356993804,0.));
#13731=DIRECTION('center_axis',(0.,0.,1.));
#13732=DIRECTION('ref_axis',(0.204347492477331,-0.978898412665087,0.));
#13733=DIRECTION('',(0.949597527794507,-0.313471745467689,0.));
#13734=DIRECTION('center_axis',(0.,0.,1.));
#13735=DIRECTION('ref_axis',(-0.339658917104074,-0.940548680309365,0.));
#13736=DIRECTION('',(0.759203722961735,-0.650853061021488,0.));
#13737=DIRECTION('center_axis',(0.,0.,1.));
#13738=DIRECTION('ref_axis',(-0.670513191339272,-0.741897607652178,0.));
#13739=DIRECTION('',(0.50578273295052,-0.862660899223503,0.));
#13740=DIRECTION('center_axis',(0.,0.,1.));
#13741=DIRECTION('ref_axis',(-0.876297174665871,-0.481770963916063,0.));
#13742=DIRECTION('',(0.103804629189708,-0.994597707095078,0.));
#13743=DIRECTION('center_axis',(0.,0.,1.));
#13744=DIRECTION('ref_axis',(-0.997324366872776,-0.0731034010277004,0.));
#13745=DIRECTION('',(-0.150021482022787,-0.988682737247741,0.));
#13746=DIRECTION('center_axis',(0.,0.,-1.));
#13747=DIRECTION('ref_axis',(0.833793435088761,0.552076541435048,0.));
#13748=DIRECTION('',(0.582336841303919,-0.812947601792498,0.));
#13749=DIRECTION('',(0.628051543443758,-0.778171741184369,0.));
#13750=DIRECTION('',(0.671843623120738,-0.740693017431648,0.));
#13751=DIRECTION('',(0.692851441911076,-0.721080355745283,0.));
#13752=DIRECTION('center_axis',(0.,0.,1.));
#13753=DIRECTION('ref_axis',(-0.720443086847689,-0.693514065187846,0.));
#13754=DIRECTION('',(0.494795712389854,-0.869009322735158,0.));
#13755=DIRECTION('center_axis',(0.,0.,1.));
#13756=DIRECTION('ref_axis',(-0.883292481224497,-0.468822346536801,0.));
#13757=DIRECTION('',(-0.0983800278597763,-0.995148918563604,0.));
#13758=DIRECTION('center_axis',(0.,0.,1.));
#13759=DIRECTION('ref_axis',(-0.992092406958571,0.125509585511024,0.));
#13760=DIRECTION('',(-0.522515327657466,-0.852629891783657,0.));
#13761=DIRECTION('center_axis',(0.,0.,1.));
#13762=DIRECTION('ref_axis',(-0.838569978206979,0.544793898322978,0.));
#13763=DIRECTION('',(-0.772551558721234,-0.634952036863723,0.));
#13764=DIRECTION('center_axis',(0.,0.,1.));
#13765=DIRECTION('ref_axis',(-0.612662326740627,0.790344781340879,0.));
#13766=DIRECTION('',(-0.943135346243159,-0.332408962976024,0.));
#13767=DIRECTION('',(-0.964174614984365,-0.26526837696897,0.));
#13768=DIRECTION('',(-0.980363210612862,-0.19720034299372,0.));
#13769=DIRECTION('',(-0.986611347415368,-0.163089083482716,0.));
#13770=DIRECTION('center_axis',(0.,0.,-1.));
#13771=DIRECTION('ref_axis',(0.53920972830721,-0.842171519881114,0.));
#13772=DIRECTION('',(-0.820804142677414,-0.571209733253553,0.));
#13773=DIRECTION('center_axis',(-1.,-2.0428098757523E-13,0.));
#13774=DIRECTION('ref_axis',(2.0428098757523E-13,-1.,0.));
#13775=DIRECTION('',(0.,0.,1.));
#13776=DIRECTION('center_axis',(0.,0.,1.));
#13777=DIRECTION('ref_axis',(0.999999999999966,-2.6143478117792E-7,0.));
#13778=DIRECTION('',(0.,0.,1.));
#13779=DIRECTION('center_axis',(1.9055461786315E-13,-1.,0.));
#13780=DIRECTION('ref_axis',(1.,1.9055461786315E-13,0.));
#13781=DIRECTION('',(0.,0.,1.));
#13782=DIRECTION('center_axis',(0.,0.,1.));
#13783=DIRECTION('ref_axis',(-2.61418099576676E-7,-0.999999999999966,0.));
#13784=DIRECTION('center_axis',(0.,0.,-1.));
#13785=DIRECTION('ref_axis',(0.467270054940733,0.884114639487258,0.));
#13786=DIRECTION('',(0.,0.,-1.));
#13787=DIRECTION('',(0.,0.,-1.));
#13788=DIRECTION('center_axis',(-0.149918189371942,0.988698405225496,0.));
#13789=DIRECTION('ref_axis',(0.988698405225496,0.149918189371942,0.));
#13790=DIRECTION('',(0.,0.,-1.));
#13791=DIRECTION('center_axis',(0.,0.,-1.));
#13792=DIRECTION('ref_axis',(-0.180231764865698,0.983624171588618,0.));
#13793=DIRECTION('',(0.,0.,-1.));
#13794=DIRECTION('center_axis',(-0.467440574527197,0.884024495862917,0.));
#13795=DIRECTION('ref_axis',(0.884024495862917,0.467440574527197,0.));
#13796=DIRECTION('',(0.,0.,-1.));
#13797=DIRECTION('center_axis',(0.,0.,-1.));
#13798=DIRECTION('ref_axis',(0.269098221870649,-0.963112738461108,0.));
#13799=DIRECTION('',(0.,0.,-1.));
#13800=DIRECTION('center_axis',(-0.233406356994545,0.972379284289076,0.));
#13801=DIRECTION('ref_axis',(0.972379284289076,0.233406356994545,0.));
#13802=DIRECTION('',(0.,0.,-1.));
#13803=DIRECTION('center_axis',(0.,0.,-1.));
#13804=DIRECTION('ref_axis',(-0.284188087987961,-0.958768549049116,0.));
#13805=DIRECTION('',(0.,0.,-1.));
#13806=DIRECTION('center_axis',(0.313471745468223,0.949597527794331,0.));
#13807=DIRECTION('ref_axis',(0.949597527794331,-0.313471745468223,0.));
#13808=DIRECTION('',(0.,0.,-1.));
#13809=DIRECTION('center_axis',(0.,0.,-1.));
#13810=DIRECTION('ref_axis',(-0.626591665069803,-0.779347730647272,0.));
#13811=DIRECTION('',(0.,0.,-1.));
#13812=DIRECTION('center_axis',(0.650853061020973,0.759203722962177,0.));
#13813=DIRECTION('ref_axis',(0.759203722962177,-0.650853061020973,0.));
#13814=DIRECTION('',(0.,0.,-1.));
#13815=DIRECTION('center_axis',(0.,0.,-1.));
#13816=DIRECTION('ref_axis',(-0.844860216286618,-0.534987116607614,0.));
#13817=DIRECTION('',(0.,0.,-1.));
#13818=DIRECTION('center_axis',(0.862660899224106,0.505782732949491,0.));
#13819=DIRECTION('ref_axis',(0.505782732949491,-0.862660899224106,0.));
#13820=DIRECTION('',(0.,0.,-1.));
#13821=DIRECTION('center_axis',(0.,0.,-1.));
#13822=DIRECTION('ref_axis',(-0.990249655027207,-0.139304058514094,0.));
#13823=DIRECTION('',(0.,0.,-1.));
#13824=DIRECTION('center_axis',(0.994597707094979,0.10380462919066,0.));
#13825=DIRECTION('ref_axis',(0.10380462919066,-0.994597707094979,0.));
#13826=DIRECTION('',(0.,0.,-1.));
#13827=DIRECTION('center_axis',(0.,0.,-1.));
#13828=DIRECTION('ref_axis',(-0.988367874746662,0.152082031051557,0.));
#13829=DIRECTION('',(0.,0.,-1.));
#13830=DIRECTION('center_axis',(0.988682734777346,-0.150021498303368,0.));
#13831=DIRECTION('ref_axis',(-0.150021498303368,-0.988682734777346,0.));
#13832=DIRECTION('',(0.,0.,-1.));
#13833=DIRECTION('center_axis',(0.,0.,-1.));
#13834=DIRECTION('ref_axis',(0.988724625887371,-0.149745164075096,0.));
#13835=DIRECTION('',(0.,0.,-1.));
#13836=DIRECTION('center_axis',(0.812947601794554,0.582336841301049,0.));
#13837=DIRECTION('ref_axis',(0.582336841301049,-0.812947601794554,0.));
#13838=DIRECTION('',(0.,0.,-1.));
#13839=DIRECTION('center_axis',(0.778171741184879,0.628051543443127,0.));
#13840=DIRECTION('ref_axis',(0.628051543443127,-0.778171741184879,0.));
#13841=DIRECTION('',(0.,0.,-1.));
#13842=DIRECTION('center_axis',(0.740693017433815,0.671843623118349,0.));
#13843=DIRECTION('ref_axis',(0.671843623118349,-0.740693017433815,0.));
#13844=DIRECTION('',(0.,0.,-1.));
#13845=DIRECTION('center_axis',(0.721080355930487,0.692851441718325,0.));
#13846=DIRECTION('ref_axis',(0.692851441718325,-0.721080355930487,0.));
#13847=DIRECTION('',(0.,0.,-1.));
#13848=DIRECTION('center_axis',(0.,0.,-1.));
#13849=DIRECTION('ref_axis',(-0.850380560886594,-0.52616813060675,0.));
#13850=DIRECTION('',(0.,0.,-1.));
#13851=DIRECTION('center_axis',(0.869009322735148,0.49479571238987,0.));
#13852=DIRECTION('ref_axis',(0.49479571238987,-0.869009322735148,0.));
#13853=DIRECTION('',(0.,0.,-1.));
#13854=DIRECTION('center_axis',(0.,0.,-1.));
#13855=DIRECTION('ref_axis',(-0.997640681331756,0.068651809531211,0.));
#13856=DIRECTION('',(0.,0.,-1.));
#13857=DIRECTION('center_axis',(0.995148918563831,-0.0983800278574801,0.));
#13858=DIRECTION('ref_axis',(-0.0983800278574801,-0.99514891856383,0.));
#13859=DIRECTION('',(0.,0.,-1.));
#13860=DIRECTION('center_axis',(0.,0.,-1.));
#13861=DIRECTION('ref_axis',(-0.868836835754113,0.495098528413063,0.));
#13862=DIRECTION('',(0.,0.,-1.));
#13863=DIRECTION('center_axis',(0.852629891784252,-0.522515327656495,0.));
#13864=DIRECTION('ref_axis',(-0.522515327656495,-0.852629891784252,0.));
#13865=DIRECTION('',(0.,0.,-1.));
#13866=DIRECTION('center_axis',(0.,0.,-1.));
#13867=DIRECTION('ref_axis',(-0.660790259486862,0.750570604918209,0.));
#13868=DIRECTION('',(0.,0.,-1.));
#13869=DIRECTION('center_axis',(0.634952036862384,-0.772551558722335,0.));
#13870=DIRECTION('ref_axis',(-0.772551558722335,-0.634952036862384,0.));
#13871=DIRECTION('',(0.,0.,-1.));
#13872=DIRECTION('center_axis',(0.,0.,-1.));
#13873=DIRECTION('ref_axis',(-0.363994109724765,0.931401249776741,0.));
#13874=DIRECTION('',(0.,0.,-1.));
#13875=DIRECTION('center_axis',(0.332408962976243,-0.943135346243082,0.));
#13876=DIRECTION('ref_axis',(-0.943135346243082,-0.332408962976243,0.));
#13877=DIRECTION('',(0.,0.,-1.));
#13878=DIRECTION('center_axis',(0.265268376968279,-0.964174614984555,0.));
#13879=DIRECTION('ref_axis',(-0.964174614984555,-0.265268376968279,0.));
#13880=DIRECTION('',(0.,0.,-1.));
#13881=DIRECTION('center_axis',(0.197200342991449,-0.980363210613319,0.));
#13882=DIRECTION('ref_axis',(-0.980363210613319,-0.197200342991449,0.));
#13883=DIRECTION('',(0.,0.,-1.));
#13884=DIRECTION('center_axis',(0.163089083491218,-0.986611347413963,0.));
#13885=DIRECTION('ref_axis',(-0.986611347413963,-0.163089083491218,0.));
#13886=DIRECTION('',(0.,0.,-1.));
#13887=DIRECTION('center_axis',(0.,0.,-1.));
#13888=DIRECTION('ref_axis',(0.16283453037367,-0.986653391884904,0.));
#13889=DIRECTION('',(0.,0.,-1.));
#13890=DIRECTION('center_axis',(0.571209733253754,-0.820804142677274,0.));
#13891=DIRECTION('ref_axis',(-0.820804142677275,-0.571209733253754,0.));
#13892=DIRECTION('',(0.,0.,-1.));
#13893=DIRECTION('center_axis',(0.,0.,-1.));
#13894=DIRECTION('ref_axis',(0.595318214316469,-0.803490027133536,0.));
#13895=DIRECTION('',(0.,0.,-1.));
#13896=DIRECTION('center_axis',(0.853963660582692,-0.520332649758026,0.));
#13897=DIRECTION('ref_axis',(-0.520332649758026,-0.853963660582692,0.));
#13898=DIRECTION('',(0.,0.,-1.));
#13899=DIRECTION('center_axis',(0.883859963126657,-0.467751606712092,0.));
#13900=DIRECTION('ref_axis',(-0.467751606712092,-0.883859963126657,0.));
#13901=DIRECTION('',(0.,0.,-1.));
#13902=DIRECTION('center_axis',(0.937472486681959,-0.348059386763732,0.));
#13903=DIRECTION('ref_axis',(-0.348059386763732,-0.937472486681959,0.));
#13904=DIRECTION('',(0.,0.,-1.));
#13905=DIRECTION('center_axis',(0.941498567653218,-0.33701698341024,0.));
#13906=DIRECTION('ref_axis',(-0.33701698341024,-0.941498567653218,0.));
#13907=DIRECTION('',(0.,0.,-1.));
#13908=DIRECTION('center_axis',(1.,1.95232753548348E-8,0.));
#13909=DIRECTION('ref_axis',(1.95232753548348E-8,-1.,0.));
#13910=DIRECTION('',(0.,0.,-1.));
#13911=DIRECTION('center_axis',(0.,0.,-1.));
#13912=DIRECTION('ref_axis',(0.999993933059141,0.00348336689284466,0.));
#13913=DIRECTION('',(0.,0.,-1.));
#13914=DIRECTION('center_axis',(0.704819432598816,0.709386754479588,0.));
#13915=DIRECTION('ref_axis',(0.709386754479588,-0.704819432598816,0.));
#13916=DIRECTION('',(0.,0.,-1.));
#13917=DIRECTION('center_axis',(0.,0.,-1.));
#13918=DIRECTION('ref_axis',(0.677564577999925,0.735463284358766,0.));
#13919=DIRECTION('',(0.,0.,-1.));
#13920=DIRECTION('center_axis',(0.429871760066671,0.902889954477943,0.));
#13921=DIRECTION('ref_axis',(0.902889954477943,-0.429871760066671,0.));
#13922=DIRECTION('',(0.,0.,-1.));
#13923=DIRECTION('center_axis',(0.,0.,-1.));
#13924=DIRECTION('ref_axis',(-0.638579145773528,-0.769556154275405,0.));
#13925=DIRECTION('',(0.,0.,-1.));
#13926=DIRECTION('center_axis',(0.656143660058494,0.754636003226087,0.));
#13927=DIRECTION('ref_axis',(0.754636003226087,-0.656143660058494,0.));
#13928=DIRECTION('',(0.,0.,-1.));
#13929=DIRECTION('center_axis',(0.,0.,-1.));
#13930=DIRECTION('ref_axis',(-0.818526323372742,-0.574469022616451,0.));
#13931=DIRECTION('',(0.,0.,-1.));
#13932=DIRECTION('center_axis',(0.828674467876008,0.559730851651412,0.));
#13933=DIRECTION('ref_axis',(0.559730851651412,-0.828674467876008,0.));
#13934=DIRECTION('',(0.,0.,-1.));
#13935=DIRECTION('center_axis',(0.,0.,-1.));
#13936=DIRECTION('ref_axis',(-0.913933070545736,-0.405864931427739,0.));
#13937=DIRECTION('',(0.,0.,-1.));
#13938=DIRECTION('center_axis',(0.920096763963523,0.391691134625042,0.));
#13939=DIRECTION('ref_axis',(0.391691134625042,-0.920096763963523,0.));
#13940=DIRECTION('',(0.,0.,-1.));
#13941=DIRECTION('center_axis',(0.,0.,-1.));
#13942=DIRECTION('ref_axis',(-0.968322751576988,-0.249701919853193,0.));
#13943=DIRECTION('',(0.,0.,-1.));
#13944=DIRECTION('center_axis',(0.971417849023611,0.237375994149244,0.));
#13945=DIRECTION('ref_axis',(0.237375994149244,-0.971417849023611,0.));
#13946=DIRECTION('',(0.,0.,-1.));
#13947=DIRECTION('center_axis',(0.,0.,-1.));
#13948=DIRECTION('ref_axis',(-0.990204060735069,-0.13962778413976,0.));
#13949=DIRECTION('',(0.,0.,-1.));
#13950=DIRECTION('center_axis',(0.993261278972307,0.115896642290869,0.));
#13951=DIRECTION('ref_axis',(0.115896642290869,-0.993261278972307,0.));
#13952=DIRECTION('',(0.,0.,-1.));
#13953=DIRECTION('center_axis',(0.99773538216688,0.0672614835720207,0.));
#13954=DIRECTION('ref_axis',(0.0672614835720207,-0.99773538216688,0.));
#13955=DIRECTION('',(0.,0.,-1.));
#13956=DIRECTION('center_axis',(0.99976388152726,0.021729730636763,0.));
#13957=DIRECTION('ref_axis',(0.021729730636763,-0.99976388152726,0.));
#13958=DIRECTION('',(0.,0.,-1.));
#13959=DIRECTION('center_axis',(1.,0.,0.));
#13960=DIRECTION('ref_axis',(0.,-1.,0.));
#13961=DIRECTION('',(0.,0.,-1.));
#13962=DIRECTION('center_axis',(0.,0.,-1.));
#13963=DIRECTION('ref_axis',(-0.967254312042914,0.253809172084836,0.));
#13964=DIRECTION('',(0.,0.,-1.));
#13965=DIRECTION('center_axis',(0.959802512141537,-0.28067621503575,0.));
#13966=DIRECTION('ref_axis',(-0.28067621503575,-0.959802512141537,0.));
#13967=DIRECTION('',(0.,0.,-1.));
#13968=DIRECTION('center_axis',(0.,0.,-1.));
#13969=DIRECTION('ref_axis',(-0.88369134067546,0.468070095621593,0.));
#13970=DIRECTION('',(0.,0.,-1.));
#13971=DIRECTION('center_axis',(0.872121827240443,-0.489288788396782,0.));
#13972=DIRECTION('ref_axis',(-0.489288788396782,-0.872121827240443,0.));
#13973=DIRECTION('',(0.,0.,-1.));
#13974=DIRECTION('center_axis',(0.,0.,-1.));
#13975=DIRECTION('ref_axis',(-0.77108896622429,0.636727419047708,0.));
#13976=DIRECTION('',(0.,0.,-1.));
#13977=DIRECTION('center_axis',(0.757287661164666,-0.653081463714712,0.));
#13978=DIRECTION('ref_axis',(-0.653081463714712,-0.757287661164666,0.));
#13979=DIRECTION('',(0.,0.,-1.));
#13980=DIRECTION('center_axis',(0.,0.,-1.));
#13981=DIRECTION('ref_axis',(-0.643590980027054,0.765369616870056,0.));
#13982=DIRECTION('',(0.,0.,-1.));
#13983=DIRECTION('center_axis',(0.628153577424125,-0.778089379936055,0.));
#13984=DIRECTION('ref_axis',(-0.778089379936055,-0.628153577424125,0.));
#13985=DIRECTION('',(0.,0.,-1.));
#13986=DIRECTION('center_axis',(0.,0.,-1.));
#13987=DIRECTION('ref_axis',(-0.43242628413012,0.901669290146568,0.));
#13988=DIRECTION('',(0.,0.,-1.));
#13989=DIRECTION('center_axis',(0.414406728620302,-0.910091788378634,0.));
#13990=DIRECTION('ref_axis',(-0.910091788378634,-0.414406728620302,0.));
#13991=DIRECTION('',(0.,0.,-1.));
#13992=DIRECTION('center_axis',(0.,0.,-1.));
#13993=DIRECTION('ref_axis',(-0.23371450068794,0.972305266965158,0.));
#13994=DIRECTION('',(0.,0.,-1.));
#13995=DIRECTION('center_axis',(0.211425174307996,-0.977394186430855,0.));
#13996=DIRECTION('ref_axis',(-0.977394186430855,-0.211425174307996,0.));
#13997=DIRECTION('',(0.,0.,-1.));
#13998=DIRECTION('center_axis',(0.,0.,-1.));
#13999=DIRECTION('ref_axis',(-0.050649595190565,0.998716485548843,0.));
#14000=DIRECTION('',(0.,0.,-1.));
#14001=DIRECTION('center_axis',(0.0250139608569493,-0.999687101928522,0.));
#14002=DIRECTION('ref_axis',(-0.999687101928522,-0.0250139608569493,0.));
#14003=DIRECTION('center_axis',(0.,0.,-1.));
#14004=DIRECTION('ref_axis',(0.146334004727979,0.989235239495779,0.));
#14005=DIRECTION('',(0.,0.,-1.));
#14006=DIRECTION('center_axis',(-0.167057799573821,-0.985947103855756,0.));
#14007=DIRECTION('ref_axis',(-0.985947103855756,0.167057799573821,0.));
#14008=DIRECTION('',(0.,0.,-1.));
#14009=DIRECTION('center_axis',(0.,0.,-1.));
#14010=DIRECTION('ref_axis',(0.357791990809833,0.933801312545841,0.));
#14011=DIRECTION('',(0.,0.,-1.));
#14012=DIRECTION('center_axis',(-0.37602190344348,-0.926610774883793,0.));
#14013=DIRECTION('ref_axis',(-0.926610774883793,0.37602190344348,0.));
#14014=DIRECTION('',(0.,0.,-1.));
#14015=DIRECTION('center_axis',(0.,0.,-1.));
#14016=DIRECTION('ref_axis',(0.610669994039507,0.791885192676179,0.));
#14017=DIRECTION('',(0.,0.,-1.));
#14018=DIRECTION('center_axis',(-0.628126295000264,-0.778111404317686,0.));
#14019=DIRECTION('ref_axis',(-0.778111404317686,0.628126295000264,0.));
#14020=DIRECTION('',(0.,0.,-1.));
#14021=DIRECTION('center_axis',(0.,0.,-1.));
#14022=DIRECTION('ref_axis',(0.741070083307032,0.671427681606373,0.));
#14023=DIRECTION('',(0.,0.,-1.));
#14024=DIRECTION('center_axis',(-0.757214010106654,-0.653166856858337,0.));
#14025=DIRECTION('ref_axis',(-0.653166856858337,0.757214010106654,0.));
#14026=DIRECTION('',(0.,0.,-1.));
#14027=DIRECTION('center_axis',(0.,0.,-1.));
#14028=DIRECTION('ref_axis',(0.858119473317931,0.513450065257136,0.));
#14029=DIRECTION('',(0.,0.,-1.));
#14030=DIRECTION('center_axis',(-0.87202473828229,-0.489461802211066,0.));
#14031=DIRECTION('ref_axis',(-0.489461802211066,0.872024738282289,0.));
#14032=DIRECTION('',(0.,0.,-1.));
#14033=DIRECTION('center_axis',(0.,0.,-1.));
#14034=DIRECTION('ref_axis',(0.950565097717676,0.310525353233813,0.));
#14035=DIRECTION('',(0.,0.,-1.));
#14036=DIRECTION('center_axis',(-0.959752919500004,-0.280845746827719,0.));
#14037=DIRECTION('ref_axis',(-0.280845746827719,0.959752919500004,0.));
#14038=DIRECTION('',(0.,0.,-1.));
#14039=DIRECTION('center_axis',(0.,0.,-1.));
#14040=DIRECTION('ref_axis',(0.999999551413969,0.000947191565198769,0.));
#14041=DIRECTION('',(0.,0.,-1.));
#14042=DIRECTION('center_axis',(-1.,-2.89951045651259E-14,0.));
#14043=DIRECTION('ref_axis',(-2.89951045651259E-14,1.,0.));
#14044=DIRECTION('',(0.,0.,-1.));
#14045=DIRECTION('center_axis',(-0.999763572451734,0.0217439462505533,0.));
#14046=DIRECTION('ref_axis',(0.0217439462505533,0.999763572451734,0.));
#14047=DIRECTION('',(0.,0.,-1.));
#14048=DIRECTION('center_axis',(-0.99773284565372,0.0672990988329729,0.));
#14049=DIRECTION('ref_axis',(0.0672990988329729,0.99773284565372,0.));
#14050=DIRECTION('',(0.,0.,-1.));
#14051=DIRECTION('center_axis',(-0.993254010339047,0.115958919214521,0.));
#14052=DIRECTION('ref_axis',(0.115958919214521,0.993254010339047,0.));
#14053=DIRECTION('',(0.,0.,-1.));
#14054=DIRECTION('center_axis',(-0.985806958467447,0.167882818171369,0.));
#14055=DIRECTION('ref_axis',(0.167882818171369,0.985806958467447,0.));
#14056=DIRECTION('',(0.,0.,-1.));
#14057=DIRECTION('center_axis',(-0.974777584425979,0.223178540412501,0.));
#14058=DIRECTION('ref_axis',(0.223178540412501,0.974777584425979,0.));
#14059=DIRECTION('',(0.,0.,-1.));
#14060=DIRECTION('center_axis',(-0.959466984578818,0.28182105227117,0.));
#14061=DIRECTION('ref_axis',(0.28182105227117,0.959466984578818,0.));
#14062=DIRECTION('',(0.,0.,-1.));
#14063=DIRECTION('center_axis',(-0.939100288241882,0.343643199589363,0.));
#14064=DIRECTION('ref_axis',(0.343643199589363,0.939100288241882,0.));
#14065=DIRECTION('',(0.,0.,-1.));
#14066=DIRECTION('center_axis',(-0.912869232656287,0.408252083974499,0.));
#14067=DIRECTION('ref_axis',(0.408252083974499,0.912869232656287,0.));
#14068=DIRECTION('',(0.,0.,-1.));
#14069=DIRECTION('center_axis',(-0.879991646643724,0.474989159705006,0.));
#14070=DIRECTION('ref_axis',(0.474989159705006,0.879991646643724,0.));
#14071=DIRECTION('',(0.,0.,-1.));
#14072=DIRECTION('center_axis',(-0.839799586063176,0.542896541937889,0.));
#14073=DIRECTION('ref_axis',(0.542896541937889,0.839799586063176,0.));
#14074=DIRECTION('',(0.,0.,-1.));
#14075=DIRECTION('center_axis',(0.,0.,-1.));
#14076=DIRECTION('ref_axis',(0.639441908015151,-0.768839415140732,0.));
#14077=DIRECTION('',(0.,0.,-1.));
#14078=DIRECTION('center_axis',(-0.603084138873459,0.797677579877521,0.));
#14079=DIRECTION('ref_axis',(0.797677579877521,0.603084138873459,0.));
#14080=DIRECTION('',(0.,0.,-1.));
#14081=DIRECTION('center_axis',(-0.528106062231416,0.849178418846374,0.));
#14082=DIRECTION('ref_axis',(0.849178418846374,0.528106062231416,0.));
#14083=DIRECTION('',(0.,0.,-1.));
#14084=DIRECTION('center_axis',(-0.44965809452911,0.893200760201451,0.));
#14085=DIRECTION('ref_axis',(0.893200760201451,0.44965809452911,0.));
#14086=DIRECTION('',(0.,0.,-1.));
#14087=DIRECTION('center_axis',(0.,0.,-1.));
#14088=DIRECTION('ref_axis',(-0.402566667074494,0.915390669911231,0.));
#14089=DIRECTION('',(0.,0.,-1.));
#14090=DIRECTION('center_axis',(-0.863972361986507,0.503539231563398,0.));
#14091=DIRECTION('ref_axis',(0.503539231563398,0.863972361986507,0.));
#14092=DIRECTION('',(0.,0.,-1.));
#14093=DIRECTION('center_axis',(0.,0.,-1.));
#14094=DIRECTION('ref_axis',(-0.873240947987013,0.487288668818333,0.));
#14095=DIRECTION('',(0.,0.,-1.));
#14096=DIRECTION('center_axis',(-0.989922568876815,0.141609701745071,0.));
#14097=DIRECTION('ref_axis',(0.141609701745071,0.989922568876815,0.));
#14098=DIRECTION('',(0.,0.,-1.));
#14099=DIRECTION('center_axis',(0.,0.,-1.));
#14100=DIRECTION('ref_axis',(-0.992936946770388,0.118643245649719,0.));
#14101=DIRECTION('',(0.,0.,-1.));
#14102=DIRECTION('center_axis',(-1.,-7.23251134004812E-14,0.));
#14103=DIRECTION('ref_axis',(-7.23251134004812E-14,1.,0.));
#14104=DIRECTION('',(0.,0.,-1.));
#14105=DIRECTION('center_axis',(-0.945024195852525,-0.327000411702018,0.));
#14106=DIRECTION('ref_axis',(-0.327000411702018,0.945024195852525,0.));
#14107=DIRECTION('',(0.,0.,-1.));
#14108=DIRECTION('center_axis',(-0.94832127558488,-0.317311768254924,0.));
#14109=DIRECTION('ref_axis',(-0.317311768254924,0.94832127558488,0.));
#14110=DIRECTION('',(0.,0.,-1.));
#14111=DIRECTION('center_axis',(0.,0.,-1.));
#14112=DIRECTION('ref_axis',(-0.897881953748963,-0.440236296926941,0.));
#14113=DIRECTION('',(0.,0.,-1.));
#14114=DIRECTION('center_axis',(-0.571208099408298,-0.820805279692059,0.));
#14115=DIRECTION('ref_axis',(-0.820805279692059,0.571208099408298,0.));
#14116=DIRECTION('',(0.,0.,-1.));
#14117=DIRECTION('center_axis',(0.,0.,-1.));
#14118=DIRECTION('ref_axis',(-0.546198423202375,-0.837655825796752,0.));
#14119=DIRECTION('',(0.,0.,-1.));
#14120=DIRECTION('center_axis',(-0.16308947562062,-0.986611282594007,0.));
#14121=DIRECTION('ref_axis',(-0.986611282594007,0.16308947562062,0.));
#14122=DIRECTION('',(0.,0.,-1.));
#14123=DIRECTION('center_axis',(0.,0.,-1.));
#14124=DIRECTION('ref_axis',(0.364581469675293,0.93117149439263,0.));
#14125=DIRECTION('',(0.,0.,-1.));
#14126=DIRECTION('center_axis',(-0.397990898429272,-0.917389363774979,0.));
#14127=DIRECTION('ref_axis',(-0.917389363774979,0.397990898429272,0.));
#14128=DIRECTION('',(0.,0.,-1.));
#14129=DIRECTION('center_axis',(0.,0.,-1.));
#14130=DIRECTION('ref_axis',(0.870670403691338,0.491866900833917,0.));
#14131=DIRECTION('',(0.,0.,-1.));
#14132=DIRECTION('center_axis',(-0.884657559836892,-0.466241355762694,0.));
#14133=DIRECTION('ref_axis',(-0.466241355762694,0.884657559836892,0.));
#14134=DIRECTION('',(0.,0.,-1.));
#14135=DIRECTION('center_axis',(0.,0.,-1.));
#14136=DIRECTION('ref_axis',(0.99782827937973,0.0658689977917375,0.));
#14137=DIRECTION('',(0.,0.,-1.));
#14138=DIRECTION('center_axis',(-0.999455683846904,-0.0329899382557521,
0.));
#14139=DIRECTION('ref_axis',(-0.0329899382557521,0.999455683846904,0.));
#14140=DIRECTION('',(0.,0.,-1.));
#14141=DIRECTION('center_axis',(0.,0.,-1.));
#14142=DIRECTION('ref_axis',(0.963415368538149,-0.268012737877332,0.));
#14143=DIRECTION('',(0.,0.,-1.));
#14144=DIRECTION('center_axis',(-0.953579873610504,0.301140207619268,0.));
#14145=DIRECTION('ref_axis',(0.301140207619268,0.953579873610504,0.));
#14146=DIRECTION('',(0.,0.,-1.));
#14147=DIRECTION('center_axis',(0.,0.,-1.));
#14148=DIRECTION('ref_axis',(0.810146447521734,-0.586227544190747,0.));
#14149=DIRECTION('',(0.,0.,-1.));
#14150=DIRECTION('center_axis',(-0.790090141137953,0.612990676011153,0.));
#14151=DIRECTION('ref_axis',(0.612990676011152,0.790090141137953,0.));
#14152=DIRECTION('',(0.,0.,-1.));
#14153=DIRECTION('center_axis',(-0.744852838800459,0.667228782750637,0.));
#14154=DIRECTION('ref_axis',(0.667228782750637,0.744852838800459,0.));
#14155=DIRECTION('',(0.,0.,-1.));
#14156=DIRECTION('center_axis',(-0.721078056032255,0.692853835313585,0.));
#14157=DIRECTION('ref_axis',(0.692853835313585,0.721078056032255,0.));
#14158=DIRECTION('',(0.,0.,-1.));
#14159=DIRECTION('center_axis',(0.,0.,-1.));
#14160=DIRECTION('ref_axis',(-0.720717400270139,0.693228987382851,0.));
#14161=DIRECTION('',(0.,0.,-1.));
#14162=DIRECTION('center_axis',(-0.943868732652607,0.330320776701619,0.));
#14163=DIRECTION('ref_axis',(0.330320776701619,0.943868732652607,0.));
#14164=DIRECTION('',(0.,0.,-1.));
#14165=DIRECTION('center_axis',(0.,0.,-1.));
#14166=DIRECTION('ref_axis',(-0.952988784122497,0.303005573111659,0.));
#14167=DIRECTION('',(0.,0.,-1.));
#14168=DIRECTION('center_axis',(-0.988683924111073,-0.150013660059108,0.));
#14169=DIRECTION('ref_axis',(-0.150013660059108,0.988683924111073,0.));
#14170=DIRECTION('',(0.,0.,-1.));
#14171=DIRECTION('center_axis',(0.,0.,-1.));
#14172=DIRECTION('ref_axis',(0.997781976358609,-0.0665667158113366,0.));
#14173=DIRECTION('',(0.,0.,-1.));
#14174=DIRECTION('center_axis',(-0.994590908865207,0.103869745367363,0.));
#14175=DIRECTION('ref_axis',(0.103869745367363,0.994590908865207,0.));
#14176=DIRECTION('',(0.,0.,-1.));
#14177=DIRECTION('center_axis',(0.,0.,-1.));
#14178=DIRECTION('ref_axis',(0.843768292386359,-0.536707619438562,0.));
#14179=DIRECTION('',(0.,0.,-1.));
#14180=DIRECTION('center_axis',(-0.826332252466185,0.563182926351786,0.));
#14181=DIRECTION('ref_axis',(0.563182926351786,0.826332252466185,0.));
#14182=DIRECTION('',(0.,0.,-1.));
#14183=DIRECTION('center_axis',(0.,0.,-1.));
#14184=DIRECTION('ref_axis',(0.624872556780797,-0.78072676896737,0.));
#14185=DIRECTION('',(0.,0.,-1.));
#14186=DIRECTION('center_axis',(-0.600361147365386,0.799729012062284,0.));
#14187=DIRECTION('ref_axis',(0.799729012062284,0.600361147365386,0.));
#14188=DIRECTION('',(0.,0.,-1.));
#14189=DIRECTION('center_axis',(0.,0.,-1.));
#14190=DIRECTION('ref_axis',(0.281955059978807,-0.959427612773547,0.));
#14191=DIRECTION('',(0.,0.,-1.));
#14192=DIRECTION('center_axis',(-0.249686258143293,0.968326790135645,0.));
#14193=DIRECTION('ref_axis',(0.968326790135645,0.249686258143293,0.));
#14194=DIRECTION('',(0.,0.,-1.));
#14195=DIRECTION('center_axis',(0.,0.,-1.));
#14196=DIRECTION('ref_axis',(-0.0574530868854354,-0.99834820719393,0.));
#14197=DIRECTION('',(0.,0.,-1.));
#14198=DIRECTION('center_axis',(0.0924257191057519,0.995719582235774,0.));
#14199=DIRECTION('ref_axis',(0.995719582235774,-0.0924257191057519,0.));
#14200=DIRECTION('',(0.,0.,-1.));
#14201=DIRECTION('center_axis',(0.,0.,-1.));
#14202=DIRECTION('ref_axis',(-0.338469610716139,-0.940977323117654,0.));
#14203=DIRECTION('',(0.,0.,-1.));
#14204=DIRECTION('center_axis',(0.370405978757051,0.928869964473516,0.));
#14205=DIRECTION('ref_axis',(0.928869964473516,-0.370405978757051,0.));
#14206=DIRECTION('',(0.,0.,-1.));
#14207=DIRECTION('center_axis',(0.435838137717233,0.900025065046065,0.));
#14208=DIRECTION('ref_axis',(0.900025065046065,-0.435838137717233,0.));
#14209=DIRECTION('',(0.,0.,-1.));
#14210=DIRECTION('center_axis',(0.467442944380621,0.884023242765017,0.));
#14211=DIRECTION('ref_axis',(0.884023242765017,-0.467442944380621,0.));
#14212=DIRECTION('center_axis',(0.603084138872263,-0.797677579878425,0.));
#14213=DIRECTION('ref_axis',(0.797677579878425,0.603084138872263,0.));
#14214=DIRECTION('',(0.,0.,-1.));
#14215=DIRECTION('',(-0.797677579878425,-0.603084138872263,0.));
#14216=DIRECTION('',(0.,0.,-1.));
#14217=DIRECTION('center_axis',(0.528106062232231,-0.849178418845867,0.));
#14218=DIRECTION('ref_axis',(0.849178418845867,0.528106062232231,0.));
#14219=DIRECTION('',(0.,0.,-1.));
#14220=DIRECTION('',(-0.849178418845867,-0.528106062232231,0.));
#14221=DIRECTION('center_axis',(1.,7.21282392114666E-14,0.));
#14222=DIRECTION('ref_axis',(-7.21282392114666E-14,1.,0.));
#14223=DIRECTION('',(0.,0.,-1.));
#14224=DIRECTION('',(7.21282392114666E-14,-1.,0.));
#14225=DIRECTION('center_axis',(0.945024195852498,0.327000411702094,0.));
#14226=DIRECTION('ref_axis',(-0.327000411702094,0.945024195852498,0.));
#14227=DIRECTION('',(0.,0.,-1.));
#14228=DIRECTION('',(0.327000411702094,-0.945024195852498,0.));
#14229=DIRECTION('center_axis',(0.,0.,1.));
#14230=DIRECTION('ref_axis',(-0.601696684503249,-0.798724670870882,0.));
#14231=DIRECTION('',(0.,0.,-1.));
#14232=DIRECTION('center_axis',(0.,0.,1.));
#14233=DIRECTION('ref_axis',(-0.601696684503249,-0.798724670870882,0.));
#14234=DIRECTION('center_axis',(0.571208098704296,0.820805280181983,0.));
#14235=DIRECTION('ref_axis',(-0.820805280181983,0.571208098704296,0.));
#14236=DIRECTION('',(0.,0.,-1.));
#14237=DIRECTION('',(0.820805280181983,-0.571208098704296,0.));
#14238=DIRECTION('center_axis',(0.,0.,1.));
#14239=DIRECTION('ref_axis',(-0.162674959445154,-0.986679713772163,0.));
#14240=DIRECTION('',(0.,0.,-1.));
#14241=DIRECTION('center_axis',(0.,0.,1.));
#14242=DIRECTION('ref_axis',(-0.162674959445154,-0.986679713772163,0.));
#14243=DIRECTION('center_axis',(0.163089476181,0.986611282501375,0.));
#14244=DIRECTION('ref_axis',(-0.986611282501375,0.163089476181,0.));
#14245=DIRECTION('',(0.,0.,-1.));
#14246=DIRECTION('',(0.986611282501375,-0.163089476181,0.));
#14247=DIRECTION('center_axis',(0.,0.,1.));
#14248=DIRECTION('ref_axis',(0.162215741117134,0.986755315837629,0.));
#14249=DIRECTION('',(0.,0.,-1.));
#14250=DIRECTION('center_axis',(0.,0.,-1.));
#14251=DIRECTION('ref_axis',(0.162215741117134,0.986755315837629,0.));
#14252=DIRECTION('center_axis',(0.397990898430225,0.917389363774566,0.));
#14253=DIRECTION('ref_axis',(-0.917389363774566,0.397990898430225,0.));
#14254=DIRECTION('',(0.,0.,-1.));
#14255=DIRECTION('',(0.917389363774566,-0.397990898430225,0.));
#14256=DIRECTION('center_axis',(0.,0.,1.));
#14257=DIRECTION('ref_axis',(0.424693422317427,0.905337228352127,0.));
#14258=DIRECTION('',(0.,0.,-1.));
#14259=DIRECTION('center_axis',(0.,0.,-1.));
#14260=DIRECTION('ref_axis',(0.424693422317427,0.905337228352127,0.));
#14261=DIRECTION('center_axis',(0.884657559837593,0.466241355761365,0.));
#14262=DIRECTION('ref_axis',(-0.466241355761365,0.884657559837593,0.));
#14263=DIRECTION('',(0.,0.,-1.));
#14264=DIRECTION('',(0.466241355761365,-0.884657559837593,0.));
#14265=DIRECTION('center_axis',(0.,0.,1.));
#14266=DIRECTION('ref_axis',(0.896680950708477,0.442677391151324,0.));
#14267=DIRECTION('',(0.,0.,-1.));
#14268=DIRECTION('center_axis',(0.,0.,-1.));
#14269=DIRECTION('ref_axis',(0.896680950708477,0.442677391151324,0.));
#14270=DIRECTION('center_axis',(0.999455683846968,0.0329899382538139,0.));
#14271=DIRECTION('ref_axis',(-0.0329899382538139,0.999455683846967,0.));
#14272=DIRECTION('',(0.,0.,-1.));
#14273=DIRECTION('',(0.0329899382538139,-0.999455683846967,0.));
#14274=DIRECTION('center_axis',(0.,0.,1.));
#14275=DIRECTION('ref_axis',(0.999979316849296,0.00643163071193866,0.));
#14276=DIRECTION('',(0.,0.,-1.));
#14277=DIRECTION('center_axis',(0.,0.,-1.));
#14278=DIRECTION('ref_axis',(0.999979316849296,0.00643163071193866,0.));
#14279=DIRECTION('center_axis',(0.953579873610204,-0.301140207620219,0.));
#14280=DIRECTION('ref_axis',(0.301140207620219,0.953579873610203,0.));
#14281=DIRECTION('',(0.,0.,-1.));
#14282=DIRECTION('',(-0.301140207620219,-0.953579873610203,0.));
#14283=DIRECTION('center_axis',(0.,0.,1.));
#14284=DIRECTION('ref_axis',(0.944331143613268,-0.328996491169827,0.));
#14285=DIRECTION('',(0.,0.,-1.));
#14286=DIRECTION('center_axis',(0.,0.,-1.));
#14287=DIRECTION('ref_axis',(0.944331143613268,-0.328996491169827,0.));
#14288=DIRECTION('center_axis',(0.790090141137943,-0.612990676011166,0.));
#14289=DIRECTION('ref_axis',(0.612990676011166,0.790090141137943,0.));
#14290=DIRECTION('',(0.,0.,-1.));
#14291=DIRECTION('',(-0.612990676011166,-0.790090141137943,0.));
#14292=DIRECTION('center_axis',(0.744852838799152,-0.667228782752096,0.));
#14293=DIRECTION('ref_axis',(0.667228782752096,0.744852838799152,0.));
#14294=DIRECTION('',(0.,0.,-1.));
#14295=DIRECTION('',(-0.667228782752096,-0.744852838799152,0.));
#14296=DIRECTION('center_axis',(0.721078055980713,-0.692853835367226,0.));
#14297=DIRECTION('ref_axis',(0.692853835367226,0.721078055980713,0.));
#14298=DIRECTION('',(0.,0.,-1.));
#14299=DIRECTION('',(-0.692853835367226,-0.721078055980713,0.));
#14300=DIRECTION('center_axis',(0.,0.,1.));
#14301=DIRECTION('ref_axis',(-0.930873166195709,0.365342508417479,0.));
#14302=DIRECTION('',(0.,0.,-1.));
#14303=DIRECTION('center_axis',(0.,0.,1.));
#14304=DIRECTION('ref_axis',(-0.930873166195709,0.365342508417479,0.));
#14305=DIRECTION('center_axis',(0.943868732879042,-0.330320776054598,0.));
#14306=DIRECTION('ref_axis',(0.330320776054598,0.943868732879042,0.));
#14307=DIRECTION('',(0.,0.,-1.));
#14308=DIRECTION('',(-0.330320776054598,-0.943868732879042,0.));
#14309=DIRECTION('center_axis',(0.,0.,1.));
#14310=DIRECTION('ref_axis',(-0.988628947634799,-0.150375542886836,0.));
#14311=DIRECTION('',(0.,0.,-1.));
#14312=DIRECTION('center_axis',(0.,0.,1.));
#14313=DIRECTION('ref_axis',(-0.988628947634799,-0.150375542886836,0.));
#14314=DIRECTION('center_axis',(0.98868392416373,0.150013659712071,0.));
#14315=DIRECTION('ref_axis',(-0.150013659712071,0.988683924163729,0.));
#14316=DIRECTION('',(0.,0.,-1.));
#14317=DIRECTION('',(0.150013659712071,-0.988683924163729,0.));
#14318=DIRECTION('center_axis',(0.,0.,1.));
#14319=DIRECTION('ref_axis',(0.988549034919466,0.150899985287581,0.));
#14320=DIRECTION('',(0.,0.,-1.));
#14321=DIRECTION('center_axis',(0.,0.,-1.));
#14322=DIRECTION('ref_axis',(0.988549034919466,0.150899985287581,0.));
#14323=DIRECTION('center_axis',(0.994590908865338,-0.103869745366113,0.));
#14324=DIRECTION('ref_axis',(0.103869745366113,0.994590908865338,0.));
#14325=DIRECTION('',(0.,0.,-1.));
#14326=DIRECTION('',(-0.103869745366113,-0.994590908865338,0.));
#14327=DIRECTION('center_axis',(0.,0.,1.));
#14328=DIRECTION('ref_axis',(0.990998823839587,-0.133870576111985,0.));
#14329=DIRECTION('',(0.,0.,-1.));
#14330=DIRECTION('center_axis',(0.,0.,-1.));
#14331=DIRECTION('ref_axis',(0.990998823839587,-0.133870576111985,0.));
#14332=DIRECTION('center_axis',(0.826332252465496,-0.563182926352797,0.));
#14333=DIRECTION('ref_axis',(0.563182926352797,0.826332252465496,0.));
#14334=DIRECTION('',(0.,0.,-1.));
#14335=DIRECTION('',(-0.563182926352797,-0.826332252465496,0.));
#14336=DIRECTION('center_axis',(0.,0.,1.));
#14337=DIRECTION('ref_axis',(0.809959956115489,-0.586485182668237,0.));
#14338=DIRECTION('',(0.,0.,-1.));
#14339=DIRECTION('center_axis',(0.,0.,-1.));
#14340=DIRECTION('ref_axis',(0.809959956115489,-0.586485182668237,0.));
#14341=DIRECTION('center_axis',(0.60036114736281,-0.799729012064218,0.));
#14342=DIRECTION('ref_axis',(0.799729012064218,0.60036114736281,0.));
#14343=DIRECTION('',(0.,0.,-1.));
#14344=DIRECTION('',(-0.799729012064218,-0.60036114736281,0.));
#14345=DIRECTION('center_axis',(0.,0.,1.));
#14346=DIRECTION('ref_axis',(0.578938796285081,-0.815371001542231,0.));
#14347=DIRECTION('',(0.,0.,-1.));
#14348=DIRECTION('center_axis',(0.,0.,-1.));
#14349=DIRECTION('ref_axis',(0.578938796285081,-0.815371001542231,0.));
#14350=DIRECTION('center_axis',(0.249686258143742,-0.968326790135529,0.));
#14351=DIRECTION('ref_axis',(0.968326790135529,0.249686258143743,0.));
#14352=DIRECTION('',(0.,0.,-1.));
#14353=DIRECTION('',(-0.968326790135529,-0.249686258143743,0.));
#14354=DIRECTION('center_axis',(0.,0.,1.));
#14355=DIRECTION('ref_axis',(0.223356607479589,-0.974736798266696,0.));
#14356=DIRECTION('',(0.,0.,-1.));
#14357=DIRECTION('center_axis',(0.,0.,-1.));
#14358=DIRECTION('ref_axis',(0.223356607479589,-0.974736798266696,0.));
#14359=DIRECTION('center_axis',(-0.0924257191086314,-0.995719582235507,
0.));
#14360=DIRECTION('ref_axis',(0.995719582235507,-0.0924257191086314,0.));
#14361=DIRECTION('',(0.,0.,-1.));
#14362=DIRECTION('',(-0.995719582235507,0.0924257191086314,0.));
#14363=DIRECTION('center_axis',(0.,0.,1.));
#14364=DIRECTION('ref_axis',(-0.121836133649711,-0.992550228722602,0.));
#14365=DIRECTION('',(0.,0.,-1.));
#14366=DIRECTION('center_axis',(0.,0.,-1.));
#14367=DIRECTION('ref_axis',(-0.121836133649711,-0.992550228722602,0.));
#14368=DIRECTION('center_axis',(-0.370405978759294,-0.928869964472622,0.));
#14369=DIRECTION('ref_axis',(0.928869964472622,-0.370405978759294,0.));
#14370=DIRECTION('',(0.,0.,-1.));
#14371=DIRECTION('',(-0.928869964472622,0.370405978759294,0.));
#14372=DIRECTION('center_axis',(-0.435838137731998,-0.900025065038916,0.));
#14373=DIRECTION('ref_axis',(0.900025065038916,-0.435838137731998,0.));
#14374=DIRECTION('',(0.,0.,-1.));
#14375=DIRECTION('',(-0.900025065038916,0.435838137731998,0.));
#14376=DIRECTION('center_axis',(-0.467442944387602,-0.884023242761326,0.));
#14377=DIRECTION('ref_axis',(0.884023242761326,-0.467442944387601,0.));
#14378=DIRECTION('',(0.,0.,-1.));
#14379=DIRECTION('',(-0.884023242761326,0.467442944387601,0.));
#14380=DIRECTION('center_axis',(0.,0.,1.));
#14381=DIRECTION('ref_axis',(-0.111409692710675,0.993774562146825,0.));
#14382=DIRECTION('',(0.,0.,-1.));
#14383=DIRECTION('center_axis',(0.,0.,1.));
#14384=DIRECTION('ref_axis',(-0.111409692710675,0.993774562146825,0.));
#14385=DIRECTION('center_axis',(0.149918189460442,-0.988698405212076,0.));
#14386=DIRECTION('ref_axis',(0.988698405212076,0.149918189460442,0.));
#14387=DIRECTION('',(0.,0.,-1.));
#14388=DIRECTION('',(-0.988698405212076,-0.149918189460442,0.));
#14389=DIRECTION('center_axis',(0.,0.,1.));
#14390=DIRECTION('ref_axis',(-0.467562738030013,0.883959889364827,0.));
#14391=DIRECTION('',(0.,0.,-1.));
#14392=DIRECTION('center_axis',(0.,0.,1.));
#14393=DIRECTION('ref_axis',(-0.467562738030013,0.883959889364827,0.));
#14394=DIRECTION('center_axis',(0.467440574580811,-0.884024495834568,0.));
#14395=DIRECTION('ref_axis',(0.884024495834568,0.467440574580811,0.));
#14396=DIRECTION('',(0.,0.,-1.));
#14397=DIRECTION('',(-0.884024495834568,-0.467440574580811,0.));
#14398=DIRECTION('center_axis',(0.,0.,1.));
#14399=DIRECTION('ref_axis',(0.468248448507462,-0.88359684838186,0.));
#14400=DIRECTION('',(0.,0.,-1.));
#14401=DIRECTION('center_axis',(0.,0.,-1.));
#14402=DIRECTION('ref_axis',(0.468248448507462,-0.88359684838186,0.));
#14403=DIRECTION('center_axis',(0.233406356993804,-0.972379284289253,0.));
#14404=DIRECTION('ref_axis',(0.972379284289253,0.233406356993804,0.));
#14405=DIRECTION('',(0.,0.,-1.));
#14406=DIRECTION('',(-0.972379284289253,-0.233406356993804,0.));
#14407=DIRECTION('center_axis',(0.,0.,1.));
#14408=DIRECTION('ref_axis',(0.20434749247733,-0.978898412665087,0.));
#14409=DIRECTION('',(0.,0.,-1.));
#14410=DIRECTION('center_axis',(0.,0.,-1.));
#14411=DIRECTION('ref_axis',(0.204347492477331,-0.978898412665087,0.));
#14412=DIRECTION('center_axis',(-0.313471745467689,-0.949597527794507,0.));
#14413=DIRECTION('ref_axis',(0.949597527794507,-0.313471745467689,0.));
#14414=DIRECTION('',(0.,0.,-1.));
#14415=DIRECTION('',(-0.949597527794507,0.313471745467689,0.));
#14416=DIRECTION('center_axis',(0.,0.,1.));
#14417=DIRECTION('ref_axis',(-0.339658917104074,-0.940548680309365,0.));
#14418=DIRECTION('',(0.,0.,-1.));
#14419=DIRECTION('center_axis',(0.,0.,-1.));
#14420=DIRECTION('ref_axis',(-0.339658917104074,-0.940548680309365,0.));
#14421=DIRECTION('center_axis',(-0.650853061021488,-0.759203722961735,0.));
#14422=DIRECTION('ref_axis',(0.759203722961735,-0.650853061021488,0.));
#14423=DIRECTION('',(0.,0.,-1.));
#14424=DIRECTION('',(-0.759203722961735,0.650853061021488,0.));
#14425=DIRECTION('center_axis',(0.,0.,1.));
#14426=DIRECTION('ref_axis',(-0.670513191339272,-0.741897607652178,0.));
#14427=DIRECTION('',(0.,0.,-1.));
#14428=DIRECTION('center_axis',(0.,0.,-1.));
#14429=DIRECTION('ref_axis',(-0.670513191339272,-0.741897607652178,0.));
#14430=DIRECTION('center_axis',(-0.862660899223503,-0.50578273295052,0.));
#14431=DIRECTION('ref_axis',(0.50578273295052,-0.862660899223503,0.));
#14432=DIRECTION('',(0.,0.,-1.));
#14433=DIRECTION('',(-0.50578273295052,0.862660899223503,0.));
#14434=DIRECTION('center_axis',(0.,0.,1.));
#14435=DIRECTION('ref_axis',(-0.876297174665871,-0.481770963916063,0.));
#14436=DIRECTION('',(0.,0.,-1.));
#14437=DIRECTION('center_axis',(0.,0.,-1.));
#14438=DIRECTION('ref_axis',(-0.876297174665871,-0.481770963916063,0.));
#14439=DIRECTION('center_axis',(-0.994597707095078,-0.103804629189708,0.));
#14440=DIRECTION('ref_axis',(0.103804629189708,-0.994597707095078,0.));
#14441=DIRECTION('',(0.,0.,-1.));
#14442=DIRECTION('',(-0.103804629189708,0.994597707095078,0.));
#14443=DIRECTION('center_axis',(0.,0.,1.));
#14444=DIRECTION('ref_axis',(-0.997324366872776,-0.0731034010277004,0.));
#14445=DIRECTION('',(0.,0.,-1.));
#14446=DIRECTION('center_axis',(0.,0.,-1.));
#14447=DIRECTION('ref_axis',(-0.997324366872776,-0.0731034010277004,0.));
#14448=DIRECTION('center_axis',(-0.988682737247741,0.150021482022787,0.));
#14449=DIRECTION('ref_axis',(-0.150021482022787,-0.988682737247741,0.));
#14450=DIRECTION('',(0.,0.,-1.));
#14451=DIRECTION('',(0.150021482022787,0.988682737247741,0.));
#14452=DIRECTION('center_axis',(0.,0.,1.));
#14453=DIRECTION('ref_axis',(0.833793435088761,0.552076541435048,0.));
#14454=DIRECTION('',(0.,0.,-1.));
#14455=DIRECTION('center_axis',(0.,0.,1.));
#14456=DIRECTION('ref_axis',(0.833793435088761,0.552076541435047,0.));
#14457=DIRECTION('center_axis',(-0.812947601792498,-0.582336841303919,0.));
#14458=DIRECTION('ref_axis',(0.582336841303919,-0.812947601792498,0.));
#14459=DIRECTION('',(0.,0.,-1.));
#14460=DIRECTION('',(-0.582336841303919,0.812947601792498,0.));
#14461=DIRECTION('center_axis',(-0.778171741184369,-0.628051543443758,0.));
#14462=DIRECTION('ref_axis',(0.628051543443758,-0.778171741184369,0.));
#14463=DIRECTION('',(0.,0.,-1.));
#14464=DIRECTION('',(-0.628051543443758,0.778171741184369,0.));
#14465=DIRECTION('center_axis',(-0.740693017431648,-0.671843623120738,0.));
#14466=DIRECTION('ref_axis',(0.671843623120738,-0.740693017431648,0.));
#14467=DIRECTION('',(0.,0.,-1.));
#14468=DIRECTION('',(-0.671843623120738,0.740693017431648,0.));
#14469=DIRECTION('center_axis',(-0.721080355745283,-0.692851441911076,0.));
#14470=DIRECTION('ref_axis',(0.692851441911076,-0.721080355745283,0.));
#14471=DIRECTION('',(0.,0.,-1.));
#14472=DIRECTION('',(-0.692851441911076,0.721080355745283,0.));
#14473=DIRECTION('center_axis',(0.,0.,1.));
#14474=DIRECTION('ref_axis',(-0.720443086847689,-0.693514065187847,0.));
#14475=DIRECTION('',(0.,0.,-1.));
#14476=DIRECTION('center_axis',(0.,0.,-1.));
#14477=DIRECTION('ref_axis',(-0.72044308684769,-0.693514065187846,0.));
#14478=DIRECTION('center_axis',(-0.869009322735158,-0.494795712389854,0.));
#14479=DIRECTION('ref_axis',(0.494795712389854,-0.869009322735158,0.));
#14480=DIRECTION('',(0.,0.,-1.));
#14481=DIRECTION('',(-0.494795712389854,0.869009322735158,0.));
#14482=DIRECTION('center_axis',(0.,0.,1.));
#14483=DIRECTION('ref_axis',(-0.883292481224496,-0.468822346536801,0.));
#14484=DIRECTION('',(0.,0.,-1.));
#14485=DIRECTION('center_axis',(0.,0.,-1.));
#14486=DIRECTION('ref_axis',(-0.883292481224497,-0.468822346536801,0.));
#14487=DIRECTION('center_axis',(-0.995148918563604,0.0983800278597763,0.));
#14488=DIRECTION('ref_axis',(-0.0983800278597763,-0.995148918563604,0.));
#14489=DIRECTION('',(0.,0.,-1.));
#14490=DIRECTION('',(0.0983800278597763,0.995148918563604,0.));
#14491=DIRECTION('center_axis',(0.,0.,1.));
#14492=DIRECTION('ref_axis',(-0.992092406958571,0.125509585511024,0.));
#14493=DIRECTION('',(0.,0.,-1.));
#14494=DIRECTION('center_axis',(0.,0.,-1.));
#14495=DIRECTION('ref_axis',(-0.992092406958571,0.125509585511024,0.));
#14496=DIRECTION('center_axis',(-0.852629891783657,0.522515327657466,0.));
#14497=DIRECTION('ref_axis',(-0.522515327657466,-0.852629891783657,0.));
#14498=DIRECTION('',(0.,0.,-1.));
#14499=DIRECTION('',(0.522515327657466,0.852629891783657,0.));
#14500=DIRECTION('center_axis',(0.,0.,1.));
#14501=DIRECTION('ref_axis',(-0.838569978206979,0.544793898322978,0.));
#14502=DIRECTION('',(0.,0.,-1.));
#14503=DIRECTION('center_axis',(0.,0.,-1.));
#14504=DIRECTION('ref_axis',(-0.838569978206979,0.544793898322978,0.));
#14505=DIRECTION('center_axis',(0.,0.,-1.));
#14506=DIRECTION('ref_axis',(-0.549809987240721,-0.835289756869051,0.));
#14507=DIRECTION('',(0.,0.,-1.));
#14508=DIRECTION('',(0.,0.,-1.));
#14509=DIRECTION('center_axis',(0.571208098690958,0.820805280191265,0.));
#14510=DIRECTION('ref_axis',(0.820805280191265,-0.571208098690958,0.));
#14511=DIRECTION('',(0.,0.,-1.));
#14512=DIRECTION('center_axis',(0.,0.,-1.));
#14513=DIRECTION('ref_axis',(-0.897827243615928,-0.440347863195706,0.));
#14514=DIRECTION('center_axis',(0.948321275577584,0.317311768276728,0.));
#14515=DIRECTION('ref_axis',(0.317311768276728,-0.948321275577584,0.));
#14516=DIRECTION('',(0.,0.,-1.));
#14517=DIRECTION('center_axis',(0.945024195852499,0.327000411702093,0.));
#14518=DIRECTION('ref_axis',(0.327000411702093,-0.945024195852499,0.));
#14519=DIRECTION('',(0.,0.,-1.));
#14520=DIRECTION('center_axis',(0.941540489996282,0.336899845202638,0.));
#14521=DIRECTION('ref_axis',(0.336899845202638,-0.941540489996282,0.));
#14522=DIRECTION('',(0.,0.,-1.));
#14523=DIRECTION('center_axis',(1.,0.,0.));
#14524=DIRECTION('ref_axis',(0.,-1.,0.));
#14525=DIRECTION('',(0.,0.,-1.));
#14526=DIRECTION('center_axis',(0.,0.,-1.));
#14527=DIRECTION('ref_axis',(-0.991596100295118,0.129372229939482,0.));
#14528=DIRECTION('',(0.,0.,-1.));
#14529=DIRECTION('center_axis',(0.989922578791053,-0.141609632439572,0.));
#14530=DIRECTION('ref_axis',(-0.141609632439572,-0.989922578791053,0.));
#14531=DIRECTION('',(0.,0.,-1.));
#14532=DIRECTION('center_axis',(0.,0.,-1.));
#14533=DIRECTION('ref_axis',(-0.868962137539002,0.49487857452475,0.));
#14534=DIRECTION('',(0.,0.,-1.));
#14535=DIRECTION('center_axis',(0.863972361813619,-0.503539231860037,0.));
#14536=DIRECTION('ref_axis',(-0.503539231860037,-0.863972361813619,0.));
#14537=DIRECTION('',(0.,0.,-1.));
#14538=DIRECTION('center_axis',(0.,0.,-1.));
#14539=DIRECTION('ref_axis',(-0.423260009270924,0.906008258545129,0.));
#14540=DIRECTION('',(0.,0.,-1.));
#14541=DIRECTION('center_axis',(0.449658094518836,-0.893200760206623,0.));
#14542=DIRECTION('ref_axis',(-0.893200760206623,-0.449658094518836,0.));
#14543=DIRECTION('',(0.,0.,-1.));
#14544=DIRECTION('center_axis',(0.528106062232209,-0.849178418845881,0.));
#14545=DIRECTION('ref_axis',(-0.849178418845881,-0.528106062232209,0.));
#14546=DIRECTION('',(0.,0.,-1.));
#14547=DIRECTION('center_axis',(0.60308413885268,-0.797677579893231,0.));
#14548=DIRECTION('ref_axis',(-0.797677579893231,-0.60308413885268,0.));
#14549=DIRECTION('',(0.,0.,-1.));
#14550=DIRECTION('center_axis',(0.,0.,-1.));
#14551=DIRECTION('ref_axis',(0.654903453378218,-0.75571255564089,0.));
#14552=DIRECTION('',(0.,0.,-1.));
#14553=DIRECTION('center_axis',(0.839799586051816,-0.542896541955462,0.));
#14554=DIRECTION('ref_axis',(-0.542896541955462,-0.839799586051816,0.));
#14555=DIRECTION('',(0.,0.,-1.));
#14556=DIRECTION('center_axis',(0.879991646643532,-0.47498915970536,0.));
#14557=DIRECTION('ref_axis',(-0.47498915970536,-0.879991646643532,0.));
#14558=DIRECTION('',(0.,0.,-1.));
#14559=DIRECTION('center_axis',(0.912869232656204,-0.408252083974684,0.));
#14560=DIRECTION('ref_axis',(-0.408252083974684,-0.912869232656204,0.));
#14561=DIRECTION('',(0.,0.,-1.));
#14562=DIRECTION('center_axis',(0.939100288241848,-0.343643199589455,0.));
#14563=DIRECTION('ref_axis',(-0.343643199589455,-0.939100288241848,0.));
#14564=DIRECTION('',(0.,0.,-1.));
#14565=DIRECTION('center_axis',(0.959466984578862,-0.28182105227102,0.));
#14566=DIRECTION('ref_axis',(-0.28182105227102,-0.959466984578862,0.));
#14567=DIRECTION('',(0.,0.,-1.));
#14568=DIRECTION('center_axis',(0.974777584425975,-0.223178540412515,0.));
#14569=DIRECTION('ref_axis',(-0.223178540412515,-0.974777584425975,0.));
#14570=DIRECTION('',(0.,0.,-1.));
#14571=DIRECTION('center_axis',(0.985806958467504,-0.167882818171033,0.));
#14572=DIRECTION('ref_axis',(-0.167882818171033,-0.985806958467504,0.));
#14573=DIRECTION('',(0.,0.,-1.));
#14574=DIRECTION('center_axis',(0.993254010339067,-0.115958919214348,0.));
#14575=DIRECTION('ref_axis',(-0.115958919214348,-0.993254010339067,0.));
#14576=DIRECTION('',(0.,0.,-1.));
#14577=DIRECTION('center_axis',(0.997732845653724,-0.0672990988329123,0.));
#14578=DIRECTION('ref_axis',(-0.0672990988329123,-0.997732845653724,0.));
#14579=DIRECTION('',(0.,0.,-1.));
#14580=DIRECTION('center_axis',(0.999763572451722,-0.0217439462511112,0.));
#14581=DIRECTION('ref_axis',(-0.0217439462511112,-0.999763572451722,0.));
#14582=DIRECTION('',(0.,0.,-1.));
#14583=DIRECTION('center_axis',(1.,0.,0.));
#14584=DIRECTION('ref_axis',(0.,-1.,0.));
#14585=DIRECTION('',(0.,0.,-1.));
#14586=DIRECTION('center_axis',(0.,0.,-1.));
#14587=DIRECTION('ref_axis',(0.999999059584667,0.0013714334766883,0.));
#14588=DIRECTION('',(0.,0.,-1.));
#14589=DIRECTION('center_axis',(0.959752919496245,0.280845746840566,0.));
#14590=DIRECTION('ref_axis',(0.280845746840566,-0.959752919496245,0.));
#14591=DIRECTION('',(0.,0.,-1.));
#14592=DIRECTION('center_axis',(0.,0.,-1.));
#14593=DIRECTION('ref_axis',(0.947421138397601,0.319989353756331,0.));
#14594=DIRECTION('',(0.,0.,-1.));
#14595=DIRECTION('center_axis',(0.872024738277603,0.489461802219415,0.));
#14596=DIRECTION('ref_axis',(0.489461802219415,-0.872024738277603,0.));
#14597=DIRECTION('',(0.,0.,-1.));
#14598=DIRECTION('center_axis',(0.,0.,-1.));
#14599=DIRECTION('ref_axis',(0.854395326182413,0.519623543151817,0.));
#14600=DIRECTION('',(0.,0.,-1.));
#14601=DIRECTION('center_axis',(0.757214010100851,0.653166856865065,0.));
#14602=DIRECTION('ref_axis',(0.653166856865065,-0.757214010100851,0.));
#14603=DIRECTION('',(0.,0.,-1.));
#14604=DIRECTION('center_axis',(0.,0.,-1.));
#14605=DIRECTION('ref_axis',(0.737512933172478,0.675333009265302,0.));
#14606=DIRECTION('',(0.,0.,-1.));
#14607=DIRECTION('center_axis',(0.628126294995926,0.778111404321188,0.));
#14608=DIRECTION('ref_axis',(0.778111404321188,-0.628126294995926,0.));
#14609=DIRECTION('',(0.,0.,-1.));
#14610=DIRECTION('center_axis',(0.,0.,-1.));
#14611=DIRECTION('ref_axis',(0.607251060832871,0.794510005674789,0.));
#14612=DIRECTION('',(0.,0.,-1.));
#14613=DIRECTION('center_axis',(0.376021903412642,0.926610774896307,0.));
#14614=DIRECTION('ref_axis',(0.926610774896307,-0.376021903412642,0.));
#14615=DIRECTION('',(0.,0.,-1.));
#14616=DIRECTION('center_axis',(0.,0.,-1.));
#14617=DIRECTION('ref_axis',(0.354034311528042,0.935232434350341,0.));
#14618=DIRECTION('',(0.,0.,-1.));
#14619=DIRECTION('center_axis',(0.167057799529996,0.985947103863182,0.));
#14620=DIRECTION('ref_axis',(0.985947103863182,-0.167057799529996,0.));
#14621=DIRECTION('',(0.,0.,-1.));
#14622=DIRECTION('center_axis',(0.,0.,-1.));
#14623=DIRECTION('ref_axis',(0.141303152399914,0.989966372722754,0.));
#14624=DIRECTION('center_axis',(-0.0250139608641204,0.999687101928343,0.));
#14625=DIRECTION('ref_axis',(0.999687101928343,0.0250139608641204,0.));
#14626=DIRECTION('',(0.,0.,-1.));
#14627=DIRECTION('center_axis',(0.,0.,-1.));
#14628=DIRECTION('ref_axis',(-0.0565164689262191,0.998401667035924,0.));
#14629=DIRECTION('',(0.,0.,-1.));
#14630=DIRECTION('center_axis',(-0.211425174313068,0.977394186429758,0.));
#14631=DIRECTION('ref_axis',(0.977394186429758,0.211425174313068,0.));
#14632=DIRECTION('',(0.,0.,-1.));
#14633=DIRECTION('center_axis',(0.,0.,-1.));
#14634=DIRECTION('ref_axis',(-0.238168142282463,0.971223937102932,0.));
#14635=DIRECTION('',(0.,0.,-1.));
#14636=DIRECTION('center_axis',(-0.414406728674131,0.910091788354123,0.));
#14637=DIRECTION('ref_axis',(0.910091788354123,0.414406728674131,0.));
#14638=DIRECTION('',(0.,0.,-1.));
#14639=DIRECTION('center_axis',(0.,0.,-1.));
#14640=DIRECTION('ref_axis',(-0.435916311480339,0.899987205123148,0.));
#14641=DIRECTION('',(0.,0.,-1.));
#14642=DIRECTION('center_axis',(-0.628153577485089,0.778089379886838,0.));
#14643=DIRECTION('ref_axis',(0.778089379886838,0.628153577485089,0.));
#14644=DIRECTION('',(0.,0.,-1.));
#14645=DIRECTION('center_axis',(0.,0.,-1.));
#14646=DIRECTION('ref_axis',(-0.646950000011172,0.762532423891302,0.));
#14647=DIRECTION('',(0.,0.,-1.));
#14648=DIRECTION('center_axis',(-0.757287661207509,0.653081463665032,0.));
#14649=DIRECTION('ref_axis',(0.653081463665032,0.757287661207509,0.));
#14650=DIRECTION('',(0.,0.,-1.));
#14651=DIRECTION('center_axis',(0.,0.,-1.));
#14652=DIRECTION('ref_axis',(-0.774682598230983,0.632350276348555,0.));
#14653=DIRECTION('',(0.,0.,-1.));
#14654=DIRECTION('center_axis',(-0.872121827264973,0.489288788353059,0.));
#14655=DIRECTION('ref_axis',(0.489288788353059,0.872121827264973,0.));
#14656=DIRECTION('',(0.,0.,-1.));
#14657=DIRECTION('center_axis',(0.,0.,-1.));
#14658=DIRECTION('ref_axis',(-0.887356583687777,0.461083824684793,0.));
#14659=DIRECTION('',(0.,0.,-1.));
#14660=DIRECTION('center_axis',(-0.959802512156362,0.280676214985053,0.));
#14661=DIRECTION('ref_axis',(0.280676214985053,0.959802512156362,0.));
#14662=DIRECTION('',(0.,0.,-1.));
#14663=DIRECTION('center_axis',(0.,0.,-1.));
#14664=DIRECTION('ref_axis',(-0.969933382924767,0.243370566601874,0.));
#14665=DIRECTION('',(0.,0.,-1.));
#14666=DIRECTION('center_axis',(-0.999999999999998,5.81811857449066E-8,
0.));
#14667=DIRECTION('ref_axis',(5.81811857449066E-8,0.999999999999998,0.));
#14668=DIRECTION('',(0.,0.,-1.));
#14669=DIRECTION('center_axis',(-0.999763881527325,-0.0217297306337889,
0.));
#14670=DIRECTION('ref_axis',(-0.0217297306337889,0.999763881527325,0.));
#14671=DIRECTION('',(0.,0.,-1.));
#14672=DIRECTION('center_axis',(-0.99773538216691,-0.0672614835715777,0.));
#14673=DIRECTION('ref_axis',(-0.0672614835715777,0.99773538216691,0.));
#14674=DIRECTION('',(0.,0.,-1.));
#14675=DIRECTION('center_axis',(-0.99326127897231,-0.115896642290843,0.));
#14676=DIRECTION('ref_axis',(-0.115896642290843,0.99326127897231,0.));
#14677=DIRECTION('',(0.,0.,-1.));
#14678=DIRECTION('center_axis',(0.,0.,-1.));
#14679=DIRECTION('ref_axis',(-0.989553529457907,-0.144165919472667,0.));
#14680=DIRECTION('',(0.,0.,-1.));
#14681=DIRECTION('center_axis',(-0.971417849021514,-0.237375994157826,0.));
#14682=DIRECTION('ref_axis',(-0.237375994157826,0.971417849021514,0.));
#14683=DIRECTION('',(0.,0.,-1.));
#14684=DIRECTION('center_axis',(0.,0.,-1.));
#14685=DIRECTION('ref_axis',(-0.967519557729479,-0.252796173647771,0.));
#14686=DIRECTION('',(0.,0.,-1.));
#14687=DIRECTION('center_axis',(-0.920096763945786,-0.391691134666706,0.));
#14688=DIRECTION('ref_axis',(-0.391691134666706,0.920096763945786,0.));
#14689=DIRECTION('',(0.,0.,-1.));
#14690=DIRECTION('center_axis',(0.,0.,-1.));
#14691=DIRECTION('ref_axis',(-0.911781082125546,-0.410676585987038,0.));
#14692=DIRECTION('',(0.,0.,-1.));
#14693=DIRECTION('center_axis',(-0.828674467852725,-0.559730851685883,0.));
#14694=DIRECTION('ref_axis',(-0.559730851685883,0.828674467852725,0.));
#14695=DIRECTION('',(0.,0.,-1.));
#14696=DIRECTION('center_axis',(0.,0.,-1.));
#14697=DIRECTION('ref_axis',(-0.814000348296072,-0.580864384322084,0.));
#14698=DIRECTION('',(0.,0.,-1.));
#14699=DIRECTION('center_axis',(-0.656143660070286,-0.754636003215835,0.));
#14700=DIRECTION('ref_axis',(-0.754636003215835,0.656143660070286,0.));
#14701=DIRECTION('',(0.,0.,-1.));
#14702=DIRECTION('center_axis',(0.,0.,-1.));
#14703=DIRECTION('ref_axis',(-0.63062320864793,-0.776089149978654,0.));
#14704=DIRECTION('',(0.,0.,-1.));
#14705=DIRECTION('center_axis',(-0.429871760084619,-0.902889954469398,0.));
#14706=DIRECTION('ref_axis',(-0.902889954469398,0.429871760084619,0.));
#14707=DIRECTION('',(0.,0.,-1.));
#14708=DIRECTION('center_axis',(0.,0.,-1.));
#14709=DIRECTION('ref_axis',(0.689463039029961,0.724320866613389,0.));
#14710=DIRECTION('',(0.,0.,-1.));
#14711=DIRECTION('center_axis',(-0.704819432588488,-0.709386754489849,0.));
#14712=DIRECTION('ref_axis',(-0.709386754489849,0.704819432588488,0.));
#14713=DIRECTION('',(0.,0.,-1.));
#14714=DIRECTION('center_axis',(0.,0.,-1.));
#14715=DIRECTION('ref_axis',(0.999997890563073,0.00205398865754428,0.));
#14716=DIRECTION('',(0.,0.,-1.));
#14717=DIRECTION('center_axis',(-0.999999999999995,-1.0156910978097E-7,
0.));
#14718=DIRECTION('ref_axis',(-1.0156910978097E-7,0.999999999999995,0.));
#14719=DIRECTION('',(0.,0.,-1.));
#14720=DIRECTION('center_axis',(-0.634952036863723,0.772551558721234,0.));
#14721=DIRECTION('ref_axis',(-0.772551558721234,-0.634952036863723,0.));
#14722=DIRECTION('',(0.,0.,-1.));
#14723=DIRECTION('',(0.772551558721234,0.634952036863723,0.));
#14724=DIRECTION('center_axis',(0.,0.,1.));
#14725=DIRECTION('ref_axis',(-0.612662326740627,0.790344781340879,0.));
#14726=DIRECTION('',(0.,0.,-1.));
#14727=DIRECTION('center_axis',(0.,0.,-1.));
#14728=DIRECTION('ref_axis',(-0.612662326740627,0.790344781340879,0.));
#14729=DIRECTION('center_axis',(-0.332408962976024,0.943135346243159,0.));
#14730=DIRECTION('ref_axis',(-0.943135346243159,-0.332408962976024,0.));
#14731=DIRECTION('',(0.,0.,-1.));
#14732=DIRECTION('',(0.943135346243159,0.332408962976024,0.));
#14733=DIRECTION('center_axis',(-0.26526837696897,0.964174614984365,0.));
#14734=DIRECTION('ref_axis',(-0.964174614984365,-0.26526837696897,0.));
#14735=DIRECTION('',(0.,0.,-1.));
#14736=DIRECTION('',(0.964174614984365,0.26526837696897,0.));
#14737=DIRECTION('center_axis',(-0.19720034299372,0.980363210612862,0.));
#14738=DIRECTION('ref_axis',(-0.980363210612862,-0.19720034299372,0.));
#14739=DIRECTION('',(0.,0.,-1.));
#14740=DIRECTION('',(0.980363210612862,0.19720034299372,0.));
#14741=DIRECTION('center_axis',(-0.163089083482716,0.986611347415368,0.));
#14742=DIRECTION('ref_axis',(-0.986611347415368,-0.163089083482716,0.));
#14743=DIRECTION('',(0.,0.,-1.));
#14744=DIRECTION('',(0.986611347415368,0.163089083482716,0.));
#14745=DIRECTION('center_axis',(0.,0.,1.));
#14746=DIRECTION('ref_axis',(0.53920972830721,-0.842171519881114,0.));
#14747=DIRECTION('',(0.,0.,-1.));
#14748=DIRECTION('center_axis',(0.,0.,1.));
#14749=DIRECTION('ref_axis',(0.53920972830721,-0.842171519881114,0.));
#14750=DIRECTION('center_axis',(-0.571209733253553,0.820804142677414,0.));
#14751=DIRECTION('ref_axis',(-0.820804142677414,-0.571209733253553,0.));
#14752=DIRECTION('',(0.,0.,-1.));
#14753=DIRECTION('',(0.820804142677414,0.571209733253553,0.));
#14754=DIRECTION('center_axis',(0.,0.,1.));
#14755=DIRECTION('ref_axis',(0.832611357894217,-0.553857677301262,0.));
#14756=DIRECTION('',(0.,0.,1.));
#14757=DIRECTION('center_axis',(-0.853963660582952,0.5203326497576,0.));
#14758=DIRECTION('ref_axis',(-0.5203326497576,-0.853963660582952,0.));
#14759=DIRECTION('',(0.,0.,-1.));
#14760=DIRECTION('',(0.5203326497576,0.853963660582952,0.));
#14761=DIRECTION('center_axis',(-0.941692802855666,0.336473869787596,0.));
#14762=DIRECTION('ref_axis',(0.336473869787596,0.941692802855666,0.));
#14763=DIRECTION('',(0.,0.,-1.));
#14764=DIRECTION('center_axis',(-0.94149856765322,0.337016983410235,0.));
#14765=DIRECTION('ref_axis',(0.337016983410235,0.94149856765322,0.));
#14766=DIRECTION('',(0.,0.,-1.));
#14767=DIRECTION('center_axis',(-0.937472486692406,0.348059386735592,0.));
#14768=DIRECTION('ref_axis',(0.348059386735592,0.937472486692406,0.));
#14769=DIRECTION('center_axis',(-0.571209733286386,0.820804142654565,0.));
#14770=DIRECTION('ref_axis',(0.820804142654566,0.571209733286386,0.));
#14771=DIRECTION('',(0.,0.,-1.));
#14772=DIRECTION('center_axis',(0.,0.,-1.));
#14773=DIRECTION('ref_axis',(0.16286917900954,-0.986647672945494,0.));
#14774=DIRECTION('',(0.,0.,-1.));
#14775=DIRECTION('center_axis',(-0.163089083617732,0.986611347393049,0.));
#14776=DIRECTION('ref_axis',(0.986611347393049,0.163089083617732,0.));
#14777=DIRECTION('',(0.,0.,-1.));
#14778=DIRECTION('center_axis',(-0.19720034299374,0.980363210612858,0.));
#14779=DIRECTION('ref_axis',(0.980363210612858,0.19720034299374,0.));
#14780=DIRECTION('',(0.,0.,-1.));
#14781=DIRECTION('center_axis',(-0.265268376968939,0.964174614984374,0.));
#14782=DIRECTION('ref_axis',(0.964174614984374,0.265268376968939,0.));
#14783=DIRECTION('',(0.,0.,-1.));
#14784=DIRECTION('center_axis',(-0.332408962983095,0.943135346240667,0.));
#14785=DIRECTION('ref_axis',(0.943135346240667,0.332408962983095,0.));
#14786=DIRECTION('',(0.,0.,-1.));
#14787=DIRECTION('center_axis',(0.,0.,-1.));
#14788=DIRECTION('ref_axis',(-0.372656379119517,0.927969408494445,0.));
#14789=DIRECTION('',(0.,0.,-1.));
#14790=DIRECTION('center_axis',(-0.634952036891642,0.772551558698289,0.));
#14791=DIRECTION('ref_axis',(0.772551558698289,0.634952036891642,0.));
#14792=DIRECTION('',(0.,0.,-1.));
#14793=DIRECTION('center_axis',(0.,0.,-1.));
#14794=DIRECTION('ref_axis',(-0.667735290271503,0.744398805833292,0.));
#14795=DIRECTION('',(0.,0.,-1.));
#14796=DIRECTION('center_axis',(-0.852629891811054,0.522515327612761,0.));
#14797=DIRECTION('ref_axis',(0.522515327612761,0.852629891811054,0.));
#14798=DIRECTION('',(0.,0.,-1.));
#14799=DIRECTION('center_axis',(0.,0.,-1.));
#14800=DIRECTION('ref_axis',(-0.872994701021883,0.487729691517456,0.));
#14801=DIRECTION('',(0.,0.,-1.));
#14802=DIRECTION('center_axis',(-0.995148918566173,0.0983800278337904,0.));
#14803=DIRECTION('ref_axis',(0.0983800278337904,0.995148918566172,0.));
#14804=DIRECTION('',(0.,0.,-1.));
#14805=DIRECTION('center_axis',(0.,0.,-1.));
#14806=DIRECTION('ref_axis',(-0.998182363109994,0.0602658275986289,0.));
#14807=DIRECTION('',(0.,0.,-1.));
#14808=DIRECTION('center_axis',(-0.869009322730239,-0.494795712398491,0.));
#14809=DIRECTION('ref_axis',(-0.494795712398491,0.869009322730239,0.));
#14810=DIRECTION('',(0.,0.,-1.));
#14811=DIRECTION('center_axis',(0.,0.,-1.));
#14812=DIRECTION('ref_axis',(-0.84535676737382,-0.534202148868091,0.));
#14813=DIRECTION('',(0.,0.,-1.));
#14814=DIRECTION('center_axis',(-0.721080359492161,-0.692851438011537,0.));
#14815=DIRECTION('ref_axis',(-0.692851438011537,0.721080359492161,0.));
#14816=DIRECTION('',(0.,0.,-1.));
#14817=DIRECTION('center_axis',(-0.740693017431644,-0.671843623120742,0.));
#14818=DIRECTION('ref_axis',(-0.671843623120742,0.740693017431644,0.));
#14819=DIRECTION('',(0.,0.,-1.));
#14820=DIRECTION('center_axis',(-0.778171741184353,-0.628051543443778,0.));
#14821=DIRECTION('ref_axis',(-0.628051543443778,0.778171741184353,0.));
#14822=DIRECTION('',(0.,0.,-1.));
#14823=DIRECTION('center_axis',(-0.812947601799397,-0.582336841294289,0.));
#14824=DIRECTION('ref_axis',(-0.582336841294289,0.812947601799397,0.));
#14825=DIRECTION('',(0.,0.,-1.));
#14826=DIRECTION('center_axis',(0.,0.,-1.));
#14827=DIRECTION('ref_axis',(0.988718846303003,-0.149783320050194,0.));
#14828=DIRECTION('',(0.,0.,-1.));
#14829=DIRECTION('center_axis',(-0.988682734759438,0.15002149842139,0.));
#14830=DIRECTION('ref_axis',(0.15002149842139,0.988682734759438,0.));
#14831=DIRECTION('',(0.,0.,-1.));
#14832=DIRECTION('center_axis',(0.,0.,-1.));
#14833=DIRECTION('ref_axis',(-0.988274526264962,0.152687460964432,0.));
#14834=DIRECTION('',(0.,0.,-1.));
#14835=DIRECTION('center_axis',(-0.994597707094143,-0.103804629198675,0.));
#14836=DIRECTION('ref_axis',(-0.103804629198675,0.994597707094142,0.));
#14837=DIRECTION('',(0.,0.,-1.));
#14838=DIRECTION('center_axis',(0.,0.,-1.));
#14839=DIRECTION('ref_axis',(-0.988782085602142,-0.149365281080574,0.));
#14840=DIRECTION('',(0.,0.,-1.));
#14841=DIRECTION('center_axis',(-0.86266089927746,-0.505782732858492,0.));
#14842=DIRECTION('ref_axis',(-0.505782732858492,0.86266089927746,0.));
#14843=DIRECTION('',(0.,0.,-1.));
#14844=DIRECTION('center_axis',(0.,0.,-1.));
#14845=DIRECTION('ref_axis',(-0.839928349523304,-0.542697307591495,0.));
#14846=DIRECTION('',(0.,0.,-1.));
#14847=DIRECTION('center_axis',(-0.650853061014334,-0.759203722967869,0.));
#14848=DIRECTION('ref_axis',(-0.759203722967869,0.650853061014334,0.));
#14849=DIRECTION('',(0.,0.,-1.));
#14850=DIRECTION('center_axis',(0.,0.,-1.));
#14851=DIRECTION('ref_axis',(-0.620184243818145,-0.784456183428823,0.));
#14852=DIRECTION('',(0.,0.,-1.));
#14853=DIRECTION('center_axis',(-0.31347174568783,-0.949597527721837,0.));
#14854=DIRECTION('ref_axis',(-0.949597527721837,0.31347174568783,0.));
#14855=DIRECTION('',(0.,0.,-1.));
#14856=DIRECTION('center_axis',(0.,0.,-1.));
#14857=DIRECTION('ref_axis',(-0.276097226266971,-0.961129711146048,0.));
#14858=DIRECTION('',(0.,0.,-1.));
#14859=DIRECTION('center_axis',(0.23340635655766,-0.972379284393944,0.));
#14860=DIRECTION('ref_axis',(-0.972379284393944,-0.23340635655766,0.));
#14861=DIRECTION('',(0.,0.,-1.));
#14862=DIRECTION('center_axis',(0.,0.,-1.));
#14863=DIRECTION('ref_axis',(0.278100686279333,-0.96055192899237,0.));
#14864=DIRECTION('',(0.,0.,-1.));
#14865=DIRECTION('center_axis',(0.467440569825943,-0.884024498348772,0.));
#14866=DIRECTION('ref_axis',(-0.884024498348772,-0.467440569825943,0.));
#14867=DIRECTION('',(0.,0.,-1.));
#14868=DIRECTION('center_axis',(0.,0.,-1.));
#14869=DIRECTION('ref_axis',(-0.175902451312284,0.984407602379385,0.));
#14870=DIRECTION('',(0.,0.,-1.));
#14871=DIRECTION('center_axis',(0.149918189076555,-0.988698405270286,0.));
#14872=DIRECTION('ref_axis',(-0.988698405270286,-0.149918189076555,0.));
#14873=DIRECTION('',(0.,0.,-1.));
#14874=DIRECTION('center_axis',(0.,0.,-1.));
#14875=DIRECTION('ref_axis',(0.467293554197242,0.884102219319525,0.));
#14876=DIRECTION('',(0.,0.,-1.));
#14877=DIRECTION('center_axis',(-0.467442944320021,-0.88402324279706,0.));
#14878=DIRECTION('ref_axis',(-0.88402324279706,0.467442944320021,0.));
#14879=DIRECTION('',(0.,0.,-1.));
#14880=DIRECTION('center_axis',(-0.435838137731995,-0.900025065038917,0.));
#14881=DIRECTION('ref_axis',(-0.900025065038917,0.435838137731995,0.));
#14882=DIRECTION('',(0.,0.,-1.));
#14883=DIRECTION('center_axis',(-0.370405978809897,-0.928869964452443,0.));
#14884=DIRECTION('ref_axis',(-0.928869964452443,0.370405978809897,0.));
#14885=DIRECTION('',(0.,0.,-1.));
#14886=DIRECTION('center_axis',(0.,0.,-1.));
#14887=DIRECTION('ref_axis',(-0.329751480623098,-0.944067773534758,0.));
#14888=DIRECTION('',(0.,0.,-1.));
#14889=DIRECTION('center_axis',(-0.0924257192814539,-0.995719582219465,
0.));
#14890=DIRECTION('ref_axis',(-0.995719582219465,0.0924257192814539,0.));
#14891=DIRECTION('',(0.,0.,-1.));
#14892=DIRECTION('center_axis',(0.,0.,-1.));
#14893=DIRECTION('ref_axis',(-0.0478494797650603,-0.998854557623988,0.));
#14894=DIRECTION('',(0.,0.,-1.));
#14895=DIRECTION('center_axis',(0.249686257926301,-0.968326790191597,0.));
#14896=DIRECTION('ref_axis',(-0.968326790191597,-0.249686257926301,0.));
#14897=DIRECTION('',(0.,0.,-1.));
#14898=DIRECTION('center_axis',(0.,0.,-1.));
#14899=DIRECTION('ref_axis',(0.290313614693265,-0.956931557178323,0.));
#14900=DIRECTION('',(0.,0.,-1.));
#14901=DIRECTION('center_axis',(0.600361147089908,-0.799729012269088,0.));
#14902=DIRECTION('ref_axis',(-0.799729012269087,-0.600361147089908,0.));
#14903=DIRECTION('',(0.,0.,-1.));
#14904=DIRECTION('center_axis',(0.,0.,-1.));
#14905=DIRECTION('ref_axis',(0.631254571630016,-0.775575699591087,0.));
#14906=DIRECTION('',(0.,0.,-1.));
#14907=DIRECTION('center_axis',(0.826332252340672,-0.563182926535945,0.));
#14908=DIRECTION('ref_axis',(-0.563182926535945,-0.826332252340672,0.));
#14909=DIRECTION('',(0.,0.,-1.));
#14910=DIRECTION('center_axis',(0.,0.,-1.));
#14911=DIRECTION('ref_axis',(0.84855804082616,-0.529102307072337,0.));
#14912=DIRECTION('',(0.,0.,-1.));
#14913=DIRECTION('center_axis',(0.994590908860632,-0.103869745411171,0.));
#14914=DIRECTION('ref_axis',(-0.103869745411171,-0.994590908860632,0.));
#14915=DIRECTION('',(0.,0.,-1.));
#14916=DIRECTION('center_axis',(0.,0.,-1.));
#14917=DIRECTION('ref_axis',(0.998387994761398,-0.0567574833507926,0.));
#14918=DIRECTION('',(0.,0.,-1.));
#14919=DIRECTION('center_axis',(0.988683924850086,0.150013655188551,0.));
#14920=DIRECTION('ref_axis',(0.150013655188551,-0.988683924850086,0.));
#14921=DIRECTION('',(0.,0.,-1.));
#14922=DIRECTION('center_axis',(0.,0.,-1.));
#14923=DIRECTION('ref_axis',(-0.951710525030801,0.306996867322123,0.));
#14924=DIRECTION('',(0.,0.,-1.));
#14925=DIRECTION('center_axis',(0.943868732835566,-0.330320776178827,0.));
#14926=DIRECTION('ref_axis',(-0.330320776178827,-0.943868732835566,0.));
#14927=DIRECTION('',(0.,0.,-1.));
#14928=DIRECTION('center_axis',(0.,0.,-1.));
#14929=DIRECTION('ref_axis',(-0.720767051135809,0.693177364025247,0.));
#14930=DIRECTION('',(0.,0.,-1.));
#14931=DIRECTION('center_axis',(0.721078056355208,-0.692853834977477,0.));
#14932=DIRECTION('ref_axis',(-0.692853834977476,-0.721078056355207,0.));
#14933=DIRECTION('',(0.,0.,-1.));
#14934=DIRECTION('center_axis',(0.744852838799156,-0.667228782752092,0.));
#14935=DIRECTION('ref_axis',(-0.667228782752092,-0.744852838799156,0.));
#14936=DIRECTION('',(0.,0.,-1.));
#14937=DIRECTION('center_axis',(0.790090141134949,-0.612990676015024,0.));
#14938=DIRECTION('ref_axis',(-0.612990676015024,-0.790090141134949,0.));
#14939=DIRECTION('',(0.,0.,-1.));
#14940=DIRECTION('center_axis',(0.,0.,-1.));
#14941=DIRECTION('ref_axis',(0.815579676321159,-0.578644788771034,0.));
#14942=DIRECTION('',(0.,0.,-1.));
#14943=DIRECTION('center_axis',(0.953579873599849,-0.301140207653006,0.));
#14944=DIRECTION('ref_axis',(-0.301140207653006,-0.953579873599849,0.));
#14945=DIRECTION('',(0.,0.,-1.));
#14946=DIRECTION('center_axis',(0.,0.,-1.));
#14947=DIRECTION('ref_axis',(0.965966689705776,-0.258666492570773,0.));
#14948=DIRECTION('',(0.,0.,-1.));
#14949=DIRECTION('center_axis',(0.999455683848561,0.0329899382055305,0.));
#14950=DIRECTION('ref_axis',(0.0329899382055305,-0.999455683848561,0.));
#14951=DIRECTION('',(0.,0.,-1.));
#14952=DIRECTION('center_axis',(0.,0.,-1.));
#14953=DIRECTION('ref_axis',(0.997212406612571,0.0746151197678143,0.));
#14954=DIRECTION('',(0.,0.,-1.));
#14955=DIRECTION('center_axis',(0.884657559838977,0.466241355758739,0.));
#14956=DIRECTION('ref_axis',(0.466241355758739,-0.884657559838977,0.));
#14957=DIRECTION('',(0.,0.,-1.));
#14958=DIRECTION('center_axis',(0.,0.,-1.));
#14959=DIRECTION('ref_axis',(0.86667402350783,0.498874871061621,0.));
#14960=DIRECTION('',(0.,0.,-1.));
#14961=DIRECTION('center_axis',(0.397990898410419,0.917389363783158,0.));
#14962=DIRECTION('ref_axis',(0.917389363783158,-0.397990898410419,0.));
#14963=DIRECTION('',(0.,0.,-1.));
#14964=DIRECTION('center_axis',(0.,0.,-1.));
#14965=DIRECTION('ref_axis',(0.356013267499288,0.934480900481374,0.));
#14966=DIRECTION('',(0.,0.,-1.));
#14967=DIRECTION('center_axis',(0.163089480367698,0.986611281809302,0.));
#14968=DIRECTION('ref_axis',(0.986611281809302,-0.163089480367698,0.));
#14969=DIRECTION('center_axis',(0.22827820122176,0.52619292202017,-0.819152044288991));
#14970=DIRECTION('ref_axis',(-0.963294387179793,0.,-0.268447245521177));
#14971=DIRECTION('center_axis',(0.,0.,-1.));
#14972=DIRECTION('ref_axis',(-0.162674959445154,-0.986679713772163,0.));
#14973=DIRECTION('',(-0.133255525584122,-0.808240704594946,-0.573576436351045));
#14974=DIRECTION('center_axis',(0.327631505669668,0.470794567544906,-0.81915204428899));
#14975=DIRECTION('ref_axis',(-0.928488147155045,0.,-0.371362034398498));
#14976=DIRECTION('center_axis',(0.,0.,-1.));
#14977=DIRECTION('ref_axis',(-0.601696684503249,-0.798724670870882,0.));
#14978=DIRECTION('center_axis',(0.542043610522589,0.187559730829412,-0.819152044288992));
#14979=DIRECTION('ref_axis',(-0.833952024734895,0.,-0.55183695095614));
#14980=DIRECTION('',(0.811492805914022,0.136429398766941,0.568213379903957));
#14981=DIRECTION('center_axis',(0.573576436351046,4.13710584071888E-14,
-0.819152044288992));
#14982=DIRECTION('ref_axis',(-0.819152044288992,0.,-0.573576436351046));
#14983=DIRECTION('',(0.745542344956699,-0.41430270144215,0.522034369993206));
#14984=DIRECTION('center_axis',(0.302909193190547,-0.487068731307829,-0.819152044288991));
#14985=DIRECTION('ref_axis',(-0.937927805779328,0.,-0.34683055105624));
#14986=DIRECTION('',(0.463946196146739,-0.675441296665998,0.573177966986805));
#14987=DIRECTION('center_axis',(0.345914851194194,-0.457529063623797,-0.819152044288989));
#14988=DIRECTION('ref_axis',(-0.921229146584291,0.,-0.38902038440624));
#14989=DIRECTION('center_axis',(0.,0.,1.));
#14990=DIRECTION('ref_axis',(0.82280648331261,-0.568321643982293,0.));
#14991=DIRECTION('center_axis',(0.,0.,-1.));
#14992=DIRECTION('ref_axis',(0.82280648331261,-0.568321643982293,0.));
#14993=DIRECTION('center_axis',(0.481689253822901,-0.311392663832506,-0.819152044288991));
#14994=DIRECTION('ref_axis',(-0.862010035528147,0.,-0.506891209875219));
#14995=DIRECTION('',(0.705114734252283,-0.417333332304902,0.573276635916395));
#14996=DIRECTION('',(-0.542896541938699,-0.839799586062653,0.));
#14997=DIRECTION('center_axis',(0.504742472700457,-0.272442589529218,-0.819152044288997));
#14998=DIRECTION('ref_axis',(-0.851357148053983,0.,-0.524586509984186));
#14999=DIRECTION('',(0.734988697115102,-0.362087398094261,0.57330997833142));
#15000=DIRECTION('',(-0.474989159705435,-0.879991646643492,0.));
#15001=DIRECTION('center_axis',(0.523600281321483,-0.234163775459027,-0.819152044288994));
#15002=DIRECTION('ref_axis',(-0.8425781049086,0.,-0.538574170498951));
#15003=DIRECTION('',(0.759135569095265,-0.308207261268374,0.573342368777903));
#15004=DIRECTION('',(-0.408252083974581,-0.912869232656251,0.));
#15005=DIRECTION('center_axis',(0.538645796705972,-0.197105641796855,-0.819152044288995));
#15006=DIRECTION('ref_axis',(-0.835543524057792,0.,-0.549424261755054));
#15007=DIRECTION('',(0.778155369467144,-0.256355607179442,0.573372499896109));
#15008=DIRECTION('',(-0.34364319958957,-0.939100288241806,0.));
#15009=DIRECTION('center_axis',(0.5670858018994,0.0860443003416281,-0.819152044288992));
#15010=DIRECTION('ref_axis',(-0.822201332499449,0.,-0.569196775145582));
#15011=DIRECTION('',(-0.809827318377545,-0.123247030111565,-0.573576397682221));
#15012=DIRECTION('',(0.809882457634381,0.122883996024415,0.573576436351046));
#15013=DIRECTION('center_axis',(0.550327653811229,-0.161645914850315,-0.819152044288991));
#15014=DIRECTION('ref_axis',(-0.830068421546156,0.,-0.557661560045044));
#15015=DIRECTION('',(0.792703967470074,-0.206962029055742,0.573399632443494));
#15016=DIRECTION('',(-0.281821052271021,-0.959466984578862,0.));
#15017=DIRECTION('center_axis',(0.55910945310993,-0.128009951879844,-0.819152044288992));
#15018=DIRECTION('ref_axis',(-0.825947208288615,0.,-0.563747469280566));
#15019=DIRECTION('',(0.803432780747078,-0.160253999710598,0.573423423307571));
#15020=DIRECTION('',(-0.223178540412525,-0.974777584425973,0.));
#15021=DIRECTION('center_axis',(0.565435642167861,-0.0962936285710752,-0.819152044288992));
#15022=DIRECTION('ref_axis',(-0.822976439579876,0.,-0.568075505453659));
#15023=DIRECTION('',(0.810946622674593,-0.116307936912816,0.573444015561899));
#15024=DIRECTION('',(-0.167882818170969,-0.985806958467515,0.));
#15025=DIRECTION('center_axis',(0.569707095641659,-0.0665113036461271,-0.819152044288994));
#15026=DIRECTION('ref_axis',(-0.820969941330394,0.,-0.570971413848337));
#15027=DIRECTION('',(0.815784095445716,-0.0750878771679555,0.573461524707826));
#15028=DIRECTION('',(-0.115958919214423,-0.993254010339059,0.));
#15029=DIRECTION('center_axis',(0.572276050040449,-0.0386011772782451,-0.819152044288992));
#15030=DIRECTION('ref_axis',(-0.819763016273548,0.,-0.572702887324741));
#15031=DIRECTION('',(0.818409358505902,-0.0364824991657041,0.573476371932256));
#15032=DIRECTION('',(-0.0672990988329584,-0.997732845653721,0.));
#15033=DIRECTION('center_axis',(0.573440827080452,-0.0124718152029784,-0.819152044288989));
#15034=DIRECTION('ref_axis',(-0.819215759705497,0.,-0.573485430547408));
#15035=DIRECTION('',(0.819119553945467,-0.00890648391274973,0.573553686143234));
#15036=DIRECTION('',(-0.021743946251211,-0.999763572451719,0.));
#15037=DIRECTION('center_axis',(0.,0.,1.));
#15038=DIRECTION('ref_axis',(0.965879727257276,0.258991027785538,0.));
#15039=DIRECTION('center_axis',(0.,0.,-1.));
#15040=DIRECTION('ref_axis',(0.965879727257276,0.258991027785538,0.));
#15041=DIRECTION('',(-0.81915178737244,-0.000648773739877389,-0.573576436351051));
#15042=DIRECTION('center_axis',(0.550491659344211,0.16108650263018,-0.819152044288992));
#15043=DIRECTION('ref_axis',(-0.829991491356345,0.,-0.5577760520819));
#15044=DIRECTION('',(0.280845746828397,-0.959752919499805,0.));
#15045=DIRECTION('center_axis',(0.,0.,1.));
#15046=DIRECTION('ref_axis',(0.882041526077748,0.471171673888018,0.));
#15047=DIRECTION('center_axis',(0.,0.,-1.));
#15048=DIRECTION('ref_axis',(0.882041526077748,0.471171673888018,0.));
#15049=DIRECTION('center_axis',(0.500172841794977,0.280743756240282,-0.819152044288991));
#15050=DIRECTION('ref_axis',(-0.853476515508599,0.,-0.521131305407093));
#15051=DIRECTION('',(0.48946180220775,-0.872024738284151,0.));
#15052=DIRECTION('center_axis',(0.,0.,1.));
#15053=DIRECTION('ref_axis',(0.769423804084095,0.638738608281008,0.));
#15054=DIRECTION('center_axis',(0.,0.,-1.));
#15055=DIRECTION('ref_axis',(0.769423804084096,0.638738608281008,0.));
#15056=DIRECTION('center_axis',(0.434320113472812,0.374641118098543,-0.819152044288994));
#15057=DIRECTION('ref_axis',(-0.883497231653967,0.,-0.468436379522104));
#15058=DIRECTION('',(0.653166856856814,-0.757214010107969,0.));
#15059=DIRECTION('center_axis',(0.,0.,1.));
#15060=DIRECTION('ref_axis',(0.641928282322442,0.766764683820636,0.));
#15061=DIRECTION('center_axis',(0.,0.,-1.));
#15062=DIRECTION('ref_axis',(0.641928282322442,0.766764683820636,0.));
#15063=DIRECTION('center_axis',(0.360278441863699,0.446306366373403,-0.819152044288992));
#15064=DIRECTION('ref_axis',(-0.915376176797831,0.,-0.40259962115107));
#15065=DIRECTION('',(0.778111404319006,-0.628126294998629,0.));
#15066=DIRECTION('center_axis',(0.,0.,1.));
#15067=DIRECTION('ref_axis',(0.392378532407021,0.919803830882494,0.));
#15068=DIRECTION('center_axis',(0.,0.,-1.));
#15069=DIRECTION('ref_axis',(0.392378532407021,0.919803830882494,0.));
#15070=DIRECTION('center_axis',(0.,0.,1.));
#15071=DIRECTION('ref_axis',(0.187195518431411,0.98232267503056,0.));
#15072=DIRECTION('center_axis',(0.,0.,-1.));
#15073=DIRECTION('ref_axis',(0.187195518431411,0.98232267503056,0.));
#15074=DIRECTION('center_axis',(0.268112898973946,-0.50705561996782,-0.819152044288993));
#15075=DIRECTION('ref_axis',(-0.950387945468865,0.,-0.311067119939523));
#15076=DIRECTION('',(-0.383235841166107,0.723975419348747,-0.573576396153566));
#15077=DIRECTION('',(0.382904902251493,-0.724150472964432,0.573576436351044));
#15078=DIRECTION('center_axis',(0.0958204173425328,0.565516026260503,-0.819152044288991));
#15079=DIRECTION('ref_axis',(-0.993227829332685,0.,-0.116182955028188));
#15080=DIRECTION('',(0.985947103856248,-0.167057799570915,0.));
#15081=DIRECTION('center_axis',(0.,0.573576436351046,-0.819152044288992));
#15082=DIRECTION('ref_axis',(-1.,0.,0.));
#15083=DIRECTION('',(0.,-0.819152044288992,-0.573576436351046));
#15084=DIRECTION('',(-0.0102461837917844,0.819109044115646,0.573546327305525));
#15085=DIRECTION('center_axis',(-0.0143474185309964,0.573396965390175,-0.819152044288992));
#15086=DIRECTION('ref_axis',(-0.999846648301122,0.,0.017512278007487));
#15087=DIRECTION('',(0.999687101928363,0.0250139608633004,0.));
#15088=DIRECTION('center_axis',(0.,0.,1.));
#15089=DIRECTION('ref_axis',(-0.193513592872522,0.981097594214545,0.));
#15090=DIRECTION('center_axis',(0.,0.,-1.));
#15091=DIRECTION('ref_axis',(-0.193513592872522,0.981097594214545,0.));
#15092=DIRECTION('center_axis',(-0.121268498033415,0.56061027436347,-0.819152044288992));
#15093=DIRECTION('ref_axis',(-0.989218750570454,0.,0.146445428470234));
#15094=DIRECTION('',(0.977394186431257,0.21142517430614,0.));
#15095=DIRECTION('center_axis',(0.,0.,1.));
#15096=DIRECTION('ref_axis',(-0.613182503430011,0.789941274708003,0.));
#15097=DIRECTION('center_axis',(0.,0.,-1.));
#15098=DIRECTION('ref_axis',(-0.613182503430011,0.789941274708003,0.));
#15099=DIRECTION('center_axis',(0.,0.,1.));
#15100=DIRECTION('ref_axis',(-0.743787761201632,0.668415863281733,0.));
#15101=DIRECTION('center_axis',(0.,0.,-1.));
#15102=DIRECTION('ref_axis',(-0.743787761201632,0.668415863281733,0.));
#15103=DIRECTION('center_axis',(0.,0.,1.));
#15104=DIRECTION('ref_axis',(-0.997324366872776,-0.0731034010277004,0.));
#15105=DIRECTION('center_axis',(-0.434362357984093,0.374592138603656,-0.819152044288994));
#15106=DIRECTION('ref_axis',(-0.883478374593715,0.,0.468471943263679));
#15107=DIRECTION('',(0.653081463713402,0.757287661165795,0.));
#15108=DIRECTION('center_axis',(0.,0.,1.));
#15109=DIRECTION('ref_axis',(-0.860798680740759,0.508945607344213,0.));
#15110=DIRECTION('center_axis',(0.,0.,-1.));
#15111=DIRECTION('ref_axis',(-0.860798680740759,0.508945607344213,0.));
#15112=DIRECTION('center_axis',(-0.500228529731986,0.280644519596129,-0.819152044288991));
#15113=DIRECTION('ref_axis',(-0.853450708872267,0.,0.521173567562118));
#15114=DIRECTION('',(0.489288788398493,0.872121827239483,0.));
#15115=DIRECTION('center_axis',(0.,0.,1.));
#15116=DIRECTION('ref_axis',(-0.952510689890895,0.304505148796489,0.));
#15117=DIRECTION('center_axis',(0.,0.,-1.));
#15118=DIRECTION('ref_axis',(-0.952510689890895,0.304505148796489,0.));
#15119=DIRECTION('center_axis',(-0.550520104514702,0.160989263189468,-0.819152044288992));
#15120=DIRECTION('ref_axis',(-0.829978148404647,0.,0.55779590637687));
#15121=DIRECTION('',(0.28067621503708,0.959802512141148,0.));
#15122=DIRECTION('center_axis',(-0.424844061368547,-0.385353671134768,-0.819152044288992));
#15123=DIRECTION('ref_axis',(-0.887710881480822,0.,0.46040133677102));
#15124=DIRECTION('',(0.59879113846752,0.559021299791977,-0.573536711006069));
#15125=DIRECTION('',(-0.622434150071949,-0.532699925120728,0.573416531502695));
#15126=DIRECTION('center_axis',(-0.413594700771123,-0.397403260972038,-0.819152044288993));
#15127=DIRECTION('ref_axis',(-0.892668592006101,0.,0.450713639516097));
#15128=DIRECTION('',(0.590413520397231,0.567822149303444,-0.573576395689856));
#15129=DIRECTION('center_axis',(-0.573576436351046,0.,-0.819152044288992));
#15130=DIRECTION('ref_axis',(-0.819152044288992,0.,0.573576436351046));
#15131=DIRECTION('',(0.,1.,0.));
#15132=DIRECTION('',(0.819152044288992,0.,-0.573576436351046));
#15133=DIRECTION('',(-0.819119596209116,-0.00890067489807324,0.573553715960915));
#15134=DIRECTION('center_axis',(-0.573441004358932,-0.0124636614598115,
-0.819152044288992));
#15135=DIRECTION('ref_axis',(-0.819215676412117,0.,0.573485549530794));
#15136=DIRECTION('',(-0.818410233258424,-0.0364612501740408,0.573476474960951));
#15137=DIRECTION('',(-0.0217297306338146,0.999763881527324,0.));
#15138=DIRECTION('center_axis',(-0.572277504924645,-0.038579602050683,-0.819152044288992));
#15139=DIRECTION('ref_axis',(-0.819762332724109,0.,0.572703865751512));
#15140=DIRECTION('',(-0.815787781907581,-0.0750469170299719,0.573461642252213));
#15141=DIRECTION('',(-0.0672614835716004,0.997735382166909,0.));
#15142=DIRECTION('center_axis',(-0.569711264758425,-0.0664755830701747,
-0.819152044288993));
#15143=DIRECTION('ref_axis',(-0.820967982718207,0.,0.570974230024086));
#15144=DIRECTION('',(-0.11589664229074,0.993261278972322,0.));
#15145=DIRECTION('center_axis',(0.,0.,1.));
#15146=DIRECTION('ref_axis',(-0.838569156762708,-0.544795162722908,0.));
#15147=DIRECTION('center_axis',(0.,0.,-1.));
#15148=DIRECTION('ref_axis',(-0.838569156762708,-0.544795162722908,0.));
#15149=DIRECTION('center_axis',(0.,0.,1.));
#15150=DIRECTION('ref_axis',(-0.669951720922458,-0.742404668380417,0.));
#15151=DIRECTION('center_axis',(0.,0.,-1.));
#15152=DIRECTION('ref_axis',(-0.669951720922458,-0.742404668380417,0.));
#15153=DIRECTION('center_axis',(-0.376348542271188,-0.432841429472177,-0.819152044288992));
#15154=DIRECTION('ref_axis',(-0.9086846769481,0.,0.417483122868132));
#15155=DIRECTION('',(-0.754636003225322,0.656143660059375,0.));
#15156=DIRECTION('center_axis',(0.,0.,1.));
#15157=DIRECTION('ref_axis',(-0.52866987526755,-0.848827522518322,0.));
#15158=DIRECTION('center_axis',(0.,0.,-1.));
#15159=DIRECTION('ref_axis',(-0.52866987526755,-0.848827522518323,0.));
#15160=DIRECTION('center_axis',(-0.573576436351046,0.,-0.819152044288992));
#15161=DIRECTION('ref_axis',(-0.819152044288992,0.,0.573576436351046));
#15162=DIRECTION('',(-0.810994348384606,0.140777270408035,0.567864356184372));
#15163=DIRECTION('',(0.,1.,0.));
#15164=DIRECTION('center_axis',(-0.540021393264149,0.193305000334223,-0.819152044288991));
#15165=DIRECTION('ref_axis',(-0.834899318809014,0.,0.550402695716732));
#15166=DIRECTION('',(-0.750168166144576,0.330735999116239,0.572591845376676));
#15167=DIRECTION('',(0.337016983410236,0.94149856765322,0.));
#15168=DIRECTION('center_axis',(-0.506961247883583,0.268291299675343,-0.819152044288992));
#15169=DIRECTION('ref_axis',(-0.850326870904399,0.,0.526254893200941));
#15170=DIRECTION('',(-0.712203778656005,0.404941750984891,0.573400345288873));
#15171=DIRECTION('',(0.467751606711997,0.883859963126708,0.));
#15172=DIRECTION('center_axis',(-0.489813433210464,0.298450546965061,-0.819152044288992));
#15173=DIRECTION('ref_axis',(-0.858267499996591,0.,0.513202590065173));
#15174=DIRECTION('center_axis',(-0.327632443208604,0.470793915099085,-0.819152044288993));
#15175=DIRECTION('ref_axis',(-0.928487780738237,0.,0.371362950521163));
#15176=DIRECTION('center_axis',(0.,0.,-1.));
#15177=DIRECTION('ref_axis',(0.53920972830721,-0.842171519881114,0.));
#15178=DIRECTION('',(-0.133320243809056,0.80823003176913,0.573576436351046));
#15179=DIRECTION('center_axis',(-0.0935440553117744,0.56589702071401,-0.819152044288992));
#15180=DIRECTION('ref_axis',(-0.99354270124457,0.,0.113458806637664));
#15181=DIRECTION('',(-0.147595397959901,0.80578660192298,0.573518570459994));
#15182=DIRECTION('center_axis',(-0.113109469981542,0.562313236672996,-0.819152044288992));
#15183=DIRECTION('ref_axis',(-0.990600988212181,0.,0.136783340188238));
#15184=DIRECTION('',(-0.189570278953954,0.797084347812245,0.57334078156891));
#15185=DIRECTION('center_axis',(-0.152151690338488,0.553027839682873,-0.819152044288992));
#15186=DIRECTION('ref_axis',(-0.98318368213694,0.,0.182619405265841));
#15187=DIRECTION('',(-0.244995812402929,0.781831470301619,0.5733381235807));
#15188=DIRECTION('center_axis',(-0.190661948394935,0.540960210894861,-0.819152044288992));
#15189=DIRECTION('ref_axis',(-0.97396565199457,0.,0.226695630162542));
#15190=DIRECTION('center_axis',(-0.475308148179658,-0.321048427205603,-0.819152044288991));
#15191=DIRECTION('ref_axis',(-0.864939539851904,0.,0.501876072751808));
#15192=DIRECTION('',(-0.5597308516508,0.828674467876421,0.));
#15193=DIRECTION('center_axis',(0.,0.,1.));
#15194=DIRECTION('ref_axis',(-0.612662326740627,0.790344781340879,0.));
#15195=DIRECTION('center_axis',(-0.364193526558133,0.443117369948772,-0.819152044288992));
#15196=DIRECTION('ref_axis',(-0.913759397511545,0.,0.406255785754909));
#15197=DIRECTION('center_axis',(-0.527745822971626,-0.224664805150172,-0.819152044288993));
#15198=DIRECTION('ref_axis',(-0.840642130319879,0.,0.54159099764606));
#15199=DIRECTION('',(0.756305303936502,0.314685736813887,-0.573563574752979));
#15200=DIRECTION('',(-0.391691134627906,0.920096763962304,0.));
#15201=DIRECTION('center_axis',(0.,0.,1.));
#15202=DIRECTION('ref_axis',(-0.838569978206978,0.544793898322978,0.));
#15203=DIRECTION('center_axis',(0.,0.,1.));
#15204=DIRECTION('ref_axis',(-0.926378234159098,-0.376594433411158,0.));
#15205=DIRECTION('center_axis',(0.,0.,-1.));
#15206=DIRECTION('ref_axis',(-0.926378234159098,-0.376594433411158,0.));
#15207=DIRECTION('center_axis',(-0.489048414855647,0.299702479576568,-0.819152044288992));
#15208=DIRECTION('ref_axis',(-0.858620496246379,0.,0.512611786272635));
#15209=DIRECTION('center_axis',(-0.557182388050095,-0.136153276802136,-0.819152044288992));
#15210=DIRECTION('ref_axis',(-0.826851867542477,0.,0.562419762403063));
#15211=DIRECTION('',(0.797013547155256,0.189180173068618,-0.573568014945677));
#15212=DIRECTION('',(-0.237375994153997,0.971417849022449,0.));
#15213=DIRECTION('center_axis',(0.,0.,1.));
#15214=DIRECTION('ref_axis',(-0.992092406958571,0.125509585511024,0.));
#15215=DIRECTION('center_axis',(0.,0.,1.));
#15216=DIRECTION('ref_axis',(-0.974473465468216,-0.224502706216128,0.));
#15217=DIRECTION('center_axis',(0.,0.,-1.));
#15218=DIRECTION('ref_axis',(-0.974473465468216,-0.224502706216128,0.));
#15219=DIRECTION('center_axis',(-0.57079397034831,0.0564284657879272,-0.819152044288991));
#15220=DIRECTION('ref_axis',(-0.820459327479043,0.,0.571704899360357));
#15221=DIRECTION('center_axis',(0.,0.,1.));
#15222=DIRECTION('ref_axis',(-0.883292481224497,-0.468822346536801,0.));
#15223=DIRECTION('center_axis',(-0.498443270490269,-0.28380316143435,-0.819152044288991));
#15224=DIRECTION('ref_axis',(-0.854277757994879,0.,0.519816806380134));
#15225=DIRECTION('center_axis',(0.,0.,1.));
#15226=DIRECTION('ref_axis',(-0.72044308684769,-0.693514065187847,0.));
#15227=DIRECTION('center_axis',(0.,0.,1.));
#15228=DIRECTION('ref_axis',(-0.999999693752013,0.000782621160534626,0.));
#15229=DIRECTION('center_axis',(0.,0.,-1.));
#15230=DIRECTION('ref_axis',(-0.999999693752013,0.000782621160534626,0.));
#15231=DIRECTION('center_axis',(-0.446340974177619,-0.360235566133245,-0.819152044288992));
#15232=DIRECTION('ref_axis',(-0.878106940690033,0.,0.478464419483822));
#15233=DIRECTION('',(-0.652041723693043,-0.496017933671639,0.573417648873422));
#15234=DIRECTION('center_axis',(-0.466287588376269,-0.334014690191025,-0.819152044288993));
#15235=DIRECTION('ref_axis',(-0.869064256973792,0.,0.494699218971074));
#15236=DIRECTION('center_axis',(0.,0.,-1.));
#15237=DIRECTION('ref_axis',(0.833793435088761,0.552076541435048,0.));
#15238=DIRECTION('',(-0.809926989674056,0.122590142590505,0.573576436351043));
#15239=DIRECTION('center_axis',(-0.567085121112356,0.0860487870347326,-0.819152044288992));
#15240=DIRECTION('ref_axis',(-0.822201652289935,0.,0.569196313209863));
#15241=DIRECTION('center_axis',(-0.570477808438516,-0.0595398892873745,
-0.819152044288992));
#15242=DIRECTION('ref_axis',(-0.820607862439135,0.,0.571491676320027));
#15243=DIRECTION('center_axis',(-0.360294090421291,0.446293733705347,-0.819152044288992));
#15244=DIRECTION('ref_axis',(-0.915369732327758,0.,0.402614273391056));
#15245=DIRECTION('',(0.778089379934364,0.628153577426219,0.));
#15246=DIRECTION('center_axis',(0.,0.,1.));
#15247=DIRECTION('ref_axis',(-0.876297174665871,-0.481770963916063,0.));
#15248=DIRECTION('center_axis',(-0.494801964356005,-0.290105057533651,-0.819152044288992));
#15249=DIRECTION('ref_axis',(-0.855962896086207,0.,0.517037252549284));
#15250=DIRECTION('center_axis',(-0.237693934601884,0.522007204730585,-0.819152044288993));
#15251=DIRECTION('ref_axis',(-0.960385269106437,0.,0.278675680466303));
#15252=DIRECTION('',(0.333077659039803,-0.748388597584381,-0.573562359342249));
#15253=DIRECTION('',(0.910091788378668,0.414406728620226,0.));
#15254=DIRECTION('center_axis',(0.,0.,1.));
#15255=DIRECTION('ref_axis',(-0.670513191339272,-0.741897607652177,0.));
#15256=DIRECTION('center_axis',(0.,0.,1.));
#15257=DIRECTION('ref_axis',(-0.398778079779735,0.917047459560947,0.));
#15258=DIRECTION('center_axis',(0.,0.,-1.));
#15259=DIRECTION('ref_axis',(-0.398778079779735,0.917047459560947,0.));
#15260=DIRECTION('center_axis',(-0.373313979328873,-0.435461365880836,-0.819152044288994));
#15261=DIRECTION('ref_axis',(-0.909959222941082,0.,0.414697736411067));
#15262=DIRECTION('center_axis',(0.,0.,1.));
#15263=DIRECTION('ref_axis',(-0.339658917104074,-0.940548680309365,0.));
#15264=DIRECTION('center_axis',(-0.179800006662099,-0.544666765960137,-0.819152044288992));
#15265=DIRECTION('ref_axis',(-0.976747803225373,0.,0.214391531769352));
#15266=DIRECTION('center_axis',(0.,0.,1.));
#15267=DIRECTION('ref_axis',(0.20434749247733,-0.978898412665087,0.));
#15268=DIRECTION('center_axis',(0.133876386466186,-0.55773384466421,-0.819152044288993));
#15269=DIRECTION('ref_axis',(-0.986906566216307,0.,-0.161292992901546));
#15270=DIRECTION('center_axis',(0.,0.,1.));
#15271=DIRECTION('ref_axis',(0.000691926961939875,0.999999760618511,0.));
#15272=DIRECTION('center_axis',(0.,0.,-1.));
#15273=DIRECTION('ref_axis',(0.000691926961939874,0.999999760618511,0.));
#15274=DIRECTION('center_axis',(0.,0.,1.));
#15275=DIRECTION('ref_axis',(0.468248448507462,-0.88359684838186,0.));
#15276=DIRECTION('center_axis',(0.,0.,-1.));
#15277=DIRECTION('ref_axis',(-0.467562738030013,0.883959889364827,0.));
#15278=DIRECTION('center_axis',(0.215677303371456,0.531482106140543,-0.819152044288989));
#15279=DIRECTION('ref_axis',(-0.967042285714924,0.,-0.254615823623071));
#15280=DIRECTION('',(0.926610774880675,-0.376021903451161,0.));
#15281=DIRECTION('center_axis',(0.085989540854922,-0.567094107887509,-0.819152044288989));
#15282=DIRECTION('ref_axis',(-0.994535367713702,0.,-0.104400202904837));
#15283=DIRECTION('center_axis',(0.,0.,-1.));
#15284=DIRECTION('ref_axis',(-0.111409692710675,0.993774562146825,0.));
#15285=DIRECTION('',(-0.382720537386023,-0.724247928492577,0.573576436351045));
#15286=DIRECTION('center_axis',(-0.26811425823928,-0.507054901234536,-0.819152044288993));
#15287=DIRECTION('ref_axis',(-0.950387479242907,0.,0.31106854437296));
#15288=DIRECTION('',(-0.370039417532719,-0.730855776498615,0.573516053332993));
#15289=DIRECTION('center_axis',(-0.249986485866194,-0.516233169431636,-0.819152044288994));
#15290=DIRECTION('ref_axis',(-0.956452659344705,0.,0.29188749619064));
#15291=DIRECTION('',(-0.330499033056997,-0.749708464784566,0.573330277395813));
#15292=DIRECTION('center_axis',(-0.212456141299877,-0.532777924055729,-0.819152044288992));
#15293=DIRECTION('ref_axis',(-0.967972955640137,0.,0.251054490398595));
#15294=DIRECTION('center_axis',(0.,0.,1.));
#15295=DIRECTION('ref_axis',(-0.121836133649711,-0.992550228722602,0.));
#15296=DIRECTION('center_axis',(-0.0530132145935116,-0.571121289583595,
-0.819152044288992));
#15297=DIRECTION('ref_axis',(-0.99791239833159,0.,0.0645820815404261));
#15298=DIRECTION('center_axis',(0.,0.,1.));
#15299=DIRECTION('ref_axis',(0.223356607479589,-0.974736798266696,0.));
#15300=DIRECTION('center_axis',(0.143214154151916,-0.555409429509186,-0.81915204428899));
#15301=DIRECTION('ref_axis',(-0.985058520776618,0.,-0.172219948453661));
#15302=DIRECTION('center_axis',(0.,0.,1.));
#15303=DIRECTION('ref_axis',(0.578938796285081,-0.815371001542231,0.));
#15304=DIRECTION('center_axis',(0.573576436351046,2.06345518660184E-8,-0.819152044288991));
#15305=DIRECTION('ref_axis',(-0.819152044288992,0.,-0.573576436351046));
#15306=DIRECTION('',(3.59752433298871E-8,-0.999999999999999,0.));
#15307=DIRECTION('center_axis',(0.344353007427985,-0.458705716786337,-0.819152044288992));
#15308=DIRECTION('ref_axis',(-0.921857846816094,0.,-0.3875282057652));
#15309=DIRECTION('center_axis',(0.,0.,1.));
#15310=DIRECTION('ref_axis',(0.809959956115489,-0.586485182668237,0.));
#15311=DIRECTION('center_axis',(0.473964708611094,-0.323028455911192,-0.81915204428899));
#15312=DIRECTION('ref_axis',(-0.865555100492158,0.,-0.500813705894728));
#15313=DIRECTION('center_axis',(0.,0.,1.));
#15314=DIRECTION('ref_axis',(0.990998823839587,-0.133870576111985,0.));
#15315=DIRECTION('center_axis',(0.570473909134125,-0.0595772383917855,-0.819152044288994));
#15316=DIRECTION('ref_axis',(-0.820609694347924,0.,-0.571489045863704));
#15317=DIRECTION('center_axis',(0.,0.,1.));
#15318=DIRECTION('ref_axis',(0.988549034919466,0.150899985287581,0.));
#15319=DIRECTION('center_axis',(0.,0.,-1.));
#15320=DIRECTION('ref_axis',(-0.988628947634799,-0.150375542886836,0.));
#15321=DIRECTION('center_axis',(0.54138086418794,-0.189464213582109,-0.81915204428899));
#15322=DIRECTION('ref_axis',(-0.834262518321388,0.,-0.551367436945687));
#15323=DIRECTION('center_axis',(0.,0.,-1.));
#15324=DIRECTION('ref_axis',(-0.930873166195709,0.365342508417479,0.));
#15325=DIRECTION('',(0.590281304874961,-0.567959552061541,0.573576436351046));
#15326=DIRECTION('center_axis',(0.413593381680359,-0.39740463380209,-0.81915204428899));
#15327=DIRECTION('ref_axis',(-0.892669170356579,0.,-0.450712494052358));
#15328=DIRECTION('',(0.600532046100616,-0.557170328037965,0.573517643285953));
#15329=DIRECTION('center_axis',(0.427230036884379,-0.382706707441794,-0.819152044288991));
#15330=DIRECTION('ref_axis',(-0.886653036308739,0.,-0.462435285423263));
#15331=DIRECTION('',(0.629197283210089,-0.524782103240908,0.573336308739549));
#15332=DIRECTION('center_axis',(0.453177087549996,-0.351597007462903,-0.819152044288992));
#15333=DIRECTION('ref_axis',(-0.87502085374618,0.,-0.484085225460669));
#15334=DIRECTION('center_axis',(0.,0.,1.));
#15335=DIRECTION('ref_axis',(0.944331143613268,-0.328996491169827,0.));
#15336=DIRECTION('center_axis',(0.546950945681422,-0.172726927128819,-0.819152044288992));
#15337=DIRECTION('ref_axis',(-0.831651981385289,0.,-0.555297201377716));
#15338=DIRECTION('center_axis',(0.,0.,1.));
#15339=DIRECTION('ref_axis',(0.999979316849296,0.00643163071193866,0.));
#15340=DIRECTION('center_axis',(0.573264229431738,0.0189222512190635,-0.819152044288994));
#15341=DIRECTION('ref_axis',(-0.819298733028217,0.,-0.573366886084606));
#15342=DIRECTION('center_axis',(0.,0.,1.));
#15343=DIRECTION('ref_axis',(0.896680950708477,0.442677391151324,0.));
#15344=DIRECTION('center_axis',(0.507418730562662,0.267425055317086,-0.819152044288989));
#15345=DIRECTION('ref_axis',(-0.850114345349595,0.,-0.526598138841022));
#15346=DIRECTION('center_axis',(0.093544280554257,0.565896983480873,-0.819152044288992));
#15347=DIRECTION('ref_axis',(-0.993542670448339,0.,-0.113459076315576));
#15348=DIRECTION('',(-0.13323723431043,-0.808243746856707,-0.573576398625623));
#15349=DIRECTION('center_axis',(0.,0.,1.));
#15350=DIRECTION('ref_axis',(0.424693422317427,0.905337228352127,0.));
#15351=DIRECTION('center_axis',(0.,0.,1.));
#15352=DIRECTION('ref_axis',(0.162215741117134,0.986755315837629,0.));
#15353=DIRECTION('center_axis',(0.,0.,1.));
#15354=DIRECTION('ref_axis',(0.82280648331261,-0.568321643982293,0.));
#15355=DIRECTION('',(0.,0.,-1.));
#15356=DIRECTION('center_axis',(0.839799586062653,-0.542896541938699,0.));
#15357=DIRECTION('ref_axis',(0.542896541938699,0.839799586062653,0.));
#15358=DIRECTION('',(0.,0.,-1.));
#15359=DIRECTION('center_axis',(0.879991646643492,-0.474989159705435,0.));
#15360=DIRECTION('ref_axis',(0.474989159705435,0.879991646643492,0.));
#15361=DIRECTION('',(0.,0.,-1.));
#15362=DIRECTION('center_axis',(0.912869232656251,-0.408252083974581,0.));
#15363=DIRECTION('ref_axis',(0.408252083974581,0.912869232656251,0.));
#15364=DIRECTION('',(0.,0.,-1.));
#15365=DIRECTION('center_axis',(0.939100288241806,-0.34364319958957,0.));
#15366=DIRECTION('ref_axis',(0.34364319958957,0.939100288241806,0.));
#15367=DIRECTION('',(0.,0.,-1.));
#15368=DIRECTION('center_axis',(0.959466984578862,-0.281821052271021,0.));
#15369=DIRECTION('ref_axis',(0.281821052271021,0.959466984578862,0.));
#15370=DIRECTION('',(0.,0.,-1.));
#15371=DIRECTION('center_axis',(0.974777584425973,-0.223178540412525,0.));
#15372=DIRECTION('ref_axis',(0.223178540412525,0.974777584425973,0.));
#15373=DIRECTION('',(0.,0.,-1.));
#15374=DIRECTION('center_axis',(0.985806958467515,-0.167882818170969,0.));
#15375=DIRECTION('ref_axis',(0.167882818170969,0.985806958467515,0.));
#15376=DIRECTION('',(0.,0.,-1.));
#15377=DIRECTION('center_axis',(0.993254010339059,-0.115958919214423,0.));
#15378=DIRECTION('ref_axis',(0.115958919214423,0.993254010339059,0.));
#15379=DIRECTION('',(0.,0.,-1.));
#15380=DIRECTION('center_axis',(0.997732845653721,-0.0672990988329584,0.));
#15381=DIRECTION('ref_axis',(0.0672990988329584,0.997732845653721,0.));
#15382=DIRECTION('',(0.,0.,-1.));
#15383=DIRECTION('center_axis',(0.999763572451719,-0.021743946251211,0.));
#15384=DIRECTION('ref_axis',(0.021743946251211,0.999763572451719,0.));
#15385=DIRECTION('',(0.,0.,-1.));
#15386=DIRECTION('center_axis',(0.999999999999999,3.59752433298871E-8,0.));
#15387=DIRECTION('ref_axis',(-3.59752433298871E-8,0.999999999999999,0.));
#15388=DIRECTION('',(0.,0.,-1.));
#15389=DIRECTION('center_axis',(0.,0.,1.));
#15390=DIRECTION('ref_axis',(0.965879727257276,0.258991027785538,0.));
#15391=DIRECTION('',(0.,0.,-1.));
#15392=DIRECTION('center_axis',(0.959752919499806,0.280845746828397,0.));
#15393=DIRECTION('ref_axis',(-0.280845746828397,0.959752919499805,0.));
#15394=DIRECTION('',(0.,0.,-1.));
#15395=DIRECTION('center_axis',(0.,0.,1.));
#15396=DIRECTION('ref_axis',(0.882041526077748,0.471171673888018,0.));
#15397=DIRECTION('',(0.,0.,-1.));
#15398=DIRECTION('center_axis',(0.872024738284151,0.48946180220775,0.));
#15399=DIRECTION('ref_axis',(-0.48946180220775,0.872024738284151,0.));
#15400=DIRECTION('',(0.,0.,-1.));
#15401=DIRECTION('center_axis',(0.,0.,1.));
#15402=DIRECTION('ref_axis',(0.769423804084095,0.638738608281008,0.));
#15403=DIRECTION('',(0.,0.,-1.));
#15404=DIRECTION('center_axis',(0.757214010107969,0.653166856856814,0.));
#15405=DIRECTION('ref_axis',(-0.653166856856814,0.757214010107969,0.));
#15406=DIRECTION('',(0.,0.,-1.));
#15407=DIRECTION('center_axis',(0.,0.,1.));
#15408=DIRECTION('ref_axis',(0.641928282322442,0.766764683820636,0.));
#15409=DIRECTION('',(0.,0.,-1.));
#15410=DIRECTION('center_axis',(0.628126294998629,0.778111404319006,0.));
#15411=DIRECTION('ref_axis',(-0.778111404319006,0.628126294998629,0.));
#15412=DIRECTION('',(0.,0.,-1.));
#15413=DIRECTION('center_axis',(0.,0.,1.));
#15414=DIRECTION('ref_axis',(0.392378532407021,0.919803830882494,0.));
#15415=DIRECTION('',(0.,0.,-1.));
#15416=DIRECTION('center_axis',(0.376021903451161,0.926610774880675,0.));
#15417=DIRECTION('ref_axis',(-0.926610774880675,0.376021903451161,0.));
#15418=DIRECTION('',(0.,0.,-1.));
#15419=DIRECTION('center_axis',(0.,0.,1.));
#15420=DIRECTION('ref_axis',(0.187195518431411,0.98232267503056,0.));
#15421=DIRECTION('',(0.,0.,-1.));
#15422=DIRECTION('center_axis',(0.167057799570915,0.985947103856249,0.));
#15423=DIRECTION('ref_axis',(-0.985947103856249,0.167057799570915,0.));
#15424=DIRECTION('',(0.,0.,-1.));
#15425=DIRECTION('center_axis',(0.,0.,1.));
#15426=DIRECTION('ref_axis',(0.000691926961939874,0.999999760618511,0.));
#15427=DIRECTION('center_axis',(-0.0250139608633004,0.999687101928363,0.));
#15428=DIRECTION('ref_axis',(-0.999687101928363,-0.0250139608633004,0.));
#15429=DIRECTION('',(0.,0.,-1.));
#15430=DIRECTION('center_axis',(0.,0.,1.));
#15431=DIRECTION('ref_axis',(-0.193513592872522,0.981097594214545,0.));
#15432=DIRECTION('',(0.,0.,-1.));
#15433=DIRECTION('center_axis',(-0.21142517430614,0.977394186431257,0.));
#15434=DIRECTION('ref_axis',(-0.977394186431257,-0.21142517430614,0.));
#15435=DIRECTION('',(0.,0.,-1.));
#15436=DIRECTION('center_axis',(0.,0.,1.));
#15437=DIRECTION('ref_axis',(-0.398778079779735,0.917047459560947,0.));
#15438=DIRECTION('',(0.,0.,-1.));
#15439=DIRECTION('center_axis',(-0.414406728620226,0.910091788378668,0.));
#15440=DIRECTION('ref_axis',(-0.910091788378668,-0.414406728620226,0.));
#15441=DIRECTION('',(0.,0.,-1.));
#15442=DIRECTION('center_axis',(0.,0.,1.));
#15443=DIRECTION('ref_axis',(-0.613182503430011,0.789941274708003,0.));
#15444=DIRECTION('',(0.,0.,-1.));
#15445=DIRECTION('center_axis',(-0.628153577426219,0.778089379934364,0.));
#15446=DIRECTION('ref_axis',(-0.778089379934364,-0.628153577426219,0.));
#15447=DIRECTION('',(0.,0.,-1.));
#15448=DIRECTION('center_axis',(0.,0.,1.));
#15449=DIRECTION('ref_axis',(-0.743787761201632,0.668415863281733,0.));
#15450=DIRECTION('',(0.,0.,-1.));
#15451=DIRECTION('center_axis',(-0.757287661165795,0.653081463713402,0.));
#15452=DIRECTION('ref_axis',(-0.653081463713402,-0.757287661165795,0.));
#15453=DIRECTION('',(0.,0.,-1.));
#15454=DIRECTION('center_axis',(0.,0.,1.));
#15455=DIRECTION('ref_axis',(-0.860798680740759,0.508945607344213,0.));
#15456=DIRECTION('',(0.,0.,-1.));
#15457=DIRECTION('center_axis',(-0.872121827239483,0.489288788398493,0.));
#15458=DIRECTION('ref_axis',(-0.489288788398493,-0.872121827239483,0.));
#15459=DIRECTION('',(0.,0.,-1.));
#15460=DIRECTION('center_axis',(0.,0.,1.));
#15461=DIRECTION('ref_axis',(-0.952510689890895,0.304505148796489,0.));
#15462=DIRECTION('',(0.,0.,-1.));
#15463=DIRECTION('center_axis',(-0.959802512141148,0.28067621503708,0.));
#15464=DIRECTION('ref_axis',(-0.28067621503708,-0.959802512141148,0.));
#15465=DIRECTION('',(0.,0.,-1.));
#15466=DIRECTION('center_axis',(0.,0.,1.));
#15467=DIRECTION('ref_axis',(-0.999999693752013,0.000782621160534626,0.));
#15468=DIRECTION('',(0.,0.,-1.));
#15469=DIRECTION('center_axis',(-1.,0.,0.));
#15470=DIRECTION('ref_axis',(0.,-1.,0.));
#15471=DIRECTION('',(0.,0.,-1.));
#15472=DIRECTION('center_axis',(-0.999763881527324,-0.0217297306338146,
0.));
#15473=DIRECTION('ref_axis',(0.0217297306338146,-0.999763881527324,0.));
#15474=DIRECTION('',(0.,0.,-1.));
#15475=DIRECTION('center_axis',(-0.997735382166909,-0.0672614835716004,
0.));
#15476=DIRECTION('ref_axis',(0.0672614835716004,-0.997735382166909,0.));
#15477=DIRECTION('',(0.,0.,-1.));
#15478=DIRECTION('center_axis',(-0.993261278972322,-0.11589664229074,0.));
#15479=DIRECTION('ref_axis',(0.11589664229074,-0.993261278972322,0.));
#15480=DIRECTION('',(0.,0.,-1.));
#15481=DIRECTION('center_axis',(0.,0.,1.));
#15482=DIRECTION('ref_axis',(-0.974473465468216,-0.224502706216128,0.));
#15483=DIRECTION('',(0.,0.,-1.));
#15484=DIRECTION('center_axis',(-0.971417849022449,-0.237375994153997,0.));
#15485=DIRECTION('ref_axis',(0.237375994153997,-0.971417849022449,0.));
#15486=DIRECTION('',(0.,0.,-1.));
#15487=DIRECTION('center_axis',(0.,0.,1.));
#15488=DIRECTION('ref_axis',(-0.926378234159098,-0.376594433411158,0.));
#15489=DIRECTION('',(0.,0.,-1.));
#15490=DIRECTION('center_axis',(-0.920096763962304,-0.391691134627906,0.));
#15491=DIRECTION('ref_axis',(0.391691134627906,-0.920096763962304,0.));
#15492=DIRECTION('',(0.,0.,-1.));
#15493=DIRECTION('center_axis',(0.,0.,1.));
#15494=DIRECTION('ref_axis',(-0.838569156762708,-0.544795162722908,0.));
#15495=DIRECTION('',(0.,0.,-1.));
#15496=DIRECTION('center_axis',(-0.828674467876421,-0.5597308516508,0.));
#15497=DIRECTION('ref_axis',(0.5597308516508,-0.828674467876421,0.));
#15498=DIRECTION('',(0.,0.,-1.));
#15499=DIRECTION('center_axis',(0.,0.,1.));
#15500=DIRECTION('ref_axis',(-0.669951720922458,-0.742404668380417,0.));
#15501=DIRECTION('',(0.,0.,-1.));
#15502=DIRECTION('center_axis',(-0.883859963126708,0.467751606711997,0.));
#15503=DIRECTION('ref_axis',(-0.467751606711997,-0.883859963126708,0.));
#15504=DIRECTION('',(0.,0.,-1.));
#15505=DIRECTION('center_axis',(-0.94149856765322,0.337016983410237,0.));
#15506=DIRECTION('ref_axis',(-0.337016983410236,-0.94149856765322,0.));
#15507=DIRECTION('',(0.,0.,-1.));
#15508=DIRECTION('center_axis',(-1.,0.,0.));
#15509=DIRECTION('ref_axis',(0.,-1.,0.));
#15510=DIRECTION('',(0.,0.,-1.));
#15511=DIRECTION('center_axis',(0.,0.,1.));
#15512=DIRECTION('ref_axis',(-0.52866987526755,-0.848827522518323,0.));
#15513=DIRECTION('',(0.,0.,-1.));
#15514=DIRECTION('center_axis',(-0.656143660059375,-0.754636003225322,0.));
#15515=DIRECTION('ref_axis',(0.754636003225322,-0.656143660059375,0.));
#15516=CARTESIAN_POINT('',(0.,0.,0.));
#15517=CARTESIAN_POINT('Origin',(138.00000205636,-55.0000008195639,-3.65));
#15518=CARTESIAN_POINT('',(133.60000205636,-55.0000008195639,-4.05));
#15519=CARTESIAN_POINT('Origin',(138.00000205636,-55.0000008195639,-4.05));
#15520=CARTESIAN_POINT('',(134.00000205636,-55.0000008195639,-3.65));
#15521=CARTESIAN_POINT('Origin',(133.60000205636,-55.0000008195639,-3.65));
#15522=CARTESIAN_POINT('Origin',(138.00000205636,-55.0000008195639,-3.65));
#15523=CARTESIAN_POINT('Origin',(138.00000205636,-55.0000008195639,-2.05));
#15524=CARTESIAN_POINT('',(134.00000205636,-55.0000008195639,-2.05));
#15525=CARTESIAN_POINT('',(134.00000205636,-55.0000008195639,-2.05));
#15526=CARTESIAN_POINT('Origin',(138.00000205636,-55.0000008195639,-2.05));
#15527=CARTESIAN_POINT('Origin',(154.941808978248,-85.4236772930672,-4.05));
#15528=CARTESIAN_POINT('',(140.632808142407,-49.2285332820044,-4.05));
#15529=CARTESIAN_POINT('',(139.830823334003,-49.1812300344812,-4.05));
#15530=CARTESIAN_POINT('Origin',(140.326045482873,-47.6073002319588,-4.05));
#15531=CARTESIAN_POINT('',(140.689581295628,-49.4972107458576,-4.05));
#15532=CARTESIAN_POINT('Origin',(148.04568406112,-47.80248530019,-4.05));
#15533=CARTESIAN_POINT('',(140.731596807548,-49.6691515453482,-4.05));
#15534=CARTESIAN_POINT('',(145.233283927475,-68.0914828960669,-4.05));
#15535=CARTESIAN_POINT('',(141.00738154825,-50.5061379851284,-4.05));
#15536=CARTESIAN_POINT('Origin',(147.03038059747,-48.0576479076,-4.05));
#15537=CARTESIAN_POINT('',(141.07569750067,-50.666614649498,-4.05));
#15538=CARTESIAN_POINT('',(148.368336413696,-67.7972894884762,-4.05));
#15539=CARTESIAN_POINT('',(141.506124411654,-51.4626587954156,-4.05));
#15540=CARTESIAN_POINT('Origin',(146.226811701,-48.39575897061,-4.05));
#15541=CARTESIAN_POINT('',(141.602791035746,-51.6057725134534,-4.05));
#15542=CARTESIAN_POINT('',(151.486964000566,-66.239165952218,-4.05));
#15543=CARTESIAN_POINT('',(142.36967677335,-52.4756604076987,-4.05));
#15544=CARTESIAN_POINT('Origin',(145.78157981972,-48.6947719189,-4.05));
#15545=CARTESIAN_POINT('',(142.503361244869,-52.5918968688015,-4.05));
#15546=CARTESIAN_POINT('',(154.106536564824,-62.6806679984668,-4.05));
#15547=CARTESIAN_POINT('',(143.076702,-53.0074024837926,-4.05));
#15548=CARTESIAN_POINT('Origin',(145.74946976061,-48.71603098214,-4.05));
#15549=CARTESIAN_POINT('',(143.076702,-61.3489240520247,-4.05));
#15550=CARTESIAN_POINT('',(143.076702,-69.2155398884299,-4.05));
#15551=CARTESIAN_POINT('',(140.309425940883,-60.6459339861534,-4.05));
#15552=CARTESIAN_POINT('Origin',(141.218051731515,-62.8672847402213,-4.05));
#15553=CARTESIAN_POINT('Origin',(138.00000205636,-55.0000008195639,-4.05));
#15554=CARTESIAN_POINT('Origin',(141.218051731515,-62.8672847402213,-3.65));
#15555=CARTESIAN_POINT('',(143.076702,-62.1287597376221,-3.65));
#15556=CARTESIAN_POINT('Ctrl Pts',(143.076702,-62.1287597376243,-3.65));
#15557=CARTESIAN_POINT('Ctrl Pts',(143.076702,-62.1287597376243,-3.66686037848779));
#15558=CARTESIAN_POINT('Ctrl Pts',(143.076702,-62.1250408682554,-3.68674811875611));
#15559=CARTESIAN_POINT('Ctrl Pts',(143.076702,-62.1124442733683,-3.72217298466987));
#15560=CARTESIAN_POINT('Ctrl Pts',(143.076702,-62.1000306616003,-3.74374058505146));
#15561=CARTESIAN_POINT('Ctrl Pts',(143.076702,-62.0478328203569,-3.81405800857895));
#15562=CARTESIAN_POINT('Ctrl Pts',(143.076702,-61.9829663625293,-3.86122737910065));
#15563=CARTESIAN_POINT('Ctrl Pts',(143.076702,-61.8436200944041,-3.94257025031404));
#15564=CARTESIAN_POINT('Ctrl Pts',(143.076702,-61.7381654011849,-3.98431698951573));
#15565=CARTESIAN_POINT('Ctrl Pts',(143.076702,-61.5556650323608,-4.03357498149646));
#15566=CARTESIAN_POINT('Ctrl Pts',(143.076702,-61.4434406812639,-4.05));
#15567=CARTESIAN_POINT('Ctrl Pts',(143.076702,-61.3489240520247,-4.05));
#15568=CARTESIAN_POINT('',(140.460863572655,-61.0161591118313,-3.65));
#15569=CARTESIAN_POINT('Origin',(141.218051731515,-62.8672847402213,-3.65));
#15570=CARTESIAN_POINT('Origin',(140.309425940883,-60.6459339861534,-3.65));
#15571=CARTESIAN_POINT('Origin',(138.00000205636,-55.0000008195639,-3.65));
#15572=CARTESIAN_POINT('',(139.950877191374,-48.7996712846252,-3.65));
#15573=CARTESIAN_POINT('Origin',(139.830823334003,-49.1812300344812,-3.65));
#15574=CARTESIAN_POINT('Origin',(138.00000205636,-55.0000008195639,-3.65));
#15575=CARTESIAN_POINT('Origin',(140.326045482873,-47.6073002319588,-3.65));
#15576=CARTESIAN_POINT('',(140.567657452501,-48.833727402442,-3.65));
#15577=CARTESIAN_POINT('Ctrl Pts',(140.632808142407,-49.2285332820044,-4.05));
#15578=CARTESIAN_POINT('Ctrl Pts',(140.623338394176,-49.1793076812403,-4.05));
#15579=CARTESIAN_POINT('Ctrl Pts',(140.614457019932,-49.1304106134244,-4.04057739243625));
#15580=CARTESIAN_POINT('Ctrl Pts',(140.598303284268,-49.0366687782904,-4.00314406129517));
#15581=CARTESIAN_POINT('Ctrl Pts',(140.591255135342,-48.99296647088,-3.97480778789796));
#15582=CARTESIAN_POINT('Ctrl Pts',(140.579758687171,-48.91860259984,-3.90274648852048));
#15583=CARTESIAN_POINT('Ctrl Pts',(140.575409107217,-48.8886626405495,-3.85968364703208));
#15584=CARTESIAN_POINT('Ctrl Pts',(140.569445929844,-48.846827972665,-3.76443581232219));
#15585=CARTESIAN_POINT('Ctrl Pts',(140.56787661025,-48.8353163903986,-3.71316998319347));
#15586=CARTESIAN_POINT('Ctrl Pts',(140.56766448772,-48.8337784219977,-3.6574079460862));
#15587=CARTESIAN_POINT('Ctrl Pts',(140.567657452501,-48.833727402442,-3.65370288167608));
#15588=CARTESIAN_POINT('Ctrl Pts',(140.567657452501,-48.833727402442,-3.64999999999995));
#15589=CARTESIAN_POINT('Origin',(140.326045482873,-47.6073002319588,-3.65));
#15590=CARTESIAN_POINT('Origin',(140.326045482873,-47.6073002319588,-2.05));
#15591=CARTESIAN_POINT('',(139.950877191374,-48.7996712846252,-2.05));
#15592=CARTESIAN_POINT('',(139.950877191374,-48.7996712846252,-2.05));
#15593=CARTESIAN_POINT('',(140.567657452501,-48.833727402442,-2.05));
#15594=CARTESIAN_POINT('Origin',(140.326045482873,-47.6073002319588,-2.05));
#15595=CARTESIAN_POINT('',(140.567657452501,-48.833727402442,-6.55));
#15596=CARTESIAN_POINT('Origin',(138.00000205636,-55.0000008195639,-2.05));
#15597=CARTESIAN_POINT('',(140.460863572655,-61.0161591118313,-2.05));
#15598=CARTESIAN_POINT('',(140.460863572655,-61.0161591118313,-2.05));
#15599=CARTESIAN_POINT('Origin',(138.00000205636,-55.0000008195639,-2.05));
#15600=CARTESIAN_POINT('Origin',(141.218051731515,-62.8672847402213,-2.05));
#15601=CARTESIAN_POINT('',(143.076702,-62.1287597376221,-2.05));
#15602=CARTESIAN_POINT('',(143.076702,-62.1287597376221,-6.55));
#15603=CARTESIAN_POINT('Origin',(141.218051731515,-62.8672847402213,-2.05));
#15604=CARTESIAN_POINT('Origin',(150.466925947073,-38.894409,-2.335000014901));
#15605=CARTESIAN_POINT('',(150.466925947073,-42.3944090118903,-3.045000014901));
#15606=CARTESIAN_POINT('',(150.466925947073,-42.3944090118903,-0.05));
#15607=CARTESIAN_POINT('',(150.466925947073,-42.3944090118903,0.557499992549501));
#15608=CARTESIAN_POINT('',(150.466925947073,-38.894409,-3.045000014901));
#15609=CARTESIAN_POINT('',(150.466925947073,-38.894409,-3.045000014901));
#15610=CARTESIAN_POINT('',(150.466925947073,-38.894409,-2.05));
#15611=CARTESIAN_POINT('',(150.466925947073,-38.894409,-4.4425000074505));
#15612=CARTESIAN_POINT('',(150.466925947073,-40.6944090001513,-2.05));
#15613=CARTESIAN_POINT('',(150.466925947073,-63.9090431524787,-2.05));
#15614=CARTESIAN_POINT('',(150.466925947073,-40.6944090001513,-0.05));
#15615=CARTESIAN_POINT('',(150.466925947073,-40.6944090001513,-0.05));
#15616=CARTESIAN_POINT('',(150.466925947073,-63.9090431524787,-0.05));
#15617=CARTESIAN_POINT('Origin',(154.941808978248,-85.4236772930672,-2.05));
#15618=CARTESIAN_POINT('',(147.335083125113,-38.894409,-2.05));
#15619=CARTESIAN_POINT('',(158.909454407615,-38.894409,-2.05));
#15620=CARTESIAN_POINT('',(147.062435967001,-38.9012311199707,-2.05));
#15621=CARTESIAN_POINT('',(150.554307734265,-38.8138582374382,-2.05));
#15622=CARTESIAN_POINT('',(146.061783084842,-39.0227902604439,-2.05));
#15623=CARTESIAN_POINT('Origin',(147.38357428135,-45.724160142,-2.05));
#15624=CARTESIAN_POINT('',(145.799313970735,-39.0795663073762,-2.05));
#15625=CARTESIAN_POINT('',(145.509052038255,-39.1423543621047,-2.05));
#15626=CARTESIAN_POINT('',(144.563961560293,-39.4910656904161,-2.05));
#15627=CARTESIAN_POINT('Origin',(147.49671447906,-46.23535217467,-2.05));
#15628=CARTESIAN_POINT('',(144.321119125504,-39.6016430412462,-2.05));
#15629=CARTESIAN_POINT('',(140.200076169719,-41.4781437982221,-2.05));
#15630=CARTESIAN_POINT('',(142.952347781984,-40.4452817619336,-2.05));
#15631=CARTESIAN_POINT('Origin',(147.53709552965,-46.35164970255,-2.05));
#15632=CARTESIAN_POINT('',(142.744545805721,-40.6130408371144,-2.05));
#15633=CARTESIAN_POINT('',(135.589884139367,-46.3890177838424,-2.05));
#15634=CARTESIAN_POINT('',(142.029930833979,-41.302612684863,-2.05));
#15635=CARTESIAN_POINT('Origin',(147.22469001525,-45.97095979114,-2.05));
#15636=CARTESIAN_POINT('',(141.857805111284,-41.5022029246857,-2.05));
#15637=CARTESIAN_POINT('',(133.872999011869,-50.7610710320529,-2.05));
#15638=CARTESIAN_POINT('',(141.276031968068,-42.3279816009826,-2.05));
#15639=CARTESIAN_POINT('Origin',(146.7306302913,-45.5530026408,-2.05));
#15640=CARTESIAN_POINT('',(141.147658659287,-42.5567977260956,-2.05));
#15641=CARTESIAN_POINT('',(133.716964119689,-55.8014725545226,-2.05));
#15642=CARTESIAN_POINT('',(140.74154247496,-43.5164556804447,-2.05));
#15643=CARTESIAN_POINT('Origin',(146.20774525861,-45.26392886857,-2.05));
#15644=CARTESIAN_POINT('',(140.667207108462,-43.770653154112,-2.05));
#15645=CARTESIAN_POINT('',(135.656113346095,-60.9066276711711,-2.05));
#15646=CARTESIAN_POINT('',(140.485152,-45.1493601836191,-2.05));
#15647=CARTESIAN_POINT('Origin',(145.82833572819,-45.15354187355,-2.05));
#15648=CARTESIAN_POINT('',(140.485152,-47.6203432963321,-2.05));
#15649=CARTESIAN_POINT('',(140.485152,-65.2865187383431,-2.05));
#15650=CARTESIAN_POINT('',(140.493921868326,-48.0238364525863,-2.05));
#15651=CARTESIAN_POINT('',(140.899196232678,-66.6701178269788,-2.05));
#15652=CARTESIAN_POINT('',(140.522334301377,-48.4452974172157,-2.05));
#15653=CARTESIAN_POINT('',(141.781539752351,-67.1239492271603,-2.05));
#15654=CARTESIAN_POINT('',(142.747570786803,-67.5160935493915,-2.05));
#15655=CARTESIAN_POINT('',(140.085605094383,-70.4847583696636,-2.05));
#15656=CARTESIAN_POINT('',(140.054773676806,-70.5708897426082,-2.05));
#15657=CARTESIAN_POINT('',(140.038529440335,-70.5737121760303,-2.05));
#15658=CARTESIAN_POINT('',(138.62273554422,-73.248985810281,-2.05));
#15659=CARTESIAN_POINT('',(139.936444023325,-70.7412535295124,-2.05));
#15660=CARTESIAN_POINT('',(138.75677642684,-72.6773097416971,-2.05));
#15661=CARTESIAN_POINT('',(139.278743125868,-71.4388816564881,-2.05));
#15662=CARTESIAN_POINT('Origin',(137.56276062621,-69.1622662138697,-2.05));
#15663=CARTESIAN_POINT('',(139.097784791493,-71.5648132356969,-2.05));
#15664=CARTESIAN_POINT('',(141.276604193376,-70.0485406139512,-2.05));
#15665=CARTESIAN_POINT('',(138.00733993952,-71.9833591161482,-2.05));
#15666=CARTESIAN_POINT('Origin',(137.53590546611,-69.1253722978301,-2.05));
#15667=CARTESIAN_POINT('',(117.718187218377,-75.3372018847395,-2.05));
#15668=CARTESIAN_POINT('',(145.168051711029,-70.7996773026848,-2.05));
#15669=CARTESIAN_POINT('',(117.302758602515,-75.4207654708172,-2.05));
#15670=CARTESIAN_POINT('',(134.631223592799,-71.9351397326763,-2.05));
#15671=CARTESIAN_POINT('',(116.866767041665,-75.5407175748465,-2.05));
#15672=CARTESIAN_POINT('',(133.518806845869,-70.9593279557518,-2.05));
#15673=CARTESIAN_POINT('',(116.482882802527,-75.6760179454061,-2.05));
#15674=CARTESIAN_POINT('',(132.25153668986,-70.1183406649443,-2.05));
#15675=CARTESIAN_POINT('',(114.910185767067,-76.5626168340386,-2.05));
#15676=CARTESIAN_POINT('Origin',(118.70932993504,-81.46357717657,-2.05));
#15677=CARTESIAN_POINT('',(114.640884997616,-76.7839523166502,-2.05));
#15678=CARTESIAN_POINT('',(124.683018810512,-68.5304276852193,-2.05));
#15679=CARTESIAN_POINT('',(113.5083532289,-78.087812610141,-2.05));
#15680=CARTESIAN_POINT('Origin',(118.73282749286,-81.48199768106,-2.05));
#15681=CARTESIAN_POINT('',(113.332062280409,-78.3754805968542,-2.05));
#15682=CARTESIAN_POINT('',(117.530372691036,-71.5247629975534,-2.05));
#15683=CARTESIAN_POINT('',(112.537035850312,-80.7400508465398,-2.05));
#15684=CARTESIAN_POINT('Origin',(118.8119414893,-81.53388900148,-2.05));
#15685=CARTESIAN_POINT('',(112.503999826517,-81.0742219589911,-2.05));
#15686=CARTESIAN_POINT('',(112.512975881579,-80.9834259744625,-2.05));
#15687=CARTESIAN_POINT('',(113.204644741108,-84.4063206359231,-2.05));
#15688=CARTESIAN_POINT('Origin',(118.63284043599,-81.52521443698,-2.05));
#15689=CARTESIAN_POINT('',(113.385047085669,-84.7231613200573,-2.05));
#15690=CARTESIAN_POINT('',(118.532471954076,-93.7635794036453,-2.05));
#15691=CARTESIAN_POINT('',(114.234950262398,-85.8240486176857,-2.05));
#15692=CARTESIAN_POINT('Origin',(118.84402654569,-81.38725230672,-2.05));
#15693=CARTESIAN_POINT('',(128.964754713778,-101.153990927631,-2.05));
#15694=CARTESIAN_POINT('',(123.905460935416,-95.8885658496974,-2.05));
#15695=CARTESIAN_POINT('',(129.094976623214,-101.297557757346,-2.05));
#15696=CARTESIAN_POINT('',(130.913499215587,-103.302439458769,-2.05));
#15697=CARTESIAN_POINT('',(129.197573220667,-101.424677535513,-2.05));
#15698=CARTESIAN_POINT('',(130.313565485943,-102.807420167521,-2.05));
#15699=CARTESIAN_POINT('',(129.306891557038,-101.577286941413,-2.05));
#15700=CARTESIAN_POINT('',(129.775205409064,-102.231057398453,-2.05));
#15701=CARTESIAN_POINT('',(129.742056500775,-103.548110311422,-2.05));
#15702=CARTESIAN_POINT('Origin',(126.96517018298,-103.1278021923,-2.05));
#15703=CARTESIAN_POINT('',(126.524486568565,-124.752779258041,-2.05));
#15704=CARTESIAN_POINT('',(131.3697759615,-92.8209924554224,-2.05));
#15705=CARTESIAN_POINT('',(126.468133379224,-126.174821498687,-2.05));
#15706=CARTESIAN_POINT('Origin',(132.77426207553,-125.7125852691,-2.05));
#15707=CARTESIAN_POINT('',(126.506602693986,-126.543412885751,-2.05));
#15708=CARTESIAN_POINT('',(124.517888584102,-107.488670248562,-2.05));
#15709=CARTESIAN_POINT('',(127.208580289671,-128.673411543225,-2.05));
#15710=CARTESIAN_POINT('Origin',(132.57008337375,-125.7257625224,-2.05));
#15711=CARTESIAN_POINT('',(127.385067500746,-128.97442738716,-2.05));
#15712=CARTESIAN_POINT('',(121.320544380257,-118.630802293509,-2.05));
#15713=CARTESIAN_POINT('',(128.501586322589,-130.306624185693,-2.05));
#15714=CARTESIAN_POINT('Origin',(132.72718799784,-125.6311549865,-2.05));
#15715=CARTESIAN_POINT('',(128.761435260558,-130.529388473545,-2.05));
#15716=CARTESIAN_POINT('',(125.03252338554,-127.332652690077,-2.05));
#15717=CARTESIAN_POINT('',(130.620356624888,-131.579626835595,-2.05));
#15718=CARTESIAN_POINT('Origin',(132.79257991906,-125.5645286009,-2.05));
#15719=CARTESIAN_POINT('',(130.948159665056,-131.687837933627,-2.05));
#15720=CARTESIAN_POINT('',(134.716447916177,-132.931787987128,-2.05));
#15721=CARTESIAN_POINT('',(134.016288940009,-131.821662548312,-2.05));
#15722=CARTESIAN_POINT('Origin',(132.74494573923,-125.731468702,-2.05));
#15723=CARTESIAN_POINT('',(134.379687255917,-131.734433842212,-2.05));
#15724=CARTESIAN_POINT('',(149.174285114722,-128.183192741695,-2.05));
#15725=CARTESIAN_POINT('',(135.703263880671,-131.210211634987,-2.05));
#15726=CARTESIAN_POINT('Origin',(132.672564751,-125.4912045397,-2.05));
#15727=CARTESIAN_POINT('',(153.584404963734,-121.755302974185,-2.05));
#15728=CARTESIAN_POINT('',(152.680878761767,-122.233055354336,-2.05));
#15729=CARTESIAN_POINT('',(154.39270031562,-121.471125407549,-2.05));
#15730=CARTESIAN_POINT('Origin',(154.93864046916,-124.3155794252,-2.05));
#15731=CARTESIAN_POINT('',(154.618496490867,-121.436887510935,-2.05));
#15732=CARTESIAN_POINT('',(157.332630129737,-121.025338347967,-2.05));
#15733=CARTESIAN_POINT('',(156.29978330166,-121.755437955019,-2.05));
#15734=CARTESIAN_POINT('Origin',(154.94221493099,-124.3244562966,-2.05));
#15735=CARTESIAN_POINT('',(174.212825442093,-131.227276193875,-2.05));
#15736=CARTESIAN_POINT('',(148.262462315869,-117.505562147353,-2.05));
#15737=CARTESIAN_POINT('',(174.602975902987,-131.416206988046,-2.05));
#15738=CARTESIAN_POINT('',(157.424048995299,-123.097292546083,-2.05));
#15739=CARTESIAN_POINT('',(174.995020996184,-131.57254302217,-2.05));
#15740=CARTESIAN_POINT('',(158.209082664048,-124.878805303094,-2.05));
#15741=CARTESIAN_POINT('',(176.383544289787,-131.907008718653,-2.05));
#15742=CARTESIAN_POINT('Origin',(177.14683233057,-125.6888064763,-2.05));
#15743=CARTESIAN_POINT('',(176.745122985491,-131.940571552568,-2.05));
#15744=CARTESIAN_POINT('',(163.615327008302,-130.721823968819,-2.05));
#15745=CARTESIAN_POINT('',(178.527816271221,-131.795613887871,-2.05));
#15746=CARTESIAN_POINT('Origin',(177.13705503567,-125.7262785358,-2.05));
#15747=CARTESIAN_POINT('',(178.865055414986,-131.708655661822,-2.05));
#15748=CARTESIAN_POINT('',(173.075881093588,-133.201413363846,-2.05));
#15749=CARTESIAN_POINT('',(180.79297836026,-130.77956084915,-2.05));
#15750=CARTESIAN_POINT('Origin',(177.0957447183,-125.5724178542,-2.05));
#15751=CARTESIAN_POINT('',(181.066580203205,-130.574166379432,-2.05));
#15752=CARTESIAN_POINT('',(183.414482120818,-128.81158296944,-2.05));
#15753=CARTESIAN_POINT('',(182.263589206894,-129.323939396582,-2.05));
#15754=CARTESIAN_POINT('Origin',(177.12888199968,-125.6059411528,-2.05));
#15755=CARTESIAN_POINT('',(182.458653971151,-129.03772989256,-2.05));
#15756=CARTESIAN_POINT('',(188.145765199681,-120.693294698249,-2.05));
#15757=CARTESIAN_POINT('',(183.377335819901,-126.543722334595,-2.05));
#15758=CARTESIAN_POINT('Origin',(177.30621788274,-125.7235961787,-2.05));
#15759=CARTESIAN_POINT('',(183.415946341372,-126.174013285599,-2.05));
#15760=CARTESIAN_POINT('',(185.347954292879,-107.674327679228,-2.05));
#15761=CARTESIAN_POINT('',(183.359730278934,-124.75385001839,-2.05));
#15762=CARTESIAN_POINT('Origin',(177.06952306671,-125.7140372648,-2.05));
#15763=CARTESIAN_POINT('',(180.142090402871,-103.547589033107,-2.05));
#15764=CARTESIAN_POINT('',(180.123321641749,-103.423891148302,-2.05));
#15765=CARTESIAN_POINT('',(180.235067383785,-102.30004446051,-2.05));
#15766=CARTESIAN_POINT('Origin',(182.909721962791,-103.1266180517,-2.05));
#15767=CARTESIAN_POINT('',(180.304127014509,-102.102711350182,-2.05));
#15768=CARTESIAN_POINT('',(181.486022973121,-98.7255255304632,-2.05));
#15769=CARTESIAN_POINT('',(180.898788406141,-101.175088810544,-2.05));
#15770=CARTESIAN_POINT('Origin',(182.936680852889,-103.1359174386,-2.05));
#15771=CARTESIAN_POINT('',(195.673935830849,-85.7980582107383,-2.05));
#15772=CARTESIAN_POINT('',(178.603226585591,-103.564162991349,-2.05));
#15773=CARTESIAN_POINT('',(195.955972515119,-85.4832099452636,-2.05));
#15774=CARTESIAN_POINT('',(186.700112800122,-95.8158777834313,-2.05));
#15775=CARTESIAN_POINT('',(196.208144946228,-85.1581822417722,-2.05));
#15776=CARTESIAN_POINT('',(188.264697689298,-95.3965751080198,-2.05));
#15777=CARTESIAN_POINT('',(197.055969427749,-83.5433474350872,-2.05));
#15778=CARTESIAN_POINT('Origin',(191.22472522352,-81.51179431379,-2.05));
#15779=CARTESIAN_POINT('',(197.161695357227,-83.2085594661683,-2.05));
#15780=CARTESIAN_POINT('',(194.876420237904,-90.4450303999879,-2.05));
#15781=CARTESIAN_POINT('',(197.396061531827,-81.485547629744,-2.05));
#15782=CARTESIAN_POINT('Origin',(191.23651841257,-81.52516435584,-2.05));
#15783=CARTESIAN_POINT('',(197.384890779197,-81.1471210427342,-2.05));
#15784=CARTESIAN_POINT('',(197.437883254375,-82.752569046613,-2.05));
#15785=CARTESIAN_POINT('',(196.7439219068,-78.7348234937342,-2.05));
#15786=CARTESIAN_POINT('Origin',(191.07969815967,-81.53116235796,-2.05));
#15787=CARTESIAN_POINT('',(196.588018680161,-78.4390089626002,-2.05));
#15788=CARTESIAN_POINT('',(193.57988480981,-72.7313034222728,-2.05));
#15789=CARTESIAN_POINT('',(193.807653907333,-75.8493886614323,-2.05));
#15790=CARTESIAN_POINT('Origin',(191.17328347827,-81.46518937171,-2.05));
#15791=CARTESIAN_POINT('',(193.472085764204,-75.7038090887689,-2.05));
#15792=CARTESIAN_POINT('',(179.200690095453,-69.5124516089809,-2.05));
#15793=CARTESIAN_POINT('',(192.130447503882,-75.3313746032082,-2.05));
#15794=CARTESIAN_POINT('Origin',(191.08122368684,-81.71378343628,-2.05));
#15795=CARTESIAN_POINT('',(171.876538864078,-71.9833494901072,-2.05));
#15796=CARTESIAN_POINT('',(174.842658851268,-72.4736570343048,-2.05));
#15797=CARTESIAN_POINT('',(170.786200724915,-71.5648491677586,-2.05));
#15798=CARTESIAN_POINT('Origin',(172.34752290837,-69.1266688823598,-2.05));
#15799=CARTESIAN_POINT('',(170.604988468698,-71.4387414162193,-2.05));
#15800=CARTESIAN_POINT('',(168.697708662861,-70.1114428499285,-2.05));
#15801=CARTESIAN_POINT('',(169.807269908769,-70.506279114359,-2.05));
#15802=CARTESIAN_POINT('Origin',(172.3158514214,-69.1676495455201,-2.05));
#15803=CARTESIAN_POINT('',(167.159683,-62.8548095752672,-2.05));
#15804=CARTESIAN_POINT('',(171.317405286156,-74.8705380558558,-2.05));
#15805=CARTESIAN_POINT('',(167.159682999999,-53.0037062691554,-2.05));
#15806=CARTESIAN_POINT('',(167.159683000001,-74.1392434341667,-2.05));
#15807=CARTESIAN_POINT('',(167.352059931825,-52.8840666013589,-2.05));
#15808=CARTESIAN_POINT('',(155.485034510735,-60.2641977098006,-2.05));
#15809=CARTESIAN_POINT('',(167.676136466701,-52.6390485352946,-2.05));
#15810=CARTESIAN_POINT('',(155.576942103591,-61.7866445033759,-2.05));
#15811=CARTESIAN_POINT('',(168.64643662061,-51.5876109416181,-2.05));
#15812=CARTESIAN_POINT('Origin',(164.45279637142,-48.69101670102,-2.05));
#15813=CARTESIAN_POINT('',(168.856798611977,-51.2622047184678,-2.05));
#15814=CARTESIAN_POINT('',(158.913466280184,-66.6434159277055,-2.05));
#15815=CARTESIAN_POINT('',(169.06181108615,-50.8823870720167,-2.05));
#15816=CARTESIAN_POINT('',(160.147568438385,-67.3974146382254,-2.05));
#15817=CARTESIAN_POINT('',(169.236384503965,-50.4920333954052,-2.05));
#15818=CARTESIAN_POINT('',(161.448685116203,-67.9056644418233,-2.05));
#15819=CARTESIAN_POINT('',(169.382231358137,-50.0934664429517,-2.05));
#15820=CARTESIAN_POINT('',(162.755866454279,-68.2018451294518,-2.05));
#15821=CARTESIAN_POINT('',(169.501198495257,-49.6884397801225,-2.05));
#15822=CARTESIAN_POINT('',(164.032170670876,-68.3078849668887,-2.05));
#15823=CARTESIAN_POINT('',(169.595122086403,-49.2782094276498,-2.05));
#15824=CARTESIAN_POINT('',(165.251516219427,-68.249789880154,-2.05));
#15825=CARTESIAN_POINT('',(169.665719277157,-48.8636631229621,-2.05));
#15826=CARTESIAN_POINT('',(166.397584528348,-68.0541318778073,-2.05));
#15827=CARTESIAN_POINT('',(169.714548104487,-48.445416481011,-2.05));
#15828=CARTESIAN_POINT('',(167.461296772076,-67.7457940404173,-2.05));
#15829=CARTESIAN_POINT('',(169.7429803546,-48.0238983580933,-2.05));
#15830=CARTESIAN_POINT('',(168.439613200363,-67.3467755180986,-2.05));
#15831=CARTESIAN_POINT('',(169.751757,-47.6203575169895,-2.05));
#15832=CARTESIAN_POINT('',(169.332968105795,-66.8758264248243,-2.05));
#15833=CARTESIAN_POINT('',(169.751756911105,-45.1493485455002,-2.05));
#15834=CARTESIAN_POINT('',(169.751757679992,-66.5220171386326,-2.05));
#15835=CARTESIAN_POINT('',(169.56952207307,-43.7703065401999,-2.05));
#15836=CARTESIAN_POINT('Origin',(164.41075458704,-45.15357865536,-2.05));
#15837=CARTESIAN_POINT('',(169.49487919056,-43.5152244347471,-2.05));
#15838=CARTESIAN_POINT('',(174.606323885561,-60.9829056237605,-2.05));
#15839=CARTESIAN_POINT('',(169.089238261576,-42.5572339223343,-2.05));
#15840=CARTESIAN_POINT('Origin',(163.98897433014,-45.28170870362,-2.05));
#15841=CARTESIAN_POINT('',(168.959941351367,-42.3268786550236,-2.05));
#15842=CARTESIAN_POINT('',(176.542755935746,-55.8364147895584,-2.05));
#15843=CARTESIAN_POINT('',(168.379071918102,-41.5026748291056,-2.05));
#15844=CARTESIAN_POINT('Origin',(163.46000420187,-45.58624808279,-2.05));
#15845=CARTESIAN_POINT('',(168.205941382361,-41.3019652158358,-2.05));
#15846=CARTESIAN_POINT('',(176.374103221615,-50.7712861352661,-2.05));
#15847=CARTESIAN_POINT('',(167.492310218354,-40.6134194180357,-2.05));
#15848=CARTESIAN_POINT('Origin',(162.97386791459,-46.0105674793,-2.05));
#15849=CARTESIAN_POINT('',(167.283735209817,-40.4450483510977,-2.05));
#15850=CARTESIAN_POINT('',(174.643470369956,-46.3861554376279,-2.05));
#15851=CARTESIAN_POINT('',(165.630102680401,-39.4728502513624,-2.05));
#15852=CARTESIAN_POINT('Origin',(162.68810701634,-46.36940207249,-2.05));
#15853=CARTESIAN_POINT('',(165.382771212905,-39.3724822740924,-2.05));
#15854=CARTESIAN_POINT('',(169.04680818394,-40.8593613321752,-2.05));
#15855=CARTESIAN_POINT('',(164.127056109093,-39.0135621385474,-2.05));
#15856=CARTESIAN_POINT('Origin',(162.76850870819,-46.14264262185,-2.05));
#15857=CARTESIAN_POINT('',(163.862794156017,-38.968785831293,-2.05));
#15858=CARTESIAN_POINT('',(163.48471349781,-38.9047243086152,-2.05));
#15859=CARTESIAN_POINT('',(162.877099836982,-38.894409,-2.05));
#15860=CARTESIAN_POINT('Origin',(162.87251267879,-45.52394845475,-2.05));
#15861=CARTESIAN_POINT('',(160.00692594707,-38.894409,-2.05));
#15862=CARTESIAN_POINT('',(158.909454407615,-38.894409,-2.05));
#15863=CARTESIAN_POINT('',(160.00692594707,-40.6944090006176,-2.05));
#15864=CARTESIAN_POINT('',(160.00692594707,-62.1590431465336,-2.05));
#15865=CARTESIAN_POINT('',(162.876366571963,-40.6944090007578,-2.05));
#15866=CARTESIAN_POINT('',(162.876366571963,-40.6944090007578,-2.05));
#15867=CARTESIAN_POINT('',(163.579238753098,-40.7463963152069,-2.05));
#15868=CARTESIAN_POINT('Origin',(162.87251267879,-45.52394845475,-2.05));
#15869=CARTESIAN_POINT('',(163.806902840807,-40.7849714693769,-2.05));
#15870=CARTESIAN_POINT('',(163.806902840807,-40.7849714693769,-2.05));
#15871=CARTESIAN_POINT('',(164.721112484515,-41.0465420493162,-2.05));
#15872=CARTESIAN_POINT('Origin',(162.76850870819,-46.14264262185,-2.05));
#15873=CARTESIAN_POINT('',(164.937475464517,-41.1343429057062,-2.05));
#15874=CARTESIAN_POINT('',(164.937475464517,-41.1343429057062,-2.05));
#15875=CARTESIAN_POINT('',(166.167613485203,-41.8573584525192,-2.05));
#15876=CARTESIAN_POINT('Origin',(162.68810701634,-46.36940207249,-2.05));
#15877=CARTESIAN_POINT('',(166.348247547347,-42.003174339005,-2.05));
#15878=CARTESIAN_POINT('',(166.348247547347,-42.0031743390051,-2.05));
#15879=CARTESIAN_POINT('',(166.85622917038,-42.493052906993,-2.05));
#15880=CARTESIAN_POINT('Origin',(162.97386791459,-46.0105674793,-2.05));
#15881=CARTESIAN_POINT('',(167.004058617505,-42.6644310583704,-2.05));
#15882=CARTESIAN_POINT('',(167.004058617505,-42.6644310583704,-2.05));
#15883=CARTESIAN_POINT('',(167.401504572194,-43.2278776165783,-2.05));
#15884=CARTESIAN_POINT('Origin',(163.46000420187,-45.58624808279,-2.05));
#15885=CARTESIAN_POINT('',(167.509552816077,-43.4203762776959,-2.05));
#15886=CARTESIAN_POINT('',(167.509552816077,-43.4203762776959,-2.05));
#15887=CARTESIAN_POINT('',(167.774447669758,-44.0450911918217,-2.05));
#15888=CARTESIAN_POINT('Origin',(163.98897433014,-45.28170870362,-2.05));
#15889=CARTESIAN_POINT('',(167.8356419266,-44.2542144109704,-2.05));
#15890=CARTESIAN_POINT('',(167.8356419266,-44.2542144109704,-2.05));
#15891=CARTESIAN_POINT('',(167.951756999265,-45.1502246462382,-2.05));
#15892=CARTESIAN_POINT('Origin',(164.41075458704,-45.15357865536,-2.05));
#15893=CARTESIAN_POINT('',(167.951756999265,-47.600785685479,-2.05));
#15894=CARTESIAN_POINT('',(167.951756999265,-47.600785685479,-2.05));
#15895=CARTESIAN_POINT('',(167.94429853546,-47.9437179358043,-2.05));
#15896=CARTESIAN_POINT('',(167.94429853546,-47.9437179358043,-2.05));
#15897=CARTESIAN_POINT('',(167.921589610449,-48.2803857481012,-2.05));
#15898=CARTESIAN_POINT('',(167.921589610449,-48.2803857481012,-2.05));
#15899=CARTESIAN_POINT('',(167.883338327716,-48.6080297122963,-2.05));
#15900=CARTESIAN_POINT('',(167.883338327716,-48.6080297122963,-2.05));
#15901=CARTESIAN_POINT('',(167.82919240864,-48.9259742427682,-2.05));
#15902=CARTESIAN_POINT('',(167.82919240864,-48.9259742427682,-2.05));
#15903=CARTESIAN_POINT('',(167.758778249526,-49.2335223780125,-2.05));
#15904=CARTESIAN_POINT('',(167.758778249526,-49.2335223780125,-2.05));
#15905=CARTESIAN_POINT('',(167.671709035814,-49.5299517442955,-2.05));
#15906=CARTESIAN_POINT('',(167.671709035814,-49.5299517442955,-2.05));
#15907=CARTESIAN_POINT('',(167.567583350397,-49.8145040395398,-2.05));
#15908=CARTESIAN_POINT('',(167.567583350397,-49.8145040395398,-2.05));
#15909=CARTESIAN_POINT('',(167.446000508615,-50.0863685072006,-2.05));
#15910=CARTESIAN_POINT('',(167.446000508615,-50.0863685072006,-2.05));
#15911=CARTESIAN_POINT('',(167.306573261198,-50.3446792718462,-2.05));
#15912=CARTESIAN_POINT('',(167.306573261198,-50.3446792718462,-2.05));
#15913=CARTESIAN_POINT('',(167.151362928621,-50.5847721127135,-2.05));
#15914=CARTESIAN_POINT('',(167.151362928621,-50.5847721127135,-2.05));
#15915=CARTESIAN_POINT('',(166.560877496131,-51.2256892626341,-2.05));
#15916=CARTESIAN_POINT('Origin',(164.45279637142,-48.69101670102,-2.05));
#15917=CARTESIAN_POINT('',(166.331878493183,-51.3988239601353,-2.05));
#15918=CARTESIAN_POINT('',(166.331878493183,-51.3988239601353,-2.05));
#15919=CARTESIAN_POINT('',(166.080634619558,-51.5550731179277,-2.05));
#15920=CARTESIAN_POINT('',(166.080634619558,-51.5550731179277,-2.05));
#15921=CARTESIAN_POINT('',(165.814209118933,-51.6891979287012,-2.05));
#15922=CARTESIAN_POINT('',(165.814209118933,-51.6891979287012,-2.05));
#15923=CARTESIAN_POINT('',(165.460075853586,-51.9967738578163,-2.05));
#15924=CARTESIAN_POINT('Origin',(166.13282952823,-52.41370438631,-2.05));
#15925=CARTESIAN_POINT('',(165.445447820475,-52.0218726297205,-2.05));
#15926=CARTESIAN_POINT('',(165.445447820475,-52.0218726297205,-2.05));
#15927=CARTESIAN_POINT('',(165.368770158722,-52.2401543364683,-2.05));
#15928=CARTESIAN_POINT('Origin',(166.038490649289,-52.3528042600697,-2.05));
#15929=CARTESIAN_POINT('',(165.364453307702,-52.2703312819598,-2.05));
#15930=CARTESIAN_POINT('',(165.364453307702,-52.2703312819598,-2.05));
#15931=CARTESIAN_POINT('',(165.359682999999,-52.3507116201002,-2.05));
#15932=CARTESIAN_POINT('Origin',(166.035078358041,-52.3504623847906,-2.05));
#15933=CARTESIAN_POINT('',(165.359683,-63.157428299661,-2.05));
#15934=CARTESIAN_POINT('',(165.359683,-63.157428299661,-2.05));
#15935=CARTESIAN_POINT('',(168.144593505046,-71.2057600948848,-2.05));
#15936=CARTESIAN_POINT('',(168.144593505046,-71.2057600948848,-2.05));
#15937=CARTESIAN_POINT('',(168.146628446534,-71.2118417423384,-2.05));
#15938=CARTESIAN_POINT('',(168.146628446534,-71.2118417423384,-2.05));
#15939=CARTESIAN_POINT('',(169.552394306134,-72.8991970427082,-2.05));
#15940=CARTESIAN_POINT('Origin',(172.3158514214,-69.1676495455197,-2.05));
#15941=CARTESIAN_POINT('',(169.782986883846,-73.0596691440838,-2.05));
#15942=CARTESIAN_POINT('',(169.782986883846,-73.0596691440838,-2.05));
#15943=CARTESIAN_POINT('',(171.583259505472,-73.7592963798813,-2.05));
#15944=CARTESIAN_POINT('Origin',(172.34752290837,-69.1266688823601,-2.05));
#15945=CARTESIAN_POINT('',(191.837813942677,-77.1074282331965,-2.05));
#15946=CARTESIAN_POINT('',(191.837813942677,-77.1074282331965,-2.05));
#15947=CARTESIAN_POINT('',(192.783117833341,-77.3670037793031,-2.05));
#15948=CARTESIAN_POINT('Origin',(191.08122368684,-81.71378343628,-2.05));
#15949=CARTESIAN_POINT('',(193.065010779803,-77.4892973565491,-2.05));
#15950=CARTESIAN_POINT('',(193.065010779803,-77.4892973565491,-2.05));
#15951=CARTESIAN_POINT('',(195.006839382769,-79.2995027307889,-2.05));
#15952=CARTESIAN_POINT('Origin',(191.17328347827,-81.46518937171,-2.05));
#15953=CARTESIAN_POINT('',(195.139507812285,-79.5512309991463,-2.05));
#15954=CARTESIAN_POINT('',(195.139507812285,-79.5512309991463,-2.05));
#15955=CARTESIAN_POINT('',(195.586766291397,-81.2336401620563,-2.05));
#15956=CARTESIAN_POINT('Origin',(191.07969815967,-81.53116235796,-2.05));
#15957=CARTESIAN_POINT('',(195.596184537196,-81.5189731997699,-2.05));
#15958=CARTESIAN_POINT('',(195.596184537196,-81.5189731997699,-2.05));
#15959=CARTESIAN_POINT('',(195.436691993927,-82.6936115883227,-2.05));
#15960=CARTESIAN_POINT('Origin',(191.23651841257,-81.52516435584,-2.05));
#15961=CARTESIAN_POINT('',(195.348165430482,-82.9739366563319,-2.05));
#15962=CARTESIAN_POINT('',(195.348165430482,-82.9739366563319,-2.05));
#15963=CARTESIAN_POINT('',(194.769115410179,-84.0765394424455,-2.05));
#15964=CARTESIAN_POINT('Origin',(191.22472522352,-81.51179431379,-2.05));
#15965=CARTESIAN_POINT('',(194.572798951515,-84.3295737945226,-2.05));
#15966=CARTESIAN_POINT('',(194.572798951515,-84.3295737945226,-2.05));
#15967=CARTESIAN_POINT('',(194.354194895397,-84.5736098073293,-2.05));
#15968=CARTESIAN_POINT('',(194.354194895397,-84.5736098073293,-2.05));
#15969=CARTESIAN_POINT('',(179.601166251972,-99.9276205273167,-2.05));
#15970=CARTESIAN_POINT('',(179.601166251972,-99.9276205273167,-2.05));
#15971=CARTESIAN_POINT('',(178.614909285285,-101.480285462185,-2.05));
#15972=CARTESIAN_POINT('Origin',(182.936680852889,-103.1359174386,-2.05));
#15973=CARTESIAN_POINT('',(178.526483960825,-101.732954700149,-2.05));
#15974=CARTESIAN_POINT('',(178.526483960825,-101.732954700149,-2.05));
#15975=CARTESIAN_POINT('',(178.362496538474,-103.817858863417,-2.05));
#15976=CARTESIAN_POINT('Origin',(182.909721962791,-103.1266180517,-2.05));
#15977=CARTESIAN_POINT('',(181.580242412112,-125.024818388886,-2.05));
#15978=CARTESIAN_POINT('',(181.580242412112,-125.024818388886,-2.05));
#15979=CARTESIAN_POINT('',(181.622472490174,-126.017785876778,-2.05));
#15980=CARTESIAN_POINT('Origin',(177.06952306671,-125.7140372648,-2.05));
#15981=CARTESIAN_POINT('',(181.590142231107,-126.327359965326,-2.05));
#15982=CARTESIAN_POINT('',(181.590142231107,-126.327359965326,-2.05));
#15983=CARTESIAN_POINT('',(180.956580157715,-128.045533687336,-2.05));
#15984=CARTESIAN_POINT('Origin',(177.30621788274,-125.7235961787,-2.05));
#15985=CARTESIAN_POINT('',(180.791830441771,-128.287263323479,-2.05));
#15986=CARTESIAN_POINT('',(180.791830441771,-128.287263323479,-2.05));
#15987=CARTESIAN_POINT('',(179.965464791142,-129.150017610719,-2.05));
#15988=CARTESIAN_POINT('Origin',(177.12888199968,-125.6059411528,-2.05));
#15989=CARTESIAN_POINT('',(179.732998803076,-129.324531158701,-2.05));
#15990=CARTESIAN_POINT('',(179.732998803076,-129.324531158701,-2.05));
#15991=CARTESIAN_POINT('',(178.388854174124,-129.972569134865,-2.05));
#15992=CARTESIAN_POINT('Origin',(177.0957447183,-125.5724178542,-2.05));
#15993=CARTESIAN_POINT('',(178.104009720048,-130.046017217285,-2.05));
#15994=CARTESIAN_POINT('',(178.104009720048,-130.046017217285,-2.05));
#15995=CARTESIAN_POINT('',(176.882730890496,-130.145606863401,-2.05));
#15996=CARTESIAN_POINT('Origin',(177.13705503567,-125.7262785358,-2.05));
#15997=CARTESIAN_POINT('',(176.578662362703,-130.117382298132,-2.05));
#15998=CARTESIAN_POINT('',(176.578662362703,-130.117382298132,-2.05));
#15999=CARTESIAN_POINT('',(175.635608124722,-129.890151775339,-2.05));
#16000=CARTESIAN_POINT('Origin',(177.14683233057,-125.6888064763,-2.05));
#16001=CARTESIAN_POINT('',(175.329524390338,-129.768094598821,-2.05));
#16002=CARTESIAN_POINT('',(175.329524390338,-129.768094598821,-2.05));
#16003=CARTESIAN_POINT('',(175.026033546561,-129.62112882053,-2.05));
#16004=CARTESIAN_POINT('',(175.026033546561,-129.62112882053,-2.05));
#16005=CARTESIAN_POINT('',(157.141027899253,-120.164115367023,-2.05));
#16006=CARTESIAN_POINT('',(157.141027899253,-120.164115367023,-2.05));
#16007=CARTESIAN_POINT('',(154.379065017244,-119.652617547845,-2.05));
#16008=CARTESIAN_POINT('Origin',(154.94221493099,-124.3244562966,-2.05));
#16009=CARTESIAN_POINT('',(154.092205100323,-119.69611465386,-2.05));
#16010=CARTESIAN_POINT('',(154.092205100323,-119.69611465386,-2.05));
#16011=CARTESIAN_POINT('',(152.742930048097,-120.16410217558,-2.05));
#16012=CARTESIAN_POINT('Origin',(154.93864046916,-124.3155794252,-2.05));
#16013=CARTESIAN_POINT('',(134.861012188661,-129.61942156659,-2.05));
#16014=CARTESIAN_POINT('',(134.861012188661,-129.61942156659,-2.05));
#16015=CARTESIAN_POINT('',(133.929903782282,-129.991268602458,-2.05));
#16016=CARTESIAN_POINT('Origin',(132.672564751,-125.4912045397,-2.05));
#16017=CARTESIAN_POINT('',(133.624443860415,-130.064590081764,-2.05));
#16018=CARTESIAN_POINT('',(133.624443860415,-130.064590081764,-2.05));
#16019=CARTESIAN_POINT('',(131.488414677445,-129.970641678856,-2.05));
#16020=CARTESIAN_POINT('Origin',(132.74494573923,-125.731468702,-2.05));
#16021=CARTESIAN_POINT('',(131.210239889687,-129.878813368744,-2.05));
#16022=CARTESIAN_POINT('',(131.210239889687,-129.878813368744,-2.05));
#16023=CARTESIAN_POINT('',(129.913198404292,-129.145871242846,-2.05));
#16024=CARTESIAN_POINT('Origin',(132.79257991906,-125.5645286009,-2.05));
#16025=CARTESIAN_POINT('',(129.692521686821,-128.956688665472,-2.05));
#16026=CARTESIAN_POINT('',(129.692521686821,-128.956688665472,-2.05));
#16027=CARTESIAN_POINT('',(128.923592598836,-128.03968896174,-2.05));
#16028=CARTESIAN_POINT('Origin',(132.72718799784,-125.6311549865,-2.05));
#16029=CARTESIAN_POINT('',(128.775033440973,-127.786307087742,-2.05));
#16030=CARTESIAN_POINT('',(128.775033440973,-127.786307087742,-2.05));
#16031=CARTESIAN_POINT('',(128.293827175595,-126.327327835374,-2.05));
#16032=CARTESIAN_POINT('Origin',(132.57008337375,-125.7257625224,-2.05));
#16033=CARTESIAN_POINT('',(128.261529809775,-126.017872599699,-2.05));
#16034=CARTESIAN_POINT('',(128.261529809775,-126.017872599699,-2.05));
#16035=CARTESIAN_POINT('',(128.303827867627,-125.024711116781,-2.05));
#16036=CARTESIAN_POINT('Origin',(132.77426207553,-125.7125852691,-2.05));
#16037=CARTESIAN_POINT('',(131.521722457837,-103.817905027963,-2.05));
#16038=CARTESIAN_POINT('',(131.521722457837,-103.817905027963,-2.05));
#16039=CARTESIAN_POINT('',(130.787085591402,-100.552656921027,-2.05));
#16040=CARTESIAN_POINT('Origin',(126.96517018298,-103.1278021923,-2.05));
#16041=CARTESIAN_POINT('',(130.630762722077,-100.334428753564,-2.05));
#16042=CARTESIAN_POINT('',(130.630762722077,-100.334428753564,-2.05));
#16043=CARTESIAN_POINT('',(130.46309126234,-100.126679575757,-2.05));
#16044=CARTESIAN_POINT('',(130.46309126234,-100.126679575757,-2.05));
#16045=CARTESIAN_POINT('',(130.280622504635,-99.9255117294296,-2.05));
#16046=CARTESIAN_POINT('',(130.280622504635,-99.9255117294296,-2.05));
#16047=CARTESIAN_POINT('',(115.532217362874,-84.5762108711485,-2.05));
#16048=CARTESIAN_POINT('',(115.532217362874,-84.5762108711485,-2.05));
#16049=CARTESIAN_POINT('',(114.934352851517,-83.8063406461815,-2.05));
#16050=CARTESIAN_POINT('Origin',(118.84402654569,-81.38725230672,-2.05));
#16051=CARTESIAN_POINT('',(114.7832041451,-83.5408782913021,-2.05));
#16052=CARTESIAN_POINT('',(114.7832041451,-83.5408782913021,-2.05));
#16053=CARTESIAN_POINT('',(114.297681233542,-81.2268940803395,-2.05));
#16054=CARTESIAN_POINT('Origin',(118.63284043599,-81.52521443698,-2.05));
#16055=CARTESIAN_POINT('',(114.325684396633,-80.943632141168,-2.05));
#16056=CARTESIAN_POINT('',(114.325684396633,-80.943632141168,-2.05));
#16057=CARTESIAN_POINT('',(114.880523848232,-79.2936075026177,-2.05));
#16058=CARTESIAN_POINT('Origin',(118.8119414893,-81.53388900148,-2.05));
#16059=CARTESIAN_POINT('',(115.029643464901,-79.0502771429246,-2.05));
#16060=CARTESIAN_POINT('',(115.029643464901,-79.0502771429246,-2.05));
#16061=CARTESIAN_POINT('',(115.805382203776,-78.1568058369802,-2.05));
#16062=CARTESIAN_POINT('Origin',(118.73282749286,-81.48199768106,-2.05));
#16063=CARTESIAN_POINT('',(116.031570813606,-77.9709037869417,-2.05));
#16064=CARTESIAN_POINT('',(116.031570813606,-77.9709037869417,-2.05));
#16065=CARTESIAN_POINT('',(117.107376957732,-77.3644421485993,-2.05));
#16066=CARTESIAN_POINT('Origin',(118.70932993504,-81.46357717657,-2.05));
#16067=CARTESIAN_POINT('',(117.405343204171,-77.2594236574835,-2.05));
#16068=CARTESIAN_POINT('',(117.405343204171,-77.2594236574835,-2.05));
#16069=CARTESIAN_POINT('',(117.719490460257,-77.1729939470804,-2.05));
#16070=CARTESIAN_POINT('',(117.719490460257,-77.1729939470804,-2.05));
#16071=CARTESIAN_POINT('',(118.042545217437,-77.1080113893597,-2.05));
#16072=CARTESIAN_POINT('',(118.042545217437,-77.1080113893597,-2.05));
#16073=CARTESIAN_POINT('',(138.300675687649,-73.7592966797139,-2.05));
#16074=CARTESIAN_POINT('',(138.300675687649,-73.7592966797139,-2.05));
#16075=CARTESIAN_POINT('',(140.10095178038,-73.0596658906396,-2.05));
#16076=CARTESIAN_POINT('Origin',(137.53590546611,-69.12537229783,-2.05));
#16077=CARTESIAN_POINT('',(140.331520158143,-72.8992099490681,-2.05));
#16078=CARTESIAN_POINT('',(140.331520158143,-72.8992099490681,-2.05));
#16079=CARTESIAN_POINT('',(141.45722865355,-71.7046856540363,-2.05));
#16080=CARTESIAN_POINT('Origin',(137.56276062621,-69.1622662138698,-2.05));
#16081=CARTESIAN_POINT('',(141.604002544033,-71.4638021176036,-2.05));
#16082=CARTESIAN_POINT('',(141.604002544033,-71.4638021176036,-2.05));
#16083=CARTESIAN_POINT('',(141.736510968962,-71.2134151816937,-2.05));
#16084=CARTESIAN_POINT('',(141.736510968962,-71.2134151816937,-2.05));
#16085=CARTESIAN_POINT('',(141.739613405118,-71.2050589969493,-2.05));
#16086=CARTESIAN_POINT('',(141.739613405118,-71.2050589969493,-2.05));
#16087=CARTESIAN_POINT('',(144.876701914882,-62.4412147875055,-2.05));
#16088=CARTESIAN_POINT('',(144.876701914882,-62.4412147875055,-2.05));
#16089=CARTESIAN_POINT('',(144.876701803301,-52.3510012709786,-2.05));
#16090=CARTESIAN_POINT('',(144.876701803301,-52.3510012709786,-2.05));
#16091=CARTESIAN_POINT('',(144.684683451166,-51.8760858075857,-2.05));
#16092=CARTESIAN_POINT('Origin',(144.18745464125,-52.3534021862901,-2.05));
#16093=CARTESIAN_POINT('',(144.641877735788,-51.8335556928994,-2.05));
#16094=CARTESIAN_POINT('',(144.641877735788,-51.8335556928994,-2.05));
#16095=CARTESIAN_POINT('',(144.423739506249,-51.6899047983401,-2.05));
#16096=CARTESIAN_POINT('Origin',(144.09359400953,-52.42869092158,-2.05));
#16097=CARTESIAN_POINT('',(144.290560028035,-51.6264971854626,-2.05));
#16098=CARTESIAN_POINT('',(144.290560028035,-51.6264971854626,-2.05));
#16099=CARTESIAN_POINT('',(143.670482094356,-51.2214334272672,-2.05));
#16100=CARTESIAN_POINT('Origin',(145.74946976061,-48.71603098214,-2.05));
#16101=CARTESIAN_POINT('',(143.564624840881,-51.1293922770414,-2.05));
#16102=CARTESIAN_POINT('',(143.564624840881,-51.1293922770414,-2.05));
#16103=CARTESIAN_POINT('',(143.086369425114,-50.5863602978239,-2.05));
#16104=CARTESIAN_POINT('Origin',(145.78157981972,-48.6947719189,-2.05));
#16105=CARTESIAN_POINT('',(143.007630870532,-50.4697888606296,-2.05));
#16106=CARTESIAN_POINT('',(143.007630870532,-50.4697888606296,-2.05));
#16107=CARTESIAN_POINT('',(142.726946181239,-49.9500004407603,-2.05));
#16108=CARTESIAN_POINT('Origin',(146.226811701,-48.39575897061,-2.05));
#16109=CARTESIAN_POINT('',(142.669786271823,-49.815729728372,-2.05));
#16110=CARTESIAN_POINT('',(142.669786271823,-49.815729728372,-2.05));
#16111=CARTESIAN_POINT('',(142.477653385943,-49.23166217447,-2.05));
#16112=CARTESIAN_POINT('Origin',(147.03038059747,-48.0576479076,-2.05));
#16113=CARTESIAN_POINT('',(142.441152336425,-49.0822883039699,-2.05));
#16114=CARTESIAN_POINT('',(142.441152336425,-49.0822883039699,-2.05));
#16115=CARTESIAN_POINT('',(142.353201528252,-48.6051771430497,-2.05));
#16116=CARTESIAN_POINT('Origin',(148.04568406112,-47.80248530019,-2.05));
#16117=CARTESIAN_POINT('',(142.315300530138,-48.2803567417201,-2.05));
#16118=CARTESIAN_POINT('',(142.315300530138,-48.2803567417201,-2.05));
#16119=CARTESIAN_POINT('',(142.292605286833,-47.9437027452657,-2.05));
#16120=CARTESIAN_POINT('',(142.292605286833,-47.9437027452657,-2.05));
#16121=CARTESIAN_POINT('',(142.285152001433,-47.6007842956084,-2.05));
#16122=CARTESIAN_POINT('',(142.285152001433,-47.6007842956084,-2.05));
#16123=CARTESIAN_POINT('',(142.285152001433,-45.1502265847996,-2.05));
#16124=CARTESIAN_POINT('',(142.285152001433,-45.1502265847996,-2.05));
#16125=CARTESIAN_POINT('',(142.401174489888,-44.2542489516529,-2.05));
#16126=CARTESIAN_POINT('Origin',(145.82833572819,-45.15354187355,-2.05));
#16127=CARTESIAN_POINT('',(142.462300857378,-44.0452207621146,-2.05));
#16128=CARTESIAN_POINT('',(142.462300857378,-44.0452207621146,-2.05));
#16129=CARTESIAN_POINT('',(142.72712263246,-43.4203265942742,-2.05));
#16130=CARTESIAN_POINT('Origin',(146.20774525861,-45.26392886857,-2.05));
#16131=CARTESIAN_POINT('',(142.835028330422,-43.2279925030216,-2.05));
#16132=CARTESIAN_POINT('',(142.835028330422,-43.2279925030216,-2.05));
#16133=CARTESIAN_POINT('',(143.232453083488,-42.6643796122427,-2.05));
#16134=CARTESIAN_POINT('Origin',(146.7306302913,-45.5530026408,-2.05));
#16135=CARTESIAN_POINT('',(143.380146472871,-42.4931201482552,-2.05));
#16136=CARTESIAN_POINT('',(143.380146472871,-42.4931201482552,-2.05));
#16137=CARTESIAN_POINT('',(143.88818851249,-42.0031340196441,-2.05));
#16138=CARTESIAN_POINT('Origin',(147.22469001525,-45.97095979114,-2.05));
#16139=CARTESIAN_POINT('',(144.068732749167,-41.8573801884311,-2.05));
#16140=CARTESIAN_POINT('',(144.068732749167,-41.8573801884311,-2.05));
#16141=CARTESIAN_POINT('',(145.082224088988,-41.232899361656,-2.05));
#16142=CARTESIAN_POINT('Origin',(147.53709552965,-46.35164970255,-2.05));
#16143=CARTESIAN_POINT('',(145.294899616803,-41.1360583936736,-2.05));
#16144=CARTESIAN_POINT('',(145.294899616803,-41.1360583936736,-2.05));
#16145=CARTESIAN_POINT('',(146.198582724439,-40.8348300054527,-2.05));
#16146=CARTESIAN_POINT('Origin',(147.49671447906,-46.23535217467,-2.05));
#16147=CARTESIAN_POINT('',(146.425030335841,-40.7858459554378,-2.05));
#16148=CARTESIAN_POINT('',(146.425030335841,-40.7858459554378,-2.05));
#16149=CARTESIAN_POINT('',(147.128782382546,-40.700134406698,-2.05));
#16150=CARTESIAN_POINT('Origin',(147.38357428135,-45.724160142,-2.05));
#16151=CARTESIAN_POINT('',(147.357599212585,-40.6944089999993,-2.05));
#16152=CARTESIAN_POINT('',(147.357599212585,-40.6944089999993,-2.05));
#16153=CARTESIAN_POINT('',(162.876366571963,-40.6944090007578,-2.05));
#16154=CARTESIAN_POINT('Origin',(162.876366571963,-40.6944090007578,-0.05));
#16155=CARTESIAN_POINT('',(160.00692594707,-40.6944090006176,-0.05));
#16156=CARTESIAN_POINT('',(160.00692594707,-40.6944090006176,-0.05));
#16157=CARTESIAN_POINT('',(162.876366571963,-40.6944090007578,-0.05));
#16158=CARTESIAN_POINT('',(158.909087776198,-40.6944090005639,-0.05));
#16159=CARTESIAN_POINT('',(162.876366571963,-40.6944090007578,-0.05));
#16160=CARTESIAN_POINT('Origin',(162.877099836982,-38.894409,-6.55));
#16161=CARTESIAN_POINT('',(152.016925947073,-38.894409,-4.595000014901));
#16162=CARTESIAN_POINT('Origin',(152.016925947073,-38.894409,-3.045000014901));
#16163=CARTESIAN_POINT('',(158.456925947073,-38.894409,-4.595000014898));
#16164=CARTESIAN_POINT('',(157.447012892027,-38.894409,-4.59500001489847));
#16165=CARTESIAN_POINT('',(160.00692594707,-38.894409,-3.04500001490227));
#16166=CARTESIAN_POINT('Origin',(158.456925947073,-38.894409,-3.045000014901));
#16167=CARTESIAN_POINT('',(160.00692594707,-38.894409,-3.3));
#16168=CARTESIAN_POINT('',(162.877099836982,-38.894409,-5.64958492358058));
#16169=CARTESIAN_POINT('',(162.877099836982,-38.894409,-6.55));
#16170=CARTESIAN_POINT('',(147.335083125113,-38.894409,-5.64958492358058));
#16171=CARTESIAN_POINT('',(158.909454407615,-38.894409,-5.64958492358058));
#16172=CARTESIAN_POINT('',(147.335083125113,-38.894409,-6.55));
#16173=CARTESIAN_POINT('Origin',(167.921884,-71.959999,-7.05));
#16174=CARTESIAN_POINT('',(141.521884,-71.959999,-7.04789426034474));
#16175=CARTESIAN_POINT('',(141.525565830174,-71.959999,-7.05));
#16176=CARTESIAN_POINT('Ctrl Pts',(141.521884,-71.959999,-7.04789426034474));
#16177=CARTESIAN_POINT('Ctrl Pts',(141.523724344273,-71.959999,-7.04894664083598));
#16178=CARTESIAN_POINT('Ctrl Pts',(141.525565830174,-71.959999,-7.05));
#16179=CARTESIAN_POINT('',(141.521884,-71.959999,-7.05));
#16180=CARTESIAN_POINT('',(167.921884,-71.959999,-7.05));
#16181=CARTESIAN_POINT('',(141.521884,-71.959999,-7.05));
#16182=CARTESIAN_POINT('Origin',(165.921884,-87.859999,-7.05));
#16183=CARTESIAN_POINT('',(143.521884,-87.859999,-5.05));
#16184=CARTESIAN_POINT('',(165.921884,-87.859999,-5.05));
#16185=CARTESIAN_POINT('',(160.321884,-87.859999,-5.05));
#16186=CARTESIAN_POINT('',(165.921884,-87.859999,-7.05));
#16187=CARTESIAN_POINT('',(165.921884,-87.859999,-7.05));
#16188=CARTESIAN_POINT('',(143.521884,-87.859999,-7.05));
#16189=CARTESIAN_POINT('',(143.521884,-87.859999,-7.05));
#16190=CARTESIAN_POINT('',(143.521884,-87.859999,-7.05));
#16191=CARTESIAN_POINT('Origin',(165.921884,-86.359999,-7.05));
#16192=CARTESIAN_POINT('',(167.421884,-86.359999,-5.05));
#16193=CARTESIAN_POINT('Origin',(165.921884,-86.359999,-5.05));
#16194=CARTESIAN_POINT('',(167.421884,-86.359999,-7.05));
#16195=CARTESIAN_POINT('',(167.421884,-86.359999,-7.05));
#16196=CARTESIAN_POINT('Origin',(165.921884,-86.359999,-7.05));
#16197=CARTESIAN_POINT('Origin',(167.421884,-73.959999,-7.05));
#16198=CARTESIAN_POINT('',(167.421884,-73.959999,-5.05));
#16199=CARTESIAN_POINT('',(167.421884,-77.059999,-5.05));
#16200=CARTESIAN_POINT('',(167.421884,-73.959999,-7.05));
#16201=CARTESIAN_POINT('',(167.421884,-73.959999,-7.05));
#16202=CARTESIAN_POINT('',(167.421884,-86.359999,-7.05));
#16203=CARTESIAN_POINT('Origin',(165.921884,-73.959999,-7.05));
#16204=CARTESIAN_POINT('',(165.921884,-72.459999,-5.05));
#16205=CARTESIAN_POINT('Origin',(165.921884,-73.959999,-5.05));
#16206=CARTESIAN_POINT('',(165.921884,-72.459999,-7.05));
#16207=CARTESIAN_POINT('',(165.921884,-72.459999,-7.05));
#16208=CARTESIAN_POINT('Origin',(165.921884,-73.959999,-7.05));
#16209=CARTESIAN_POINT('Origin',(141.521884,-71.959999,-7.05));
#16210=CARTESIAN_POINT('',(141.521884,-71.9652068015853,-7.05));
#16211=CARTESIAN_POINT('Ctrl Pts',(141.521884,-71.9652068015854,-7.05));
#16212=CARTESIAN_POINT('Ctrl Pts',(141.521884,-71.9626020933986,-7.04894615115846));
#16213=CARTESIAN_POINT('Ctrl Pts',(141.521884,-71.959999,-7.04789426034474));
#16214=CARTESIAN_POINT('',(141.521884,-71.959999,-7.05));
#16215=CARTESIAN_POINT('Origin',(143.521884,-72.459999,-7.05));
#16216=CARTESIAN_POINT('',(143.521884,-72.459999,-5.05));
#16217=CARTESIAN_POINT('',(149.121884,-72.459999,-5.05));
#16218=CARTESIAN_POINT('',(143.521884,-72.459999,-7.05));
#16219=CARTESIAN_POINT('',(143.521884,-72.459999,-7.05));
#16220=CARTESIAN_POINT('',(165.921884,-72.459999,-7.05));
#16221=CARTESIAN_POINT('Origin',(143.521884,-73.959999,-7.05));
#16222=CARTESIAN_POINT('',(142.021884,-73.959999,-5.05));
#16223=CARTESIAN_POINT('Origin',(143.521884,-73.959999,-5.05));
#16224=CARTESIAN_POINT('',(142.021884,-73.959999,-7.05));
#16225=CARTESIAN_POINT('',(142.021884,-73.959999,-7.05));
#16226=CARTESIAN_POINT('Origin',(143.521884,-73.959999,-7.05));
#16227=CARTESIAN_POINT('Origin',(142.021884,-86.359999,-7.05));
#16228=CARTESIAN_POINT('',(142.021884,-86.359999,-5.05));
#16229=CARTESIAN_POINT('',(142.021884,-83.259999,-5.05));
#16230=CARTESIAN_POINT('',(142.021884,-86.359999,-7.05));
#16231=CARTESIAN_POINT('',(142.021884,-86.359999,-7.05));
#16232=CARTESIAN_POINT('',(142.021884,-73.959999,-7.05));
#16233=CARTESIAN_POINT('Origin',(143.521884,-86.3599989999999,-7.05));
#16234=CARTESIAN_POINT('Origin',(143.521884,-86.3599989999999,-5.05));
#16235=CARTESIAN_POINT('Origin',(143.521884,-86.3599989999999,-7.05));
#16236=CARTESIAN_POINT('Origin',(167.721884,-71.959999,-7.05));
#16237=CARTESIAN_POINT('',(166.620111740042,-71.9599978084133,-5.05));
#16238=CARTESIAN_POINT('',(167.921884,-71.959999,-5.05));
#16239=CARTESIAN_POINT('',(161.221884,-71.959999,-5.05));
#16240=CARTESIAN_POINT('',(167.921884,-71.959999,-0.05));
#16241=CARTESIAN_POINT('',(167.921884,-71.959999,-7.05));
#16242=CARTESIAN_POINT('',(166.620112316737,-71.959999,-0.05));
#16243=CARTESIAN_POINT('',(161.331846489124,-71.959999,-0.05));
#16244=CARTESIAN_POINT('',(166.620115355527,-71.959999,-1.8));
#16245=CARTESIAN_POINT('Origin',(167.921884,-88.159999,-7.05));
#16246=CARTESIAN_POINT('',(167.921884,-73.74277187616,-5.05));
#16247=CARTESIAN_POINT('',(167.921884,-84.159999,-5.05));
#16248=CARTESIAN_POINT('',(167.921884,-73.74277187616,-0.05));
#16249=CARTESIAN_POINT('',(167.921884,-73.7427718761592,3.45));
#16250=CARTESIAN_POINT('',(167.921884,-86.7918381465336,-0.05));
#16251=CARTESIAN_POINT('Origin',(137.56276062621,-69.1622662138697,-6.3497924617903));
#16252=CARTESIAN_POINT('',(140.448172999831,-73.0616930001173,-7.05));
#16253=CARTESIAN_POINT('Origin',(137.56276062621,-69.1622662138697,-7.05));
#16254=CARTESIAN_POINT('',(139.278743125868,-71.4388816564881,-5.64958492358059));
#16255=CARTESIAN_POINT('Ctrl Pts',(140.448172999837,-73.0616930001138,-7.05000000000004));
#16256=CARTESIAN_POINT('Ctrl Pts',(140.068341341575,-72.5324633848958,-6.59391463789461));
#16257=CARTESIAN_POINT('Ctrl Pts',(139.661557197492,-71.9673153049786,-6.10640567918094));
#16258=CARTESIAN_POINT('Ctrl Pts',(139.278743125868,-71.4388816564884,-5.64958492358058));
#16259=CARTESIAN_POINT('',(139.936444023325,-70.7412535295124,-5.64958492358058));
#16260=CARTESIAN_POINT('Origin',(137.56276062621,-69.1622662138697,-5.64958492358059));
#16261=CARTESIAN_POINT('',(141.626418999996,-71.811381999998,-7.05));
#16262=CARTESIAN_POINT('Ctrl Pts',(141.626418999996,-71.8113819999979,-7.05000000000001));
#16263=CARTESIAN_POINT('Ctrl Pts',(141.075346765682,-71.4639833626504,-6.59391385705212));
#16264=CARTESIAN_POINT('Ctrl Pts',(140.486826875481,-71.0917958590786,-6.10640422470653));
#16265=CARTESIAN_POINT('Ctrl Pts',(139.936444023325,-70.7412535295125,-5.64958492358058));
#16266=CARTESIAN_POINT('Origin',(137.56276062621,-69.1622662138697,-7.05));
#16267=CARTESIAN_POINT('Origin',(154.941772254026,-85.4236772930641,-5.05));
#16268=CARTESIAN_POINT('',(166.568946933309,-71.8542731782412,-5.05));
#16269=CARTESIAN_POINT('',(168.126109789918,-75.071732609062,-5.05));
#16270=CARTESIAN_POINT('',(166.53520771232,-71.7534397888643,-5.05));
#16271=CARTESIAN_POINT('',(168.008334507874,-76.1560419660041,-5.05));
#16272=CARTESIAN_POINT('',(163.761195526394,-63.7366039028037,-5.05));
#16273=CARTESIAN_POINT('',(166.64057378878,-72.0579454962354,-5.05));
#16274=CARTESIAN_POINT('',(163.659683,-63.452904888978,-5.05));
#16275=CARTESIAN_POINT('',(166.649552733026,-71.8087514515236,-5.05));
#16276=CARTESIAN_POINT('',(163.659683011907,-52.3509778484108,-5.05));
#16277=CARTESIAN_POINT('',(163.659683,-68.8873275707388,-5.05));
#16278=CARTESIAN_POINT('',(163.679645540697,-52.0431521846387,-5.05));
#16279=CARTESIAN_POINT('Origin',(166.03507835803,-52.35046238479,-5.05));
#16280=CARTESIAN_POINT('',(163.687960461689,-51.9850267034222,-5.05));
#16281=CARTESIAN_POINT('',(161.256507515444,-68.9821061343203,-5.05));
#16282=CARTESIAN_POINT('',(163.971118048847,-51.175424531632,-5.05));
#16283=CARTESIAN_POINT('Origin',(166.03849064929,-52.35280426007,-5.05));
#16284=CARTESIAN_POINT('',(163.99968979169,-51.1264011495726,-5.05));
#16285=CARTESIAN_POINT('',(155.390952585547,-65.8972681359443,-5.05));
#16286=CARTESIAN_POINT('',(165.078288893799,-50.1564098088896,-5.05));
#16287=CARTESIAN_POINT('Origin',(166.13282952823,-52.41370438631,-5.05));
#16288=CARTESIAN_POINT('',(165.247850353304,-50.071048615548,-5.05));
#16289=CARTESIAN_POINT('',(154.037290988076,-55.7147056602334,-5.05));
#16290=CARTESIAN_POINT('',(165.368373801147,-49.9960947989709,-5.05));
#16291=CARTESIAN_POINT('',(153.665181061412,-57.2743379763309,-5.05));
#16292=CARTESIAN_POINT('',(165.498514499594,-49.897701923164,-5.05));
#16293=CARTESIAN_POINT('',(153.594760460827,-58.897535232438,-5.05));
#16294=CARTESIAN_POINT('',(165.744401373975,-49.6298309245523,-5.05));
#16295=CARTESIAN_POINT('Origin',(164.45279637142,-48.6910167010198,-5.05));
#16296=CARTESIAN_POINT('',(165.842471541025,-49.4781274611351,-5.05));
#16297=CARTESIAN_POINT('',(156.041829052548,-64.6386136105197,-5.05));
#16298=CARTESIAN_POINT('',(165.919957185388,-49.3345731959876,-5.05));
#16299=CARTESIAN_POINT('',(157.139158200704,-65.6023755226149,-5.05));
#16300=CARTESIAN_POINT('',(165.991493372026,-49.1746152034461,-5.05));
#16301=CARTESIAN_POINT('',(158.316002041582,-66.3373442037857,-5.05));
#16302=CARTESIAN_POINT('',(166.056215731397,-48.9977434177861,-5.05));
#16303=CARTESIAN_POINT('',(159.522354395181,-66.8533304670965,-5.05));
#16304=CARTESIAN_POINT('',(166.113159128557,-48.8038781649082,-5.05));
#16305=CARTESIAN_POINT('',(160.718565874697,-67.1699089514692,-5.05));
#16306=CARTESIAN_POINT('',(166.161369935198,-48.5933076792625,-5.05));
#16307=CARTESIAN_POINT('',(161.875740252061,-67.3116653786675,-5.05));
#16308=CARTESIAN_POINT('',(166.199978542133,-48.3665981577784,-5.05));
#16309=CARTESIAN_POINT('',(162.974850061364,-67.3045343500012,-5.05));
#16310=CARTESIAN_POINT('',(166.228239921635,-48.1245233892417,-5.05));
#16311=CARTESIAN_POINT('',(164.004362329318,-67.1732981798169,-5.05));
#16312=CARTESIAN_POINT('',(166.24554348405,-47.8679919814294,-5.05));
#16313=CARTESIAN_POINT('',(164.959078327087,-66.9402910783003,-5.05));
#16314=CARTESIAN_POINT('',(166.251757,-47.5823011122577,-5.05));
#16315=CARTESIAN_POINT('',(165.837770168024,-66.6169762951352,-5.05));
#16316=CARTESIAN_POINT('',(166.251757,-45.1510538406457,-5.05));
#16317=CARTESIAN_POINT('',(166.251757,-65.2873655668549,-5.05));
#16318=CARTESIAN_POINT('',(166.196327945133,-44.7052222034685,-5.05));
#16319=CARTESIAN_POINT('Origin',(164.410754587041,-45.1535786553598,-5.05));
#16320=CARTESIAN_POINT('',(166.15131141976,-44.5513842260798,-5.05));
#16321=CARTESIAN_POINT('',(171.217649501661,-61.8649195740796,-5.05));
#16322=CARTESIAN_POINT('',(166.015209575775,-44.2312581997943,-5.05));
#16323=CARTESIAN_POINT('Origin',(163.988974330139,-45.2817087036205,-5.05));
#16324=CARTESIAN_POINT('',(165.931926825797,-44.0828817219497,-5.05));
#16325=CARTESIAN_POINT('',(173.438052526876,-57.455789005587,-5.05));
#16326=CARTESIAN_POINT('',(165.702989103189,-43.7588098195258,-5.05));
#16327=CARTESIAN_POINT('Origin',(163.460004201866,-45.5862480827925,-5.05));
#16328=CARTESIAN_POINT('',(165.583821778005,-43.6206595640016,-5.05));
#16329=CARTESIAN_POINT('',(173.651345800082,-52.9733114203159,-5.05));
#16330=CARTESIAN_POINT('',(165.265394831302,-43.3138243690383,-5.05));
#16331=CARTESIAN_POINT('Origin',(162.973867914593,-46.0105674792969,-5.05));
#16332=CARTESIAN_POINT('',(165.115806110734,-43.193069669516,-5.05));
#16333=CARTESIAN_POINT('',(172.35598618239,-49.037666546335,-5.05));
#16334=CARTESIAN_POINT('',(164.2808160351,-42.7025112357368,-5.05));
#16335=CARTESIAN_POINT('Origin',(162.688107016341,-46.3694020724884,-5.05));
#16336=CARTESIAN_POINT('',(164.09874710349,-42.6286270245113,-5.05));
#16337=CARTESIAN_POINT('',(167.623076297825,-44.0588121764754,-5.05));
#16338=CARTESIAN_POINT('',(163.50128851497,-42.4574189432322,-5.05));
#16339=CARTESIAN_POINT('Origin',(162.76850870819,-46.1426426218507,-5.05));
#16340=CARTESIAN_POINT('',(163.314726686477,-42.4258081109449,-5.05));
#16341=CARTESIAN_POINT('',(162.786179786697,-42.3362517020061,-5.05));
#16342=CARTESIAN_POINT('',(162.875673871952,-42.3944090596688,-5.05));
#16343=CARTESIAN_POINT('Origin',(162.87251267879,-45.5239484547522,-5.05));
#16344=CARTESIAN_POINT('',(147.378864406165,-42.394409,-5.05));
#16345=CARTESIAN_POINT('',(151.160318412935,-42.3944090145601,-5.05));
#16346=CARTESIAN_POINT('',(147.195347174461,-42.3990009296577,-5.05));
#16347=CARTESIAN_POINT('',(150.52819583981,-42.3156070898049,-5.05));
#16348=CARTESIAN_POINT('',(146.764926138151,-42.4516400570946,-5.05));
#16349=CARTESIAN_POINT('Origin',(147.38357428135,-45.7241601420019,-5.05));
#16350=CARTESIAN_POINT('',(146.578731489413,-42.4919167812783,-5.05));
#16351=CARTESIAN_POINT('',(146.137502754112,-42.5873612432652,-5.05));
#16352=CARTESIAN_POINT('',(145.982775685564,-42.6907801774711,-5.05));
#16353=CARTESIAN_POINT('Origin',(147.49671447906,-46.2353521746697,-5.05));
#16354=CARTESIAN_POINT('',(145.803469034722,-42.7724267581299,-5.05));
#16355=CARTESIAN_POINT('',(141.545026472257,-44.7114918877575,-5.05));
#16356=CARTESIAN_POINT('',(145.120813467887,-43.1928716622664,-5.05));
#16357=CARTESIAN_POINT('Origin',(147.53709552965,-46.3516497025503,-5.05));
#16358=CARTESIAN_POINT('',(144.970589696013,-43.3141477035094,-5.05));
#16359=CARTESIAN_POINT('',(137.698262739329,-49.1851161456525,-5.05));
#16360=CARTESIAN_POINT('',(144.65306718814,-43.6201355201123,-5.05));
#16361=CARTESIAN_POINT('Origin',(147.22469001525,-45.97095979114,-5.05));
#16362=CARTESIAN_POINT('',(144.533110373177,-43.7592327398367,-5.05));
#16363=CARTESIAN_POINT('',(136.449834356655,-53.1322827037635,-5.05));
#16364=CARTESIAN_POINT('',(144.30518086934,-44.0819828076005,-5.05));
#16365=CARTESIAN_POINT('Origin',(146.730630291302,-45.5530026408011,-5.05));
#16366=CARTESIAN_POINT('',(144.221192417841,-44.2316861393237,-5.05));
#16367=CARTESIAN_POINT('',(136.715753146613,-57.6095880399207,-5.05));
#16368=CARTESIAN_POINT('',(144.085780807858,-44.550357490925,-5.05));
#16369=CARTESIAN_POINT('Origin',(146.207745258611,-45.2639288685704,-5.05));
#16370=CARTESIAN_POINT('',(144.040568796355,-44.7049648281443,-5.05));
#16371=CARTESIAN_POINT('',(138.985279457263,-61.9920705688166,-5.05));
#16372=CARTESIAN_POINT('',(143.985152141454,-45.1510451129459,-5.05));
#16373=CARTESIAN_POINT('Origin',(145.82833572819,-45.15354187355,-5.05));
#16374=CARTESIAN_POINT('',(143.985152,-47.5823117777483,-5.05));
#16375=CARTESIAN_POINT('',(143.985150899172,-66.5029942166716,-5.05));
#16376=CARTESIAN_POINT('',(143.991361848756,-47.8680209105603,-5.05));
#16377=CARTESIAN_POINT('',(144.401887941058,-66.7559292065725,-5.05));
#16378=CARTESIAN_POINT('',(144.008657523967,-48.1245794370884,-5.05));
#16379=CARTESIAN_POINT('',(145.284944415891,-67.0566118908937,-5.05));
#16380=CARTESIAN_POINT('',(144.039182300848,-48.3861839005628,-5.05));
#16381=CARTESIAN_POINT('',(146.244201778102,-67.2837155532886,-5.05));
#16382=CARTESIAN_POINT('',(144.095889346392,-48.6923628887651,-5.05));
#16383=CARTESIAN_POINT('Origin',(148.04568406112,-47.8024853001902,-5.05));
#16384=CARTESIAN_POINT('',(144.126212980844,-48.8164568177143,-5.05));
#16385=CARTESIAN_POINT('',(148.651579971289,-67.3356937080673,-5.05));
#16386=CARTESIAN_POINT('',(144.241068204815,-49.1665739122157,-5.05));
#16387=CARTESIAN_POINT('Origin',(147.030380597468,-48.0576479076008,-5.05));
#16388=CARTESIAN_POINT('',(144.285214963559,-49.2702762589458,-5.05));
#16389=CARTESIAN_POINT('',(151.617419641825,-66.4938925218003,-5.05));
#16390=CARTESIAN_POINT('',(144.428218664991,-49.5357771587372,-5.05));
#16391=CARTESIAN_POINT('Origin',(146.226811700998,-48.3957589706114,-5.05));
#16392=CARTESIAN_POINT('',(144.485072965021,-49.6199492330136,-5.05));
#16393=CARTESIAN_POINT('',(154.426612843697,-64.3382736630228,-5.05));
#16394=CARTESIAN_POINT('',(144.697428584794,-49.8616048917969,-5.05));
#16395=CARTESIAN_POINT('Origin',(145.781579819719,-48.6947719189008,-5.05));
#16396=CARTESIAN_POINT('',(144.768443264244,-49.9233509938841,-5.05));
#16397=CARTESIAN_POINT('',(156.454160758564,-60.0838911941872,-5.05));
#16398=CARTESIAN_POINT('',(145.039772853687,-50.1003593021684,-5.05));
#16399=CARTESIAN_POINT('Origin',(145.74946976061,-48.7160309821397,-5.05));
#16400=CARTESIAN_POINT('',(145.141124122009,-50.1486132980012,-5.05));
#16401=CARTESIAN_POINT('',(155.981519136464,-55.3097956345738,-5.05));
#16402=CARTESIAN_POINT('',(145.823593109932,-50.6112266389314,-5.05));
#16403=CARTESIAN_POINT('Origin',(144.09359400953,-52.42869092158,-5.05));
#16404=CARTESIAN_POINT('',(145.892846474048,-50.6800341215803,-5.05));
#16405=CARTESIAN_POINT('',(156.855419578143,-61.5720256988619,-5.05));
#16406=CARTESIAN_POINT('',(146.576700944973,-52.34849469113,-5.05));
#16407=CARTESIAN_POINT('Origin',(144.18745464125,-52.35340218629,-5.05));
#16408=CARTESIAN_POINT('',(146.576702,-62.7357783962294,-5.05));
#16409=CARTESIAN_POINT('',(146.576703152195,-74.079728269463,-5.05));
#16410=CARTESIAN_POINT('',(146.472040645356,-63.0286951819147,-5.05));
#16411=CARTESIAN_POINT('',(143.403508289452,-71.6166275426333,-5.05));
#16412=CARTESIAN_POINT('',(143.336793961548,-71.78739402307,-5.05));
#16413=CARTESIAN_POINT('',(141.832440065397,-75.989992432615,-5.05));
#16414=CARTESIAN_POINT('',(143.30811399272,-71.8646414202684,-5.05));
#16415=CARTESIAN_POINT('',(141.80066546186,-75.9248437209169,-5.05));
#16416=CARTESIAN_POINT('',(143.264182176601,-71.959999,-5.05));
#16417=CARTESIAN_POINT('',(141.726058974793,-75.2986205005727,-5.05));
#16418=CARTESIAN_POINT('',(141.521884,-71.959999,-5.05));
#16419=CARTESIAN_POINT('',(161.221884,-71.959999,-5.05));
#16420=CARTESIAN_POINT('',(141.521884,-74.1280638284635,-5.05));
#16421=CARTESIAN_POINT('',(141.521884,-76.159999,-5.05));
#16422=CARTESIAN_POINT('',(141.32167727028,-74.2812846257267,-5.05));
#16423=CARTESIAN_POINT('Origin',(137.56276062621,-69.16226621387,-5.05));
#16424=CARTESIAN_POINT('',(141.052548807433,-74.4685751003889,-5.05));
#16425=CARTESIAN_POINT('',(143.163111696107,-72.999803194798,-5.05));
#16426=CARTESIAN_POINT('',(138.577715793554,-75.436570901976,-5.05));
#16427=CARTESIAN_POINT('Origin',(137.53590546611,-69.12537229783,-5.05));
#16428=CARTESIAN_POINT('',(118.348883336217,-78.7804425864453,-5.05));
#16429=CARTESIAN_POINT('',(135.624211429627,-75.924791842721,-5.05));
#16430=CARTESIAN_POINT('',(118.113070548114,-78.8278763968871,-5.05));
#16431=CARTESIAN_POINT('',(135.173748209861,-75.3961161572317,-5.05));
#16432=CARTESIAN_POINT('',(117.913998468757,-78.8826460688638,-5.05));
#16433=CARTESIAN_POINT('',(134.288629368668,-74.3775785273839,-5.05));
#16434=CARTESIAN_POINT('',(117.702769800032,-78.9570938170082,-5.05));
#16435=CARTESIAN_POINT('',(133.25123742097,-73.4770213985016,-5.05));
#16436=CARTESIAN_POINT('',(117.086053674779,-79.3047357465388,-5.05));
#16437=CARTESIAN_POINT('Origin',(118.709329935041,-81.463577176571,-5.05));
#16438=CARTESIAN_POINT('',(116.909764192775,-79.449626225913,-5.05));
#16439=CARTESIAN_POINT('',(126.793963128018,-71.3259066161182,-5.05));
#16440=CARTESIAN_POINT('',(116.463565592374,-79.9639252339032,-5.05));
#16441=CARTESIAN_POINT('Origin',(118.73282749286,-81.48199768106,-5.05));
#16442=CARTESIAN_POINT('',(116.345800830033,-80.1560913795985,-5.05));
#16443=CARTESIAN_POINT('',(120.441193788123,-73.4733123868097,-5.05));
#16444=CARTESIAN_POINT('',(116.014421449547,-81.1413871985084,-5.05));
#16445=CARTESIAN_POINT('Origin',(118.8119414893,-81.5338890014798,-5.05));
#16446=CARTESIAN_POINT('',(115.992237420651,-81.3657865288541,-5.05));
#16447=CARTESIAN_POINT('',(115.982087096468,-81.4684606625836,-5.05));
#16448=CARTESIAN_POINT('',(116.277178771049,-82.7289833777783,-5.05));
#16449=CARTESIAN_POINT('Origin',(118.63284043599,-81.5252144369801,-5.05));
#16450=CARTESIAN_POINT('',(116.394556536594,-82.93513385561,-5.05));
#16451=CARTESIAN_POINT('',(121.648189671314,-92.1620856215128,-5.05));
#16452=CARTESIAN_POINT('',(116.757410385775,-83.3976934563282,-5.05));
#16453=CARTESIAN_POINT('Origin',(118.844026545689,-81.3872523067206,-5.05));
#16454=CARTESIAN_POINT('',(131.523386464666,-98.7652813042765,-5.05));
#16455=CARTESIAN_POINT('',(133.811560782667,-101.146682957335,-5.05));
#16456=CARTESIAN_POINT('',(131.75519953259,-99.0208501819905,-5.05));
#16457=CARTESIAN_POINT('',(133.604926117321,-101.060133607952,-5.05));
#16458=CARTESIAN_POINT('',(131.984330584505,-99.304749348372,-5.05));
#16459=CARTESIAN_POINT('',(133.12003577075,-100.711916787856,-5.05));
#16460=CARTESIAN_POINT('',(132.182184283436,-99.5809549370404,-5.05));
#16461=CARTESIAN_POINT('',(132.690163016594,-100.290097934018,-5.05));
#16462=CARTESIAN_POINT('',(133.20251786125,-104.072712514433,-5.05));
#16463=CARTESIAN_POINT('Origin',(126.96517018298,-103.1278021923,-5.05));
#16464=CARTESIAN_POINT('',(129.984316340216,-125.281541344328,-5.05));
#16465=CARTESIAN_POINT('',(133.221100451092,-103.950248161408,-5.05));
#16466=CARTESIAN_POINT('',(129.955939332255,-125.875834868168,-5.05));
#16467=CARTESIAN_POINT('Origin',(132.774262075531,-125.7125852691,-5.05));
#16468=CARTESIAN_POINT('',(129.981094216762,-126.116854855867,-5.05));
#16469=CARTESIAN_POINT('',(128.014914792269,-107.278026930442,-5.05));
#16470=CARTESIAN_POINT('',(130.25744879423,-126.953581470742,-5.05));
#16471=CARTESIAN_POINT('Origin',(132.570083373749,-125.7257625224,-5.05));
#16472=CARTESIAN_POINT('',(130.373674259787,-127.151815135364,-5.05));
#16473=CARTESIAN_POINT('',(124.412743241576,-116.984876292593,-5.05));
#16474=CARTESIAN_POINT('',(130.821332706062,-127.68521190157,-5.05));
#16475=CARTESIAN_POINT('Origin',(132.72718799784,-125.6311549865,-5.05));
#16476=CARTESIAN_POINT('',(130.996955691117,-127.835770643511,-5.05));
#16477=CARTESIAN_POINT('',(127.419190342992,-124.76861033071,-5.05));
#16478=CARTESIAN_POINT('',(131.772562475736,-128.274209615229,-5.05));
#16479=CARTESIAN_POINT('Origin',(132.79257991906,-125.5645286009,-5.05));
#16480=CARTESIAN_POINT('',(131.993553520173,-128.347160993533,-5.05));
#16481=CARTESIAN_POINT('',(135.95160535503,-129.653753925775,-5.05));
#16482=CARTESIAN_POINT('',(133.260383173288,-128.403688880506,-5.05));
#16483=CARTESIAN_POINT('Origin',(132.74494573923,-125.731468702,-5.05));
#16484=CARTESIAN_POINT('',(133.499195880836,-128.346365154196,-5.05));
#16485=CARTESIAN_POINT('',(148.507260092238,-124.743884473265,-5.05));
#16486=CARTESIAN_POINT('',(134.06554928715,-128.117010176344,-5.05));
#16487=CARTESIAN_POINT('Origin',(132.672564751001,-125.491204539701,-5.05));
#16488=CARTESIAN_POINT('',(151.948204028028,-118.661301270918,-5.05));
#16489=CARTESIAN_POINT('',(159.985313435765,-114.411564969776,-5.05));
#16490=CARTESIAN_POINT('',(153.813502998965,-118.018942447606,-5.05));
#16491=CARTESIAN_POINT('Origin',(154.93864046916,-124.3155794252,-5.05));
#16492=CARTESIAN_POINT('',(154.147882916492,-117.968239795076,-5.05));
#16493=CARTESIAN_POINT('',(156.947846643221,-117.543676056373,-5.05));
#16494=CARTESIAN_POINT('',(157.935537520848,-118.661200039238,-5.05));
#16495=CARTESIAN_POINT('Origin',(154.94221493099,-124.3244562966,-5.05));
#16496=CARTESIAN_POINT('',(175.794063418433,-128.104211854595,-5.05));
#16497=CARTESIAN_POINT('',(158.827613175799,-119.132900839081,-5.05));
#16498=CARTESIAN_POINT('',(176.015709072796,-128.211544008983,-5.05));
#16499=CARTESIAN_POINT('',(159.088192677543,-120.014375387001,-5.05));
#16500=CARTESIAN_POINT('',(176.235110995223,-128.29903503242,-5.05));
#16501=CARTESIAN_POINT('',(159.673344829725,-121.694690568587,-5.05));
#16502=CARTESIAN_POINT('',(176.76898503592,-128.427740635866,-5.05));
#16503=CARTESIAN_POINT('Origin',(177.14683233057,-125.688806476299,-5.05));
#16504=CARTESIAN_POINT('',(177.006586719633,-128.449795546618,-5.05));
#16505=CARTESIAN_POINT('',(164.088575023094,-127.250706421467,-5.05));
#16506=CARTESIAN_POINT('',(177.709190228759,-128.392217059197,-5.05));
#16507=CARTESIAN_POINT('Origin',(177.13705503567,-125.7262785358,-5.05));
#16508=CARTESIAN_POINT('',(177.933655245028,-128.334338014111,-5.05));
#16509=CARTESIAN_POINT('',(172.34183240592,-129.776207983863,-5.05));
#16510=CARTESIAN_POINT('',(178.736118244808,-127.947175044747,-5.05));
#16511=CARTESIAN_POINT('Origin',(177.0957447183,-125.5724178542,-5.05));
#16512=CARTESIAN_POINT('',(178.921302908403,-127.808155857805,-5.05));
#16513=CARTESIAN_POINT('',(181.428000637286,-125.926363524612,-5.05));
#16514=CARTESIAN_POINT('',(179.405060723271,-127.30344895521,-5.05));
#16515=CARTESIAN_POINT('Origin',(177.128881999679,-125.605941152799,-5.05));
#16516=CARTESIAN_POINT('',(179.534753192565,-127.11315719526,-5.05));
#16517=CARTESIAN_POINT('',(185.335259925854,-118.602342027057,-5.05));
#16518=CARTESIAN_POINT('',(179.902907000418,-126.116603903835,-5.05));
#16519=CARTESIAN_POINT('Origin',(177.306217882739,-125.7235961787,-5.05));
#16520=CARTESIAN_POINT('',(179.927978203742,-125.876537936583,-5.05));
#16521=CARTESIAN_POINT('',(181.882741196962,-107.158965323525,-5.05));
#16522=CARTESIAN_POINT('',(179.899615681032,-125.28073825359,-5.05));
#16523=CARTESIAN_POINT('Origin',(177.069523066711,-125.7140372648,-5.05));
#16524=CARTESIAN_POINT('',(176.681767460687,-104.073103473207,-5.05));
#16525=CARTESIAN_POINT('',(175.054142999585,-93.3460390928664,-5.05));
#16526=CARTESIAN_POINT('',(176.914455375653,-101.19270221006,-5.05));
#16527=CARTESIAN_POINT('Origin',(182.90972196279,-103.1266180517,-5.05));
#16528=CARTESIAN_POINT('',(177.017891959541,-100.897139337835,-5.05));
#16529=CARTESIAN_POINT('',(178.225662974836,-97.4460173377311,-5.05));
#16530=CARTESIAN_POINT('',(178.37563247846,-98.7494579238419,-5.05));
#16531=CARTESIAN_POINT('Origin',(182.93668085289,-103.1359174386,-5.05));
#16532=CARTESIAN_POINT('',(193.107772876864,-83.4171863419452,-5.05));
#16533=CARTESIAN_POINT('',(183.445823435151,-93.4727267349051,-5.05));
#16534=CARTESIAN_POINT('',(193.266468363663,-83.2400285410493,-5.05));
#16535=CARTESIAN_POINT('',(184.192878423925,-93.3692217045048,-5.05));
#16536=CARTESIAN_POINT('',(193.406400332935,-83.059668751452,-5.05));
#16537=CARTESIAN_POINT('',(185.607246951422,-93.1120797212104,-5.05));
#16538=CARTESIAN_POINT('',(193.737099681631,-82.4302692127605,-5.05));
#16539=CARTESIAN_POINT('Origin',(191.224725223522,-81.5117943137911,-5.05));
#16540=CARTESIAN_POINT('',(193.805671541112,-82.2131320008109,-5.05));
#16541=CARTESIAN_POINT('',(191.582504850167,-89.2529325929159,-5.05));
#16542=CARTESIAN_POINT('',(193.896115484774,-81.5449302847385,-5.05));
#16543=CARTESIAN_POINT('Origin',(191.236518412569,-81.5251643558397,-5.05));
#16544=CARTESIAN_POINT('',(193.888723378297,-81.3209807038521,-5.05));
#16545=CARTESIAN_POINT('',(193.935166710859,-82.7280173711197,-5.05));
#16546=CARTESIAN_POINT('',(193.621732885949,-80.3175485573646,-5.05));
#16547=CARTESIAN_POINT('Origin',(191.079698159671,-81.5311623579598,-5.05));
#16548=CARTESIAN_POINT('',(193.515897507865,-80.11673396603,-5.05));
#16549=CARTESIAN_POINT('',(190.417717889094,-74.2381734573327,-5.05));
#16550=CARTESIAN_POINT('',(192.358013903361,-79.0356654898296,-5.05));
#16551=CARTESIAN_POINT('Origin',(191.17328347827,-81.4651893717098,-5.05));
#16552=CARTESIAN_POINT('',(192.137898256411,-78.9401727497322,-5.05));
#16553=CARTESIAN_POINT('',(177.669312743786,-72.6632683357205,-5.05));
#16554=CARTESIAN_POINT('',(191.5614428558,-78.7848131502795,-5.05));
#16555=CARTESIAN_POINT('Origin',(191.08122368684,-81.7137834362809,-5.05));
#16556=CARTESIAN_POINT('',(171.306264854681,-75.4365781157127,-5.05));
#16557=CARTESIAN_POINT('',(164.145143099152,-74.2528255647361,-5.05));
#16558=CARTESIAN_POINT('',(168.831352723648,-74.4685524546213,-5.05));
#16559=CARTESIAN_POINT('Origin',(172.34752290837,-69.12666888236,-5.05));
#16560=CARTESIAN_POINT('',(168.562386116119,-74.2813754125071,-5.05));
#16561=CARTESIAN_POINT('',(166.586174814649,-72.9061066034886,-5.05));
#16562=CARTESIAN_POINT('Origin',(172.3158514214,-69.16764954552,-5.05));
#16563=CARTESIAN_POINT('',(161.134526999988,-64.1732875622041,-5.05));
#16564=CARTESIAN_POINT('',(161.134527,-70.1732889999992,-5.05));
#16565=CARTESIAN_POINT('',(161.134527000015,-77.7984831465254,-5.05));
#16566=CARTESIAN_POINT('',(160.584528437896,-70.7232889999979,-5.05));
#16567=CARTESIAN_POINT('Origin',(160.58452685621,-70.17328885621,-5.05));
#16568=CARTESIAN_POINT('',(149.584527,-70.723289,-5.05));
#16569=CARTESIAN_POINT('',(152.263149627012,-70.7232889999995,-5.05));
#16570=CARTESIAN_POINT('',(149.034526999992,-70.1732904378959,-5.05));
#16571=CARTESIAN_POINT('Origin',(149.58452714378,-70.17328885621,-5.05));
#16572=CARTESIAN_POINT('',(149.034526999991,-64.173289,-5.05));
#16573=CARTESIAN_POINT('',(149.034526999993,-74.7984831465327,-5.05));
#16574=CARTESIAN_POINT('',(149.584525562204,-63.6232889999929,-5.05));
#16575=CARTESIAN_POINT('Origin',(149.58452714378,-64.17328914378,-5.05));
#16576=CARTESIAN_POINT('',(160.584527,-63.623289,-5.05));
#16577=CARTESIAN_POINT('',(157.76314962702,-63.6232889999982,-5.05));
#16578=CARTESIAN_POINT('Origin',(160.58452685621,-64.17328914378,-5.05));
#16579=CARTESIAN_POINT('Origin',(166.568946933309,-71.8542731782412,3.45));
#16580=CARTESIAN_POINT('',(166.568946933309,-71.8542731782412,-0.05));
#16581=CARTESIAN_POINT('',(168.126113274644,-75.0717398093132,-0.05));
#16582=CARTESIAN_POINT('',(166.568946933309,-71.8542731782412,3.45));
#16583=CARTESIAN_POINT('Origin',(143.260097947883,-71.9688641505914,3.45));
#16584=CARTESIAN_POINT('',(143.264182176601,-71.959999,-0.05));
#16585=CARTESIAN_POINT('',(143.264182176601,-71.959999,-1.8));
#16586=CARTESIAN_POINT('',(143.30811399272,-71.8646414202684,-0.05));
#16587=CARTESIAN_POINT('',(143.30811399272,-71.8646414202684,3.45));
#16588=CARTESIAN_POINT('',(141.726062189772,-75.2986135221988,-0.05));
#16589=CARTESIAN_POINT('Origin',(167.721884,-71.959999,-7.05));
#16590=CARTESIAN_POINT('',(141.521884,-71.959999,-0.05));
#16591=CARTESIAN_POINT('',(161.331846489124,-71.959999,-0.05));
#16592=CARTESIAN_POINT('',(141.521884,-71.959999,-7.05));
#16593=CARTESIAN_POINT('Origin',(141.521884,-72.159999,-7.05));
#16594=CARTESIAN_POINT('',(141.521884,-74.1280638284635,-0.05));
#16595=CARTESIAN_POINT('',(141.521884,-78.7918381465336,-0.05));
#16596=CARTESIAN_POINT('',(141.521884,-74.1280638284634,3.45));
#16597=CARTESIAN_POINT('Origin',(137.56276062621,-69.16226621387,3.45));
#16598=CARTESIAN_POINT('',(141.32167727028,-74.2812846257267,-0.05));
#16599=CARTESIAN_POINT('Origin',(137.56276062621,-69.16226621387,-0.05));
#16600=CARTESIAN_POINT('',(141.32167727028,-74.2812846257267,3.45));
#16601=CARTESIAN_POINT('Origin',(154.941808978248,-85.4236772930672,-0.05));
#16602=CARTESIAN_POINT('',(147.357599212585,-40.6944089999993,-0.05));
#16603=CARTESIAN_POINT('',(158.909087776198,-40.6944090005639,-0.05));
#16604=CARTESIAN_POINT('',(147.128782382546,-40.700134406698,-0.05));
#16605=CARTESIAN_POINT('',(150.588078342921,-40.613576629191,-0.05));
#16606=CARTESIAN_POINT('',(146.425030335841,-40.7858459554378,-0.05));
#16607=CARTESIAN_POINT('Origin',(147.38357428135,-45.724160142,-0.05));
#16608=CARTESIAN_POINT('',(146.198582724439,-40.8348300054527,-0.05));
#16609=CARTESIAN_POINT('',(145.880958320588,-40.9035369774001,-0.05));
#16610=CARTESIAN_POINT('',(145.294899616803,-41.1360583936736,-0.05));
#16611=CARTESIAN_POINT('Origin',(147.49671447906,-46.23535217467,-0.05));
#16612=CARTESIAN_POINT('',(145.082224088988,-41.232899361656,-0.05));
#16613=CARTESIAN_POINT('',(140.938511253731,-43.1197227593927,-0.05));
#16614=CARTESIAN_POINT('',(144.068732749167,-41.8573801884311,-0.05));
#16615=CARTESIAN_POINT('Origin',(147.53709552965,-46.35164970255,-0.05));
#16616=CARTESIAN_POINT('',(143.88818851249,-42.0031340196441,-0.05));
#16617=CARTESIAN_POINT('',(136.713414842669,-47.795347438978,-0.05));
#16618=CARTESIAN_POINT('',(143.380146472871,-42.4931201482552,-0.05));
#16619=CARTESIAN_POINT('Origin',(147.22469001525,-45.97095979114,-0.05));
#16620=CARTESIAN_POINT('',(143.232453083488,-42.6643796122427,-0.05));
#16621=CARTESIAN_POINT('',(135.229665726368,-51.9440980810528,-0.05));
#16622=CARTESIAN_POINT('',(142.835028330422,-43.2279925030216,-0.05));
#16623=CARTESIAN_POINT('Origin',(146.7306302913,-45.5530026408,-0.05));
#16624=CARTESIAN_POINT('',(142.72712263246,-43.4203265942742,-0.05));
#16625=CARTESIAN_POINT('',(135.281371945393,-56.6918379151422,-0.05));
#16626=CARTESIAN_POINT('',(142.462300857378,-44.0452207621146,-0.05));
#16627=CARTESIAN_POINT('Origin',(146.20774525861,-45.26392886857,-0.05));
#16628=CARTESIAN_POINT('',(142.401174489888,-44.2542489516529,-0.05));
#16629=CARTESIAN_POINT('',(137.38031479825,-61.4236188055621,-0.05));
#16630=CARTESIAN_POINT('',(142.285152001433,-45.1502265847996,-0.05));
#16631=CARTESIAN_POINT('Origin',(145.82833572819,-45.15354187355,-0.05));
#16632=CARTESIAN_POINT('',(142.285152001433,-47.6007842956084,-0.05));
#16633=CARTESIAN_POINT('',(142.285152001433,-65.2869519389334,-0.05));
#16634=CARTESIAN_POINT('',(142.292605286833,-47.9437027452657,-0.05));
#16635=CARTESIAN_POINT('',(142.698983726825,-66.6407815690627,-0.05));
#16636=CARTESIAN_POINT('',(142.315300530138,-48.2803567417201,-0.05));
#16637=CARTESIAN_POINT('',(143.578843305563,-67.0233470382872,-0.05));
#16638=CARTESIAN_POINT('',(142.353201528252,-48.6051771430497,-0.05));
#16639=CARTESIAN_POINT('',(144.537989052261,-67.3293162335823,-0.05));
#16640=CARTESIAN_POINT('',(142.441152336425,-49.0822883039699,-0.05));
#16641=CARTESIAN_POINT('Origin',(148.04568406112,-47.80248530019,-0.05));
#16642=CARTESIAN_POINT('',(142.477653385943,-49.23166217447,-0.05));
#16643=CARTESIAN_POINT('',(146.983345511901,-67.6703832803983,-0.05));
#16644=CARTESIAN_POINT('',(142.669786271823,-49.815729728372,-0.05));
#16645=CARTESIAN_POINT('Origin',(147.03038059747,-48.0576479076,-0.05));
#16646=CARTESIAN_POINT('',(142.726946181239,-49.9500004407603,-0.05));
#16647=CARTESIAN_POINT('',(150.027625862997,-67.0995633389594,-0.05));
#16648=CARTESIAN_POINT('',(143.007630870532,-50.4697888606296,-0.05));
#16649=CARTESIAN_POINT('Origin',(146.226811701,-48.39575897061,-0.05));
#16650=CARTESIAN_POINT('',(143.086369425114,-50.5863602978239,-0.05));
#16651=CARTESIAN_POINT('',(152.983524251102,-65.2389732183289,-0.05));
#16652=CARTESIAN_POINT('',(143.564624840881,-51.1293922770414,-0.05));
#16653=CARTESIAN_POINT('Origin',(145.78157981972,-48.6947719189,-0.05));
#16654=CARTESIAN_POINT('',(143.670482094356,-51.2214334272672,-0.05));
#16655=CARTESIAN_POINT('',(155.294539892647,-61.3283615302147,-0.05));
#16656=CARTESIAN_POINT('',(144.290560028035,-51.6264971854626,-0.05));
#16657=CARTESIAN_POINT('Origin',(145.74946976061,-48.71603098214,-0.05));
#16658=CARTESIAN_POINT('',(144.423739506249,-51.6899047983401,-0.05));
#16659=CARTESIAN_POINT('',(155.190861062257,-56.8162011661062,-0.05));
#16660=CARTESIAN_POINT('',(144.641877735788,-51.8335556928994,-0.05));
#16661=CARTESIAN_POINT('Origin',(144.09359400953,-52.42869092158,-0.05));
#16662=CARTESIAN_POINT('',(144.684683451166,-51.8760858075857,-0.05));
#16663=CARTESIAN_POINT('',(155.630847931598,-62.7517744069468,-0.05));
#16664=CARTESIAN_POINT('',(144.876701803301,-52.3510012709786,-0.05));
#16665=CARTESIAN_POINT('Origin',(144.18745464125,-52.3534021862901,-0.05));
#16666=CARTESIAN_POINT('',(144.876701914882,-62.4412147875055,-0.05));
#16667=CARTESIAN_POINT('',(144.876702126144,-68.8873393802748,-0.05));
#16668=CARTESIAN_POINT('',(141.739613405118,-71.2050589969493,-0.05));
#16669=CARTESIAN_POINT('',(141.802122345135,-71.030432552619,-0.05));
#16670=CARTESIAN_POINT('',(141.736510968962,-71.2134151816937,-0.05));
#16671=CARTESIAN_POINT('',(140.219565778822,-75.299196038759,-0.05));
#16672=CARTESIAN_POINT('',(141.604002544033,-71.4638021176036,-0.05));
#16673=CARTESIAN_POINT('',(140.243662448324,-74.0342906623359,-0.05));
#16674=CARTESIAN_POINT('',(141.45722865355,-71.7046856540363,-0.05));
#16675=CARTESIAN_POINT('',(140.308080273215,-73.590654097261,-0.05));
#16676=CARTESIAN_POINT('',(140.331520158143,-72.8992099490681,-0.05));
#16677=CARTESIAN_POINT('Origin',(137.56276062621,-69.1622662138698,-0.05));
#16678=CARTESIAN_POINT('',(140.10095178038,-73.0596658906396,-0.05));
#16679=CARTESIAN_POINT('',(142.317081469439,-71.5174284886517,-0.05));
#16680=CARTESIAN_POINT('',(138.300675687649,-73.7592966797139,-0.05));
#16681=CARTESIAN_POINT('Origin',(137.53590546611,-69.12537229783,-0.05));
#16682=CARTESIAN_POINT('',(118.042545217437,-77.1080113893597,-0.05));
#16683=CARTESIAN_POINT('',(145.461499759247,-72.5755962915723,-0.05));
#16684=CARTESIAN_POINT('',(117.719490460257,-77.1729939470804,-0.05));
#16685=CARTESIAN_POINT('',(134.970882901049,-73.702871374574,-0.05));
#16686=CARTESIAN_POINT('',(117.405343204171,-77.2594236574835,-0.05));
#16687=CARTESIAN_POINT('',(133.965914314022,-72.7031993473793,-0.05));
#16688=CARTESIAN_POINT('',(117.107376957732,-77.3644421485993,-0.05));
#16689=CARTESIAN_POINT('',(132.819992837788,-71.826515517879,-0.05));
#16690=CARTESIAN_POINT('',(116.031570813606,-77.9709037869417,-0.05));
#16691=CARTESIAN_POINT('Origin',(118.70932993504,-81.46357717657,-0.05));
#16692=CARTESIAN_POINT('',(115.805382203776,-78.1568058369802,-0.05));
#16693=CARTESIAN_POINT('',(125.815168166993,-69.9298675645203,-0.05));
#16694=CARTESIAN_POINT('',(115.029643464901,-79.0502771429246,-0.05));
#16695=CARTESIAN_POINT('Origin',(118.73282749286,-81.48199768106,-0.05));
#16696=CARTESIAN_POINT('',(114.880523848232,-79.2936075026177,-0.05));
#16697=CARTESIAN_POINT('',(119.058384711624,-72.4762590588504,-0.05));
#16698=CARTESIAN_POINT('',(114.325684396633,-80.943632141168,-0.05));
#16699=CARTESIAN_POINT('Origin',(118.8119414893,-81.53388900148,-0.05));
#16700=CARTESIAN_POINT('',(114.297681233542,-81.2268940803395,-0.05));
#16701=CARTESIAN_POINT('',(114.302934181442,-81.1737586468974,-0.05));
#16702=CARTESIAN_POINT('',(114.7832041451,-83.5408782913021,-0.05));
#16703=CARTESIAN_POINT('Origin',(118.63284043599,-81.52521443698,-0.05));
#16704=CARTESIAN_POINT('',(114.934352851517,-83.8063406461815,-0.05));
#16705=CARTESIAN_POINT('',(120.103860046534,-92.8855420901841,-0.05));
#16706=CARTESIAN_POINT('',(115.532217362874,-84.5762108711485,-0.05));
#16707=CARTESIAN_POINT('Origin',(118.84402654569,-81.38725230672,-0.05));
#16708=CARTESIAN_POINT('',(130.280622504635,-99.9255117294296,-0.05));
#16709=CARTESIAN_POINT('',(125.203066802095,-94.6410806771336,-0.05));
#16710=CARTESIAN_POINT('',(130.46309126234,-100.126679575757,-0.05));
#16711=CARTESIAN_POINT('',(132.238056826666,-102.083540598833,-0.05));
#16712=CARTESIAN_POINT('',(130.630762722077,-100.334428753564,-0.05));
#16713=CARTESIAN_POINT('',(131.697977372564,-101.656734687619,-0.05));
#16714=CARTESIAN_POINT('',(130.787085591402,-100.552656921027,-0.05));
#16715=CARTESIAN_POINT('',(131.223453001351,-101.161829850266,-0.05));
#16716=CARTESIAN_POINT('',(131.521722457837,-103.817905027963,-0.05));
#16717=CARTESIAN_POINT('Origin',(126.96517018298,-103.1278021923,-0.05));
#16718=CARTESIAN_POINT('',(128.303827867627,-125.024711116781,-0.05));
#16719=CARTESIAN_POINT('',(133.149423598669,-93.0909090072721,-0.05));
#16720=CARTESIAN_POINT('',(128.261529809775,-126.017872599699,-0.05));
#16721=CARTESIAN_POINT('Origin',(132.77426207553,-125.7125852691,-0.05));
#16722=CARTESIAN_POINT('',(128.293827175595,-126.327327835374,-0.05));
#16723=CARTESIAN_POINT('',(126.309724735747,-107.316771632814,-0.05));
#16724=CARTESIAN_POINT('',(128.775033440973,-127.786307087742,-0.05));
#16725=CARTESIAN_POINT('Origin',(132.57008337375,-125.7257625224,-0.05));
#16726=CARTESIAN_POINT('',(128.923592598836,-128.03968896174,-0.05));
#16727=CARTESIAN_POINT('',(122.880165765208,-117.732045606083,-0.05));
#16728=CARTESIAN_POINT('',(129.692521686821,-128.956688665472,-0.05));
#16729=CARTESIAN_POINT('Origin',(132.72718799784,-125.6311549865,-0.05));
#16730=CARTESIAN_POINT('',(129.913198404292,-129.145871242846,-0.05));
#16731=CARTESIAN_POINT('',(126.213758822587,-125.974401579314,-0.05));
#16732=CARTESIAN_POINT('',(131.210239889687,-129.878813368744,-0.05));
#16733=CARTESIAN_POINT('Origin',(132.79257991906,-125.5645286009,-0.05));
#16734=CARTESIAN_POINT('',(131.488414677445,-129.970641678856,-0.05));
#16735=CARTESIAN_POINT('',(135.293514119484,-131.226743478685,-0.05));
#16736=CARTESIAN_POINT('',(133.624443860415,-130.064590081764,-0.05));
#16737=CARTESIAN_POINT('Origin',(132.74494573923,-125.731468702,-0.05));
#16738=CARTESIAN_POINT('',(133.929903782282,-129.991268602458,-0.05));
#16739=CARTESIAN_POINT('',(148.768296853642,-126.429515152546,-0.05));
#16740=CARTESIAN_POINT('',(134.861012188661,-129.61942156659,-0.05));
#16741=CARTESIAN_POINT('Origin',(132.672564751,-125.4912045397,-0.05));
#16742=CARTESIAN_POINT('',(152.742930048097,-120.16410217558,-0.05));
#16743=CARTESIAN_POINT('',(151.839056397675,-120.642038273989,-0.05));
#16744=CARTESIAN_POINT('',(154.092205100323,-119.69611465386,-0.05));
#16745=CARTESIAN_POINT('Origin',(154.93864046916,-124.3155794252,-0.05));
#16746=CARTESIAN_POINT('',(154.379065017244,-119.652617547845,-0.05));
#16747=CARTESIAN_POINT('',(157.047456150118,-119.248004406909,-0.05));
#16748=CARTESIAN_POINT('',(157.141027899253,-120.164115367023,-0.05));
#16749=CARTESIAN_POINT('Origin',(154.94221493099,-124.3244562966,-0.05));
#16750=CARTESIAN_POINT('',(175.026033546561,-129.62112882053,-0.05));
#16751=CARTESIAN_POINT('',(149.10378326321,-115.914279937777,-0.05));
#16752=CARTESIAN_POINT('',(175.329524390338,-129.768094598821,-0.05));
#16753=CARTESIAN_POINT('',(158.222907371587,-121.484196301263,-0.05));
#16754=CARTESIAN_POINT('',(175.635608124722,-129.890151775339,-0.05));
#16755=CARTESIAN_POINT('',(158.905722288628,-123.218766140511,-0.05));
#16756=CARTESIAN_POINT('',(176.578662362703,-130.117382298132,-0.05));
#16757=CARTESIAN_POINT('Origin',(177.14683233057,-125.6888064763,-0.05));
#16758=CARTESIAN_POINT('',(176.882730890496,-130.145606863401,-0.05));
#16759=CARTESIAN_POINT('',(163.796069192016,-128.930863134589,-0.05));
#16760=CARTESIAN_POINT('',(178.104009720048,-130.046017217285,-0.05));
#16761=CARTESIAN_POINT('Origin',(177.13705503567,-125.7262785358,-0.05));
#16762=CARTESIAN_POINT('',(178.388854174124,-129.972569134865,-0.05));
#16763=CARTESIAN_POINT('',(172.63926018566,-131.455120917431,-0.05));
#16764=CARTESIAN_POINT('',(179.732998803076,-129.324531158701,-0.05));
#16765=CARTESIAN_POINT('Origin',(177.0957447183,-125.5724178542,-0.05));
#16766=CARTESIAN_POINT('',(179.965464791142,-129.150017610719,-0.05));
#16767=CARTESIAN_POINT('',(182.344167309658,-127.364312013301,-0.05));
#16768=CARTESIAN_POINT('',(180.791830441771,-128.287263323479,-0.05));
#16769=CARTESIAN_POINT('Origin',(177.12888199968,-125.6059411528,-0.05));
#16770=CARTESIAN_POINT('',(180.956580157715,-128.045533687336,-0.05));
#16771=CARTESIAN_POINT('',(186.666186789906,-119.66809202795,-0.05));
#16772=CARTESIAN_POINT('',(181.590142231107,-126.327359965326,-0.05));
#16773=CARTESIAN_POINT('Origin',(177.30621788274,-125.7235961787,-0.05));
#16774=CARTESIAN_POINT('',(181.622472490174,-126.017785876778,-0.05));
#16775=CARTESIAN_POINT('',(183.559225680524,-107.472663723786,-0.05));
#16776=CARTESIAN_POINT('',(181.580242412112,-125.024818388886,-0.05));
#16777=CARTESIAN_POINT('Origin',(177.06952306671,-125.7140372648,-0.05));
#16778=CARTESIAN_POINT('',(178.362496538474,-103.817858863417,-0.05));
#16779=CARTESIAN_POINT('',(178.343762166542,-103.694387625195,-0.05));
#16780=CARTESIAN_POINT('',(178.526483960825,-101.732954700149,-0.05));
#16781=CARTESIAN_POINT('Origin',(182.909721962791,-103.1266180517,-0.05));
#16782=CARTESIAN_POINT('',(178.614909285285,-101.480285462185,-0.05));
#16783=CARTESIAN_POINT('',(179.782249401293,-98.1446919616091,-0.05));
#16784=CARTESIAN_POINT('',(179.601166251972,-99.9276205273167,-0.05));
#16785=CARTESIAN_POINT('Origin',(182.936680852889,-103.1359174386,-0.05));
#16786=CARTESIAN_POINT('',(194.354194895397,-84.5736098073293,-0.05));
#16787=CARTESIAN_POINT('',(177.305445275859,-102.316860413532,-0.05));
#16788=CARTESIAN_POINT('',(194.572798951515,-84.3295737945226,-0.05));
#16789=CARTESIAN_POINT('',(185.369874777516,-94.6031476772466,-0.05));
#16790=CARTESIAN_POINT('',(194.769115410179,-84.0765394424455,-0.05));
#16791=CARTESIAN_POINT('',(186.862029780472,-94.2680654242392,-0.05));
#16792=CARTESIAN_POINT('',(195.348165430482,-82.9739366563319,-0.05));
#16793=CARTESIAN_POINT('Origin',(191.22472522352,-81.51179431379,-0.05));
#16794=CARTESIAN_POINT('',(195.436691993927,-82.6936115883227,-0.05));
#16795=CARTESIAN_POINT('',(193.164296353034,-89.8892988237363,-0.05));
#16796=CARTESIAN_POINT('',(195.596184537196,-81.5189731997699,-0.05));
#16797=CARTESIAN_POINT('Origin',(191.23651841257,-81.52516435584,-0.05));
#16798=CARTESIAN_POINT('',(195.586766291397,-81.2336401620563,-0.05));
#16799=CARTESIAN_POINT('',(195.638434641598,-82.7989727760148,-0.05));
#16800=CARTESIAN_POINT('',(195.139507812285,-79.5512309991463,-0.05));
#16801=CARTESIAN_POINT('Origin',(191.07969815967,-81.53116235796,-0.05));
#16802=CARTESIAN_POINT('',(195.006839382769,-79.2995027307889,-0.05));
#16803=CARTESIAN_POINT('',(191.981485958677,-73.5591243951434,-0.05));
#16804=CARTESIAN_POINT('',(193.065010779803,-77.4892973565491,-0.05));
#16805=CARTESIAN_POINT('Origin',(191.17328347827,-81.46518937171,-0.05));
#16806=CARTESIAN_POINT('',(192.783117833341,-77.3670037793031,-0.05));
#16807=CARTESIAN_POINT('',(178.471176723083,-71.1580563839469,-0.05));
#16808=CARTESIAN_POINT('',(191.837813942677,-77.1074282331965,-0.05));
#16809=CARTESIAN_POINT('Origin',(191.08122368684,-81.71378343628,-0.05));
#16810=CARTESIAN_POINT('',(171.583259505472,-73.7592963798813,-0.05));
#16811=CARTESIAN_POINT('',(174.549561536178,-74.2496340146267,-0.05));
#16812=CARTESIAN_POINT('',(169.782986883846,-73.0596691440838,-0.05));
#16813=CARTESIAN_POINT('Origin',(172.34752290837,-69.1266688823601,-0.05));
#16814=CARTESIAN_POINT('',(169.552394306134,-72.8991970427082,-0.05));
#16815=CARTESIAN_POINT('',(167.682014461235,-71.597577593114,-0.05));
#16816=CARTESIAN_POINT('',(168.146628446534,-71.2118417423384,-0.05));
#16817=CARTESIAN_POINT('Origin',(172.3158514214,-69.1676495455197,-0.05));
#16818=CARTESIAN_POINT('',(168.144593505046,-71.2057600948848,-0.05));
#16819=CARTESIAN_POINT('',(169.620119808005,-75.6155334653339,-0.05));
#16820=CARTESIAN_POINT('',(165.359683,-63.157428299661,-0.05));
#16821=CARTESIAN_POINT('',(169.635545308027,-75.5145789166514,-0.05));
#16822=CARTESIAN_POINT('',(165.359682999999,-52.3507116201002,-0.05));
#16823=CARTESIAN_POINT('',(165.359683000001,-74.2905527963637,-0.05));
#16824=CARTESIAN_POINT('',(165.364453307702,-52.2703312819598,-0.05));
#16825=CARTESIAN_POINT('Origin',(166.035078358041,-52.3504623847906,-0.05));
#16826=CARTESIAN_POINT('',(165.368770158722,-52.2401543364683,-0.05));
#16827=CARTESIAN_POINT('',(162.936187281334,-69.2451240618105,-0.05));
#16828=CARTESIAN_POINT('',(165.445447820475,-52.0218726297205,-0.05));
#16829=CARTESIAN_POINT('Origin',(166.038490649289,-52.3528042600697,-0.05));
#16830=CARTESIAN_POINT('',(165.460075853586,-51.9967738578163,-0.05));
#16831=CARTESIAN_POINT('',(156.848212767624,-66.7730042388767,-0.05));
#16832=CARTESIAN_POINT('',(165.814209118933,-51.6891979287012,-0.05));
#16833=CARTESIAN_POINT('Origin',(166.13282952823,-52.41370438631,-0.05));
#16834=CARTESIAN_POINT('',(166.080634619558,-51.5550731179277,-0.05));
#16835=CARTESIAN_POINT('',(154.702694400598,-57.282993588315,-0.05));
#16836=CARTESIAN_POINT('',(166.331878493183,-51.3988239601353,-0.05));
#16837=CARTESIAN_POINT('',(154.470214864507,-58.7756205572084,-0.05));
#16838=CARTESIAN_POINT('',(166.560877496131,-51.2256892626341,-0.05));
#16839=CARTESIAN_POINT('',(154.524075659286,-60.3261133609005,-0.05));
#16840=CARTESIAN_POINT('',(167.151362928621,-50.5847721127135,-0.05));
#16841=CARTESIAN_POINT('Origin',(164.45279637142,-48.69101670102,-0.05));
#16842=CARTESIAN_POINT('',(167.306573261198,-50.3446792718462,-0.05));
#16843=CARTESIAN_POINT('',(157.410109806745,-65.6533896255214,-0.05));
#16844=CARTESIAN_POINT('',(167.446000508615,-50.0863685072006,-0.05));
#16845=CARTESIAN_POINT('',(158.580463281024,-66.5111616711853,-0.05));
#16846=CARTESIAN_POINT('',(167.567583350397,-49.8145040395398,-0.05));
#16847=CARTESIAN_POINT('',(159.819197518046,-67.140228283839,-0.05));
#16848=CARTESIAN_POINT('',(167.671709035814,-49.5299517442955,-0.05));
#16849=CARTESIAN_POINT('',(161.076275618081,-67.5538015718899,-0.05));
#16850=CARTESIAN_POINT('',(167.758778249526,-49.2335223780125,-0.05));
#16851=CARTESIAN_POINT('',(162.31338922359,-67.772488670516,-0.05));
#16852=CARTESIAN_POINT('',(167.82919240864,-48.9259742427682,-0.05));
#16853=CARTESIAN_POINT('',(163.503006270579,-67.8214704927278,-0.05));
#16854=CARTESIAN_POINT('',(167.883338327716,-48.6080297122963,-0.05));
#16855=CARTESIAN_POINT('',(164.627393426837,-67.7269197490126,-0.05));
#16856=CARTESIAN_POINT('',(167.921589610449,-48.2803857481012,-0.05));
#16857=CARTESIAN_POINT('',(165.676177688048,-67.5136143077916,-0.05));
#16858=CARTESIAN_POINT('',(167.94429853546,-47.9437179358043,-0.05));
#16859=CARTESIAN_POINT('',(166.645174392256,-67.2036909626941,-0.05));
#16860=CARTESIAN_POINT('',(167.951756999265,-47.600785685479,-0.05));
#16861=CARTESIAN_POINT('',(167.533839981031,-66.81616666205,-0.05));
#16862=CARTESIAN_POINT('',(167.951756999265,-45.1502246462382,-0.05));
#16863=CARTESIAN_POINT('',(167.951756999266,-66.5122314892729,-0.05));
#16864=CARTESIAN_POINT('',(167.8356419266,-44.2542144109704,-0.05));
#16865=CARTESIAN_POINT('Origin',(164.41075458704,-45.15357865536,-0.05));
#16866=CARTESIAN_POINT('',(167.774447669758,-44.0450911918217,-0.05));
#16867=CARTESIAN_POINT('',(172.875606184766,-61.477620731303,-0.05));
#16868=CARTESIAN_POINT('',(167.509552816077,-43.4203762776959,-0.05));
#16869=CARTESIAN_POINT('Origin',(163.98897433014,-45.28170870362,-0.05));
#16870=CARTESIAN_POINT('',(167.401504572194,-43.2278776165783,-0.05));
#16871=CARTESIAN_POINT('',(174.968090948562,-56.7085015891455,-0.05));
#16872=CARTESIAN_POINT('',(167.004058617505,-42.6644310583704,-0.05));
#16873=CARTESIAN_POINT('Origin',(163.46000420187,-45.58624808279,-0.05));
#16874=CARTESIAN_POINT('',(166.85622917038,-42.493052906993,-0.05));
#16875=CARTESIAN_POINT('',(175.005103962214,-51.9400144210251,-0.05));
#16876=CARTESIAN_POINT('',(166.348247547347,-42.0031743390051,-0.05));
#16877=CARTESIAN_POINT('Origin',(162.97386791459,-46.0105674793,-0.05));
#16878=CARTESIAN_POINT('',(166.167613485203,-41.8573584525192,-0.05));
#16879=CARTESIAN_POINT('',(173.506125368975,-47.781333162042,-0.05));
#16880=CARTESIAN_POINT('',(164.937475464517,-41.1343429057062,-0.05));
#16881=CARTESIAN_POINT('Origin',(162.68810701634,-46.36940207249,-0.05));
#16882=CARTESIAN_POINT('',(164.721112484515,-41.0465420493162,-0.05));
#16883=CARTESIAN_POINT('',(168.362074862731,-42.5240573566411,-0.05));
#16884=CARTESIAN_POINT('',(163.806902840807,-40.7849714693769,-0.05));
#16885=CARTESIAN_POINT('Origin',(162.76850870819,-46.14264262185,-0.05));
#16886=CARTESIAN_POINT('',(163.579238753098,-40.7463963152069,-0.05));
#16887=CARTESIAN_POINT('',(163.174284844119,-40.6777813675102,-0.05));
#16888=CARTESIAN_POINT('Origin',(162.87251267879,-45.52394845475,-0.05));
#16889=CARTESIAN_POINT('',(160.00692594707,-42.394409048623,-0.05));
#16890=CARTESIAN_POINT('',(160.00692594707,-62.1590431465336,-0.05));
#16891=CARTESIAN_POINT('',(162.875673871952,-42.3944090596688,-0.05));
#16892=CARTESIAN_POINT('',(151.160336775046,-42.3944090145602,-0.05));
#16893=CARTESIAN_POINT('',(163.314726686477,-42.4258081109449,-0.05));
#16894=CARTESIAN_POINT('Origin',(162.87251267879,-45.5239484547522,-0.05));
#16895=CARTESIAN_POINT('',(163.50128851497,-42.4574189432322,-0.05));
#16896=CARTESIAN_POINT('',(162.786197636353,-42.3362547264322,-0.05));
#16897=CARTESIAN_POINT('',(164.09874710349,-42.6286270245113,-0.05));
#16898=CARTESIAN_POINT('Origin',(162.76850870819,-46.1426426218507,-0.05));
#16899=CARTESIAN_POINT('',(164.2808160351,-42.7025112357368,-0.05));
#16900=CARTESIAN_POINT('',(167.623092063672,-44.0588185743114,-0.05));
#16901=CARTESIAN_POINT('',(165.115806110734,-43.193069669516,-0.05));
#16902=CARTESIAN_POINT('Origin',(162.688107016341,-46.3694020724884,-0.05));
#16903=CARTESIAN_POINT('',(165.265394831302,-43.3138243690383,-0.05));
#16904=CARTESIAN_POINT('',(172.355997299866,-49.0376755208582,-0.05));
#16905=CARTESIAN_POINT('',(165.583821778005,-43.6206595640016,-0.05));
#16906=CARTESIAN_POINT('Origin',(162.973867914593,-46.0105674792969,-0.05));
#16907=CARTESIAN_POINT('',(165.702989103189,-43.7588098195258,-0.05));
#16908=CARTESIAN_POINT('',(173.651353633854,-52.9733205019798,-0.05));
#16909=CARTESIAN_POINT('',(165.931926825797,-44.0828817219497,-0.05));
#16910=CARTESIAN_POINT('Origin',(163.460004201866,-45.5862480827925,-0.05));
#16911=CARTESIAN_POINT('',(166.015209575775,-44.2312581997943,-0.05));
#16912=CARTESIAN_POINT('',(173.43805692594,-57.4557968429556,-0.05));
#16913=CARTESIAN_POINT('',(166.15131141976,-44.5513842260798,-0.05));
#16914=CARTESIAN_POINT('Origin',(163.988974330139,-45.2817087036205,-0.05));
#16915=CARTESIAN_POINT('',(166.196327945133,-44.7052222034685,-0.05));
#16916=CARTESIAN_POINT('',(171.217650949961,-61.8649245234507,-0.05));
#16917=CARTESIAN_POINT('',(166.251757,-45.1510538406457,-0.05));
#16918=CARTESIAN_POINT('Origin',(164.410754587041,-45.1535786553598,-0.05));
#16919=CARTESIAN_POINT('',(166.251757,-47.5823011122577,-0.05));
#16920=CARTESIAN_POINT('',(166.251757,-65.2873655668564,-0.05));
#16921=CARTESIAN_POINT('',(166.24554348405,-47.8679919814294,-0.05));
#16922=CARTESIAN_POINT('',(165.837770176706,-66.6169758959664,-0.05));
#16923=CARTESIAN_POINT('',(166.228239921635,-48.1245233892417,-0.05));
#16924=CARTESIAN_POINT('',(164.959078410252,-66.9402898453499,-0.05));
#16925=CARTESIAN_POINT('',(166.199978542133,-48.3665981577784,-0.05));
#16926=CARTESIAN_POINT('',(164.004362576223,-67.1732960649317,-0.05));
#16927=CARTESIAN_POINT('',(166.161369935198,-48.5933076792625,-0.05));
#16928=CARTESIAN_POINT('',(162.974850578893,-67.3045313110724,-0.05));
#16929=CARTESIAN_POINT('',(166.113159128557,-48.8038781649082,-0.05));
#16930=CARTESIAN_POINT('',(161.875741166653,-67.3116613840021,-0.05));
#16931=CARTESIAN_POINT('',(166.056215731397,-48.9977434177861,-0.05));
#16932=CARTESIAN_POINT('',(160.718567333073,-67.1699039863927,-0.05));
#16933=CARTESIAN_POINT('',(165.991493372026,-49.1746152034461,-0.05));
#16934=CARTESIAN_POINT('',(159.522356563574,-66.8533245413614,-0.05));
#16935=CARTESIAN_POINT('',(165.919957185388,-49.3345731959876,-0.05));
#16936=CARTESIAN_POINT('',(158.31600510199,-66.3373373605814,-0.05));
#16937=CARTESIAN_POINT('',(165.842471541025,-49.4781274611351,-0.05));
#16938=CARTESIAN_POINT('',(157.139162343466,-65.6023678475018,-0.05));
#16939=CARTESIAN_POINT('',(165.744401373975,-49.6298309245523,-0.05));
#16940=CARTESIAN_POINT('',(156.041834464534,-64.6386052387885,-0.05));
#16941=CARTESIAN_POINT('',(165.498514499594,-49.897701923164,-0.05));
#16942=CARTESIAN_POINT('Origin',(164.45279637142,-48.6910167010198,-0.05));
#16943=CARTESIAN_POINT('',(165.368373801147,-49.9960947989709,-0.05));
#16944=CARTESIAN_POINT('',(153.594772144445,-58.8975263990386,-0.05));
#16945=CARTESIAN_POINT('',(165.247850353304,-50.071048615548,-0.05));
#16946=CARTESIAN_POINT('',(153.665194302402,-57.2743297417276,-0.05));
#16947=CARTESIAN_POINT('',(165.078288893799,-50.1564098088896,-0.05));
#16948=CARTESIAN_POINT('',(154.037305637507,-55.7146982853682,-0.05));
#16949=CARTESIAN_POINT('',(163.99968979169,-51.1264011495726,-0.05));
#16950=CARTESIAN_POINT('Origin',(166.13282952823,-52.41370438631,-0.05));
#16951=CARTESIAN_POINT('',(163.971118048847,-51.175424531632,-0.05));
#16952=CARTESIAN_POINT('',(155.390957241292,-65.8972601476197,-0.05));
#16953=CARTESIAN_POINT('',(163.687960461689,-51.9850267034222,-0.05));
#16954=CARTESIAN_POINT('Origin',(166.03849064929,-52.35280426007,-0.05));
#16955=CARTESIAN_POINT('',(163.679645540697,-52.0431521846387,-0.05));
#16956=CARTESIAN_POINT('',(161.256507883665,-68.9821035602739,-0.05));
#16957=CARTESIAN_POINT('',(163.659683011907,-52.3509778484108,-0.05));
#16958=CARTESIAN_POINT('Origin',(166.03507835803,-52.35046238479,-0.05));
#16959=CARTESIAN_POINT('',(163.659683,-63.452904888978,-0.05));
#16960=CARTESIAN_POINT('',(163.659683,-68.8873275707403,-0.05));
#16961=CARTESIAN_POINT('',(163.761195526394,-63.7366039028037,-0.05));
#16962=CARTESIAN_POINT('',(166.649554817154,-71.8087572760754,-0.05));
#16963=CARTESIAN_POINT('',(166.53520771232,-71.7534397888643,-0.05));
#16964=CARTESIAN_POINT('',(166.640575752227,-72.0579511705568,-0.05));
#16965=CARTESIAN_POINT('',(168.008336356696,-76.1560474914125,-0.05));
#16966=CARTESIAN_POINT('',(168.562386116119,-74.2813754125071,-0.05));
#16967=CARTESIAN_POINT('Origin',(172.3158514214,-69.16764954552,-0.05));
#16968=CARTESIAN_POINT('',(168.831352723648,-74.4685524546213,-0.05));
#16969=CARTESIAN_POINT('',(166.586187185595,-72.9061152125762,-0.05));
#16970=CARTESIAN_POINT('',(171.306264854681,-75.4365781157127,-0.05));
#16971=CARTESIAN_POINT('Origin',(172.34752290837,-69.12666888236,-0.05));
#16972=CARTESIAN_POINT('',(191.5614428558,-78.7848131502795,-0.05));
#16973=CARTESIAN_POINT('',(164.145160972865,-74.2528285193085,-0.05));
#16974=CARTESIAN_POINT('',(192.137898256411,-78.9401727497322,-0.05));
#16975=CARTESIAN_POINT('Origin',(191.08122368684,-81.7137834362809,-0.05));
#16976=CARTESIAN_POINT('',(192.358013903361,-79.0356654898296,-0.05));
#16977=CARTESIAN_POINT('',(177.669328197398,-72.6632750399591,-0.05));
#16978=CARTESIAN_POINT('',(193.515897507865,-80.11673396603,-0.05));
#16979=CARTESIAN_POINT('Origin',(191.17328347827,-81.4651893717098,-0.05));
#16980=CARTESIAN_POINT('',(193.621732885949,-80.3175485573646,-0.05));
#16981=CARTESIAN_POINT('',(190.417721880669,-74.2381810310424,-0.05));
#16982=CARTESIAN_POINT('',(193.888723378297,-81.3209807038521,-0.05));
#16983=CARTESIAN_POINT('Origin',(191.079698159671,-81.5311623579598,-0.05));
#16984=CARTESIAN_POINT('',(193.896115484774,-81.5449302847385,-0.05));
#16985=CARTESIAN_POINT('',(193.935166730843,-82.7280179765564,-0.05));
#16986=CARTESIAN_POINT('',(193.805671541112,-82.2131320008109,-0.05));
#16987=CARTESIAN_POINT('Origin',(191.236518412569,-81.5251643558397,-0.05));
#16988=CARTESIAN_POINT('',(193.737099681631,-82.4302692127605,-0.05));
#16989=CARTESIAN_POINT('',(191.582506515342,-89.2529273200308,-0.05));
#16990=CARTESIAN_POINT('',(193.406400332935,-83.059668751452,-0.05));
#16991=CARTESIAN_POINT('Origin',(191.224725223522,-81.5117943137911,-0.05));
#16992=CARTESIAN_POINT('',(193.266468363663,-83.2400285410493,-0.05));
#16993=CARTESIAN_POINT('',(185.607253851123,-93.1120708281126,-0.05));
#16994=CARTESIAN_POINT('',(193.107772876864,-83.4171863419452,-0.05));
#16995=CARTESIAN_POINT('',(184.192886598631,-93.3692125787706,-0.05));
#16996=CARTESIAN_POINT('',(178.37563247846,-98.7494579238419,-0.05));
#16997=CARTESIAN_POINT('',(183.445832249816,-93.4727175611642,-0.05));
#16998=CARTESIAN_POINT('',(177.017891959541,-100.897139337835,-0.05));
#16999=CARTESIAN_POINT('Origin',(182.93668085289,-103.1359174386,-0.05));
#17000=CARTESIAN_POINT('',(176.914455375653,-101.19270221006,-0.05));
#17001=CARTESIAN_POINT('',(178.225664978359,-97.4460116128036,-0.05));
#17002=CARTESIAN_POINT('',(176.681767460687,-104.073103473207,-0.05));
#17003=CARTESIAN_POINT('Origin',(182.90972196279,-103.1266180517,-0.05));
#17004=CARTESIAN_POINT('',(179.899615681032,-125.28073825359,-0.05));
#17005=CARTESIAN_POINT('',(175.054143412808,-93.3460418162643,-0.05));
#17006=CARTESIAN_POINT('',(179.927978203742,-125.876537936583,-0.05));
#17007=CARTESIAN_POINT('Origin',(177.069523066711,-125.7140372648,-0.05));
#17008=CARTESIAN_POINT('',(179.902907000418,-126.116603903835,-0.05));
#17009=CARTESIAN_POINT('',(181.882741395069,-107.158963426576,-0.05));
#17010=CARTESIAN_POINT('',(179.534753192565,-127.11315719526,-0.05));
#17011=CARTESIAN_POINT('Origin',(177.306217882739,-125.7235961787,-0.05));
#17012=CARTESIAN_POINT('',(179.405060723271,-127.30344895521,-0.05));
#17013=CARTESIAN_POINT('',(185.335265749856,-118.602333481768,-0.05));
#17014=CARTESIAN_POINT('',(178.921302908403,-127.808155857805,-0.05));
#17015=CARTESIAN_POINT('Origin',(177.128881999679,-125.605941152799,-0.05));
#17016=CARTESIAN_POINT('',(178.736118244808,-127.947175044747,-0.05));
#17017=CARTESIAN_POINT('',(181.428012381076,-125.926354708482,-0.05));
#17018=CARTESIAN_POINT('',(177.933655245028,-128.334338014111,-0.05));
#17019=CARTESIAN_POINT('Origin',(177.0957447183,-125.5724178542,-0.05));
#17020=CARTESIAN_POINT('',(177.709190228759,-128.392217059197,-0.05));
#17021=CARTESIAN_POINT('',(172.341849623277,-129.77620354431,-0.05));
#17022=CARTESIAN_POINT('',(177.006586719633,-128.449795546618,-0.05));
#17023=CARTESIAN_POINT('Origin',(177.13705503567,-125.7262785358,-0.05));
#17024=CARTESIAN_POINT('',(176.76898503592,-128.427740635866,-0.05));
#17025=CARTESIAN_POINT('',(164.088593228346,-127.250708111334,-0.05));
#17026=CARTESIAN_POINT('',(176.235110995223,-128.29903503242,-0.05));
#17027=CARTESIAN_POINT('Origin',(177.14683233057,-125.688806476299,-0.05));
#17028=CARTESIAN_POINT('',(176.015709072796,-128.211544008983,-0.05));
#17029=CARTESIAN_POINT('',(159.673360672543,-121.694696886236,-0.05));
#17030=CARTESIAN_POINT('',(175.794063418433,-128.104211854595,-0.05));
#17031=CARTESIAN_POINT('',(159.088207551682,-120.014382589819,-0.05));
#17032=CARTESIAN_POINT('',(157.935537520848,-118.661200039238,-0.05));
#17033=CARTESIAN_POINT('',(158.827627525736,-119.132908426864,-0.05));
#17034=CARTESIAN_POINT('',(154.147882916492,-117.968239795076,-0.05));
#17035=CARTESIAN_POINT('Origin',(154.94221493099,-124.3244562966,-0.05));
#17036=CARTESIAN_POINT('',(153.813502998965,-118.018942447606,-0.05));
#17037=CARTESIAN_POINT('',(156.947864592635,-117.54367333467,-0.05));
#17038=CARTESIAN_POINT('',(151.948204028028,-118.661301270918,-0.05));
#17039=CARTESIAN_POINT('Origin',(154.93864046916,-124.3155794252,-0.05));
#17040=CARTESIAN_POINT('',(134.06554928715,-128.117010176344,-0.05));
#17041=CARTESIAN_POINT('',(159.985327785741,-114.411557382021,-0.05));
#17042=CARTESIAN_POINT('',(133.499195880836,-128.346365154196,-0.05));
#17043=CARTESIAN_POINT('Origin',(132.672564751001,-125.491204539701,-0.05));
#17044=CARTESIAN_POINT('',(133.260383173288,-128.403688880506,-0.05));
#17045=CARTESIAN_POINT('',(148.507277454008,-124.743880305809,-0.05));
#17046=CARTESIAN_POINT('',(131.993553520173,-128.347160993533,-0.05));
#17047=CARTESIAN_POINT('Origin',(132.74494573923,-125.731468702,-0.05));
#17048=CARTESIAN_POINT('',(131.772562475736,-128.274209615229,-0.05));
#17049=CARTESIAN_POINT('',(135.951621912797,-129.653759391661,-0.05));
#17050=CARTESIAN_POINT('',(130.996955691117,-127.835770643511,-0.05));
#17051=CARTESIAN_POINT('Origin',(132.79257991906,-125.5645286009,-0.05));
#17052=CARTESIAN_POINT('',(130.821332706062,-127.68521190157,-0.05));
#17053=CARTESIAN_POINT('',(127.419200926735,-124.768619403982,-0.05));
#17054=CARTESIAN_POINT('',(130.373674259787,-127.151815135364,-0.05));
#17055=CARTESIAN_POINT('Origin',(132.72718799784,-125.6311549865,-0.05));
#17056=CARTESIAN_POINT('',(130.25744879423,-126.953581470742,-0.05));
#17057=CARTESIAN_POINT('',(124.412747938901,-116.984884304332,-0.05));
#17058=CARTESIAN_POINT('',(129.981094216762,-126.116854855867,-0.05));
#17059=CARTESIAN_POINT('Origin',(132.570083373749,-125.7257625224,-0.05));
#17060=CARTESIAN_POINT('',(129.955939332255,-125.875834868168,-0.05));
#17061=CARTESIAN_POINT('',(128.014914990128,-107.278028826218,-0.05));
#17062=CARTESIAN_POINT('',(129.984316340216,-125.281541344328,-0.05));
#17063=CARTESIAN_POINT('Origin',(132.774262075531,-125.7125852691,-0.05));
#17064=CARTESIAN_POINT('',(133.20251786125,-104.072712514433,-0.05));
#17065=CARTESIAN_POINT('',(133.221100864358,-103.950245437874,-0.05));
#17066=CARTESIAN_POINT('',(132.182184283436,-99.5809549370404,-0.05));
#17067=CARTESIAN_POINT('Origin',(126.96517018298,-103.1278021923,-0.05));
#17068=CARTESIAN_POINT('',(131.984330584505,-99.304749348372,-0.05));
#17069=CARTESIAN_POINT('',(132.690169243484,-100.290106626813,-0.05));
#17070=CARTESIAN_POINT('',(131.75519953259,-99.0208501819905,-0.05));
#17071=CARTESIAN_POINT('',(133.120043013662,-100.711925762008,-0.05));
#17072=CARTESIAN_POINT('',(131.523386464666,-98.7652813042765,-0.05));
#17073=CARTESIAN_POINT('',(133.604934405498,-101.060142745487,-0.05));
#17074=CARTESIAN_POINT('',(116.757410385775,-83.3976934563282,-0.05));
#17075=CARTESIAN_POINT('',(133.811569597272,-101.146692131075,-0.05));
#17076=CARTESIAN_POINT('',(116.394556536594,-82.93513385561,-0.05));
#17077=CARTESIAN_POINT('Origin',(118.844026545689,-81.3872523067206,-0.05));
#17078=CARTESIAN_POINT('',(116.277178771049,-82.7289833777783,-0.05));
#17079=CARTESIAN_POINT('',(121.648194166778,-92.1620935168927,-0.05));
#17080=CARTESIAN_POINT('',(115.992237420651,-81.3657865288541,-0.05));
#17081=CARTESIAN_POINT('Origin',(118.63284043599,-81.5252144369801,-0.05));
#17082=CARTESIAN_POINT('',(116.014421449547,-81.1413871985084,-0.05));
#17083=CARTESIAN_POINT('',(115.982087274188,-81.4684588648835,-0.05));
#17084=CARTESIAN_POINT('',(116.345800830033,-80.1560913795985,-0.05));
#17085=CARTESIAN_POINT('Origin',(118.8119414893,-81.5338890014798,-0.05));
#17086=CARTESIAN_POINT('',(116.463565592374,-79.9639252339032,-0.05));
#17087=CARTESIAN_POINT('',(120.441198801388,-73.4733042062666,-0.05));
#17088=CARTESIAN_POINT('',(116.909764192775,-79.449626225913,-0.05));
#17089=CARTESIAN_POINT('Origin',(118.73282749286,-81.48199768106,-0.05));
#17090=CARTESIAN_POINT('',(117.086053674779,-79.3047357465388,-0.05));
#17091=CARTESIAN_POINT('',(126.793974087184,-71.3258976088941,-0.05));
#17092=CARTESIAN_POINT('',(117.702769800032,-78.9570938170082,-0.05));
#17093=CARTESIAN_POINT('Origin',(118.709329935041,-81.463577176571,-0.05));
#17094=CARTESIAN_POINT('',(117.913998468757,-78.8826460688638,-0.05));
#17095=CARTESIAN_POINT('',(133.251253754145,-73.4770156418581,-0.05));
#17096=CARTESIAN_POINT('',(118.113070548114,-78.8278763968871,-0.05));
#17097=CARTESIAN_POINT('',(134.288646438686,-74.3775738309981,-0.05));
#17098=CARTESIAN_POINT('',(118.348883336217,-78.7804425864453,-0.05));
#17099=CARTESIAN_POINT('',(135.173765857906,-75.3961126073223,-0.05));
#17100=CARTESIAN_POINT('',(138.577715793554,-75.436570901976,-0.05));
#17101=CARTESIAN_POINT('',(135.624229303341,-75.9247888881557,-0.05));
#17102=CARTESIAN_POINT('',(141.052548807433,-74.4685751003889,-0.05));
#17103=CARTESIAN_POINT('Origin',(137.53590546611,-69.12537229783,-0.05));
#17104=CARTESIAN_POINT('',(143.163124067017,-72.9997945856987,-0.05));
#17105=CARTESIAN_POINT('',(143.336793961548,-71.78739402307,-0.05));
#17106=CARTESIAN_POINT('',(141.800667686343,-75.9248377294331,-0.05));
#17107=CARTESIAN_POINT('',(146.472040645356,-63.0286951819147,-0.05));
#17108=CARTESIAN_POINT('',(141.832442150974,-75.9899866063001,-0.05));
#17109=CARTESIAN_POINT('',(146.576702,-62.7357783962294,-0.05));
#17110=CARTESIAN_POINT('',(143.403510368311,-71.6166217245077,-0.05));
#17111=CARTESIAN_POINT('',(146.576700944973,-52.34849469113,-0.05));
#17112=CARTESIAN_POINT('',(146.576703152195,-74.0797282694664,-0.05));
#17113=CARTESIAN_POINT('',(145.892846474048,-50.6800341215803,-0.05));
#17114=CARTESIAN_POINT('Origin',(144.18745464125,-52.35340218629,-0.05));
#17115=CARTESIAN_POINT('',(145.823593109932,-50.6112266389314,-0.05));
#17116=CARTESIAN_POINT('',(156.855428818501,-61.5720348797265,-0.05));
#17117=CARTESIAN_POINT('',(145.141124122009,-50.1486132980012,-0.05));
#17118=CARTESIAN_POINT('Origin',(144.09359400953,-52.42869092158,-0.05));
#17119=CARTESIAN_POINT('',(145.039772853687,-50.1003593021684,-0.05));
#17120=CARTESIAN_POINT('',(155.981534105445,-55.3098027614031,-0.05));
#17121=CARTESIAN_POINT('',(144.768443264244,-49.9233509938841,-0.05));
#17122=CARTESIAN_POINT('Origin',(145.74946976061,-48.7160309821397,-0.05));
#17123=CARTESIAN_POINT('',(144.697428584794,-49.8616048917969,-0.05));
#17124=CARTESIAN_POINT('',(156.454171215337,-60.0839002861802,-0.05));
#17125=CARTESIAN_POINT('',(144.485072965021,-49.6199492330136,-0.05));
#17126=CARTESIAN_POINT('Origin',(145.781579819719,-48.6947719189008,-0.05));
#17127=CARTESIAN_POINT('',(144.428218664991,-49.5357771587372,-0.05));
#17128=CARTESIAN_POINT('',(154.426618596522,-64.3382821800074,-0.05));
#17129=CARTESIAN_POINT('',(144.285214963559,-49.2702762589458,-0.05));
#17130=CARTESIAN_POINT('Origin',(146.226811700998,-48.3957589706114,-0.05));
#17131=CARTESIAN_POINT('',(144.241068204815,-49.1665739122157,-0.05));
#17132=CARTESIAN_POINT('',(151.617422458977,-66.4938991393914,-0.05));
#17133=CARTESIAN_POINT('',(144.126212980844,-48.8164568177143,-0.05));
#17134=CARTESIAN_POINT('Origin',(147.030380597468,-48.0576479076008,-0.05));
#17135=CARTESIAN_POINT('',(144.095889346392,-48.6923628887651,-0.05));
#17136=CARTESIAN_POINT('',(148.651581005946,-67.3356979422113,-0.05));
#17137=CARTESIAN_POINT('',(144.039182300848,-48.3861839005628,-0.05));
#17138=CARTESIAN_POINT('Origin',(148.04568406112,-47.8024853001902,-0.05));
#17139=CARTESIAN_POINT('',(144.008657523967,-48.1245794370884,-0.05));
#17140=CARTESIAN_POINT('',(146.244202024742,-67.2837176670564,-0.05));
#17141=CARTESIAN_POINT('',(143.991361848756,-47.8680209105603,-0.05));
#17142=CARTESIAN_POINT('',(145.284944498963,-67.056613123161,-0.05));
#17143=CARTESIAN_POINT('',(143.985152,-47.5823117777483,-0.05));
#17144=CARTESIAN_POINT('',(144.401887949728,-66.7559296054836,-0.05));
#17145=CARTESIAN_POINT('',(143.985152141454,-45.1510451129459,-0.05));
#17146=CARTESIAN_POINT('',(143.985150899172,-66.502994216672,-0.05));
#17147=CARTESIAN_POINT('',(144.040568796355,-44.7049648281443,-0.05));
#17148=CARTESIAN_POINT('Origin',(145.82833572819,-45.15354187355,-0.05));
#17149=CARTESIAN_POINT('',(144.085780807858,-44.550357490925,-0.05));
#17150=CARTESIAN_POINT('',(138.985280903814,-61.9920656221804,-0.05));
#17151=CARTESIAN_POINT('',(144.221192417841,-44.2316861393237,-0.05));
#17152=CARTESIAN_POINT('Origin',(146.207745258611,-45.2639288685704,-0.05));
#17153=CARTESIAN_POINT('',(144.30518086934,-44.0819828076005,-0.05));
#17154=CARTESIAN_POINT('',(136.715757542566,-57.6095802044524,-0.05));
#17155=CARTESIAN_POINT('',(144.533110373177,-43.7592327398367,-0.05));
#17156=CARTESIAN_POINT('Origin',(146.730630291302,-45.5530026408011,-0.05));
#17157=CARTESIAN_POINT('',(144.65306718814,-43.6201355201123,-0.05));
#17158=CARTESIAN_POINT('',(136.449842188377,-53.1322736224054,-0.05));
#17159=CARTESIAN_POINT('',(144.970589696013,-43.3141477035094,-0.05));
#17160=CARTESIAN_POINT('Origin',(147.22469001525,-45.97095979114,-0.05));
#17161=CARTESIAN_POINT('',(145.120813467887,-43.1928716622664,-0.05));
#17162=CARTESIAN_POINT('',(137.698273856174,-49.1851071709947,-0.05));
#17163=CARTESIAN_POINT('',(145.803469034722,-42.7724267581299,-0.05));
#17164=CARTESIAN_POINT('Origin',(147.53709552965,-46.3516497025503,-0.05));
#17165=CARTESIAN_POINT('',(145.982775685564,-42.6907801774711,-0.05));
#17166=CARTESIAN_POINT('',(141.545041680988,-44.7114849625214,-0.05));
#17167=CARTESIAN_POINT('',(146.578731489413,-42.4919167812783,-0.05));
#17168=CARTESIAN_POINT('Origin',(147.49671447906,-46.2353521746697,-0.05));
#17169=CARTESIAN_POINT('',(146.764926138151,-42.4516400570946,-0.05));
#17170=CARTESIAN_POINT('',(146.137520295425,-42.5873574488134,-0.05));
#17171=CARTESIAN_POINT('',(147.195347174461,-42.3990009296577,-0.05));
#17172=CARTESIAN_POINT('Origin',(147.38357428135,-45.7241601420019,-0.05));
#17173=CARTESIAN_POINT('',(147.378864406165,-42.394409,-0.05));
#17174=CARTESIAN_POINT('',(150.528214190432,-42.3156066306395,-0.05));
#17175=CARTESIAN_POINT('',(151.160336775046,-42.3944090145602,-0.05));
#17176=CARTESIAN_POINT('Origin',(155.236925947073,-42.3944090302566,-2.690000014901));
#17177=CARTESIAN_POINT('',(147.378864406165,-42.394409,3.45));
#17178=CARTESIAN_POINT('',(162.875673871952,-42.3944090596688,3.45));
#17179=CARTESIAN_POINT('',(160.00692594707,-42.394409048623,-3.04500001490227));
#17180=CARTESIAN_POINT('',(160.00692594707,-42.394409048623,-1.3700000074505));
#17181=CARTESIAN_POINT('',(158.456925947073,-42.3944090426549,-4.595000014898));
#17182=CARTESIAN_POINT('Origin',(158.456925947073,-42.3944090426549,-3.045000014901));
#17183=CARTESIAN_POINT('',(152.016925947073,-42.3944090178584,-4.595000014901));
#17184=CARTESIAN_POINT('',(153.626925940335,-42.3944090240575,-4.59500001490025));
#17185=CARTESIAN_POINT('Origin',(152.016925947073,-42.3944090178584,-3.045000014901));
#17186=CARTESIAN_POINT('Origin',(160.00692594707,-38.894409,-3.04500001490227));
#17187=CARTESIAN_POINT('',(160.00692594707,-38.894409,-3.04500001490227));
#17188=CARTESIAN_POINT('Origin',(158.456925947073,-38.894409,-3.045000014901));
#17189=CARTESIAN_POINT('',(158.456925947073,-38.894409,-4.595000014898));
#17190=CARTESIAN_POINT('Origin',(152.016925947073,-38.894409,-4.595000014901));
#17191=CARTESIAN_POINT('',(152.016925947073,-38.894409,-4.595000014901));
#17192=CARTESIAN_POINT('Origin',(152.016925947073,-38.894409,-3.045000014901));
#17193=CARTESIAN_POINT('Origin',(162.876366571963,-40.6944090007578,-0.05));
#17194=CARTESIAN_POINT('',(147.357599212585,-40.6944089999993,-0.05));
#17195=CARTESIAN_POINT('Origin',(161.884527000015,-77.7984831465254,-6.3));
#17196=CARTESIAN_POINT('',(161.884527,-70.1732889999977,-7.05));
#17197=CARTESIAN_POINT('',(161.134527,-70.1732889999992,-6.3));
#17198=CARTESIAN_POINT('Origin',(161.884527,-70.1732889999977,-6.3));
#17199=CARTESIAN_POINT('',(161.134526999988,-64.1732875622041,-6.3));
#17200=CARTESIAN_POINT('',(161.134527000015,-77.7984831465269,-6.3));
#17201=CARTESIAN_POINT('',(161.884526999988,-64.1732875622026,-7.05));
#17202=CARTESIAN_POINT('Origin',(161.884526999988,-64.1732875622026,-6.3));
#17203=CARTESIAN_POINT('',(161.884527000015,-77.7984831465254,-7.05));
#17204=CARTESIAN_POINT('Origin',(160.58452685621,-64.17328914378,-6.3));
#17205=CARTESIAN_POINT('',(160.584527,-63.623289,-6.3));
#17206=CARTESIAN_POINT('',(160.584527196078,-62.873289,-7.05));
#17207=CARTESIAN_POINT('Origin',(160.584527196078,-62.873289,-6.3));
#17208=CARTESIAN_POINT('Origin',(160.58452685621,-64.17328914378,-7.05));
#17209=CARTESIAN_POINT('Origin',(160.58452685621,-64.17328914378,-6.3));
#17210=CARTESIAN_POINT('Origin',(157.763167989132,-62.8732889999982,-6.3));
#17211=CARTESIAN_POINT('',(149.584525562204,-63.6232889999929,-6.3));
#17212=CARTESIAN_POINT('',(149.584525562205,-62.8732889999929,-7.05));
#17213=CARTESIAN_POINT('Origin',(149.584525562205,-62.8732889999929,-6.3));
#17214=CARTESIAN_POINT('',(157.763167989132,-62.8732889999982,-7.05));
#17215=CARTESIAN_POINT('',(157.763167989131,-63.6232889999982,-6.3));
#17216=CARTESIAN_POINT('Origin',(149.58452714378,-64.17328914378,-6.3));
#17217=CARTESIAN_POINT('',(149.034526999991,-64.173289,-6.3));
#17218=CARTESIAN_POINT('',(148.284526999991,-64.1732888039364,-7.05));
#17219=CARTESIAN_POINT('Origin',(148.284526999991,-64.1732888039364,-6.3));
#17220=CARTESIAN_POINT('Origin',(149.58452714378,-64.17328914378,-7.05));
#17221=CARTESIAN_POINT('Origin',(149.58452714378,-64.17328914378,-6.3));
#17222=CARTESIAN_POINT('Origin',(148.284526999993,-74.7984831465343,-6.3));
#17223=CARTESIAN_POINT('',(149.034526999992,-70.1732904378959,-6.3));
#17224=CARTESIAN_POINT('',(148.284526999992,-70.173290437896,-7.05));
#17225=CARTESIAN_POINT('Origin',(148.284526999992,-70.173290437896,-6.3));
#17226=CARTESIAN_POINT('',(148.284526999993,-74.7984831465343,-7.05));
#17227=CARTESIAN_POINT('',(149.034526999993,-74.7984831465342,-6.3));
#17228=CARTESIAN_POINT('Origin',(149.58452714378,-70.17328885621,-6.3));
#17229=CARTESIAN_POINT('',(149.584527,-70.723289,-6.3));
#17230=CARTESIAN_POINT('',(149.584526803936,-71.473289,-7.05));
#17231=CARTESIAN_POINT('Origin',(149.584526803936,-71.473289,-6.3));
#17232=CARTESIAN_POINT('Origin',(149.58452714378,-70.17328885621,-7.05));
#17233=CARTESIAN_POINT('Origin',(149.58452714378,-70.17328885621,-6.3));
#17234=CARTESIAN_POINT('Origin',(152.263167989123,-71.4732889999995,-6.3));
#17235=CARTESIAN_POINT('',(160.584528437896,-70.7232889999979,-6.3));
#17236=CARTESIAN_POINT('',(160.584528437896,-71.4732889999979,-7.05));
#17237=CARTESIAN_POINT('Origin',(160.584528437896,-71.4732889999979,-6.3));
#17238=CARTESIAN_POINT('',(152.263167989123,-71.4732889999995,-7.05));
#17239=CARTESIAN_POINT('',(152.263167989122,-70.7232889999995,-6.3));
#17240=CARTESIAN_POINT('Origin',(160.58452685621,-70.17328885621,-6.3));
#17241=CARTESIAN_POINT('Origin',(160.58452685621,-70.17328885621,-7.05));
#17242=CARTESIAN_POINT('Origin',(160.58452685621,-70.17328885621,-6.3));
#17243=CARTESIAN_POINT('Origin',(149.58452714378,-64.17328914378,-7.05));
#17244=CARTESIAN_POINT('',(149.584525562204,-63.6232889999929,-7.05));
#17245=CARTESIAN_POINT('',(149.034526999991,-64.173289,-7.05));
#17246=CARTESIAN_POINT('Origin',(160.584527,-63.623289,-7.05));
#17247=CARTESIAN_POINT('',(160.584527,-63.623289,-7.05));
#17248=CARTESIAN_POINT('Origin',(160.58452685621,-64.17328914378,-7.05));
#17249=CARTESIAN_POINT('',(161.134526999988,-64.1732875622041,-7.05));
#17250=CARTESIAN_POINT('Origin',(161.134527,-70.1732889999992,-7.05));
#17251=CARTESIAN_POINT('',(161.134527,-70.1732889999992,-7.05));
#17252=CARTESIAN_POINT('Origin',(154.941808978248,-85.4236772930672,-7.05));
#17253=CARTESIAN_POINT('',(141.777944,-71.5627009999997,-7.05));
#17254=CARTESIAN_POINT('',(140.464703748006,-73.7179750412123,-7.05));
#17255=CARTESIAN_POINT('',(141.920327014021,-71.2936551138573,-7.05));
#17256=CARTESIAN_POINT('',(140.390455470473,-74.184489023705,-7.05));
#17257=CARTESIAN_POINT('',(145.076702,-62.4759317510608,-7.05));
#17258=CARTESIAN_POINT('',(141.937770812113,-71.2449237094286,-7.05));
#17259=CARTESIAN_POINT('',(145.076702,-51.6966947091208,-7.05));
#17260=CARTESIAN_POINT('',(145.076702,-69.2155398884299,-7.05));
#17261=CARTESIAN_POINT('',(143.799944000075,-51.0689700000629,-7.05));
#17262=CARTESIAN_POINT('Origin',(145.74946976061,-48.71603098214,-7.05));
#17263=CARTESIAN_POINT('',(143.697612000007,-50.979994000006,-7.05));
#17264=CARTESIAN_POINT('',(155.418823884942,-61.1713959920162,-7.05));
#17265=CARTESIAN_POINT('',(143.252112790247,-50.4743669234958,-7.05));
#17266=CARTESIAN_POINT('Origin',(145.78157981972,-48.6947719189,-7.05));
#17267=CARTESIAN_POINT('',(143.174597999989,-50.359666999984,-7.05));
#17268=CARTESIAN_POINT('',(153.144312936319,-65.1197042489164,-7.05));
#17269=CARTESIAN_POINT('',(142.910917889488,-49.8714931794867,-7.05));
#17270=CARTESIAN_POINT('Origin',(146.226811701,-48.39575897061,-7.05));
#17271=CARTESIAN_POINT('',(142.853979548245,-49.7378000543976,-7.05));
#17272=CARTESIAN_POINT('',(150.208529941621,-67.0139072192204,-7.05));
#17273=CARTESIAN_POINT('',(142.671879559485,-49.1838974716258,-7.05));
#17274=CARTESIAN_POINT('Origin',(147.03038059747,-48.0576479076,-7.05));
#17275=CARTESIAN_POINT('',(142.635557637514,-49.0353112681644,-7.05));
#17276=CARTESIAN_POINT('',(147.17611962552,-67.6167309077589,-7.05));
#17277=CARTESIAN_POINT('',(142.551574000002,-48.5796000000156,-7.05));
#17278=CARTESIAN_POINT('Origin',(148.04568406112,-47.80248530019,-7.05));
#17279=CARTESIAN_POINT('',(142.514519,-48.2620300000004,-7.05));
#17280=CARTESIAN_POINT('',(144.734093344748,-67.28430026481,-7.05));
#17281=CARTESIAN_POINT('',(142.492459,-47.9347989999998,-7.05));
#17282=CARTESIAN_POINT('',(143.777010516685,-66.9894262600171,-7.05));
#17283=CARTESIAN_POINT('',(142.485151944248,-47.5986084349075,-7.05));
#17284=CARTESIAN_POINT('',(142.898723995732,-66.6266583657111,-7.05));
#17285=CARTESIAN_POINT('',(142.485152,-45.1493601836191,-7.05));
#17286=CARTESIAN_POINT('',(142.485152,-65.2865187383431,-7.05));
#17287=CARTESIAN_POINT('',(142.593928151724,-44.3076719007371,-7.05));
#17288=CARTESIAN_POINT('Origin',(145.82833572819,-45.15354187355,-7.05));
#17289=CARTESIAN_POINT('',(142.653406,-44.1042809999998,-7.05));
#17290=CARTESIAN_POINT('',(137.575718370377,-61.4679801012452,-7.05));
#17291=CARTESIAN_POINT('',(142.902745000038,-43.5160489999252,-7.05));
#17292=CARTESIAN_POINT('Origin',(146.20774525861,-45.26392886857,-7.05));
#17293=CARTESIAN_POINT('',(143.008126000002,-43.3282149999971,-7.05));
#17294=CARTESIAN_POINT('',(135.461207774168,-56.7800501313196,-7.05));
#17295=CARTESIAN_POINT('',(143.385324000221,-42.7933569997315,-7.05));
#17296=CARTESIAN_POINT('Origin',(146.7306302913,-45.5530026408,-7.05));
#17297=CARTESIAN_POINT('',(143.530039999996,-42.6255500000042,-7.05));
#17298=CARTESIAN_POINT('',(135.3875743342,-52.0672339594797,-7.05));
#17299=CARTESIAN_POINT('',(144.014283114001,-42.1584156360835,-7.05));
#17300=CARTESIAN_POINT('Origin',(147.22469001525,-45.97095979114,-7.05));
#17301=CARTESIAN_POINT('',(144.192643000004,-42.0143869999964,-7.05));
#17302=CARTESIAN_POINT('',(136.846191294219,-47.9451965437111,-7.05));
#17303=CARTESIAN_POINT('',(145.165720306734,-41.4146678283527,-7.05));
#17304=CARTESIAN_POINT('Origin',(147.53709552965,-46.35164970255,-7.05));
#17305=CARTESIAN_POINT('',(145.377207003862,-41.318338101178,-7.05));
#17306=CARTESIAN_POINT('',(141.02888962696,-43.2983273749794,-7.05));
#17307=CARTESIAN_POINT('',(146.243123000116,-41.029820999973,-7.05));
#17308=CARTESIAN_POINT('Origin',(147.49671447906,-46.23535217467,-7.05));
#17309=CARTESIAN_POINT('',(146.465210999977,-40.981780000002,-7.05));
#17310=CARTESIAN_POINT('',(145.931902386867,-41.0971427349672,-7.05));
#17311=CARTESIAN_POINT('',(147.136376000003,-40.9000069999976,-7.05));
#17312=CARTESIAN_POINT('Origin',(147.38357428135,-45.724160142,-7.05));
#17313=CARTESIAN_POINT('',(147.360104912797,-40.8944089020948,-7.05));
#17314=CARTESIAN_POINT('',(150.604335655991,-40.813232441295,-7.05));
#17315=CARTESIAN_POINT('',(162.877099836982,-40.894409,-7.05));
#17316=CARTESIAN_POINT('',(158.909454407615,-40.894409,-7.05));
#17317=CARTESIAN_POINT('',(163.547915696184,-40.9439396096444,-7.05));
#17318=CARTESIAN_POINT('Origin',(162.87251267879,-45.52394845475,-7.05));
#17319=CARTESIAN_POINT('',(163.771143000013,-40.9817630000021,-7.05));
#17320=CARTESIAN_POINT('',(163.150597898668,-40.8766185163277,-7.05));
#17321=CARTESIAN_POINT('',(164.646466244064,-41.232120298533,-7.05));
#17322=CARTESIAN_POINT('Origin',(162.76850870819,-46.14264262185,-7.05));
#17323=CARTESIAN_POINT('',(164.860370999989,-41.3188939999955,-7.05));
#17324=CARTESIAN_POINT('',(168.294764377037,-42.7125828819365,-7.05));
#17325=CARTESIAN_POINT('',(166.043733999993,-42.0143899999959,-7.05));
#17326=CARTESIAN_POINT('Origin',(162.68810701634,-46.36940207249,-7.05));
#17327=CARTESIAN_POINT('',(166.220994999997,-42.1574829999977,-7.05));
#17328=CARTESIAN_POINT('',(173.387217779959,-47.942378246266,-7.05));
#17329=CARTESIAN_POINT('',(166.706394000025,-42.6255500000288,-7.05));
#17330=CARTESIAN_POINT('Origin',(162.97386791459,-46.0105674793,-7.05));
#17331=CARTESIAN_POINT('',(166.851142999996,-42.7933569999957,-7.05));
#17332=CARTESIAN_POINT('',(174.859675201399,-52.0776198489797,-7.05));
#17333=CARTESIAN_POINT('',(167.228472000042,-43.3282150000708,-7.05));
#17334=CARTESIAN_POINT('Origin',(163.46000420187,-45.58624808279,-7.05));
#17335=CARTESIAN_POINT('',(167.333901999999,-43.5160489999976,-7.05));
#17336=CARTESIAN_POINT('',(174.798706459178,-56.8153383939739,-7.05));
#17337=CARTESIAN_POINT('',(167.583381000015,-44.1042810000462,-7.05));
#17338=CARTESIAN_POINT('Origin',(163.98897433014,-45.28170870362,-7.05));
#17339=CARTESIAN_POINT('',(167.642897,-44.3076690000007,-7.05));
#17340=CARTESIAN_POINT('',(172.686818046561,-61.5445971174173,-7.05));
#17341=CARTESIAN_POINT('',(167.751757538379,-45.1509325584912,-7.05));
#17342=CARTESIAN_POINT('Origin',(164.41075458704,-45.15357865536,-7.05));
#17343=CARTESIAN_POINT('',(167.751756999218,-47.5986136067221,-7.05));
#17344=CARTESIAN_POINT('',(167.751757679992,-66.5220172105831,-7.05));
#17345=CARTESIAN_POINT('',(167.744445,-47.934809,-7.05));
#17346=CARTESIAN_POINT('',(167.333440960891,-66.8323385323219,-7.05));
#17347=CARTESIAN_POINT('',(167.722372,-48.2620490000001,-7.05));
#17348=CARTESIAN_POINT('',(166.444147509056,-67.2121773204327,-7.05));
#17349=CARTESIAN_POINT('',(167.685296,-48.5796260000001,-7.05));
#17350=CARTESIAN_POINT('',(165.474788751397,-67.5138762019884,-7.05));
#17351=CARTESIAN_POINT('',(167.632978,-48.8868369999999,-7.05));
#17352=CARTESIAN_POINT('',(164.425970611413,-67.7183662414654,-7.05));
#17353=CARTESIAN_POINT('',(167.565176,-49.1829759999995,-7.05));
#17354=CARTESIAN_POINT('',(163.301961050576,-67.8034327993289,-7.05));
#17355=CARTESIAN_POINT('',(167.481651,-49.4673390000001,-7.05));
#17356=CARTESIAN_POINT('',(162.113236701718,-67.7442428623467,-7.05));
#17357=CARTESIAN_POINT('',(167.382161,-49.7392230000001,-7.05));
#17358=CARTESIAN_POINT('',(160.877665877795,-67.5145587302726,-7.05));
#17359=CARTESIAN_POINT('',(167.266466,-49.9979220000002,-7.05));
#17360=CARTESIAN_POINT('',(159.62294665089,-67.0891602738742,-7.05));
#17361=CARTESIAN_POINT('',(167.134326,-50.2427319999993,-7.05));
#17362=CARTESIAN_POINT('',(158.387585145098,-66.4474363188146,-7.05));
#17363=CARTESIAN_POINT('',(166.985499999998,-50.472949000002,-7.05));
#17364=CARTESIAN_POINT('',(157.233867108058,-65.5576228438281,-7.05));
#17365=CARTESIAN_POINT('',(166.436500000087,-51.0689969999257,-7.05));
#17366=CARTESIAN_POINT('Origin',(164.45279637142,-48.69101670102,-7.05));
#17367=CARTESIAN_POINT('',(166.218525000001,-51.2337969999994,-7.05));
#17368=CARTESIAN_POINT('',(154.370773825846,-60.1912893436191,-7.05));
#17369=CARTESIAN_POINT('',(165.159682999999,-51.8922933380328,-7.05));
#17370=CARTESIAN_POINT('',(154.42882238627,-58.5658408721088,-7.05));
#17371=CARTESIAN_POINT('',(165.159683,-63.1910526023715,-7.05));
#17372=CARTESIAN_POINT('',(165.159683000001,-74.1392434341669,-7.05));
#17373=CARTESIAN_POINT('',(167.961839217207,-71.2892241368809,-7.05));
#17374=CARTESIAN_POINT('',(169.427356894451,-75.52453887926,-7.05));
#17375=CARTESIAN_POINT('',(169.435760000007,-73.0616930000014,-7.05));
#17376=CARTESIAN_POINT('Origin',(172.3158514214,-69.1676495455201,-7.05));
#17377=CARTESIAN_POINT('',(169.671194999937,-73.2255349999559,-7.05));
#17378=CARTESIAN_POINT('',(167.555292465452,-71.7530534102925,-7.05));
#17379=CARTESIAN_POINT('',(171.551188945188,-73.9567089176516,-7.05));
#17380=CARTESIAN_POINT('Origin',(172.34752290837,-69.1266688823598,-7.05));
#17381=CARTESIAN_POINT('',(191.80514222264,-77.3047415883771,-7.05));
#17382=CARTESIAN_POINT('',(174.516479898906,-74.4468795993075,-7.05));
#17383=CARTESIAN_POINT('',(192.706869893321,-77.5519350860604,-7.05));
#17384=CARTESIAN_POINT('Origin',(191.08122368684,-81.71378343628,-7.05));
#17385=CARTESIAN_POINT('',(192.982184999998,-77.6713749999992,-7.05));
#17386=CARTESIAN_POINT('',(178.404708298592,-71.34723033653,-7.05));
#17387=CARTESIAN_POINT('',(194.831285000115,-79.395364000214,-7.05));
#17388=CARTESIAN_POINT('Origin',(191.17328347827,-81.46518937171,-7.05));
#17389=CARTESIAN_POINT('',(194.961101000006,-79.6416800000111,-7.05));
#17390=CARTESIAN_POINT('',(191.810569690135,-73.6637861337955,-7.05));
#17391=CARTESIAN_POINT('',(195.386984999991,-81.2435659999186,-7.05));
#17392=CARTESIAN_POINT('Origin',(191.07969815967,-81.53116235796,-7.05));
#17393=CARTESIAN_POINT('',(195.396188,-81.5223779999903,-7.05));
#17394=CARTESIAN_POINT('',(195.438971886681,-82.8185489231207,-7.05));
#17395=CARTESIAN_POINT('',(195.244923000057,-82.6367179997912,-7.05));
#17396=CARTESIAN_POINT('Origin',(191.23651841257,-81.52516435584,-7.05));
#17397=CARTESIAN_POINT('',(195.158511999998,-82.9103440000056,-7.05));
#17398=CARTESIAN_POINT('',(192.969260490684,-89.8427499847475,-7.05));
#17399=CARTESIAN_POINT('',(194.609023000025,-83.9566149999656,-7.05));
#17400=CARTESIAN_POINT('Origin',(191.22472522352,-81.51179431379,-7.05));
#17401=CARTESIAN_POINT('',(194.419113,-84.2013919999998,-7.05));
#17402=CARTESIAN_POINT('',(186.684517407022,-94.1705937559975,-7.05));
#17403=CARTESIAN_POINT('',(194.207557000001,-84.4375599999991,-7.05));
#17404=CARTESIAN_POINT('',(185.210407122524,-94.4814202179271,-7.05));
#17405=CARTESIAN_POINT('',(179.457587571717,-99.7883876333423,-7.05));
#17406=CARTESIAN_POINT('',(177.16107047363,-102.178455320615,-7.05));
#17407=CARTESIAN_POINT('',(178.427089999988,-101.411493999992,-7.05));
#17408=CARTESIAN_POINT('Origin',(182.936680852889,-103.1359174386,-7.05));
#17409=CARTESIAN_POINT('',(178.336768999733,-101.669580000764,-7.05));
#17410=CARTESIAN_POINT('',(179.598285507363,-98.064883978354,-7.05));
#17411=CARTESIAN_POINT('',(178.164722554544,-103.847616352532,-7.05));
#17412=CARTESIAN_POINT('Origin',(182.909721962791,-103.1266180517,-7.05));
#17413=CARTESIAN_POINT('',(181.382496922515,-125.054763723678,-7.05));
#17414=CARTESIAN_POINT('',(178.145953793421,-103.723918467726,-7.05));
#17415=CARTESIAN_POINT('',(181.423161241219,-126.000775690146,-7.05));
#17416=CARTESIAN_POINT('Origin',(177.06952306671,-125.7140372648,-7.05));
#17417=CARTESIAN_POINT('',(181.391602000001,-126.302966999993,-7.05));
#17418=CARTESIAN_POINT('',(183.358772475148,-107.466588188496,-7.05));
#17419=CARTESIAN_POINT('',(180.78950700004,-127.935547999928,-7.05));
#17420=CARTESIAN_POINT('Origin',(177.30621788274,-125.7235961787,-7.05));
#17421=CARTESIAN_POINT('',(180.628480999999,-128.171814000001,-7.05));
#17422=CARTESIAN_POINT('',(186.49310069475,-119.566928845543,-7.05));
#17423=CARTESIAN_POINT('',(179.842884001355,-128.991954998894,-7.05));
#17424=CARTESIAN_POINT('Origin',(177.12888199968,-125.6059411528,-7.05));
#17425=CARTESIAN_POINT('',(179.615457999986,-129.16268500001,-7.05));
#17426=CARTESIAN_POINT('',(182.213759826092,-127.212124945311,-7.05));
#17427=CARTESIAN_POINT('',(178.335639000742,-129.779748999778,-7.05));
#17428=CARTESIAN_POINT('Origin',(177.0957447183,-125.5724178542,-7.05));
#17429=CARTESIAN_POINT('',(178.057220999999,-129.85154,-7.05));
#17430=CARTESIAN_POINT('',(172.5765085773,-131.264759783575,-7.05));
#17431=CARTESIAN_POINT('',(176.89768300099,-129.946135000058,-7.05));
#17432=CARTESIAN_POINT('Origin',(177.13705503567,-125.7262785358,-7.05));
#17433=CARTESIAN_POINT('',(176.600676999999,-129.918566,-7.05));
#17434=CARTESIAN_POINT('',(163.800178446519,-128.730384804348,-7.05));
#17435=CARTESIAN_POINT('',(175.706480000514,-129.703098000186,-7.05));
#17436=CARTESIAN_POINT('Origin',(177.14683233057,-125.6888064763,-7.05));
#17437=CARTESIAN_POINT('',(175.410252,-129.584971,-7.05));
#17438=CARTESIAN_POINT('',(158.949894621567,-123.021065374148,-7.05));
#17439=CARTESIAN_POINT('',(175.11639,-129.442668,-7.05));
#17440=CARTESIAN_POINT('',(158.295725270763,-121.297242416005,-7.05));
#17441=CARTESIAN_POINT('',(157.234214314936,-119.987151020885,-7.05));
#17442=CARTESIAN_POINT('',(149.197348204644,-115.737515661831,-7.05));
#17443=CARTESIAN_POINT('',(154.352067999993,-119.454424999926,-7.05));
#17444=CARTESIAN_POINT('Origin',(154.94221493099,-124.3244562966,-7.05));
#17445=CARTESIAN_POINT('',(154.059213998654,-119.498831000204,-7.05));
#17446=CARTESIAN_POINT('',(157.032793750816,-119.047941537543,-7.05));
#17447=CARTESIAN_POINT('',(152.649523814572,-119.987253982516,-7.05));
#17448=CARTESIAN_POINT('Origin',(154.93864046916,-124.3155794252,-7.05));
#17449=CARTESIAN_POINT('',(134.7675746623,-129.44258992145,-7.05));
#17450=CARTESIAN_POINT('',(151.745997612605,-120.465006362666,-7.05));
#17451=CARTESIAN_POINT('',(133.879599331302,-129.797662440338,-7.05));
#17452=CARTESIAN_POINT('Origin',(132.672564751,-125.4912045397,-7.05));
#17453=CARTESIAN_POINT('',(133.581238000004,-129.869279999999,-7.05));
#17454=CARTESIAN_POINT('',(148.707472400734,-126.238434173117,-7.05));
#17455=CARTESIAN_POINT('',(131.548161002255,-129.779749000673,-7.05));
#17456=CARTESIAN_POINT('Origin',(132.74494573923,-125.731468702,-7.05));
#17457=CARTESIAN_POINT('',(131.276073000012,-129.689930000004,-7.05));
#17458=CARTESIAN_POINT('',(135.343391407113,-131.032592931539,-7.05));
#17459=CARTESIAN_POINT('',(130.040947999963,-128.991954999972,-7.05));
#17460=CARTESIAN_POINT('Origin',(132.79257991906,-125.5645286009,-7.05));
#17461=CARTESIAN_POINT('',(129.825071999994,-128.806887999995,-7.05));
#17462=CARTESIAN_POINT('',(126.334229507583,-125.814245244153,-7.05));
#17463=CARTESIAN_POINT('',(129.094375000019,-127.935548000032,-7.05));
#17464=CARTESIAN_POINT('Origin',(132.72718799784,-125.6311549865,-7.05));
#17465=CARTESIAN_POINT('',(128.949248000001,-127.688020000002,-7.05));
#17466=CARTESIAN_POINT('',(123.045866178704,-117.619236827608,-7.05));
#17467=CARTESIAN_POINT('',(128.492371000093,-126.302967000829,-7.05));
#17468=CARTESIAN_POINT('Origin',(132.57008337375,-125.7257625224,-7.05));
#17469=CARTESIAN_POINT('',(128.460832,-126.000778000003,-7.05));
#17470=CARTESIAN_POINT('',(126.507083998292,-107.281060990183,-7.05));
#17471=CARTESIAN_POINT('',(128.501583283618,-125.054595901578,-7.05));
#17472=CARTESIAN_POINT('Origin',(132.77426207553,-125.7125852691,-7.05));
#17473=CARTESIAN_POINT('',(131.719533076267,-103.847420173236,-7.05));
#17474=CARTESIAN_POINT('',(133.347141435996,-93.121035419468,-7.05));
#17475=CARTESIAN_POINT('',(130.951327999998,-100.438496999991,-7.05));
#17476=CARTESIAN_POINT('Origin',(126.96517018298,-103.1278021923,-7.05));
#17477=CARTESIAN_POINT('',(130.790006,-100.213290000001,-7.05));
#17478=CARTESIAN_POINT('',(131.401100612649,-101.066383715845,-7.05));
#17479=CARTESIAN_POINT('',(130.615104,-99.9965820000001,-7.05));
#17480=CARTESIAN_POINT('',(131.869908968312,-101.551317080634,-7.05));
#17481=CARTESIAN_POINT('',(130.426833987597,-99.7890183962392,-7.05));
#17482=CARTESIAN_POINT('',(132.39488525045,-101.958752212528,-7.05));
#17483=CARTESIAN_POINT('',(115.676474009713,-84.4376828177943,-7.05));
#17484=CARTESIAN_POINT('',(125.347621646907,-94.5028629658752,-7.05));
#17485=CARTESIAN_POINT('',(115.106330230949,-83.7041771619224,-7.05));
#17486=CARTESIAN_POINT('Origin',(118.84402654569,-81.38725230672,-7.05));
#17487=CARTESIAN_POINT('',(114.958771000002,-83.4450190000037,-7.05));
#17488=CARTESIAN_POINT('',(120.270490599546,-92.7739879788656,-7.05));
#17489=CARTESIAN_POINT('',(114.497007999995,-81.2435660000223,-7.05));
#17490=CARTESIAN_POINT('Origin',(118.63284043599,-81.52521443698,-7.05));
#17491=CARTESIAN_POINT('',(114.524393000001,-80.9665569999957,-7.05));
#17492=CARTESIAN_POINT('',(114.503273718706,-81.1801860301821,-7.05));
#17493=CARTESIAN_POINT('',(115.052733000072,-79.3953639998689,-7.05));
#17494=CARTESIAN_POINT('Origin',(118.8119414893,-81.53388900148,-7.05));
#17495=CARTESIAN_POINT('',(115.198517999997,-79.1574750000046,-7.05));
#17496=CARTESIAN_POINT('',(119.235632474604,-72.5697936528683,-7.05));
#17497=CARTESIAN_POINT('',(115.935024000158,-78.3091369998597,-7.05));
#17498=CARTESIAN_POINT('Origin',(118.73282749286,-81.48199768106,-7.05));
#17499=CARTESIAN_POINT('',(116.155914999997,-78.1275890000022,-7.05));
#17500=CARTESIAN_POINT('',(125.952922884239,-70.0755308026618,-7.05));
#17501=CARTESIAN_POINT('',(117.177074000076,-77.5519359999707,-7.05));
#17502=CARTESIAN_POINT('Origin',(118.70932993504,-81.46357717657,-7.05));
#17503=CARTESIAN_POINT('',(117.465184999999,-77.4503910000002,-7.05));
#17504=CARTESIAN_POINT('',(132.916354615812,-72.0046113574306,-7.05));
#17505=CARTESIAN_POINT('',(117.765794,-77.367686,-7.05));
#17506=CARTESIAN_POINT('',(134.049343599807,-72.8876771857205,-7.05));
#17507=CARTESIAN_POINT('',(118.078585,-77.304768,-7.05));
#17508=CARTESIAN_POINT('',(135.025624278786,-73.8958661539021,-7.05));
#17509=CARTESIAN_POINT('',(138.332847871139,-73.9566924854634,-7.05));
#17510=CARTESIAN_POINT('',(145.494229877995,-72.7728999975156,-7.05));
#17511=CARTESIAN_POINT('',(140.212738999994,-73.2255349999968,-7.05));
#17512=CARTESIAN_POINT('Origin',(137.53590546611,-69.1253722978301,-7.05));
#17513=CARTESIAN_POINT('',(142.419023659883,-71.6901488993061,-7.05));
#17514=CARTESIAN_POINT('Origin',(149.034526999991,-64.173289,-7.05));
#17515=CARTESIAN_POINT('',(149.034526999992,-70.1732904378959,-7.05));
#17516=CARTESIAN_POINT('Origin',(160.58452685621,-70.17328885621,-7.05));
#17517=CARTESIAN_POINT('',(160.584528437896,-70.7232889999979,-7.05));
#17518=CARTESIAN_POINT('Origin',(149.584527,-70.723289,-7.05));
#17519=CARTESIAN_POINT('',(149.584527,-70.723289,-7.05));
#17520=CARTESIAN_POINT('Origin',(149.58452714378,-70.17328885621,-7.05));
#17521=CARTESIAN_POINT('Origin',(154.94221493099,-124.3244562966,-0.05));
#17522=CARTESIAN_POINT('',(154.379065017244,-119.652617547845,-0.05));
#17523=CARTESIAN_POINT('',(157.141027899253,-120.164115367023,-0.05));
#17524=CARTESIAN_POINT('Origin',(154.092205100323,-119.69611465386,-0.05));
#17525=CARTESIAN_POINT('',(154.092205100323,-119.69611465386,-0.05));
#17526=CARTESIAN_POINT('Origin',(154.93864046916,-124.3155794252,-0.05));
#17527=CARTESIAN_POINT('',(152.742930048097,-120.16410217558,-0.05));
#17528=CARTESIAN_POINT('Origin',(134.861012188661,-129.61942156659,-0.05));
#17529=CARTESIAN_POINT('',(134.861012188661,-129.61942156659,-0.05));
#17530=CARTESIAN_POINT('Origin',(132.672564751,-125.4912045397,-0.05));
#17531=CARTESIAN_POINT('',(133.929903782282,-129.991268602458,-0.05));
#17532=CARTESIAN_POINT('Origin',(133.624443860415,-130.064590081764,-0.05));
#17533=CARTESIAN_POINT('',(133.624443860415,-130.064590081764,-0.05));
#17534=CARTESIAN_POINT('Origin',(132.74494573923,-125.731468702,-0.05));
#17535=CARTESIAN_POINT('',(131.488414677445,-129.970641678856,-0.05));
#17536=CARTESIAN_POINT('Origin',(131.210239889687,-129.878813368744,-0.05));
#17537=CARTESIAN_POINT('',(131.210239889687,-129.878813368744,-0.05));
#17538=CARTESIAN_POINT('Origin',(132.79257991906,-125.5645286009,-0.05));
#17539=CARTESIAN_POINT('',(129.913198404292,-129.145871242846,-0.05));
#17540=CARTESIAN_POINT('Origin',(129.692521686821,-128.956688665472,-0.05));
#17541=CARTESIAN_POINT('',(129.692521686821,-128.956688665472,-0.05));
#17542=CARTESIAN_POINT('Origin',(132.72718799784,-125.6311549865,-0.05));
#17543=CARTESIAN_POINT('',(128.923592598836,-128.03968896174,-0.05));
#17544=CARTESIAN_POINT('Origin',(128.775033440973,-127.786307087742,-0.05));
#17545=CARTESIAN_POINT('',(128.775033440973,-127.786307087742,-0.05));
#17546=CARTESIAN_POINT('Origin',(132.57008337375,-125.7257625224,-0.05));
#17547=CARTESIAN_POINT('',(128.293827175595,-126.327327835374,-0.05));
#17548=CARTESIAN_POINT('Origin',(128.261529809775,-126.017872599699,-0.05));
#17549=CARTESIAN_POINT('',(128.261529809775,-126.017872599699,-0.05));
#17550=CARTESIAN_POINT('Origin',(132.77426207553,-125.7125852691,-0.05));
#17551=CARTESIAN_POINT('',(128.303827867627,-125.024711116781,-0.05));
#17552=CARTESIAN_POINT('Origin',(131.521722457837,-103.817905027963,-0.05));
#17553=CARTESIAN_POINT('',(131.521722457837,-103.817905027963,-0.05));
#17554=CARTESIAN_POINT('Origin',(126.96517018298,-103.1278021923,-0.05));
#17555=CARTESIAN_POINT('',(130.787085591402,-100.552656921027,-0.05));
#17556=CARTESIAN_POINT('Origin',(130.630762722077,-100.334428753564,-0.05));
#17557=CARTESIAN_POINT('',(130.630762722077,-100.334428753564,-0.05));
#17558=CARTESIAN_POINT('Origin',(130.46309126234,-100.126679575757,-0.05));
#17559=CARTESIAN_POINT('',(130.46309126234,-100.126679575757,-0.05));
#17560=CARTESIAN_POINT('Origin',(130.280622504635,-99.9255117294296,-0.05));
#17561=CARTESIAN_POINT('',(130.280622504635,-99.9255117294296,-0.05));
#17562=CARTESIAN_POINT('Origin',(115.532217362874,-84.5762108711485,-0.05));
#17563=CARTESIAN_POINT('',(115.532217362874,-84.5762108711485,-0.05));
#17564=CARTESIAN_POINT('Origin',(118.84402654569,-81.38725230672,-0.05));
#17565=CARTESIAN_POINT('',(114.934352851517,-83.8063406461815,-0.05));
#17566=CARTESIAN_POINT('Origin',(114.7832041451,-83.5408782913021,-0.05));
#17567=CARTESIAN_POINT('',(114.7832041451,-83.5408782913021,-0.05));
#17568=CARTESIAN_POINT('Origin',(118.63284043599,-81.52521443698,-0.05));
#17569=CARTESIAN_POINT('',(114.297681233542,-81.2268940803395,-0.05));
#17570=CARTESIAN_POINT('Origin',(114.325684396633,-80.943632141168,-0.05));
#17571=CARTESIAN_POINT('',(114.325684396633,-80.943632141168,-0.05));
#17572=CARTESIAN_POINT('Origin',(118.8119414893,-81.53388900148,-0.05));
#17573=CARTESIAN_POINT('',(114.880523848232,-79.2936075026177,-0.05));
#17574=CARTESIAN_POINT('Origin',(115.029643464901,-79.0502771429246,-0.05));
#17575=CARTESIAN_POINT('',(115.029643464901,-79.0502771429246,-0.05));
#17576=CARTESIAN_POINT('Origin',(118.73282749286,-81.48199768106,-0.05));
#17577=CARTESIAN_POINT('',(115.805382203776,-78.1568058369802,-0.05));
#17578=CARTESIAN_POINT('Origin',(116.031570813606,-77.9709037869417,-0.05));
#17579=CARTESIAN_POINT('',(116.031570813606,-77.9709037869417,-0.05));
#17580=CARTESIAN_POINT('Origin',(118.70932993504,-81.46357717657,-0.05));
#17581=CARTESIAN_POINT('',(117.107376957732,-77.3644421485993,-0.05));
#17582=CARTESIAN_POINT('Origin',(117.405343204171,-77.2594236574835,-0.05));
#17583=CARTESIAN_POINT('',(117.405343204171,-77.2594236574835,-0.05));
#17584=CARTESIAN_POINT('Origin',(117.719490460257,-77.1729939470804,-0.05));
#17585=CARTESIAN_POINT('',(117.719490460257,-77.1729939470804,-0.05));
#17586=CARTESIAN_POINT('Origin',(118.042545217437,-77.1080113893597,-0.05));
#17587=CARTESIAN_POINT('',(118.042545217437,-77.1080113893597,-0.05));
#17588=CARTESIAN_POINT('Origin',(138.300675687649,-73.7592966797139,-0.05));
#17589=CARTESIAN_POINT('',(138.300675687649,-73.7592966797139,-0.05));
#17590=CARTESIAN_POINT('Origin',(137.53590546611,-69.12537229783,-0.05));
#17591=CARTESIAN_POINT('',(140.10095178038,-73.0596658906396,-0.05));
#17592=CARTESIAN_POINT('Origin',(140.331520158143,-72.8992099490681,-0.05));
#17593=CARTESIAN_POINT('',(140.331520158143,-72.8992099490681,-0.05));
#17594=CARTESIAN_POINT('Origin',(137.56276062621,-69.1622662138698,-0.05));
#17595=CARTESIAN_POINT('',(141.45722865355,-71.7046856540363,-0.05));
#17596=CARTESIAN_POINT('Origin',(141.604002544033,-71.4638021176036,-0.05));
#17597=CARTESIAN_POINT('',(141.604002544033,-71.4638021176036,-0.05));
#17598=CARTESIAN_POINT('Origin',(141.736510968962,-71.2134151816937,-0.05));
#17599=CARTESIAN_POINT('',(141.736510968962,-71.2134151816937,-0.05));
#17600=CARTESIAN_POINT('Origin',(141.739613405118,-71.2050589969493,-0.05));
#17601=CARTESIAN_POINT('',(141.739613405118,-71.2050589969493,-0.05));
#17602=CARTESIAN_POINT('Origin',(144.876701914882,-62.4412147875055,-0.05));
#17603=CARTESIAN_POINT('',(144.876701914882,-62.4412147875055,-0.05));
#17604=CARTESIAN_POINT('Origin',(144.876701803301,-52.3510012709786,-0.05));
#17605=CARTESIAN_POINT('',(144.876701803301,-52.3510012709786,-0.05));
#17606=CARTESIAN_POINT('Origin',(144.18745464125,-52.3534021862901,-0.05));
#17607=CARTESIAN_POINT('',(144.684683451166,-51.8760858075857,-0.05));
#17608=CARTESIAN_POINT('Origin',(144.641877735788,-51.8335556928994,-0.05));
#17609=CARTESIAN_POINT('',(144.641877735788,-51.8335556928994,-0.05));
#17610=CARTESIAN_POINT('Origin',(144.09359400953,-52.42869092158,-0.05));
#17611=CARTESIAN_POINT('',(144.423739506249,-51.6899047983401,-0.05));
#17612=CARTESIAN_POINT('Origin',(144.290560028035,-51.6264971854626,-0.05));
#17613=CARTESIAN_POINT('',(144.290560028035,-51.6264971854626,-0.05));
#17614=CARTESIAN_POINT('Origin',(145.74946976061,-48.71603098214,-0.05));
#17615=CARTESIAN_POINT('',(143.670482094356,-51.2214334272672,-0.05));
#17616=CARTESIAN_POINT('Origin',(143.564624840881,-51.1293922770414,-0.05));
#17617=CARTESIAN_POINT('',(143.564624840881,-51.1293922770414,-0.05));
#17618=CARTESIAN_POINT('Origin',(145.78157981972,-48.6947719189,-0.05));
#17619=CARTESIAN_POINT('',(143.086369425114,-50.5863602978239,-0.05));
#17620=CARTESIAN_POINT('Origin',(143.007630870532,-50.4697888606296,-0.05));
#17621=CARTESIAN_POINT('',(143.007630870532,-50.4697888606296,-0.05));
#17622=CARTESIAN_POINT('Origin',(146.226811701,-48.39575897061,-0.05));
#17623=CARTESIAN_POINT('',(142.726946181239,-49.9500004407603,-0.05));
#17624=CARTESIAN_POINT('Origin',(142.669786271823,-49.815729728372,-0.05));
#17625=CARTESIAN_POINT('',(142.669786271823,-49.815729728372,-0.05));
#17626=CARTESIAN_POINT('Origin',(147.03038059747,-48.0576479076,-0.05));
#17627=CARTESIAN_POINT('',(142.477653385943,-49.23166217447,-0.05));
#17628=CARTESIAN_POINT('Origin',(142.441152336425,-49.0822883039699,-0.05));
#17629=CARTESIAN_POINT('',(142.441152336425,-49.0822883039699,-0.05));
#17630=CARTESIAN_POINT('Origin',(148.04568406112,-47.80248530019,-0.05));
#17631=CARTESIAN_POINT('',(142.353201528252,-48.6051771430497,-0.05));
#17632=CARTESIAN_POINT('Origin',(142.315300530138,-48.2803567417201,-0.05));
#17633=CARTESIAN_POINT('',(142.315300530138,-48.2803567417201,-0.05));
#17634=CARTESIAN_POINT('Origin',(142.292605286833,-47.9437027452657,-0.05));
#17635=CARTESIAN_POINT('',(142.292605286833,-47.9437027452657,-0.05));
#17636=CARTESIAN_POINT('Origin',(142.285152001433,-47.6007842956084,-0.05));
#17637=CARTESIAN_POINT('',(142.285152001433,-47.6007842956084,-0.05));
#17638=CARTESIAN_POINT('Origin',(142.285152001433,-45.1502265847996,-0.05));
#17639=CARTESIAN_POINT('',(142.285152001433,-45.1502265847996,-0.05));
#17640=CARTESIAN_POINT('Origin',(145.82833572819,-45.15354187355,-0.05));
#17641=CARTESIAN_POINT('',(142.401174489888,-44.2542489516529,-0.05));
#17642=CARTESIAN_POINT('Origin',(142.462300857378,-44.0452207621146,-0.05));
#17643=CARTESIAN_POINT('',(142.462300857378,-44.0452207621146,-0.05));
#17644=CARTESIAN_POINT('Origin',(146.20774525861,-45.26392886857,-0.05));
#17645=CARTESIAN_POINT('',(142.72712263246,-43.4203265942742,-0.05));
#17646=CARTESIAN_POINT('Origin',(142.835028330422,-43.2279925030216,-0.05));
#17647=CARTESIAN_POINT('',(142.835028330422,-43.2279925030216,-0.05));
#17648=CARTESIAN_POINT('Origin',(146.7306302913,-45.5530026408,-0.05));
#17649=CARTESIAN_POINT('',(143.232453083488,-42.6643796122427,-0.05));
#17650=CARTESIAN_POINT('Origin',(143.380146472871,-42.4931201482552,-0.05));
#17651=CARTESIAN_POINT('',(143.380146472871,-42.4931201482552,-0.05));
#17652=CARTESIAN_POINT('Origin',(147.22469001525,-45.97095979114,-0.05));
#17653=CARTESIAN_POINT('',(143.88818851249,-42.0031340196441,-0.05));
#17654=CARTESIAN_POINT('Origin',(144.068732749167,-41.8573801884311,-0.05));
#17655=CARTESIAN_POINT('',(144.068732749167,-41.8573801884311,-0.05));
#17656=CARTESIAN_POINT('Origin',(147.53709552965,-46.35164970255,-0.05));
#17657=CARTESIAN_POINT('',(145.082224088988,-41.232899361656,-0.05));
#17658=CARTESIAN_POINT('Origin',(145.294899616803,-41.1360583936736,-0.05));
#17659=CARTESIAN_POINT('',(145.294899616803,-41.1360583936736,-0.05));
#17660=CARTESIAN_POINT('Origin',(147.49671447906,-46.23535217467,-0.05));
#17661=CARTESIAN_POINT('',(146.198582724439,-40.8348300054527,-0.05));
#17662=CARTESIAN_POINT('Origin',(146.425030335841,-40.7858459554378,-0.05));
#17663=CARTESIAN_POINT('',(146.425030335841,-40.7858459554378,-0.05));
#17664=CARTESIAN_POINT('Origin',(147.38357428135,-45.724160142,-0.05));
#17665=CARTESIAN_POINT('',(147.128782382546,-40.700134406698,-0.05));
#17666=CARTESIAN_POINT('Origin',(147.357599212585,-40.6944089999993,-0.05));
#17667=CARTESIAN_POINT('Origin',(162.87251267879,-45.52394845475,-0.05));
#17668=CARTESIAN_POINT('',(163.579238753098,-40.7463963152069,-0.05));
#17669=CARTESIAN_POINT('Origin',(163.806902840807,-40.7849714693769,-0.05));
#17670=CARTESIAN_POINT('',(163.806902840807,-40.7849714693769,-0.05));
#17671=CARTESIAN_POINT('Origin',(162.76850870819,-46.14264262185,-0.05));
#17672=CARTESIAN_POINT('',(164.721112484515,-41.0465420493162,-0.05));
#17673=CARTESIAN_POINT('Origin',(164.937475464517,-41.1343429057062,-0.05));
#17674=CARTESIAN_POINT('',(164.937475464517,-41.1343429057062,-0.05));
#17675=CARTESIAN_POINT('Origin',(162.68810701634,-46.36940207249,-0.05));
#17676=CARTESIAN_POINT('',(166.167613485203,-41.8573584525192,-0.05));
#17677=CARTESIAN_POINT('Origin',(166.348247547347,-42.0031743390051,-0.05));
#17678=CARTESIAN_POINT('',(166.348247547347,-42.0031743390051,-0.05));
#17679=CARTESIAN_POINT('Origin',(162.97386791459,-46.0105674793,-0.05));
#17680=CARTESIAN_POINT('',(166.85622917038,-42.493052906993,-0.05));
#17681=CARTESIAN_POINT('Origin',(167.004058617505,-42.6644310583704,-0.05));
#17682=CARTESIAN_POINT('',(167.004058617505,-42.6644310583704,-0.05));
#17683=CARTESIAN_POINT('Origin',(163.46000420187,-45.58624808279,-0.05));
#17684=CARTESIAN_POINT('',(167.401504572194,-43.2278776165783,-0.05));
#17685=CARTESIAN_POINT('Origin',(167.509552816077,-43.4203762776959,-0.05));
#17686=CARTESIAN_POINT('',(167.509552816077,-43.4203762776959,-0.05));
#17687=CARTESIAN_POINT('Origin',(163.98897433014,-45.28170870362,-0.05));
#17688=CARTESIAN_POINT('',(167.774447669758,-44.0450911918217,-0.05));
#17689=CARTESIAN_POINT('Origin',(167.8356419266,-44.2542144109704,-0.05));
#17690=CARTESIAN_POINT('',(167.8356419266,-44.2542144109704,-0.05));
#17691=CARTESIAN_POINT('Origin',(164.41075458704,-45.15357865536,-0.05));
#17692=CARTESIAN_POINT('',(167.951756999265,-45.1502246462382,-0.05));
#17693=CARTESIAN_POINT('Origin',(167.951756999265,-47.600785685479,-0.05));
#17694=CARTESIAN_POINT('',(167.951756999265,-47.600785685479,-0.05));
#17695=CARTESIAN_POINT('Origin',(167.94429853546,-47.9437179358043,-0.05));
#17696=CARTESIAN_POINT('',(167.94429853546,-47.9437179358043,-0.05));
#17697=CARTESIAN_POINT('Origin',(167.921589610449,-48.2803857481012,-0.05));
#17698=CARTESIAN_POINT('',(167.921589610449,-48.2803857481012,-0.05));
#17699=CARTESIAN_POINT('Origin',(167.883338327716,-48.6080297122963,-0.05));
#17700=CARTESIAN_POINT('',(167.883338327716,-48.6080297122963,-0.05));
#17701=CARTESIAN_POINT('Origin',(167.82919240864,-48.9259742427682,-0.05));
#17702=CARTESIAN_POINT('',(167.82919240864,-48.9259742427682,-0.05));
#17703=CARTESIAN_POINT('Origin',(167.758778249526,-49.2335223780125,-0.05));
#17704=CARTESIAN_POINT('',(167.758778249526,-49.2335223780125,-0.05));
#17705=CARTESIAN_POINT('Origin',(167.671709035814,-49.5299517442955,-0.05));
#17706=CARTESIAN_POINT('',(167.671709035814,-49.5299517442955,-0.05));
#17707=CARTESIAN_POINT('Origin',(167.567583350397,-49.8145040395398,-0.05));
#17708=CARTESIAN_POINT('',(167.567583350397,-49.8145040395398,-0.05));
#17709=CARTESIAN_POINT('Origin',(167.446000508615,-50.0863685072006,-0.05));
#17710=CARTESIAN_POINT('',(167.446000508615,-50.0863685072006,-0.05));
#17711=CARTESIAN_POINT('Origin',(167.306573261198,-50.3446792718462,-0.05));
#17712=CARTESIAN_POINT('',(167.306573261198,-50.3446792718462,-0.05));
#17713=CARTESIAN_POINT('Origin',(167.151362928621,-50.5847721127135,-0.05));
#17714=CARTESIAN_POINT('',(167.151362928621,-50.5847721127135,-0.05));
#17715=CARTESIAN_POINT('Origin',(164.45279637142,-48.69101670102,-0.05));
#17716=CARTESIAN_POINT('',(166.560877496131,-51.2256892626341,-0.05));
#17717=CARTESIAN_POINT('Origin',(166.331878493183,-51.3988239601353,-0.05));
#17718=CARTESIAN_POINT('',(166.331878493183,-51.3988239601353,-0.05));
#17719=CARTESIAN_POINT('Origin',(166.080634619558,-51.5550731179277,-0.05));
#17720=CARTESIAN_POINT('',(166.080634619558,-51.5550731179277,-0.05));
#17721=CARTESIAN_POINT('Origin',(165.814209118933,-51.6891979287012,-0.05));
#17722=CARTESIAN_POINT('',(165.814209118933,-51.6891979287012,-0.05));
#17723=CARTESIAN_POINT('Origin',(166.13282952823,-52.41370438631,-0.05));
#17724=CARTESIAN_POINT('',(165.460075853586,-51.9967738578163,-0.05));
#17725=CARTESIAN_POINT('Origin',(165.445447820475,-52.0218726297205,-0.05));
#17726=CARTESIAN_POINT('',(165.445447820475,-52.0218726297205,-0.05));
#17727=CARTESIAN_POINT('Origin',(166.038490649289,-52.3528042600697,-0.05));
#17728=CARTESIAN_POINT('',(165.368770158722,-52.2401543364683,-0.05));
#17729=CARTESIAN_POINT('Origin',(165.364453307702,-52.2703312819598,-0.05));
#17730=CARTESIAN_POINT('',(165.364453307702,-52.2703312819598,-0.05));
#17731=CARTESIAN_POINT('Origin',(166.035078358041,-52.3504623847906,-0.05));
#17732=CARTESIAN_POINT('',(165.359682999999,-52.3507116201002,-0.05));
#17733=CARTESIAN_POINT('Origin',(165.359683,-63.157428299661,-0.05));
#17734=CARTESIAN_POINT('',(165.359683,-63.157428299661,-0.05));
#17735=CARTESIAN_POINT('Origin',(168.144593505046,-71.2057600948848,-0.05));
#17736=CARTESIAN_POINT('',(168.144593505046,-71.2057600948848,-0.05));
#17737=CARTESIAN_POINT('Origin',(168.146628446534,-71.2118417423384,-0.05));
#17738=CARTESIAN_POINT('',(168.146628446534,-71.2118417423384,-0.05));
#17739=CARTESIAN_POINT('Origin',(172.3158514214,-69.1676495455197,-0.05));
#17740=CARTESIAN_POINT('',(169.552394306134,-72.8991970427082,-0.05));
#17741=CARTESIAN_POINT('Origin',(169.782986883846,-73.0596691440838,-0.05));
#17742=CARTESIAN_POINT('',(169.782986883846,-73.0596691440838,-0.05));
#17743=CARTESIAN_POINT('Origin',(172.34752290837,-69.1266688823601,-0.05));
#17744=CARTESIAN_POINT('',(171.583259505472,-73.7592963798813,-0.05));
#17745=CARTESIAN_POINT('Origin',(191.837813942677,-77.1074282331965,-0.05));
#17746=CARTESIAN_POINT('',(191.837813942677,-77.1074282331965,-0.05));
#17747=CARTESIAN_POINT('Origin',(191.08122368684,-81.71378343628,-0.05));
#17748=CARTESIAN_POINT('',(192.783117833341,-77.3670037793031,-0.05));
#17749=CARTESIAN_POINT('Origin',(193.065010779803,-77.4892973565491,-0.05));
#17750=CARTESIAN_POINT('',(193.065010779803,-77.4892973565491,-0.05));
#17751=CARTESIAN_POINT('Origin',(191.17328347827,-81.46518937171,-0.05));
#17752=CARTESIAN_POINT('',(195.006839382769,-79.2995027307889,-0.05));
#17753=CARTESIAN_POINT('Origin',(195.139507812285,-79.5512309991463,-0.05));
#17754=CARTESIAN_POINT('',(195.139507812285,-79.5512309991463,-0.05));
#17755=CARTESIAN_POINT('Origin',(191.07969815967,-81.53116235796,-0.05));
#17756=CARTESIAN_POINT('',(195.586766291397,-81.2336401620563,-0.05));
#17757=CARTESIAN_POINT('Origin',(195.596184537196,-81.5189731997699,-0.05));
#17758=CARTESIAN_POINT('',(195.596184537196,-81.5189731997699,-0.05));
#17759=CARTESIAN_POINT('Origin',(191.23651841257,-81.52516435584,-0.05));
#17760=CARTESIAN_POINT('',(195.436691993927,-82.6936115883227,-0.05));
#17761=CARTESIAN_POINT('Origin',(195.348165430482,-82.9739366563319,-0.05));
#17762=CARTESIAN_POINT('',(195.348165430482,-82.9739366563319,-0.05));
#17763=CARTESIAN_POINT('Origin',(191.22472522352,-81.51179431379,-0.05));
#17764=CARTESIAN_POINT('',(194.769115410179,-84.0765394424455,-0.05));
#17765=CARTESIAN_POINT('Origin',(194.572798951515,-84.3295737945226,-0.05));
#17766=CARTESIAN_POINT('',(194.572798951515,-84.3295737945226,-0.05));
#17767=CARTESIAN_POINT('Origin',(194.354194895397,-84.5736098073293,-0.05));
#17768=CARTESIAN_POINT('',(194.354194895397,-84.5736098073293,-0.05));
#17769=CARTESIAN_POINT('Origin',(179.601166251972,-99.9276205273167,-0.05));
#17770=CARTESIAN_POINT('',(179.601166251972,-99.9276205273167,-0.05));
#17771=CARTESIAN_POINT('Origin',(182.936680852889,-103.1359174386,-0.05));
#17772=CARTESIAN_POINT('',(178.614909285285,-101.480285462185,-0.05));
#17773=CARTESIAN_POINT('Origin',(178.526483960825,-101.732954700149,-0.05));
#17774=CARTESIAN_POINT('',(178.526483960825,-101.732954700149,-0.05));
#17775=CARTESIAN_POINT('Origin',(182.909721962791,-103.1266180517,-0.05));
#17776=CARTESIAN_POINT('',(178.362496538474,-103.817858863417,-0.05));
#17777=CARTESIAN_POINT('Origin',(181.580242412112,-125.024818388886,-0.05));
#17778=CARTESIAN_POINT('',(181.580242412112,-125.024818388886,-0.05));
#17779=CARTESIAN_POINT('Origin',(177.06952306671,-125.7140372648,-0.05));
#17780=CARTESIAN_POINT('',(181.622472490174,-126.017785876778,-0.05));
#17781=CARTESIAN_POINT('Origin',(181.590142231107,-126.327359965326,-0.05));
#17782=CARTESIAN_POINT('',(181.590142231107,-126.327359965326,-0.05));
#17783=CARTESIAN_POINT('Origin',(177.30621788274,-125.7235961787,-0.05));
#17784=CARTESIAN_POINT('',(180.956580157715,-128.045533687336,-0.05));
#17785=CARTESIAN_POINT('Origin',(180.791830441771,-128.287263323479,-0.05));
#17786=CARTESIAN_POINT('',(180.791830441771,-128.287263323479,-0.05));
#17787=CARTESIAN_POINT('Origin',(177.12888199968,-125.6059411528,-0.05));
#17788=CARTESIAN_POINT('',(179.965464791142,-129.150017610719,-0.05));
#17789=CARTESIAN_POINT('Origin',(179.732998803076,-129.324531158701,-0.05));
#17790=CARTESIAN_POINT('',(179.732998803076,-129.324531158701,-0.05));
#17791=CARTESIAN_POINT('Origin',(177.0957447183,-125.5724178542,-0.05));
#17792=CARTESIAN_POINT('',(178.388854174124,-129.972569134865,-0.05));
#17793=CARTESIAN_POINT('Origin',(178.104009720048,-130.046017217285,-0.05));
#17794=CARTESIAN_POINT('',(178.104009720048,-130.046017217285,-0.05));
#17795=CARTESIAN_POINT('Origin',(177.13705503567,-125.7262785358,-0.05));
#17796=CARTESIAN_POINT('',(176.882730890496,-130.145606863401,-0.05));
#17797=CARTESIAN_POINT('Origin',(176.578662362703,-130.117382298132,-0.05));
#17798=CARTESIAN_POINT('',(176.578662362703,-130.117382298132,-0.05));
#17799=CARTESIAN_POINT('Origin',(177.14683233057,-125.6888064763,-0.05));
#17800=CARTESIAN_POINT('',(175.635608124722,-129.890151775339,-0.05));
#17801=CARTESIAN_POINT('Origin',(175.329524390338,-129.768094598821,-0.05));
#17802=CARTESIAN_POINT('',(175.329524390338,-129.768094598821,-0.05));
#17803=CARTESIAN_POINT('Origin',(175.026033546561,-129.62112882053,-0.05));
#17804=CARTESIAN_POINT('',(175.026033546561,-129.62112882053,-0.05));
#17805=CARTESIAN_POINT('Origin',(157.141027899253,-120.164115367023,-0.05));
#17806=CARTESIAN_POINT('Origin',(167.352059931825,-52.8840666013589,-6.55));
#17807=CARTESIAN_POINT('',(167.352059931825,-52.8840666013589,-5.64958492358057));
#17808=CARTESIAN_POINT('',(167.352059931825,-52.8840666013589,-6.55));
#17809=CARTESIAN_POINT('',(167.676136466701,-52.6390485352945,-5.64958492358058));
#17810=CARTESIAN_POINT('',(155.576942103591,-61.7866445033759,-5.64958492358058));
#17811=CARTESIAN_POINT('',(167.676136466701,-52.6390485352945,-6.55));
#17812=CARTESIAN_POINT('Origin',(167.159682999999,-53.0037062691554,-6.55));
#17813=CARTESIAN_POINT('',(167.159682999999,-53.0037062691554,-5.64958492358059));
#17814=CARTESIAN_POINT('',(167.159682999999,-53.0037062691554,-6.55));
#17815=CARTESIAN_POINT('',(155.485034510735,-60.2641977098006,-5.64958492358057));
#17816=CARTESIAN_POINT('Origin',(167.159683,-62.8548095752672,-6.55));
#17817=CARTESIAN_POINT('',(167.159683,-62.8548095752672,-5.64958492358057));
#17818=CARTESIAN_POINT('',(167.159683,-62.8548095752672,-6.55));
#17819=CARTESIAN_POINT('',(167.159683000001,-74.1392434341667,-5.64958492358059));
#17820=CARTESIAN_POINT('Origin',(169.807269908769,-70.506279114359,-6.55));
#17821=CARTESIAN_POINT('',(169.807269908769,-70.506279114359,-5.64958492358057));
#17822=CARTESIAN_POINT('',(169.807269908769,-70.506279114359,-6.55));
#17823=CARTESIAN_POINT('',(171.317405286156,-74.8705380558558,-5.64958492358057));
#17824=CARTESIAN_POINT('Origin',(172.3158514214,-69.1676495455201,-6.55));
#17825=CARTESIAN_POINT('',(170.604988468698,-71.4387414162193,-5.64958492358057));
#17826=CARTESIAN_POINT('',(170.604988468698,-71.4387414162193,-6.55));
#17827=CARTESIAN_POINT('Origin',(172.3158514214,-69.1676495455201,-5.64958492358057));
#17828=CARTESIAN_POINT('Origin',(170.786200724915,-71.5648491677586,-6.55));
#17829=CARTESIAN_POINT('',(170.786200724915,-71.5648491677586,-5.64958492358059));
#17830=CARTESIAN_POINT('',(170.786200724915,-71.5648491677586,-6.55));
#17831=CARTESIAN_POINT('',(168.697708662861,-70.1114428499285,-5.64958492358057));
#17832=CARTESIAN_POINT('Origin',(172.34752290837,-69.1266688823598,-6.55));
#17833=CARTESIAN_POINT('',(171.876538864078,-71.9833494901072,-5.64958492358059));
#17834=CARTESIAN_POINT('',(171.876538864078,-71.9833494901072,-6.55));
#17835=CARTESIAN_POINT('Origin',(172.34752290837,-69.1266688823598,-5.64958492358059));
#17836=CARTESIAN_POINT('Origin',(192.130447503882,-75.3313746032082,-6.55));
#17837=CARTESIAN_POINT('',(192.130447503882,-75.3313746032082,-5.64958492358058));
#17838=CARTESIAN_POINT('',(192.130447503882,-75.3313746032082,-6.55));
#17839=CARTESIAN_POINT('',(174.842658851268,-72.4736570343048,-5.64958492358058));
#17840=CARTESIAN_POINT('Origin',(191.08122368684,-81.71378343628,-6.55));
#17841=CARTESIAN_POINT('',(193.472085732853,-75.7038091675778,-5.64958492358058));
#17842=CARTESIAN_POINT('',(193.472085732853,-75.7038091675778,-6.55));
#17843=CARTESIAN_POINT('Origin',(191.08122368684,-81.71378343628,-5.64958492358058));
#17844=CARTESIAN_POINT('Origin',(193.807653907333,-75.8493886614324,-6.55));
#17845=CARTESIAN_POINT('',(193.807653907333,-75.8493886614324,-5.64958492358058));
#17846=CARTESIAN_POINT('',(193.807653907333,-75.8493886614324,-6.55));
#17847=CARTESIAN_POINT('',(179.200690095453,-69.5124516089809,-5.64958492358058));
#17848=CARTESIAN_POINT('Origin',(191.17328347827,-81.46518937171,-6.55));
#17849=CARTESIAN_POINT('',(196.588018680161,-78.4390089626002,-5.64958492358058));
#17850=CARTESIAN_POINT('',(196.588018680161,-78.4390089626002,-6.55));
#17851=CARTESIAN_POINT('Origin',(191.17328347827,-81.46518937171,-5.64958492358058));
#17852=CARTESIAN_POINT('Origin',(196.7439219068,-78.7348234937342,-6.55));
#17853=CARTESIAN_POINT('',(196.7439219068,-78.7348234937342,-5.64958492358057));
#17854=CARTESIAN_POINT('',(196.7439219068,-78.7348234937342,-6.55));
#17855=CARTESIAN_POINT('',(193.57988480981,-72.7313034222728,-5.64958492358058));
#17856=CARTESIAN_POINT('Origin',(191.07969815967,-81.53116235796,-6.55));
#17857=CARTESIAN_POINT('',(197.384890779197,-81.1471210427342,-5.64958492358058));
#17858=CARTESIAN_POINT('',(197.384890779197,-81.1471210427342,-6.55));
#17859=CARTESIAN_POINT('Origin',(191.07969815967,-81.53116235796,-5.64958492358057));
#17860=CARTESIAN_POINT('Origin',(197.396061531827,-81.485547629744,-6.55));
#17861=CARTESIAN_POINT('',(197.396061531827,-81.485547629744,-5.64958492358059));
#17862=CARTESIAN_POINT('',(197.396061531827,-81.485547629744,-6.55));
#17863=CARTESIAN_POINT('',(197.437883254375,-82.752569046613,-5.64958492358058));
#17864=CARTESIAN_POINT('Origin',(191.23651841257,-81.52516435584,-6.55));
#17865=CARTESIAN_POINT('',(197.161695357227,-83.2085594661683,-5.64958492358059));
#17866=CARTESIAN_POINT('',(197.161695357227,-83.2085594661683,-6.55));
#17867=CARTESIAN_POINT('Origin',(191.23651841257,-81.52516435584,-5.64958492358059));
#17868=CARTESIAN_POINT('Origin',(197.055969427749,-83.5433474350872,-6.55));
#17869=CARTESIAN_POINT('',(197.055969427749,-83.5433474350872,-5.64958492358058));
#17870=CARTESIAN_POINT('',(197.055969427749,-83.5433474350872,-6.55));
#17871=CARTESIAN_POINT('',(194.876420237904,-90.4450303999879,-5.64958492358059));
#17872=CARTESIAN_POINT('Origin',(191.22472522352,-81.51179431379,-6.55));
#17873=CARTESIAN_POINT('',(196.208144946228,-85.1581822417722,-5.64958492358059));
#17874=CARTESIAN_POINT('',(196.208144946228,-85.1581822417722,-6.55));
#17875=CARTESIAN_POINT('Origin',(191.22472522352,-81.51179431379,-5.64958492358058));
#17876=CARTESIAN_POINT('Origin',(195.955972515119,-85.4832099452636,-6.55));
#17877=CARTESIAN_POINT('',(195.955972515119,-85.4832099452636,-5.6495849235806));
#17878=CARTESIAN_POINT('',(195.955972515119,-85.4832099452636,-6.55));
#17879=CARTESIAN_POINT('',(188.264697689298,-95.3965751080198,-5.64958492358059));
#17880=CARTESIAN_POINT('Origin',(195.673935830849,-85.7980582107383,-6.55));
#17881=CARTESIAN_POINT('',(195.673935830849,-85.7980582107383,-5.64958492358058));
#17882=CARTESIAN_POINT('',(195.673935830849,-85.7980582107383,-6.55));
#17883=CARTESIAN_POINT('',(186.700112800122,-95.8158777834313,-5.6495849235806));
#17884=CARTESIAN_POINT('Origin',(180.898788373139,-101.17508877879,-6.55));
#17885=CARTESIAN_POINT('',(180.898788406141,-101.175088810544,-5.64958492358057));
#17886=CARTESIAN_POINT('',(180.898788406141,-101.175088810544,-6.55));
#17887=CARTESIAN_POINT('',(178.603226585591,-103.564162991349,-5.64958492358058));
#17888=CARTESIAN_POINT('Origin',(182.936680852889,-103.1359174386,-6.55));
#17889=CARTESIAN_POINT('',(180.304127014509,-102.102711350182,-5.64958492358057));
#17890=CARTESIAN_POINT('',(180.304127014509,-102.102711350182,-6.55));
#17891=CARTESIAN_POINT('Origin',(182.936680852889,-103.1359174386,-5.64958492358057));
#17892=CARTESIAN_POINT('Origin',(180.235067383785,-102.30004446051,-6.55));
#17893=CARTESIAN_POINT('',(180.235067383785,-102.30004446051,-5.64958492358061));
#17894=CARTESIAN_POINT('',(180.235067383785,-102.30004446051,-6.55));
#17895=CARTESIAN_POINT('',(181.486022973121,-98.7255255304632,-5.64958492358057));
#17896=CARTESIAN_POINT('Origin',(182.909721962791,-103.1266180517,-6.55));
#17897=CARTESIAN_POINT('',(180.142090402871,-103.547589033107,-5.64958492358058));
#17898=CARTESIAN_POINT('',(180.142090402871,-103.547589033107,-6.55));
#17899=CARTESIAN_POINT('Origin',(182.909721962791,-103.1266180517,-5.64958492358061));
#17900=CARTESIAN_POINT('Origin',(183.359730278934,-124.75385001839,-6.55));
#17901=CARTESIAN_POINT('',(183.359730278934,-124.75385001839,-5.64958492358058));
#17902=CARTESIAN_POINT('',(183.359730278934,-124.75385001839,-6.55));
#17903=CARTESIAN_POINT('',(180.123321641749,-103.423891148302,-5.64958492358058));
#17904=CARTESIAN_POINT('Origin',(177.06952306671,-125.7140372648,-6.55));
#17905=CARTESIAN_POINT('',(183.415946252697,-126.174013279172,-5.6495849235806));
#17906=CARTESIAN_POINT('',(183.415946252697,-126.174013279172,-6.55));
#17907=CARTESIAN_POINT('Origin',(177.06952306671,-125.7140372648,-5.64958492358057));
#17908=CARTESIAN_POINT('Origin',(183.377335819901,-126.543722334595,-6.55));
#17909=CARTESIAN_POINT('',(183.377335819901,-126.543722334595,-5.64958492358056));
#17910=CARTESIAN_POINT('',(183.377335819901,-126.543722334595,-6.55));
#17911=CARTESIAN_POINT('',(185.347954292879,-107.674327679228,-5.6495849235806));
#17912=CARTESIAN_POINT('Origin',(177.30621788274,-125.7235961787,-6.55));
#17913=CARTESIAN_POINT('',(182.458653971151,-129.03772989256,-5.64958492358057));
#17914=CARTESIAN_POINT('',(182.458653971151,-129.03772989256,-6.55));
#17915=CARTESIAN_POINT('Origin',(177.30621788274,-125.7235961787,-5.64958492358056));
#17916=CARTESIAN_POINT('Origin',(182.263589206894,-129.323939396582,-6.55));
#17917=CARTESIAN_POINT('',(182.263589206894,-129.323939396582,-5.64958492358056));
#17918=CARTESIAN_POINT('',(182.263589206894,-129.323939396582,-6.55));
#17919=CARTESIAN_POINT('',(188.145765199681,-120.693294698249,-5.64958492358057));
#17920=CARTESIAN_POINT('Origin',(177.12888199968,-125.6059411528,-6.55));
#17921=CARTESIAN_POINT('',(181.066580203205,-130.574166379432,-5.64958492358059));
#17922=CARTESIAN_POINT('',(181.066580203205,-130.574166379432,-6.55));
#17923=CARTESIAN_POINT('Origin',(177.12888199968,-125.6059411528,-5.64958492358056));
#17924=CARTESIAN_POINT('Origin',(180.79297836026,-130.77956084915,-6.55));
#17925=CARTESIAN_POINT('',(180.79297836026,-130.77956084915,-5.64958492358059));
#17926=CARTESIAN_POINT('',(180.79297836026,-130.77956084915,-6.55));
#17927=CARTESIAN_POINT('',(183.414482120818,-128.81158296944,-5.64958492358059));
#17928=CARTESIAN_POINT('Origin',(177.0957447183,-125.5724178542,-6.55));
#17929=CARTESIAN_POINT('',(178.865055414986,-131.708655661822,-5.64958492358058));
#17930=CARTESIAN_POINT('',(178.865055414986,-131.708655661822,-6.55));
#17931=CARTESIAN_POINT('Origin',(177.0957447183,-125.5724178542,-5.64958492358059));
#17932=CARTESIAN_POINT('Origin',(178.527816271221,-131.795613887871,-6.55));
#17933=CARTESIAN_POINT('',(178.527816271221,-131.795613887871,-5.64958492358057));
#17934=CARTESIAN_POINT('',(178.527816271221,-131.795613887871,-6.55));
#17935=CARTESIAN_POINT('',(173.075881093588,-133.201413363846,-5.64958492358058));
#17936=CARTESIAN_POINT('Origin',(177.13705503567,-125.7262785358,-6.55));
#17937=CARTESIAN_POINT('',(176.745122985491,-131.940571552568,-5.64958492358058));
#17938=CARTESIAN_POINT('',(176.745122985491,-131.940571552568,-6.55));
#17939=CARTESIAN_POINT('Origin',(177.13705503567,-125.7262785358,-5.64958492358057));
#17940=CARTESIAN_POINT('Origin',(176.383544289787,-131.907008718653,-6.55));
#17941=CARTESIAN_POINT('',(176.383544289787,-131.907008718653,-5.64958492358058));
#17942=CARTESIAN_POINT('',(176.383544289787,-131.907008718653,-6.55));
#17943=CARTESIAN_POINT('',(163.615327008302,-130.721823968819,-5.64958492358058));
#17944=CARTESIAN_POINT('Origin',(177.14683233057,-125.6888064763,-6.55));
#17945=CARTESIAN_POINT('',(174.995020996184,-131.57254302217,-5.64958492358058));
#17946=CARTESIAN_POINT('',(174.995020996184,-131.57254302217,-6.55));
#17947=CARTESIAN_POINT('Origin',(177.14683233057,-125.6888064763,-5.64958492358058));
#17948=CARTESIAN_POINT('Origin',(174.602975902987,-131.416206988046,-6.55));
#17949=CARTESIAN_POINT('',(174.602975902987,-131.416206988046,-5.64958492358058));
#17950=CARTESIAN_POINT('',(174.602975902987,-131.416206988046,-6.55));
#17951=CARTESIAN_POINT('',(158.209082664048,-124.878805303094,-5.64958492358058));
#17952=CARTESIAN_POINT('Origin',(174.212825442093,-131.227276193875,-6.55));
#17953=CARTESIAN_POINT('',(174.212825442093,-131.227276193875,-5.64958492358059));
#17954=CARTESIAN_POINT('',(174.212825442093,-131.227276193875,-6.55));
#17955=CARTESIAN_POINT('',(157.424048995299,-123.097292546083,-5.64958492358058));
#17956=CARTESIAN_POINT('Origin',(156.299783304576,-121.755437949503,-6.55));
#17957=CARTESIAN_POINT('',(156.29978330166,-121.755437955019,-5.64958492358058));
#17958=CARTESIAN_POINT('',(156.29978330166,-121.755437955019,-6.55));
#17959=CARTESIAN_POINT('',(148.262462315869,-117.505562147353,-5.64958492358059));
#17960=CARTESIAN_POINT('Origin',(154.94221493099,-124.3244562966,-6.55));
#17961=CARTESIAN_POINT('',(154.618496490867,-121.436887510935,-5.64958492358057));
#17962=CARTESIAN_POINT('',(154.618496490867,-121.436887510935,-6.55));
#17963=CARTESIAN_POINT('Origin',(154.94221493099,-124.3244562966,-5.64958492358058));
#17964=CARTESIAN_POINT('Origin',(154.39270031562,-121.471125407549,-6.55));
#17965=CARTESIAN_POINT('',(154.39270031562,-121.471125407549,-5.64958492358056));
#17966=CARTESIAN_POINT('',(154.39270031562,-121.471125407549,-6.55));
#17967=CARTESIAN_POINT('',(157.332630129737,-121.025338347967,-5.64958492358057));
#17968=CARTESIAN_POINT('Origin',(154.93864046916,-124.3155794252,-6.55));
#17969=CARTESIAN_POINT('',(153.584404963734,-121.755302974185,-5.64958492358058));
#17970=CARTESIAN_POINT('',(153.584404963734,-121.755302974185,-6.55));
#17971=CARTESIAN_POINT('Origin',(154.93864046916,-124.3155794252,-5.64958492358056));
#17972=CARTESIAN_POINT('Origin',(135.703263880671,-131.210211634987,-6.55));
#17973=CARTESIAN_POINT('',(135.703263880671,-131.210211634987,-5.64958492358058));
#17974=CARTESIAN_POINT('',(135.703263880671,-131.210211634987,-6.55));
#17975=CARTESIAN_POINT('',(152.680878761767,-122.233055354336,-5.64958492358058));
#17976=CARTESIAN_POINT('Origin',(132.672564751,-125.4912045397,-6.55));
#17977=CARTESIAN_POINT('',(134.379687232103,-131.734433755118,-5.64958492358057));
#17978=CARTESIAN_POINT('',(134.379687232103,-131.734433755118,-6.55));
#17979=CARTESIAN_POINT('Origin',(132.672564751,-125.4912045397,-5.64958492358058));
#17980=CARTESIAN_POINT('Origin',(134.016288940009,-131.821662548312,-6.55));
#17981=CARTESIAN_POINT('',(134.016288940009,-131.821662548312,-5.64958492358058));
#17982=CARTESIAN_POINT('',(134.016288940009,-131.821662548312,-6.55));
#17983=CARTESIAN_POINT('',(149.174285114722,-128.183192741695,-5.64958492358057));
#17984=CARTESIAN_POINT('Origin',(132.74494573923,-125.731468702,-6.55));
#17985=CARTESIAN_POINT('',(130.948159665056,-131.687837933627,-5.64958492358059));
#17986=CARTESIAN_POINT('',(130.948159665056,-131.687837933627,-6.55));
#17987=CARTESIAN_POINT('Origin',(132.74494573923,-125.731468702,-5.64958492358058));
#17988=CARTESIAN_POINT('Origin',(130.620356624888,-131.579626835595,-6.55));
#17989=CARTESIAN_POINT('',(130.620356624888,-131.579626835595,-5.64958492358059));
#17990=CARTESIAN_POINT('',(130.620356624888,-131.579626835595,-6.55));
#17991=CARTESIAN_POINT('',(134.716447916177,-132.931787987128,-5.64958492358059));
#17992=CARTESIAN_POINT('Origin',(132.79257991906,-125.5645286009,-6.55));
#17993=CARTESIAN_POINT('',(128.761435260558,-130.529388473545,-5.6495849235806));
#17994=CARTESIAN_POINT('',(128.761435260558,-130.529388473545,-6.55));
#17995=CARTESIAN_POINT('Origin',(132.79257991906,-125.5645286009,-5.64958492358059));
#17996=CARTESIAN_POINT('Origin',(128.501586322589,-130.306624185693,-6.55));
#17997=CARTESIAN_POINT('',(128.501586322589,-130.306624185693,-5.64958492358058));
#17998=CARTESIAN_POINT('',(128.501586322589,-130.306624185693,-6.55));
#17999=CARTESIAN_POINT('',(125.03252338554,-127.332652690077,-5.6495849235806));
#18000=CARTESIAN_POINT('Origin',(132.72718799784,-125.6311549865,-6.55));
#18001=CARTESIAN_POINT('',(127.385067500746,-128.97442738716,-5.64958492358058));
#18002=CARTESIAN_POINT('',(127.385067500746,-128.97442738716,-6.55));
#18003=CARTESIAN_POINT('Origin',(132.72718799784,-125.6311549865,-5.64958492358058));
#18004=CARTESIAN_POINT('Origin',(127.208580289671,-128.673411543225,-6.55));
#18005=CARTESIAN_POINT('',(127.208580289671,-128.673411543225,-5.64958492358057));
#18006=CARTESIAN_POINT('',(127.208580289671,-128.673411543225,-6.55));
#18007=CARTESIAN_POINT('',(121.320544380257,-118.630802293509,-5.64958492358058));
#18008=CARTESIAN_POINT('Origin',(132.57008337375,-125.7257625224,-6.55));
#18009=CARTESIAN_POINT('',(126.506602693986,-126.543412885751,-5.64958492358058));
#18010=CARTESIAN_POINT('',(126.506602693986,-126.543412885751,-6.55));
#18011=CARTESIAN_POINT('Origin',(132.57008337375,-125.7257625224,-5.64958492358057));
#18012=CARTESIAN_POINT('Origin',(126.468133379224,-126.174821498687,-6.55));
#18013=CARTESIAN_POINT('',(126.468133379224,-126.174821498687,-5.64958492358058));
#18014=CARTESIAN_POINT('',(126.468133379224,-126.174821498687,-6.55));
#18015=CARTESIAN_POINT('',(124.517888584102,-107.488670248562,-5.64958492358058));
#18016=CARTESIAN_POINT('Origin',(132.77426207553,-125.7125852691,-6.55));
#18017=CARTESIAN_POINT('',(126.524486568565,-124.752779258041,-5.64958492358058));
#18018=CARTESIAN_POINT('',(126.524486568565,-124.752779258041,-6.55));
#18019=CARTESIAN_POINT('Origin',(132.77426207553,-125.7125852691,-5.64958492358058));
#18020=CARTESIAN_POINT('Origin',(129.742056513935,-103.548110313419,-6.55));
#18021=CARTESIAN_POINT('',(129.742056500775,-103.548110311422,-5.64958492358058));
#18022=CARTESIAN_POINT('',(129.742056500775,-103.548110311422,-6.55));
#18023=CARTESIAN_POINT('',(131.3697759615,-92.8209924554224,-5.64958492358057));
#18024=CARTESIAN_POINT('Origin',(126.96517018298,-103.1278021923,-6.55));
#18025=CARTESIAN_POINT('',(129.306891557038,-101.577286941413,-5.64958492358057));
#18026=CARTESIAN_POINT('',(129.306891557038,-101.577286941413,-6.55));
#18027=CARTESIAN_POINT('Origin',(126.96517018298,-103.1278021923,-5.64958492358058));
#18028=CARTESIAN_POINT('Origin',(129.197573220667,-101.424677535513,-6.55));
#18029=CARTESIAN_POINT('',(129.197573220667,-101.424677535513,-5.64958492358059));
#18030=CARTESIAN_POINT('',(129.197573220667,-101.424677535513,-6.55));
#18031=CARTESIAN_POINT('',(129.775205409064,-102.231057398453,-5.64958492358057));
#18032=CARTESIAN_POINT('Origin',(129.094976623214,-101.297557757346,-6.55));
#18033=CARTESIAN_POINT('',(129.094976623214,-101.297557757346,-5.64958492358059));
#18034=CARTESIAN_POINT('',(129.094976623214,-101.297557757346,-6.55));
#18035=CARTESIAN_POINT('',(130.313565485943,-102.807420167521,-5.64958492358059));
#18036=CARTESIAN_POINT('Origin',(128.964754713778,-101.153990927631,-6.55));
#18037=CARTESIAN_POINT('',(128.964754713778,-101.153990927631,-5.64958492358059));
#18038=CARTESIAN_POINT('',(128.964754713778,-101.153990927631,-6.55));
#18039=CARTESIAN_POINT('',(130.913499215587,-103.302439458769,-5.64958492358059));
#18040=CARTESIAN_POINT('Origin',(114.234950262398,-85.8240486176857,-6.55));
#18041=CARTESIAN_POINT('',(114.234950262398,-85.8240486176857,-5.64958492358058));
#18042=CARTESIAN_POINT('',(114.234950262398,-85.8240486176857,-6.55));
#18043=CARTESIAN_POINT('',(123.905460935416,-95.8885658496974,-5.64958492358058));
#18044=CARTESIAN_POINT('Origin',(118.84402654569,-81.38725230672,-6.55));
#18045=CARTESIAN_POINT('',(113.385047164852,-84.7231612716693,-5.64958492358057));
#18046=CARTESIAN_POINT('',(113.385047164852,-84.7231612716693,-6.55));
#18047=CARTESIAN_POINT('Origin',(118.84402654569,-81.38725230672,-5.64958492358058));
#18048=CARTESIAN_POINT('Origin',(113.204644741108,-84.4063206359231,-6.55));
#18049=CARTESIAN_POINT('',(113.204644741108,-84.4063206359231,-5.64958492358058));
#18050=CARTESIAN_POINT('',(113.204644741108,-84.4063206359231,-6.55));
#18051=CARTESIAN_POINT('',(118.532471954076,-93.7635794036453,-5.64958492358057));
#18052=CARTESIAN_POINT('Origin',(118.63284043599,-81.52521443698,-6.55));
#18053=CARTESIAN_POINT('',(112.503999826517,-81.0742219589911,-5.64958492358057));
#18054=CARTESIAN_POINT('',(112.503999826517,-81.0742219589911,-6.55));
#18055=CARTESIAN_POINT('Origin',(118.63284043599,-81.52521443698,-5.64958492358058));
#18056=CARTESIAN_POINT('Origin',(112.537035850312,-80.7400508465398,-6.55));
#18057=CARTESIAN_POINT('',(112.537035850312,-80.7400508465398,-5.64958492358059));
#18058=CARTESIAN_POINT('',(112.537035850312,-80.7400508465398,-6.55));
#18059=CARTESIAN_POINT('',(112.512975881579,-80.9834259744625,-5.64958492358057));
#18060=CARTESIAN_POINT('Origin',(118.8119414893,-81.53388900148,-6.55));
#18061=CARTESIAN_POINT('',(113.332062280409,-78.3754805968542,-5.64958492358058));
#18062=CARTESIAN_POINT('',(113.332062280409,-78.3754805968542,-6.55));
#18063=CARTESIAN_POINT('Origin',(118.8119414893,-81.53388900148,-5.64958492358059));
#18064=CARTESIAN_POINT('Origin',(113.5083532289,-78.087812610141,-6.55));
#18065=CARTESIAN_POINT('',(113.5083532289,-78.087812610141,-5.64958492358059));
#18066=CARTESIAN_POINT('',(113.5083532289,-78.087812610141,-6.55));
#18067=CARTESIAN_POINT('',(117.530372691036,-71.5247629975534,-5.64958492358058));
#18068=CARTESIAN_POINT('Origin',(118.73282749286,-81.48199768106,-6.55));
#18069=CARTESIAN_POINT('',(114.640884997616,-76.7839523166502,-5.64958492358058));
#18070=CARTESIAN_POINT('',(114.640884997616,-76.7839523166502,-6.55));
#18071=CARTESIAN_POINT('Origin',(118.73282749286,-81.48199768106,-5.64958492358059));
#18072=CARTESIAN_POINT('Origin',(172.34752290837,-69.12666888236,3.45));
#18073=CARTESIAN_POINT('',(168.831352723648,-74.4685524546213,3.45));
#18074=CARTESIAN_POINT('',(171.306264854681,-75.4365781157127,3.45));
#18075=CARTESIAN_POINT('Origin',(168.562386116119,-74.2813754125071,3.45));
#18076=CARTESIAN_POINT('',(168.562386116119,-74.2813754125071,3.45));
#18077=CARTESIAN_POINT('Origin',(172.3158514214,-69.16764954552,3.45));
#18078=CARTESIAN_POINT('Origin',(166.53520771232,-71.7534397888643,3.45));
#18079=CARTESIAN_POINT('',(166.53520771232,-71.7534397888643,3.45));
#18080=CARTESIAN_POINT('Origin',(163.761195526394,-63.7366039028037,3.45));
#18081=CARTESIAN_POINT('',(163.761195526394,-63.7366039028037,3.45));
#18082=CARTESIAN_POINT('Origin',(163.659683,-63.452904888978,3.45));
#18083=CARTESIAN_POINT('',(163.659683,-63.452904888978,3.45));
#18084=CARTESIAN_POINT('Origin',(163.659683,-52.3509778484134,3.45));
#18085=CARTESIAN_POINT('',(163.659683011907,-52.3509778484108,3.45));
#18086=CARTESIAN_POINT('Origin',(166.03507835803,-52.35046238479,3.45));
#18087=CARTESIAN_POINT('',(163.679645540697,-52.0431521846387,3.45));
#18088=CARTESIAN_POINT('Origin',(163.687960461689,-51.9850267034222,3.45));
#18089=CARTESIAN_POINT('',(163.687960461689,-51.9850267034222,3.45));
#18090=CARTESIAN_POINT('Origin',(166.03849064929,-52.35280426007,3.45));
#18091=CARTESIAN_POINT('',(163.971118048847,-51.175424531632,3.45));
#18092=CARTESIAN_POINT('Origin',(163.99968979169,-51.1264011495726,3.45));
#18093=CARTESIAN_POINT('',(163.99968979169,-51.1264011495726,3.45));
#18094=CARTESIAN_POINT('Origin',(166.13282952823,-52.41370438631,3.45));
#18095=CARTESIAN_POINT('',(165.078288893799,-50.1564098088896,3.45));
#18096=CARTESIAN_POINT('Origin',(165.247850353304,-50.071048615548,3.45));
#18097=CARTESIAN_POINT('',(165.247850353304,-50.071048615548,3.45));
#18098=CARTESIAN_POINT('Origin',(165.368373801147,-49.9960947989709,3.45));
#18099=CARTESIAN_POINT('',(165.368373801147,-49.9960947989709,3.45));
#18100=CARTESIAN_POINT('Origin',(165.498514499594,-49.897701923164,3.45));
#18101=CARTESIAN_POINT('',(165.498514499594,-49.897701923164,3.45));
#18102=CARTESIAN_POINT('Origin',(164.45279637142,-48.6910167010198,3.45));
#18103=CARTESIAN_POINT('',(165.744401373975,-49.6298309245523,3.45));
#18104=CARTESIAN_POINT('Origin',(165.842471541025,-49.4781274611351,3.45));
#18105=CARTESIAN_POINT('',(165.842471541025,-49.4781274611351,3.45));
#18106=CARTESIAN_POINT('Origin',(165.919957185388,-49.3345731959876,3.45));
#18107=CARTESIAN_POINT('',(165.919957185388,-49.3345731959876,3.45));
#18108=CARTESIAN_POINT('Origin',(165.991493372026,-49.1746152034461,3.45));
#18109=CARTESIAN_POINT('',(165.991493372026,-49.1746152034461,3.45));
#18110=CARTESIAN_POINT('Origin',(166.056215731397,-48.9977434177861,3.45));
#18111=CARTESIAN_POINT('',(166.056215731397,-48.9977434177861,3.45));
#18112=CARTESIAN_POINT('Origin',(166.113159128557,-48.8038781649082,3.45));
#18113=CARTESIAN_POINT('',(166.113159128557,-48.8038781649082,3.45));
#18114=CARTESIAN_POINT('Origin',(166.161369935198,-48.5933076792625,3.45));
#18115=CARTESIAN_POINT('',(166.161369935198,-48.5933076792625,3.45));
#18116=CARTESIAN_POINT('Origin',(166.199978542133,-48.3665981577784,3.45));
#18117=CARTESIAN_POINT('',(166.199978542133,-48.3665981577784,3.45));
#18118=CARTESIAN_POINT('Origin',(166.228239921635,-48.1245233892417,3.45));
#18119=CARTESIAN_POINT('',(166.228239921635,-48.1245233892417,3.45));
#18120=CARTESIAN_POINT('Origin',(166.24554348405,-47.8679919814294,3.45));
#18121=CARTESIAN_POINT('',(166.24554348405,-47.8679919814294,3.45));
#18122=CARTESIAN_POINT('Origin',(166.251757,-47.5823011122577,3.45));
#18123=CARTESIAN_POINT('',(166.251757,-47.5823011122577,3.45));
#18124=CARTESIAN_POINT('Origin',(166.251757,-45.1510538406457,3.45));
#18125=CARTESIAN_POINT('',(166.251757,-45.1510538406457,3.45));
#18126=CARTESIAN_POINT('Origin',(164.410754587041,-45.1535786553598,3.45));
#18127=CARTESIAN_POINT('',(166.196327945133,-44.7052222034685,3.45));
#18128=CARTESIAN_POINT('Origin',(166.15131141976,-44.5513842260798,3.45));
#18129=CARTESIAN_POINT('',(166.15131141976,-44.5513842260798,3.45));
#18130=CARTESIAN_POINT('Origin',(163.988974330139,-45.2817087036205,3.45));
#18131=CARTESIAN_POINT('',(166.015209575775,-44.2312581997943,3.45));
#18132=CARTESIAN_POINT('Origin',(165.931926825797,-44.0828817219497,3.45));
#18133=CARTESIAN_POINT('',(165.931926825797,-44.0828817219497,3.45));
#18134=CARTESIAN_POINT('Origin',(163.460004201866,-45.5862480827925,3.45));
#18135=CARTESIAN_POINT('',(165.702989103189,-43.7588098195258,3.45));
#18136=CARTESIAN_POINT('Origin',(165.583821778005,-43.6206595640016,3.45));
#18137=CARTESIAN_POINT('',(165.583821778005,-43.6206595640016,3.45));
#18138=CARTESIAN_POINT('Origin',(162.973867914593,-46.0105674792969,3.45));
#18139=CARTESIAN_POINT('',(165.265394831302,-43.3138243690383,3.45));
#18140=CARTESIAN_POINT('Origin',(165.115806110734,-43.193069669516,3.45));
#18141=CARTESIAN_POINT('',(165.115806110734,-43.193069669516,3.45));
#18142=CARTESIAN_POINT('Origin',(162.688107016341,-46.3694020724884,3.45));
#18143=CARTESIAN_POINT('',(164.2808160351,-42.7025112357368,3.45));
#18144=CARTESIAN_POINT('Origin',(164.09874710349,-42.6286270245113,3.45));
#18145=CARTESIAN_POINT('',(164.09874710349,-42.6286270245113,3.45));
#18146=CARTESIAN_POINT('Origin',(162.76850870819,-46.1426426218507,3.45));
#18147=CARTESIAN_POINT('',(163.50128851497,-42.4574189432322,3.45));
#18148=CARTESIAN_POINT('Origin',(163.314726686477,-42.4258081109449,3.45));
#18149=CARTESIAN_POINT('',(163.314726686477,-42.4258081109449,3.45));
#18150=CARTESIAN_POINT('Origin',(162.87251267879,-45.5239484547522,3.45));
#18151=CARTESIAN_POINT('Origin',(147.195347174461,-42.3990009296577,3.45));
#18152=CARTESIAN_POINT('',(147.195347174461,-42.3990009296577,3.45));
#18153=CARTESIAN_POINT('Origin',(147.38357428135,-45.7241601420019,3.45));
#18154=CARTESIAN_POINT('',(146.764926138151,-42.4516400570946,3.45));
#18155=CARTESIAN_POINT('Origin',(146.578731489413,-42.4919167812783,3.45));
#18156=CARTESIAN_POINT('',(146.578731489413,-42.4919167812783,3.45));
#18157=CARTESIAN_POINT('Origin',(147.49671447906,-46.2353521746697,3.45));
#18158=CARTESIAN_POINT('',(145.982775685564,-42.6907801774711,3.45));
#18159=CARTESIAN_POINT('Origin',(145.803469034722,-42.7724267581299,3.45));
#18160=CARTESIAN_POINT('',(145.803469034722,-42.7724267581299,3.45));
#18161=CARTESIAN_POINT('Origin',(147.53709552965,-46.3516497025503,3.45));
#18162=CARTESIAN_POINT('',(145.120813467887,-43.1928716622664,3.45));
#18163=CARTESIAN_POINT('Origin',(144.970589696013,-43.3141477035094,3.45));
#18164=CARTESIAN_POINT('',(144.970589696013,-43.3141477035094,3.45));
#18165=CARTESIAN_POINT('Origin',(147.22469001525,-45.97095979114,3.45));
#18166=CARTESIAN_POINT('',(144.65306718814,-43.6201355201123,3.45));
#18167=CARTESIAN_POINT('Origin',(144.533110373177,-43.7592327398367,3.45));
#18168=CARTESIAN_POINT('',(144.533110373177,-43.7592327398367,3.45));
#18169=CARTESIAN_POINT('Origin',(146.730630291302,-45.5530026408011,3.45));
#18170=CARTESIAN_POINT('',(144.30518086934,-44.0819828076005,3.45));
#18171=CARTESIAN_POINT('Origin',(144.221192417841,-44.2316861393237,3.45));
#18172=CARTESIAN_POINT('',(144.221192417841,-44.2316861393237,3.45));
#18173=CARTESIAN_POINT('Origin',(146.207745258611,-45.2639288685704,3.45));
#18174=CARTESIAN_POINT('',(144.085780807858,-44.550357490925,3.45));
#18175=CARTESIAN_POINT('Origin',(144.040568796355,-44.7049648281443,3.45));
#18176=CARTESIAN_POINT('',(144.040568796355,-44.7049648281443,3.45));
#18177=CARTESIAN_POINT('Origin',(145.82833572819,-45.15354187355,3.45));
#18178=CARTESIAN_POINT('',(143.985152141454,-45.1510451129459,3.45));
#18179=CARTESIAN_POINT('Origin',(143.985152,-47.5823117777483,3.45));
#18180=CARTESIAN_POINT('',(143.985152,-47.5823117777483,3.45));
#18181=CARTESIAN_POINT('Origin',(143.991361848756,-47.8680209105603,3.45));
#18182=CARTESIAN_POINT('',(143.991361848756,-47.8680209105603,3.45));
#18183=CARTESIAN_POINT('Origin',(144.008657523967,-48.1245794370884,3.45));
#18184=CARTESIAN_POINT('',(144.008657523967,-48.1245794370884,3.45));
#18185=CARTESIAN_POINT('Origin',(144.039182300848,-48.3861839005628,3.45));
#18186=CARTESIAN_POINT('',(144.039182300848,-48.3861839005628,3.45));
#18187=CARTESIAN_POINT('Origin',(148.04568406112,-47.8024853001902,3.45));
#18188=CARTESIAN_POINT('',(144.095889346392,-48.6923628887651,3.45));
#18189=CARTESIAN_POINT('Origin',(144.126212980844,-48.8164568177143,3.45));
#18190=CARTESIAN_POINT('',(144.126212980844,-48.8164568177143,3.45));
#18191=CARTESIAN_POINT('Origin',(147.030380597468,-48.0576479076008,3.45));
#18192=CARTESIAN_POINT('',(144.241068204815,-49.1665739122157,3.45));
#18193=CARTESIAN_POINT('Origin',(144.285214963559,-49.2702762589458,3.45));
#18194=CARTESIAN_POINT('',(144.285214963559,-49.2702762589458,3.45));
#18195=CARTESIAN_POINT('Origin',(146.226811700998,-48.3957589706114,3.45));
#18196=CARTESIAN_POINT('',(144.428218664991,-49.5357771587372,3.45));
#18197=CARTESIAN_POINT('Origin',(144.485072965021,-49.6199492330136,3.45));
#18198=CARTESIAN_POINT('',(144.485072965021,-49.6199492330136,3.45));
#18199=CARTESIAN_POINT('Origin',(145.781579819719,-48.6947719189008,3.45));
#18200=CARTESIAN_POINT('',(144.697428584794,-49.8616048917969,3.45));
#18201=CARTESIAN_POINT('Origin',(144.768443264244,-49.9233509938841,3.45));
#18202=CARTESIAN_POINT('',(144.768443264244,-49.9233509938841,3.45));
#18203=CARTESIAN_POINT('Origin',(145.74946976061,-48.7160309821397,3.45));
#18204=CARTESIAN_POINT('',(145.039772853687,-50.1003593021684,3.45));
#18205=CARTESIAN_POINT('Origin',(145.141124122009,-50.1486132980012,3.45));
#18206=CARTESIAN_POINT('',(145.141124122009,-50.1486132980012,3.45));
#18207=CARTESIAN_POINT('Origin',(144.09359400953,-52.42869092158,3.45));
#18208=CARTESIAN_POINT('',(145.823593109932,-50.6112266389314,3.45));
#18209=CARTESIAN_POINT('Origin',(145.892846474048,-50.6800341215803,3.45));
#18210=CARTESIAN_POINT('',(145.892846474048,-50.6800341215803,3.45));
#18211=CARTESIAN_POINT('Origin',(144.18745464125,-52.35340218629,3.45));
#18212=CARTESIAN_POINT('',(146.576700944973,-52.34849469113,3.45));
#18213=CARTESIAN_POINT('Origin',(146.576702,-62.7357783962294,3.45));
#18214=CARTESIAN_POINT('',(146.576702,-62.7357783962294,3.45));
#18215=CARTESIAN_POINT('Origin',(114.910185767067,-76.5626168340386,-6.55));
#18216=CARTESIAN_POINT('',(114.910185767067,-76.5626168340386,-5.64958492358058));
#18217=CARTESIAN_POINT('',(114.910185767067,-76.5626168340386,-6.55));
#18218=CARTESIAN_POINT('',(124.683018810512,-68.5304276852193,-5.64958492358058));
#18219=CARTESIAN_POINT('Origin',(118.70932993504,-81.46357717657,-6.55));
#18220=CARTESIAN_POINT('',(116.482882802527,-75.6760179454061,-5.64958492358058));
#18221=CARTESIAN_POINT('',(116.482882802527,-75.6760179454061,-6.55));
#18222=CARTESIAN_POINT('Origin',(118.70932993504,-81.46357717657,-5.64958492358058));
#18223=CARTESIAN_POINT('Origin',(116.866767041665,-75.5407175748465,-6.55));
#18224=CARTESIAN_POINT('',(116.866767041665,-75.5407175748465,-5.64958492358058));
#18225=CARTESIAN_POINT('',(116.866767041665,-75.5407175748465,-6.55));
#18226=CARTESIAN_POINT('',(132.25153668986,-70.1183406649443,-5.64958492358058));
#18227=CARTESIAN_POINT('Origin',(117.302758602515,-75.4207654708172,-6.55));
#18228=CARTESIAN_POINT('',(117.302758602515,-75.4207654708172,-5.64958492358058));
#18229=CARTESIAN_POINT('',(117.302758602515,-75.4207654708172,-6.55));
#18230=CARTESIAN_POINT('',(133.518806845869,-70.9593279557518,-5.64958492358058));
#18231=CARTESIAN_POINT('Origin',(117.718187218377,-75.3372018847395,-6.55));
#18232=CARTESIAN_POINT('',(117.718187218377,-75.3372018847395,-5.64958492358058));
#18233=CARTESIAN_POINT('',(117.718187218377,-75.3372018847395,-6.55));
#18234=CARTESIAN_POINT('',(134.631223592799,-71.9351397326763,-5.64958492358058));
#18235=CARTESIAN_POINT('Origin',(138.007339941312,-71.9833591270086,-6.55));
#18236=CARTESIAN_POINT('',(138.00733993952,-71.9833591161482,-5.64958492358059));
#18237=CARTESIAN_POINT('',(138.00733993952,-71.9833591161482,-6.55));
#18238=CARTESIAN_POINT('',(145.168051711029,-70.7996773026848,-5.64958492358058));
#18239=CARTESIAN_POINT('Origin',(137.53590546611,-69.1253722978301,-6.55));
#18240=CARTESIAN_POINT('',(139.097784791493,-71.5648132356969,-5.64958492358058));
#18241=CARTESIAN_POINT('',(139.097784791493,-71.5648132356969,-6.55));
#18242=CARTESIAN_POINT('Origin',(137.53590546611,-69.1253722978301,-5.64958492358059));
#18243=CARTESIAN_POINT('Origin',(139.278743125868,-71.4388816564881,-6.55));
#18244=CARTESIAN_POINT('',(139.278743125868,-71.4388816564881,-6.55));
#18245=CARTESIAN_POINT('',(141.276604193376,-70.0485406139512,-5.64958492358058));
#18246=CARTESIAN_POINT('Origin',(137.56276062621,-69.1622662138697,-6.55));
#18247=CARTESIAN_POINT('',(139.936444023325,-70.7412535295124,-6.55));
#18248=CARTESIAN_POINT('Origin',(140.038529440335,-70.5737121760303,-6.55));
#18249=CARTESIAN_POINT('',(140.038529440335,-70.5737121760303,-5.64958492358058));
#18250=CARTESIAN_POINT('',(140.038529440335,-70.5737121760303,-6.55));
#18251=CARTESIAN_POINT('',(138.75677642684,-72.6773097416971,-5.64958492358058));
#18252=CARTESIAN_POINT('Origin',(146.472040645356,-63.0286951819147,3.45));
#18253=CARTESIAN_POINT('',(146.472040645356,-63.0286951819147,3.45));
#18254=CARTESIAN_POINT('Origin',(143.336793961548,-71.78739402307,3.45));
#18255=CARTESIAN_POINT('',(143.336793961548,-71.78739402307,3.45));
#18256=CARTESIAN_POINT('Origin',(143.30811399272,-71.8646414202684,3.45));
#18257=CARTESIAN_POINT('Origin',(141.052548807433,-74.4685751003889,3.45));
#18258=CARTESIAN_POINT('',(141.052548807433,-74.4685751003889,3.45));
#18259=CARTESIAN_POINT('Origin',(137.53590546611,-69.12537229783,3.45));
#18260=CARTESIAN_POINT('',(138.577715793554,-75.436570901976,3.45));
#18261=CARTESIAN_POINT('Origin',(118.348883336217,-78.7804425864453,3.45));
#18262=CARTESIAN_POINT('',(118.348883336217,-78.7804425864453,3.45));
#18263=CARTESIAN_POINT('Origin',(118.113070548114,-78.8278763968871,3.45));
#18264=CARTESIAN_POINT('',(118.113070548114,-78.8278763968871,3.45));
#18265=CARTESIAN_POINT('Origin',(117.913998468757,-78.8826460688638,3.45));
#18266=CARTESIAN_POINT('',(117.913998468757,-78.8826460688638,3.45));
#18267=CARTESIAN_POINT('Origin',(117.702769800032,-78.9570938170082,3.45));
#18268=CARTESIAN_POINT('',(117.702769800032,-78.9570938170082,3.45));
#18269=CARTESIAN_POINT('Origin',(118.709329935041,-81.463577176571,3.45));
#18270=CARTESIAN_POINT('',(117.086053674779,-79.3047357465388,3.45));
#18271=CARTESIAN_POINT('Origin',(116.909764192775,-79.449626225913,3.45));
#18272=CARTESIAN_POINT('',(116.909764192775,-79.449626225913,3.45));
#18273=CARTESIAN_POINT('Origin',(118.73282749286,-81.48199768106,3.45));
#18274=CARTESIAN_POINT('',(116.463565592374,-79.9639252339032,3.45));
#18275=CARTESIAN_POINT('Origin',(116.345800830033,-80.1560913795985,3.45));
#18276=CARTESIAN_POINT('',(116.345800830033,-80.1560913795985,3.45));
#18277=CARTESIAN_POINT('Origin',(118.8119414893,-81.5338890014798,3.45));
#18278=CARTESIAN_POINT('',(116.014421449547,-81.1413871985084,3.45));
#18279=CARTESIAN_POINT('Origin',(115.992237420651,-81.3657865288541,3.45));
#18280=CARTESIAN_POINT('',(115.992237420651,-81.3657865288541,3.45));
#18281=CARTESIAN_POINT('Origin',(118.63284043599,-81.5252144369801,3.45));
#18282=CARTESIAN_POINT('',(116.277178771049,-82.7289833777783,3.45));
#18283=CARTESIAN_POINT('Origin',(116.394556536594,-82.93513385561,3.45));
#18284=CARTESIAN_POINT('',(116.394556536594,-82.93513385561,3.45));
#18285=CARTESIAN_POINT('Origin',(118.844026545689,-81.3872523067206,3.45));
#18286=CARTESIAN_POINT('',(116.757410385775,-83.3976934563282,3.45));
#18287=CARTESIAN_POINT('Origin',(131.523386464666,-98.7652813042765,3.45));
#18288=CARTESIAN_POINT('',(131.523386464666,-98.7652813042765,3.45));
#18289=CARTESIAN_POINT('Origin',(131.75519953259,-99.0208501819905,3.45));
#18290=CARTESIAN_POINT('',(131.75519953259,-99.0208501819905,3.45));
#18291=CARTESIAN_POINT('Origin',(131.984330584505,-99.304749348372,3.45));
#18292=CARTESIAN_POINT('',(131.984330584505,-99.304749348372,3.45));
#18293=CARTESIAN_POINT('Origin',(132.182184283436,-99.5809549370404,3.45));
#18294=CARTESIAN_POINT('',(132.182184283436,-99.5809549370404,3.45));
#18295=CARTESIAN_POINT('Origin',(126.96517018298,-103.1278021923,3.45));
#18296=CARTESIAN_POINT('',(133.20251786125,-104.072712514433,3.45));
#18297=CARTESIAN_POINT('Origin',(129.984316340216,-125.281541344328,3.45));
#18298=CARTESIAN_POINT('',(129.984316340216,-125.281541344328,3.45));
#18299=CARTESIAN_POINT('Origin',(132.774262075531,-125.7125852691,3.45));
#18300=CARTESIAN_POINT('',(129.955939332255,-125.875834868168,3.45));
#18301=CARTESIAN_POINT('Origin',(129.981094216762,-126.116854855867,3.45));
#18302=CARTESIAN_POINT('',(129.981094216762,-126.116854855867,3.45));
#18303=CARTESIAN_POINT('Origin',(132.570083373749,-125.7257625224,3.45));
#18304=CARTESIAN_POINT('',(130.25744879423,-126.953581470742,3.45));
#18305=CARTESIAN_POINT('Origin',(130.373674259787,-127.151815135364,3.45));
#18306=CARTESIAN_POINT('',(130.373674259787,-127.151815135364,3.45));
#18307=CARTESIAN_POINT('Origin',(132.72718799784,-125.6311549865,3.45));
#18308=CARTESIAN_POINT('',(130.821332706062,-127.68521190157,3.45));
#18309=CARTESIAN_POINT('Origin',(130.996955691117,-127.835770643511,3.45));
#18310=CARTESIAN_POINT('',(130.996955691117,-127.835770643511,3.45));
#18311=CARTESIAN_POINT('Origin',(132.79257991906,-125.5645286009,3.45));
#18312=CARTESIAN_POINT('',(131.772562475736,-128.274209615229,3.45));
#18313=CARTESIAN_POINT('Origin',(131.993553520173,-128.347160993533,3.45));
#18314=CARTESIAN_POINT('',(131.993553520173,-128.347160993533,3.45));
#18315=CARTESIAN_POINT('Origin',(132.74494573923,-125.731468702,3.45));
#18316=CARTESIAN_POINT('',(133.260383173288,-128.403688880506,3.45));
#18317=CARTESIAN_POINT('Origin',(133.499195880836,-128.346365154196,3.45));
#18318=CARTESIAN_POINT('',(133.499195880836,-128.346365154196,3.45));
#18319=CARTESIAN_POINT('Origin',(132.672564751001,-125.491204539701,3.45));
#18320=CARTESIAN_POINT('',(134.06554928715,-128.117010176344,3.45));
#18321=CARTESIAN_POINT('Origin',(151.948204027829,-118.661301270542,3.45));
#18322=CARTESIAN_POINT('',(151.948204028028,-118.661301270918,3.45));
#18323=CARTESIAN_POINT('Origin',(154.93864046916,-124.3155794252,3.45));
#18324=CARTESIAN_POINT('',(153.813502998965,-118.018942447606,3.45));
#18325=CARTESIAN_POINT('Origin',(154.147882916492,-117.968239795076,3.45));
#18326=CARTESIAN_POINT('',(154.147882916492,-117.968239795076,3.45));
#18327=CARTESIAN_POINT('Origin',(154.94221493099,-124.3244562966,3.45));
#18328=CARTESIAN_POINT('',(157.935537520848,-118.661200039238,3.45));
#18329=CARTESIAN_POINT('Origin',(175.794063418433,-128.104211854595,3.45));
#18330=CARTESIAN_POINT('',(175.794063418433,-128.104211854595,3.45));
#18331=CARTESIAN_POINT('Origin',(176.015709072796,-128.211544008983,3.45));
#18332=CARTESIAN_POINT('',(176.015709072796,-128.211544008983,3.45));
#18333=CARTESIAN_POINT('Origin',(176.235110995223,-128.29903503242,3.45));
#18334=CARTESIAN_POINT('',(176.235110995223,-128.29903503242,3.45));
#18335=CARTESIAN_POINT('Origin',(177.14683233057,-125.688806476299,3.45));
#18336=CARTESIAN_POINT('',(176.76898503592,-128.427740635866,3.45));
#18337=CARTESIAN_POINT('Origin',(177.006586719633,-128.449795546618,3.45));
#18338=CARTESIAN_POINT('',(177.006586719633,-128.449795546618,3.45));
#18339=CARTESIAN_POINT('Origin',(177.13705503567,-125.7262785358,3.45));
#18340=CARTESIAN_POINT('',(177.709190228759,-128.392217059197,3.45));
#18341=CARTESIAN_POINT('Origin',(177.933655245028,-128.334338014111,3.45));
#18342=CARTESIAN_POINT('',(177.933655245028,-128.334338014111,3.45));
#18343=CARTESIAN_POINT('Origin',(177.0957447183,-125.5724178542,3.45));
#18344=CARTESIAN_POINT('',(178.736118244808,-127.947175044747,3.45));
#18345=CARTESIAN_POINT('Origin',(178.921302908403,-127.808155857805,3.45));
#18346=CARTESIAN_POINT('',(178.921302908403,-127.808155857805,3.45));
#18347=CARTESIAN_POINT('Origin',(177.128881999679,-125.605941152799,3.45));
#18348=CARTESIAN_POINT('',(179.405060723271,-127.30344895521,3.45));
#18349=CARTESIAN_POINT('Origin',(179.534753192565,-127.11315719526,3.45));
#18350=CARTESIAN_POINT('',(179.534753192565,-127.11315719526,3.45));
#18351=CARTESIAN_POINT('Origin',(177.306217882739,-125.7235961787,3.45));
#18352=CARTESIAN_POINT('',(179.902907000418,-126.116603903835,3.45));
#18353=CARTESIAN_POINT('Origin',(179.927978203742,-125.876537936583,3.45));
#18354=CARTESIAN_POINT('',(179.927978203742,-125.876537936583,3.45));
#18355=CARTESIAN_POINT('Origin',(177.069523066711,-125.7140372648,3.45));
#18356=CARTESIAN_POINT('',(179.899615681032,-125.28073825359,3.45));
#18357=CARTESIAN_POINT('Origin',(176.681767457477,-104.073103473695,3.45));
#18358=CARTESIAN_POINT('',(176.681767460687,-104.073103473207,3.45));
#18359=CARTESIAN_POINT('Origin',(182.90972196279,-103.1266180517,3.45));
#18360=CARTESIAN_POINT('',(176.914455375653,-101.19270221006,3.45));
#18361=CARTESIAN_POINT('Origin',(177.017891959541,-100.897139337835,3.45));
#18362=CARTESIAN_POINT('',(177.017891959541,-100.897139337835,3.45));
#18363=CARTESIAN_POINT('Origin',(182.93668085289,-103.1359174386,3.45));
#18364=CARTESIAN_POINT('',(178.37563247846,-98.7494579238419,3.45));
#18365=CARTESIAN_POINT('Origin',(193.107772876864,-83.4171863419452,3.45));
#18366=CARTESIAN_POINT('',(193.107772876864,-83.4171863419452,3.45));
#18367=CARTESIAN_POINT('Origin',(193.266468363663,-83.2400285410493,3.45));
#18368=CARTESIAN_POINT('',(193.266468363663,-83.2400285410493,3.45));
#18369=CARTESIAN_POINT('Origin',(193.406400332935,-83.059668751452,3.45));
#18370=CARTESIAN_POINT('',(193.406400332935,-83.059668751452,3.45));
#18371=CARTESIAN_POINT('Origin',(191.224725223522,-81.5117943137911,3.45));
#18372=CARTESIAN_POINT('',(193.737099681631,-82.4302692127605,3.45));
#18373=CARTESIAN_POINT('Origin',(193.805671541112,-82.2131320008109,3.45));
#18374=CARTESIAN_POINT('',(193.805671541112,-82.2131320008109,3.45));
#18375=CARTESIAN_POINT('Origin',(191.236518412569,-81.5251643558397,3.45));
#18376=CARTESIAN_POINT('',(193.896115484774,-81.5449302847385,3.45));
#18377=CARTESIAN_POINT('Origin',(193.888723378297,-81.3209807038521,3.45));
#18378=CARTESIAN_POINT('',(193.888723378297,-81.3209807038521,3.45));
#18379=CARTESIAN_POINT('Origin',(191.079698159671,-81.5311623579598,3.45));
#18380=CARTESIAN_POINT('',(193.621732885949,-80.3175485573646,3.45));
#18381=CARTESIAN_POINT('Origin',(193.515897507865,-80.11673396603,3.45));
#18382=CARTESIAN_POINT('',(193.515897507865,-80.11673396603,3.45));
#18383=CARTESIAN_POINT('Origin',(191.17328347827,-81.4651893717098,3.45));
#18384=CARTESIAN_POINT('',(192.358013903361,-79.0356654898296,3.45));
#18385=CARTESIAN_POINT('Origin',(192.137898256411,-78.9401727497322,3.45));
#18386=CARTESIAN_POINT('',(192.137898256411,-78.9401727497322,3.45));
#18387=CARTESIAN_POINT('Origin',(191.08122368684,-81.7137834362809,3.45));
#18388=CARTESIAN_POINT('',(191.5614428558,-78.7848131502795,3.45));
#18389=CARTESIAN_POINT('Origin',(171.306264853982,-75.4365781199504,3.45));
#18390=CARTESIAN_POINT('Origin',(178.802699197022,-70.4298409727554,-6.34979246179029));
#18391=CARTESIAN_POINT('Ctrl Pts',(192.706869893325,-77.5519350860621,-7.05000000000004));
#18392=CARTESIAN_POINT('Ctrl Pts',(192.958444589232,-76.9413966358491,-6.58770483414194));
#18393=CARTESIAN_POINT('Ctrl Pts',(193.21964855665,-76.3110489391226,-6.11000149324019));
#18394=CARTESIAN_POINT('Ctrl Pts',(193.472083187359,-75.7038080942874,-5.64958494350723));
#18395=CARTESIAN_POINT('Ctrl Pts',(192.982184999998,-77.671374999999,-7.05));
#18396=CARTESIAN_POINT('Ctrl Pts',(193.255194957355,-77.0715407142576,-6.58860729499694));
#18397=CARTESIAN_POINT('Ctrl Pts',(193.536714398945,-76.4496780243663,-6.11069296840322));
#18398=CARTESIAN_POINT('Ctrl Pts',(193.807653907333,-75.8493886614325,-5.64958492358058));
#18399=CARTESIAN_POINT('Origin',(172.34752290837,-69.1266688823598,-6.34979246179029));
#18400=CARTESIAN_POINT('',(171.876538864078,-71.9833494901072,-5.64958492358059));
#18401=CARTESIAN_POINT('Ctrl Pts',(169.671194999941,-73.2255349999588,-7.05000000000003));
#18402=CARTESIAN_POINT('Ctrl Pts',(170.035565875555,-72.6850967672028,-6.59365643682287));
#18403=CARTESIAN_POINT('Ctrl Pts',(170.423641213568,-72.1077804619286,-6.10663685313748));
#18404=CARTESIAN_POINT('Ctrl Pts',(170.786200724914,-71.5648491677584,-5.64958492358059));
#18405=CARTESIAN_POINT('Origin',(168.126500564156,-70.9322481301105,-6.34979246179029));
#18406=CARTESIAN_POINT('Ctrl Pts',(169.435760000002,-73.0616929999978,-7.05000000000004));
#18407=CARTESIAN_POINT('Ctrl Pts',(169.815494611114,-72.5324734990287,-6.59395927948541));
#18408=CARTESIAN_POINT('Ctrl Pts',(170.222280131783,-71.9671795494978,-6.1063659493933));
#18409=CARTESIAN_POINT('Ctrl Pts',(170.604988468698,-71.4387414162193,-5.64958492358058));
#18410=CARTESIAN_POINT('Origin',(172.3158514214,-69.1676495455201,-6.34979246179029));
#18411=CARTESIAN_POINT('Ctrl Pts',(167.961839217206,-71.2892241368801,-7.04999999999999));
#18412=CARTESIAN_POINT('Ctrl Pts',(168.56467201972,-71.0391197716429,-6.59383172349449));
#18413=CARTESIAN_POINT('Ctrl Pts',(169.207881074294,-70.7679718338428,-6.10612764550828));
#18414=CARTESIAN_POINT('Ctrl Pts',(169.807269908769,-70.506279114359,-5.6495849235806));
#18415=CARTESIAN_POINT('Origin',(170.372381090304,-75.1975384675579,-6.34979246179029));
#18416=CARTESIAN_POINT('',(165.159683,-63.1910526023715,-7.05));
#18417=CARTESIAN_POINT('Origin',(166.159683000001,-74.1392434341668,-6.34979246179029));
#18418=CARTESIAN_POINT('',(165.159682999999,-51.8922933380328,-7.05));
#18419=CARTESIAN_POINT('Origin',(154.956928448502,-59.4150192909547,-6.34979246179028));
#18420=CARTESIAN_POINT('',(166.218525000001,-51.2337969999994,-7.05));
#18421=CARTESIAN_POINT('Origin',(154.973857964718,-60.9889669234975,-6.34979246179029));
#18422=CARTESIAN_POINT('Ctrl Pts',(166.436500000085,-51.068996999927,-7.05000000000004));
#18423=CARTESIAN_POINT('Ctrl Pts',(166.843467042103,-51.5813046939683,-6.59200004023903));
#18424=CARTESIAN_POINT('Ctrl Pts',(167.272447213702,-52.1253203908108,-6.10699410346969));
#18425=CARTESIAN_POINT('Ctrl Pts',(167.676136466702,-52.6390485352939,-5.6495849235806));
#18426=CARTESIAN_POINT('Origin',(164.45279637142,-48.69101670102,-6.3497924617903));
#18427=CARTESIAN_POINT('',(168.64643662061,-51.5876109416181,-5.64958492358059));
#18428=CARTESIAN_POINT('Ctrl Pts',(166.985499999996,-50.4729490000052,-7.04999999999998));
#18429=CARTESIAN_POINT('Ctrl Pts',(167.527847370837,-50.8388363139576,-6.59199281031799));
#18430=CARTESIAN_POINT('Ctrl Pts',(168.103267370803,-51.2245787360138,-6.10699006443488));
#18431=CARTESIAN_POINT('Ctrl Pts',(168.646436620609,-51.5876109416191,-5.64958492358059));
#18432=CARTESIAN_POINT('Origin',(164.45279637142,-48.69101670102,-5.64958492358059));
#18433=CARTESIAN_POINT('Origin',(158.073666694121,-66.1005193857668,-6.34979246179028));
#18434=CARTESIAN_POINT('',(168.856798611977,-51.2622047184678,-5.64958492358057));
#18435=CARTESIAN_POINT('',(167.134326,-50.2427319999993,-7.05));
#18436=CARTESIAN_POINT('',(158.913466280184,-66.6434159277055,-5.64958492358057));
#18437=CARTESIAN_POINT('Origin',(159.267576791742,-66.92242547852,-6.34979246179029));
#18438=CARTESIAN_POINT('',(169.06181108615,-50.8823870720167,-5.64958492358059));
#18439=CARTESIAN_POINT('',(167.266466,-49.9979220000002,-7.05));
#18440=CARTESIAN_POINT('',(160.147568438385,-67.3974146382254,-5.64958492358059));
#18441=CARTESIAN_POINT('Origin',(160.535815883546,-67.4974123578488,-6.34979246179029));
#18442=CARTESIAN_POINT('',(169.236384503965,-50.4920333954052,-5.64958492358058));
#18443=CARTESIAN_POINT('',(167.382161,-49.7392230000001,-7.05));
#18444=CARTESIAN_POINT('',(161.448685116203,-67.9056644418233,-5.64958492358058));
#18445=CARTESIAN_POINT('Origin',(161.816766166037,-67.8582019298622,-6.34979246179029));
#18446=CARTESIAN_POINT('',(169.382231358137,-50.0934664429517,-5.64958492358058));
#18447=CARTESIAN_POINT('',(167.481651,-49.4673390000001,-7.05));
#18448=CARTESIAN_POINT('',(162.755866454279,-68.2018451294518,-5.64958492358058));
#18449=CARTESIAN_POINT('Origin',(179.134637717585,-103.573904808014,-6.34979246179029));
#18450=CARTESIAN_POINT('',(183.359730278934,-124.75385001839,-5.64958492358058));
#18451=CARTESIAN_POINT('',(178.164722554544,-103.847616352532,-7.05));
#18452=CARTESIAN_POINT('Origin',(163.072703686297,-68.0260639146177,-6.34979246179029));
#18453=CARTESIAN_POINT('',(169.501198495257,-49.6884397801225,-5.64958492358057));
#18454=CARTESIAN_POINT('',(167.565176,-49.1829759999995,-7.05));
#18455=CARTESIAN_POINT('',(164.032170670876,-68.3078849668887,-5.64958492358057));
#18456=CARTESIAN_POINT('Origin',(164.276738635001,-68.0266113397415,-6.34979246179029));
#18457=CARTESIAN_POINT('',(169.595122086403,-49.2782094276498,-5.64958492358058));
#18458=CARTESIAN_POINT('',(167.632978,-48.8868369999999,-7.05));
#18459=CARTESIAN_POINT('',(165.251516219427,-68.249789880154,-5.64958492358058));
#18460=CARTESIAN_POINT('Origin',(165.41177756988,-67.8862490596364,-6.34979246179029));
#18461=CARTESIAN_POINT('',(169.665719277157,-48.8636631229621,-5.64958492358059));
#18462=CARTESIAN_POINT('',(167.685296,-48.5796260000001,-7.05));
#18463=CARTESIAN_POINT('',(166.397584528348,-68.0541318778073,-5.64958492358059));
#18464=CARTESIAN_POINT('Origin',(166.468042761737,-67.6298351212028,-6.34979246179029));
#18465=CARTESIAN_POINT('',(169.714548104487,-48.445416481011,-5.64958492358058));
#18466=CARTESIAN_POINT('',(167.722372,-48.2620490000001,-7.05));
#18467=CARTESIAN_POINT('',(167.461296772076,-67.7457940404173,-5.64958492358058));
#18468=CARTESIAN_POINT('Origin',(167.44188035471,-67.2794764192656,-6.34979246179029));
#18469=CARTESIAN_POINT('',(169.7429803546,-48.0238983580933,-5.64958492358057));
#18470=CARTESIAN_POINT('',(167.744445,-47.934809,-7.05));
#18471=CARTESIAN_POINT('',(168.439613200363,-67.3467755180986,-5.64958492358057));
#18472=CARTESIAN_POINT('Origin',(168.333204533343,-66.8540824785731,-6.34979246179029));
#18473=CARTESIAN_POINT('',(169.751757,-47.6203575169895,-5.64958492358057));
#18474=CARTESIAN_POINT('',(167.751756999218,-47.5986110359701,-7.05));
#18475=CARTESIAN_POINT('',(169.332968105795,-66.8758264248243,-5.64958492358057));
#18476=CARTESIAN_POINT('Origin',(164.41075458704,-45.15357865536,-6.34979246179029));
#18477=CARTESIAN_POINT('',(169.56952207307,-43.7703065401999,-5.64958492358058));
#18478=CARTESIAN_POINT('',(169.751756911105,-45.1493485455002,-5.64958492358058));
#18479=CARTESIAN_POINT('Origin',(164.41075458704,-45.15357865536,-5.64958492358058));
#18480=CARTESIAN_POINT('',(169.751756911105,-45.1493485455002,-5.64958492358058));
#18481=CARTESIAN_POINT('Ctrl Pts',(167.642896999998,-44.3076689999944,-7.05000000000006));
#18482=CARTESIAN_POINT('Ctrl Pts',(168.274667181652,-44.1325997934621,-6.59100645363435));
#18483=CARTESIAN_POINT('Ctrl Pts',(168.939006865474,-43.94706678395,-6.10806763745413));
#18484=CARTESIAN_POINT('Ctrl Pts',(169.56952207307,-43.7703065402002,-5.64958492358059));
#18485=CARTESIAN_POINT('Origin',(173.646570966061,-61.2637513705889,-6.34979246179029));
#18486=CARTESIAN_POINT('',(169.49487919056,-43.5152244347471,-5.64958492358059));
#18487=CARTESIAN_POINT('Ctrl Pts',(167.583381000016,-44.1042810000507,-7.05000000000005));
#18488=CARTESIAN_POINT('Ctrl Pts',(168.211476060899,-43.9095644835775,-6.58961258161566));
#18489=CARTESIAN_POINT('Ctrl Pts',(168.866732921644,-43.7078599125489,-6.10959751820827));
#18490=CARTESIAN_POINT('Ctrl Pts',(169.49487919056,-43.5152244347477,-5.64958492358058));
#18491=CARTESIAN_POINT('',(174.606323885561,-60.9829056237605,-5.64958492358059));
#18492=CARTESIAN_POINT('Origin',(163.98897433014,-45.28170870362,-6.34979246179029));
#18493=CARTESIAN_POINT('',(169.089238261576,-42.5572339223343,-5.64958492358058));
#18494=CARTESIAN_POINT('Ctrl Pts',(167.333901999999,-43.5160489999985,-7.04999999999999));
#18495=CARTESIAN_POINT('Ctrl Pts',(167.911412349244,-43.201617527593,-6.58960968806682));
#18496=CARTESIAN_POINT('Ctrl Pts',(168.51299682239,-42.8728188167264,-6.10959574756548));
#18497=CARTESIAN_POINT('Ctrl Pts',(169.089238261576,-42.557233922334,-5.64958492358057));
#18498=CARTESIAN_POINT('Origin',(163.98897433014,-45.28170870362,-5.64958492358058));
#18499=CARTESIAN_POINT('Origin',(175.670731197462,-56.3258765917662,-6.3497924617903));
#18500=CARTESIAN_POINT('',(168.959941351367,-42.3268786550236,-5.64958492358059));
#18501=CARTESIAN_POINT('Ctrl Pts',(167.228472000038,-43.328215000065,-7.04999999999995));
#18502=CARTESIAN_POINT('Ctrl Pts',(167.798981055938,-42.9972703687446,-6.58822519604181));
#18503=CARTESIAN_POINT('Ctrl Pts',(168.388970719688,-42.6562432121396,-6.11110003423818));
#18504=CARTESIAN_POINT('Ctrl Pts',(168.959941351368,-42.3268786550242,-5.64958492358059));
#18505=CARTESIAN_POINT('',(176.542755935746,-55.8364147895584,-5.64958492358059));
#18506=CARTESIAN_POINT('Origin',(163.46000420187,-45.58624808279,-6.34979246179029));
#18507=CARTESIAN_POINT('',(168.379071918102,-41.5026748291057,-5.64958492358057));
#18508=CARTESIAN_POINT('Ctrl Pts',(166.851143000003,-42.7933570000035,-7.04999999999995));
#18509=CARTESIAN_POINT('Ctrl Pts',(167.355426000972,-42.3682962813092,-6.5882231226156));
#18510=CARTESIAN_POINT('Ctrl Pts',(167.875915882664,-41.9284667399022,-6.11109868843021));
#18511=CARTESIAN_POINT('Ctrl Pts',(168.379071918101,-41.5026748291053,-5.64958492358058));
#18512=CARTESIAN_POINT('Origin',(163.46000420187,-45.58624808279,-5.64958492358057));
#18513=CARTESIAN_POINT('Origin',(175.616889211507,-51.4244529921229,-6.34979246179029));
#18514=CARTESIAN_POINT('',(168.205941382361,-41.3019652158358,-5.64958492358057));
#18515=CARTESIAN_POINT('Ctrl Pts',(166.70639400003,-42.6255500000337,-7.05000000000005));
#18516=CARTESIAN_POINT('Ctrl Pts',(167.201509248083,-42.1876199818739,-6.58719812455821));
#18517=CARTESIAN_POINT('Ctrl Pts',(167.710198161088,-41.738763483909,-6.11220214622331));
#18518=CARTESIAN_POINT('Ctrl Pts',(168.20594138236,-41.3019652158351,-5.64958492358059));
#18519=CARTESIAN_POINT('',(176.374103221615,-50.771286135266,-5.64958492358057));
#18520=CARTESIAN_POINT('Origin',(162.97386791459,-46.0105674793,-6.34979246179029));
#18521=CARTESIAN_POINT('',(167.492310218354,-40.6134194180357,-5.64958492358059));
#18522=CARTESIAN_POINT('Ctrl Pts',(166.220994999996,-42.1574829999964,-7.05000000000001));
#18523=CARTESIAN_POINT('Ctrl Pts',(166.641586453414,-41.6475732083444,-6.58719700459481));
#18524=CARTESIAN_POINT('Ctrl Pts',(167.072723869056,-41.123798207669,-6.11220138394325));
#18525=CARTESIAN_POINT('Ctrl Pts',(167.492310218354,-40.6134194180359,-5.64958492358059));
#18526=CARTESIAN_POINT('Origin',(162.97386791459,-46.0105674793,-5.64958492358059));
#18527=CARTESIAN_POINT('Origin',(174.015344074958,-47.1642668419469,-6.34979246179029));
#18528=CARTESIAN_POINT('',(167.283735209817,-40.4450483510977,-5.64958492358058));
#18529=CARTESIAN_POINT('Ctrl Pts',(166.043734000012,-42.01439000001,-7.05000000000012));
#18530=CARTESIAN_POINT('Ctrl Pts',(166.453558433078,-41.4947821877621,-6.58664867779751));
#18531=CARTESIAN_POINT('Ctrl Pts',(166.873204627378,-40.9638139457469,-6.11278795013854));
#18532=CARTESIAN_POINT('Ctrl Pts',(167.283735209817,-40.4450483510979,-5.64958492358058));
#18533=CARTESIAN_POINT('',(174.643470369956,-46.3861554376279,-5.64958492358058));
#18534=CARTESIAN_POINT('Origin',(162.68810701634,-46.36940207249,-6.34979246179029));
#18535=CARTESIAN_POINT('',(165.630102680401,-39.4728502513624,-5.64958492358057));
#18536=CARTESIAN_POINT('Ctrl Pts',(164.860371000008,-41.3188940000033,-7.0499999999999));
#18537=CARTESIAN_POINT('Ctrl Pts',(165.115541275063,-40.7082974269867,-6.58664818137269));
#18538=CARTESIAN_POINT('Ctrl Pts',(165.375925826748,-40.0836201483185,-6.11278763695003));
#18539=CARTESIAN_POINT('Ctrl Pts',(165.6301026804,-39.4728502513621,-5.64958492358058));
#18540=CARTESIAN_POINT('Origin',(162.68810701634,-46.36940207249,-5.64958492358057));
#18541=CARTESIAN_POINT('Origin',(162.76850870819,-46.14264262185,-6.34979246179029));
#18542=CARTESIAN_POINT('',(165.382771212905,-39.3724822740924,-5.64958492358058));
#18543=CARTESIAN_POINT('Ctrl Pts',(165.382771212905,-39.3724822740924,-5.64958492358057));
#18544=CARTESIAN_POINT('Ctrl Pts',(165.320910763035,-39.5272559265428,-5.76628617994886));
#18545=CARTESIAN_POINT('Ctrl Pts',(165.259175659823,-39.6820788275349,-5.88298743631715));
#18546=CARTESIAN_POINT('Ctrl Pts',(165.135956265335,-39.9918228224565,-6.11638994905372));
#18547=CARTESIAN_POINT('Ctrl Pts',(165.07447197406,-40.146743916386,-6.233091205422));
#18548=CARTESIAN_POINT('Ctrl Pts',(164.951754321743,-40.4566839929087,-6.46649371815858));
#18549=CARTESIAN_POINT('Ctrl Pts',(164.890520960702,-40.611702975502,-6.58319497452686));
#18550=CARTESIAN_POINT('Ctrl Pts',(164.768305286821,-40.9218385249519,-6.81659748726343));
#18551=CARTESIAN_POINT('Ctrl Pts',(164.707322973982,-41.0769550918084,-6.93329874363172));
#18552=CARTESIAN_POINT('Ctrl Pts',(164.646466244064,-41.232120298533,-7.05));
#18553=CARTESIAN_POINT('',(164.127056109093,-39.0135621385474,-5.64958492358058));
#18554=CARTESIAN_POINT('Ctrl Pts',(163.771142999995,-40.9817629999992,-7.0500000000001));
#18555=CARTESIAN_POINT('Ctrl Pts',(163.889464099631,-40.3310400938479,-6.58692136658206));
#18556=CARTESIAN_POINT('Ctrl Pts',(164.009944007294,-39.6642496522511,-6.11249770051982));
#18557=CARTESIAN_POINT('Ctrl Pts',(164.127056109093,-39.0135621385473,-5.64958492358058));
#18558=CARTESIAN_POINT('Origin',(162.76850870819,-46.14264262185,-5.64958492358058));
#18559=CARTESIAN_POINT('Origin',(152.213438187186,-121.349030858501,-6.34979246179029));
#18560=CARTESIAN_POINT('',(135.703263880671,-131.210211634987,-5.64958492358058));
#18561=CARTESIAN_POINT('',(152.649523814572,-119.987253982516,-7.05));
#18562=CARTESIAN_POINT('Origin',(163.317655698239,-39.8906714124714,-6.34979246179029));
#18563=CARTESIAN_POINT('',(163.862794148537,-38.9687858808069,-5.64958492358058));
#18564=CARTESIAN_POINT('Ctrl Pts',(163.547915696218,-40.9439396096497,-7.05000000000017));
#18565=CARTESIAN_POINT('Ctrl Pts',(163.651369865076,-40.290962541388,-6.58710422727761));
#18566=CARTESIAN_POINT('Ctrl Pts',(163.758906226894,-39.6170930937774,-6.10930751782826));
#18567=CARTESIAN_POINT('Ctrl Pts',(163.862791389025,-38.9687854302785,-5.6495849353447));
#18568=CARTESIAN_POINT('',(163.48471349781,-38.9047243086152,-5.64958492358058));
#18569=CARTESIAN_POINT('Origin',(158.909454407615,-39.894409,-6.34979246179029));
#18570=CARTESIAN_POINT('',(162.877099836982,-38.894409,-5.64958492358058));
#18571=CARTESIAN_POINT('',(147.360100999999,-40.894409,-7.05));
#18572=CARTESIAN_POINT('Origin',(150.579321695128,-39.8135453393666,-6.34979246179029));
#18573=CARTESIAN_POINT('',(147.062435967001,-38.9012311199707,-5.64958492358058));
#18574=CARTESIAN_POINT('Ctrl Pts',(147.136376000007,-40.9000069999974,-7.05000000000002));
#18575=CARTESIAN_POINT('Ctrl Pts',(147.111209265789,-40.2399002837516,-6.58749213196834));
#18576=CARTESIAN_POINT('Ctrl Pts',(147.086217088713,-39.5610795509304,-6.11188772594349));
#18577=CARTESIAN_POINT('Ctrl Pts',(147.062435967001,-38.9012311199707,-5.64958492358058));
#18578=CARTESIAN_POINT('',(150.554307734265,-38.8138582374382,-5.64958492358058));
#18579=CARTESIAN_POINT('Origin',(147.38357428135,-45.724160142,-6.34979246179029));
#18580=CARTESIAN_POINT('',(146.061783084842,-39.0227902604439,-5.64958492358058));
#18581=CARTESIAN_POINT('Ctrl Pts',(146.465210999989,-40.9817799999993,-7.04999999999994));
#18582=CARTESIAN_POINT('Ctrl Pts',(146.332579199127,-40.3346613239296,-6.58749070095028));
#18583=CARTESIAN_POINT('Ctrl Pts',(146.195471733744,-39.6693772045947,-6.11188677395972));
#18584=CARTESIAN_POINT('Ctrl Pts',(146.061783084843,-39.0227902604438,-5.64958492358057));
#18585=CARTESIAN_POINT('Origin',(147.38357428135,-45.724160142,-5.64958492358058));
#18586=CARTESIAN_POINT('Origin',(145.720477212561,-40.119748548536,-6.34979246179029));
#18587=CARTESIAN_POINT('',(145.799313970735,-39.0795663073762,-5.64958492358058));
#18588=CARTESIAN_POINT('Ctrl Pts',(146.243123000117,-41.0298209999729,-7.05));
#18589=CARTESIAN_POINT('Ctrl Pts',(146.095735378862,-40.384896070396,-6.58680758069581));
#18590=CARTESIAN_POINT('Ctrl Pts',(145.945546703931,-39.7245094365902,-6.11261882696874));
#18591=CARTESIAN_POINT('Ctrl Pts',(145.799313970734,-39.0795663073764,-5.64958492358058));
#18592=CARTESIAN_POINT('',(145.509052038255,-39.1423543621047,-5.64958492358058));
#18593=CARTESIAN_POINT('Origin',(147.53709552965,-46.35164970255,-6.34979246179029));
#18594=CARTESIAN_POINT('',(144.321119125504,-39.6016430412462,-5.64958492358058));
#18595=CARTESIAN_POINT('Ctrl Pts',(144.321119125504,-39.6016430412462,-5.64958492358058));
#18596=CARTESIAN_POINT('Ctrl Pts',(144.391025465567,-39.752953214901,-5.76628617994887));
#18597=CARTESIAN_POINT('Ctrl Pts',(144.461051167747,-39.904207383445,-5.88298743631715));
#18598=CARTESIAN_POINT('Ctrl Pts',(144.601341162724,-40.2066034273746,-6.11638994905372));
#18599=CARTESIAN_POINT('Ctrl Pts',(144.671605455521,-40.3577453027602,-6.23309120542201));
#18600=CARTESIAN_POINT('Ctrl Pts',(144.812372497814,-40.6599164775774,-6.46649371815858));
#18601=CARTESIAN_POINT('Ctrl Pts',(144.88287524731,-40.8109457770091,-6.58319497452686));
#18602=CARTESIAN_POINT('Ctrl Pts',(145.024119068787,-41.1128915172646,-6.81659748726343));
#18603=CARTESIAN_POINT('Ctrl Pts',(145.094860140767,-41.2638079580886,-6.93329874363172));
#18604=CARTESIAN_POINT('Ctrl Pts',(145.165720306734,-41.4146678283527,-7.05));
#18605=CARTESIAN_POINT('',(142.952347781984,-40.4452817619336,-5.64958492358058));
#18606=CARTESIAN_POINT('Ctrl Pts',(144.192642999993,-42.0143870000059,-7.05000000000008));
#18607=CARTESIAN_POINT('Ctrl Pts',(143.782735980961,-41.4948865348239,-6.58667102280572));
#18608=CARTESIAN_POINT('Ctrl Pts',(143.362949826902,-40.9639459683642,-6.11276398560118));
#18609=CARTESIAN_POINT('Ctrl Pts',(142.952347781984,-40.4452817619339,-5.64958492358057));
#18610=CARTESIAN_POINT('Origin',(147.53709552965,-46.35164970255,-5.64958492358058));
#18611=CARTESIAN_POINT('Origin',(147.22469001525,-45.97095979114,-6.3497924617903));
#18612=CARTESIAN_POINT('',(142.744545805721,-40.6130408371144,-5.64958492358059));
#18613=CARTESIAN_POINT('Ctrl Pts',(142.744545805721,-40.6130408371144,-5.64958492358059));
#18614=CARTESIAN_POINT('Ctrl Pts',(142.849913602344,-40.742189798826,-5.76628617994888));
#18615=CARTESIAN_POINT('Ctrl Pts',(142.95539246961,-40.8712470199104,-5.88298743631716));
#18616=CARTESIAN_POINT('Ctrl Pts',(143.166572106798,-41.1291776934364,-6.11638994905373));
#18617=CARTESIAN_POINT('Ctrl Pts',(143.27227287672,-41.258051145878,-6.23309120542201));
#18618=CARTESIAN_POINT('Ctrl Pts',(143.483896080264,-41.5156139950059,-6.46649371815858));
#18619=CARTESIAN_POINT('Ctrl Pts',(143.589818513886,-41.6443033916921,-6.58319497452687));
#18620=CARTESIAN_POINT('Ctrl Pts',(143.80188480554,-41.9014978424722,-6.81659748726343));
#18621=CARTESIAN_POINT('Ctrl Pts',(143.908028663572,-42.030002896566,-6.93329874363172));
#18622=CARTESIAN_POINT('Ctrl Pts',(144.014283114001,-42.1584156360835,-7.05));
#18623=CARTESIAN_POINT('',(142.029930833979,-41.3026126848631,-5.64958492358059));
#18624=CARTESIAN_POINT('Ctrl Pts',(143.53004,-42.6255499999996,-7.04999999999997));
#18625=CARTESIAN_POINT('Ctrl Pts',(143.034810012187,-42.1879129826686,-6.58727192143651));
#18626=CARTESIAN_POINT('Ctrl Pts',(142.525767109476,-41.7391305992404,-6.11212273390001));
#18627=CARTESIAN_POINT('Ctrl Pts',(142.029930833979,-41.3026126848628,-5.64958492358059));
#18628=CARTESIAN_POINT('Origin',(147.22469001525,-45.97095979114,-5.64958492358059));
#18629=CARTESIAN_POINT('Origin',(132.77426207553,-125.7125852691,-6.34979246179029));
#18630=CARTESIAN_POINT('Ctrl Pts',(126.524486568565,-124.752779258041,-5.64958492358058));
#18631=CARTESIAN_POINT('Ctrl Pts',(126.6892550958,-124.777862280597,-5.76628617994886));
#18632=CARTESIAN_POINT('Ctrl Pts',(126.854021009668,-124.802962394798,-5.88298743631715));
#18633=CARTESIAN_POINT('Ctrl Pts',(127.183547605356,-124.853196805675,-6.11638994905372));
#18634=CARTESIAN_POINT('Ctrl Pts',(127.348308287174,-124.878331102351,-6.23309120542201));
#18635=CARTESIAN_POINT('Ctrl Pts',(127.677824413441,-124.928633877362,-6.46649371815858));
#18636=CARTESIAN_POINT('Ctrl Pts',(127.84257985789,-124.953802355697,-6.58319497452686));
#18637=CARTESIAN_POINT('Ctrl Pts',(128.1720855041,-125.00417349321,-6.81659748726343));
#18638=CARTESIAN_POINT('Ctrl Pts',(128.33683570586,-125.029376152388,-6.93329874363172));
#18639=CARTESIAN_POINT('Ctrl Pts',(128.501583283618,-125.054595901578,-7.05));
#18640=CARTESIAN_POINT('Ctrl Pts',(128.460832,-126.000777999997,-7.04999999999996));
#18641=CARTESIAN_POINT('Ctrl Pts',(127.803833865473,-126.056991236357,-6.58836435074707));
#18642=CARTESIAN_POINT('Ctrl Pts',(127.124535893371,-126.116524601773,-6.11095721844036));
#18643=CARTESIAN_POINT('Ctrl Pts',(126.468133379224,-126.174821498687,-5.64958492358058));
#18644=CARTESIAN_POINT('Origin',(134.630286673034,-51.4141524957663,-6.34979246179029));
#18645=CARTESIAN_POINT('',(141.857805111284,-41.5022029246857,-5.64958492358058));
#18646=CARTESIAN_POINT('Ctrl Pts',(143.385324000216,-42.7933569997371,-7.04999999999995));
#18647=CARTESIAN_POINT('Ctrl Pts',(142.881307703681,-42.3682242251132,-6.58833100350702));
#18648=CARTESIAN_POINT('Ctrl Pts',(142.360710539539,-41.9280283589274,-6.11098162078606));
#18649=CARTESIAN_POINT('Ctrl Pts',(141.857805111284,-41.5022029246857,-5.64958492358059));
#18650=CARTESIAN_POINT('',(133.872999011869,-50.7610710320529,-5.64958492358058));
#18651=CARTESIAN_POINT('Origin',(146.7306302913,-45.5530026408,-6.34979246179029));
#18652=CARTESIAN_POINT('',(141.276031968068,-42.3279816009826,-5.64958492358059));
#18653=CARTESIAN_POINT('Ctrl Pts',(143.008126,-43.3282150000005,-7.05000000000002));
#18654=CARTESIAN_POINT('Ctrl Pts',(142.437534487709,-42.9977282303032,-6.58833301568156));
#18655=CARTESIAN_POINT('Ctrl Pts',(141.847054756245,-42.6569145123806,-6.11098291593998));
#18656=CARTESIAN_POINT('Ctrl Pts',(141.276031968068,-42.3279816009823,-5.64958492358058));
#18657=CARTESIAN_POINT('Origin',(146.7306302913,-45.5530026408,-5.64958492358059));
#18658=CARTESIAN_POINT('Origin',(134.589085946928,-56.2907613429211,-6.34979246179029));
#18659=CARTESIAN_POINT('',(141.147658659287,-42.5567977260956,-5.64958492358058));
#18660=CARTESIAN_POINT('Ctrl Pts',(142.902745000042,-43.5160489999179,-7.05000000000005));
#18661=CARTESIAN_POINT('Ctrl Pts',(142.325480052957,-43.2015335808175,-6.58972961787273));
#18662=CARTESIAN_POINT('Ctrl Pts',(141.723664278246,-42.8724161997348,-6.10946418705265));
#18663=CARTESIAN_POINT('Ctrl Pts',(141.147658659288,-42.5567977260948,-5.64958492358057));
#18664=CARTESIAN_POINT('',(133.716964119689,-55.8014725545226,-5.64958492358058));
#18665=CARTESIAN_POINT('Origin',(146.20774525861,-45.26392886857,-6.34979246179029));
#18666=CARTESIAN_POINT('',(140.74154247496,-43.5164556804447,-5.64958492358057));
#18667=CARTESIAN_POINT('Ctrl Pts',(142.653405999999,-44.1042810000019,-7.05000000000002));
#18668=CARTESIAN_POINT('Ctrl Pts',(142.025347190148,-43.9100436842377,-6.58973242621039));
#18669=CARTESIAN_POINT('Ctrl Pts',(141.369622702547,-43.7086526719132,-6.10946590319254));
#18670=CARTESIAN_POINT('Ctrl Pts',(140.74154247496,-43.5164556804445,-5.64958492358057));
#18671=CARTESIAN_POINT('Origin',(146.20774525861,-45.26392886857,-5.64958492358057));
#18672=CARTESIAN_POINT('Origin',(136.615915858236,-61.1873038862082,-6.34979246179029));
#18673=CARTESIAN_POINT('',(140.667207192253,-43.7706531765634,-5.64958492358057));
#18674=CARTESIAN_POINT('Ctrl Pts',(142.593928151724,-44.3076719007359,-7.05000000000001));
#18675=CARTESIAN_POINT('Ctrl Pts',(141.961433848223,-44.1325245055972,-6.59050327679034));
#18676=CARTESIAN_POINT('Ctrl Pts',(141.295250085968,-43.9466019930077,-6.10624753269425));
#18677=CARTESIAN_POINT('Ctrl Pts',(140.667206147842,-43.7706568517381,-5.64958494396007));
#18678=CARTESIAN_POINT('',(135.656113346095,-60.9066276711711,-5.64958492358057));
#18679=CARTESIAN_POINT('Origin',(131.654192233018,-102.630595835648,-6.34979246179029));
#18680=CARTESIAN_POINT('',(128.964754713778,-101.153990927631,-5.64958492358059));
#18681=CARTESIAN_POINT('',(130.615104,-99.9965820000001,-7.05));
#18682=CARTESIAN_POINT('Origin',(124.626541291161,-95.1957144077863,-6.34979246179029));
#18683=CARTESIAN_POINT('',(114.234950262398,-85.8240486176857,-5.64958492358058));
#18684=CARTESIAN_POINT('Origin',(141.485152,-65.2865187383431,-6.34979246179029));
#18685=CARTESIAN_POINT('',(140.485152,-47.6203432963321,-5.64958492358059));
#18686=CARTESIAN_POINT('',(140.485152,-45.1493601836191,-5.64958492358059));
#18687=CARTESIAN_POINT('',(140.485152,-65.2865187383431,-5.64958492358059));
#18688=CARTESIAN_POINT('',(140.485152,-45.1493601836191,-5.64958492358059));
#18689=CARTESIAN_POINT('',(142.485152,-47.5986110000001,-7.05));
#18690=CARTESIAN_POINT('Origin',(141.898960114205,-66.6483880963449,-6.34979246179029));
#18691=CARTESIAN_POINT('',(140.493921868326,-48.0238364525863,-5.64958492358059));
#18692=CARTESIAN_POINT('',(142.492459,-47.9347989999998,-7.05));
#18693=CARTESIAN_POINT('',(140.899196232678,-66.6701178269787,-5.64958492358059));
#18694=CARTESIAN_POINT('Origin',(142.779275134518,-67.0566877435887,-6.34979246179029));
#18695=CARTESIAN_POINT('',(140.522334301377,-48.4452974172157,-5.64958492358058));
#18696=CARTESIAN_POINT('',(142.514519,-48.2620300000004,-7.05));
#18697=CARTESIAN_POINT('',(141.781539752351,-67.1239492271603,-5.64958492358058));
#18698=CARTESIAN_POINT('Origin',(143.740832065776,-67.4001969071008,-6.34979246179029));
#18699=CARTESIAN_POINT('',(140.567657452501,-48.833727402442,-5.64958492358059));
#18700=CARTESIAN_POINT('Ctrl Pts',(142.551574000003,-48.5796000000258,-7.04999999999996));
#18701=CARTESIAN_POINT('Ctrl Pts',(141.895157415986,-48.6643069750234,-6.58659534821617));
#18702=CARTESIAN_POINT('Ctrl Pts',(141.22400342303,-48.7501884388867,-6.11284567834042));
#18703=CARTESIAN_POINT('Ctrl Pts',(140.567657452501,-48.8337274024428,-5.64958492358059));
#18704=CARTESIAN_POINT('',(142.747570786803,-67.5160935493915,-5.64958492358059));
#18705=CARTESIAN_POINT('Origin',(146.226811701,-48.39575897061,-6.3497924617903));
#18706=CARTESIAN_POINT('',(141.07569750067,-50.666614649498,-5.6495849235806));
#18707=CARTESIAN_POINT('Ctrl Pts',(141.07569750067,-50.666614649498,-5.64958492358059));
#18708=CARTESIAN_POINT('Ctrl Pts',(141.228866952262,-50.6008908980152,-5.76628617994887));
#18709=CARTESIAN_POINT('Ctrl Pts',(141.381978034414,-50.5350329505972,-5.88298743631716));
#18710=CARTESIAN_POINT('Ctrl Pts',(141.688083106699,-50.4030488184295,-6.11638994905373));
#18711=CARTESIAN_POINT('Ctrl Pts',(141.841077096832,-50.3369226336798,-6.23309120542201));
#18712=CARTESIAN_POINT('Ctrl Pts',(142.146947632123,-50.2044021818004,-6.46649371815858));
#18713=CARTESIAN_POINT('Ctrl Pts',(142.29982417728,-50.1380079146706,-6.58319497452687));
#18714=CARTESIAN_POINT('Ctrl Pts',(142.605459469845,-50.0049514533958,-6.81659748726344));
#18715=CARTESIAN_POINT('Ctrl Pts',(142.758218217252,-49.9382892592508,-6.93329874363172));
#18716=CARTESIAN_POINT('Ctrl Pts',(142.910917889488,-49.8714931794867,-7.05000000000001));
#18717=CARTESIAN_POINT('',(141.506124411654,-51.4626587954157,-5.6495849235806));
#18718=CARTESIAN_POINT('Ctrl Pts',(143.174598,-50.3596669999993,-7.0500000000001));
#18719=CARTESIAN_POINT('Ctrl Pts',(142.626153681212,-50.7212714177645,-6.59004560476456));
#18720=CARTESIAN_POINT('Ctrl Pts',(142.053257711231,-51.1001904951728,-6.10911718716772));
#18721=CARTESIAN_POINT('Ctrl Pts',(141.506124411654,-51.4626587954152,-5.64958492358059));
#18722=CARTESIAN_POINT('Origin',(146.226811701,-48.39575897061,-5.6495849235806));
#18723=CARTESIAN_POINT('Origin',(145.78157981972,-48.6947719189,-6.34979246179029));
#18724=CARTESIAN_POINT('',(141.602791035746,-51.6057725134535,-5.64958492358057));
#18725=CARTESIAN_POINT('Ctrl Pts',(141.602791035746,-51.6057725134535,-5.64958492358057));
#18726=CARTESIAN_POINT('Ctrl Pts',(141.740675405133,-51.5121264977372,-5.76628617994886));
#18727=CARTESIAN_POINT('Ctrl Pts',(141.878449922593,-51.4183207793041,-5.88298743631715));
#18728=CARTESIAN_POINT('Ctrl Pts',(142.153778697522,-51.2303903218023,-6.11638994905372));
#18729=CARTESIAN_POINT('Ctrl Pts',(142.291332954991,-51.1362655827337,-6.233091205422));
#18730=CARTESIAN_POINT('Ctrl Pts',(142.566220654395,-50.9476974696209,-6.46649371815857));
#18731=CARTESIAN_POINT('Ctrl Pts',(142.703554096331,-50.8532540955766,-6.58319497452686));
#18732=CARTESIAN_POINT('Ctrl Pts',(142.97799960973,-50.6640490990327,-6.81659748726343));
#18733=CARTESIAN_POINT('Ctrl Pts',(143.115111681192,-50.5692874765331,-6.93329874363172));
#18734=CARTESIAN_POINT('Ctrl Pts',(143.252112790247,-50.4743669234958,-7.05));
#18735=CARTESIAN_POINT('',(142.36967677335,-52.4756604076987,-5.64958492358057));
#18736=CARTESIAN_POINT('Ctrl Pts',(143.697612000004,-50.9799940000034,-7.04999999999998));
#18737=CARTESIAN_POINT('Ctrl Pts',(143.262592325284,-51.46851433905,-6.59200094483714));
#18738=CARTESIAN_POINT('Ctrl Pts',(142.802821030067,-51.9866800686699,-6.10696540764296));
#18739=CARTESIAN_POINT('Ctrl Pts',(142.36967677335,-52.475660407699,-5.64958492358058));
#18740=CARTESIAN_POINT('Origin',(145.78157981972,-48.6947719189,-5.64958492358057));
#18741=CARTESIAN_POINT('Origin',(154.762680224883,-61.9260319952415,-6.34979246179029));
#18742=CARTESIAN_POINT('',(142.503361244869,-52.5918968688015,-5.64958492358058));
#18743=CARTESIAN_POINT('Ctrl Pts',(143.79994400008,-51.0689700000674,-7.04999999999996));
#18744=CARTESIAN_POINT('Ctrl Pts',(143.376791096523,-51.5674950122291,-6.59216648799452));
#18745=CARTESIAN_POINT('Ctrl Pts',(142.927230566477,-52.0951991627998,-6.10678203246053));
#18746=CARTESIAN_POINT('Ctrl Pts',(142.503361244868,-52.5918968688004,-5.64958492358057));
#18747=CARTESIAN_POINT('',(154.106536564824,-62.6806679984668,-5.64958492358058));
#18748=CARTESIAN_POINT('Origin',(145.74946976061,-48.71603098214,-6.34979246179029));
#18749=CARTESIAN_POINT('',(143.076702,-53.0074024837926,-5.64958492358057));
#18750=CARTESIAN_POINT('Ctrl Pts',(145.076702,-51.6966947091208,-7.04999999999999));
#18751=CARTESIAN_POINT('Ctrl Pts',(144.456900774696,-52.1921920250586,-6.61601050985065));
#18752=CARTESIAN_POINT('Ctrl Pts',(143.749782191643,-52.6336599244785,-6.12088074758895));
#18753=CARTESIAN_POINT('Ctrl Pts',(143.076702,-53.0074024837926,-5.64958492358058));
#18754=CARTESIAN_POINT('Origin',(145.74946976061,-48.71603098214,-5.64958492358057));
#18755=CARTESIAN_POINT('Origin',(144.076702,-69.2155398884299,-6.34979246179029));
#18756=CARTESIAN_POINT('',(143.076702,-62.1287597376221,-5.64958492358059));
#18757=CARTESIAN_POINT('',(145.076702,-62.4759317510608,-7.05));
#18758=CARTESIAN_POINT('',(143.076702,-69.2155398884299,-5.64958492358059));
#18759=CARTESIAN_POINT('Origin',(140.99627224446,-70.9079067260184,-6.34979246179029));
#18760=CARTESIAN_POINT('',(140.085605094383,-70.4847583696636,-5.64958492358058));
#18761=CARTESIAN_POINT('',(141.920327014021,-71.2936551138573,-7.05));
#18762=CARTESIAN_POINT('',(140.054773676806,-70.5708897426082,-5.64958492358058));
#18763=CARTESIAN_POINT('Origin',(139.506595507347,-73.716737416993,-6.34979246179029));
#18764=CARTESIAN_POINT('',(141.777944,-71.5627009999997,-7.05));
#18765=CARTESIAN_POINT('',(138.62273554422,-73.2489858102811,-5.64958492358058));
#18766=CARTESIAN_POINT('Origin',(139.610740087423,-73.1976423914547,-6.34979246179029));
#18767=CARTESIAN_POINT('Origin',(141.847813926629,-70.8693447566286,-6.34979246179029));
#18768=CARTESIAN_POINT('Ctrl Pts',(140.212738999997,-73.2255349999947,-7.04999999999997));
#18769=CARTESIAN_POINT('Ctrl Pts',(139.848376946016,-72.6850770210325,-6.59364862979123));
#18770=CARTESIAN_POINT('Ctrl Pts',(139.460330853287,-72.1077659649943,-6.1066437757817));
#18771=CARTESIAN_POINT('Ctrl Pts',(139.097784791493,-71.5648132356967,-5.64958492358059));
#18772=CARTESIAN_POINT('Origin',(137.53590546611,-69.1253722978301,-6.3497924617903));
#18773=CARTESIAN_POINT('',(138.332847871139,-73.9566924854634,-7.05));
#18774=CARTESIAN_POINT('Origin',(145.331140794512,-71.7862886501002,-6.34979246179029));
#18775=CARTESIAN_POINT('',(118.078585,-77.304768,-7.05));
#18776=CARTESIAN_POINT('Origin',(134.828423935792,-72.9155029432892,-6.34979246179029));
#18777=CARTESIAN_POINT('',(117.765794,-77.367686,-7.05));
#18778=CARTESIAN_POINT('Origin',(133.784075222838,-71.9235025707361,-6.34979246179029));
#18779=CARTESIAN_POINT('',(117.465184999999,-77.4503910000002,-7.05));
#18780=CARTESIAN_POINT('Origin',(132.583945652836,-71.0614760111875,-6.34979246179029));
#18781=CARTESIAN_POINT('Ctrl Pts',(117.177074000073,-77.5519359999718,-7.04999999999998));
#18782=CARTESIAN_POINT('Ctrl Pts',(116.947321279828,-76.9342514017547,-6.58861081780363));
#18783=CARTESIAN_POINT('Ctrl Pts',(116.710597770484,-76.2939877410431,-6.11068814987066));
#18784=CARTESIAN_POINT('Ctrl Pts',(116.482882802527,-75.6760179454059,-5.64958492358057));
#18785=CARTESIAN_POINT('Origin',(152.315638468442,-65.6794351005672,-6.34979246179029));
#18786=CARTESIAN_POINT('',(151.486964000566,-66.239165952218,-5.64958492358058));
#18787=CARTESIAN_POINT('Origin',(118.70932993504,-81.46357717657,-6.34979246179029));
#18788=CARTESIAN_POINT('Ctrl Pts',(116.155914999998,-78.1275890000018,-7.04999999999999));
#18789=CARTESIAN_POINT('Ctrl Pts',(115.746345821925,-77.6112802428118,-6.58861090314765));
#18790=CARTESIAN_POINT('Ctrl Pts',(115.321061153657,-77.0773236670601,-6.11068820323987));
#18791=CARTESIAN_POINT('Ctrl Pts',(114.910185767067,-76.5626168340387,-5.64958492358058));
#18792=CARTESIAN_POINT('Origin',(125.317970847375,-69.3029792439405,-6.34979246179029));
#18793=CARTESIAN_POINT('Ctrl Pts',(115.935024000155,-78.3091369998623,-7.04999999999997));
#18794=CARTESIAN_POINT('Ctrl Pts',(115.50773995745,-77.8072753737112,-6.58855003006028));
#18795=CARTESIAN_POINT('Ctrl Pts',(115.066354096223,-77.2867866072695,-6.11075413200307));
#18796=CARTESIAN_POINT('Ctrl Pts',(114.640884997616,-76.7839523166506,-5.64958492358058));
#18797=CARTESIAN_POINT('Origin',(149.288433177658,-67.4055983538483,-6.34979246179029));
#18798=CARTESIAN_POINT('',(141.00738154825,-50.5061379851284,-5.64958492358058));
#18799=CARTESIAN_POINT('',(141.00738154825,-50.5061379851284,-5.64958492358058));
#18800=CARTESIAN_POINT('',(148.368336413696,-67.7972894884762,-5.64958492358058));
#18801=CARTESIAN_POINT('Origin',(118.73282749286,-81.48199768106,-6.34979246179029));
#18802=CARTESIAN_POINT('Ctrl Pts',(115.198518000001,-79.1574749999976,-7.04999999999994));
#18803=CARTESIAN_POINT('Ctrl Pts',(114.642122416389,-78.8041431309304,-6.58854865149087));
#18804=CARTESIAN_POINT('Ctrl Pts',(114.065376050879,-78.439347403591,-6.11075325004175));
#18805=CARTESIAN_POINT('Ctrl Pts',(113.5083532289,-78.0878126101407,-5.64958492358059));
#18806=CARTESIAN_POINT('Origin',(147.03038059747,-48.0576479076,-6.34979246179028));
#18807=CARTESIAN_POINT('',(140.731596807548,-49.6691515453482,-5.64958492358056));
#18808=CARTESIAN_POINT('Ctrl Pts',(140.731596807548,-49.6691515453482,-5.64958492358056));
#18809=CARTESIAN_POINT('Ctrl Pts',(140.893385159886,-49.629101594347,-5.76628617994885));
#18810=CARTESIAN_POINT('Ctrl Pts',(141.055149097841,-49.5889546416718,-5.88298743631714));
#18811=CARTESIAN_POINT('Ctrl Pts',(141.378627970408,-49.5084667772273,-6.11638994905371));
#18812=CARTESIAN_POINT('Ctrl Pts',(141.540342905022,-49.4681258654581,-6.23309120542199));
#18813=CARTESIAN_POINT('Ctrl Pts',(141.863723596371,-49.3872501272195,-6.46649371815857));
#18814=CARTESIAN_POINT('Ctrl Pts',(142.025389353106,-49.3467153007501,-6.58319497452685));
#18815=CARTESIAN_POINT('Ctrl Pts',(142.348671514197,-49.2654517776447,-6.81659748726343));
#18816=CARTESIAN_POINT('Ctrl Pts',(142.510287918552,-49.2247230810087,-6.93329874363171));
#18817=CARTESIAN_POINT('Ctrl Pts',(142.671879559485,-49.1838974716258,-7.05));
#18818=CARTESIAN_POINT('Origin',(147.03038059747,-48.0576479076,-5.64958492358056));
#18819=CARTESIAN_POINT('Origin',(118.38300258282,-72.0472783252109,-6.34979246179029));
#18820=CARTESIAN_POINT('Ctrl Pts',(115.052733000071,-79.3953639998705,-7.04999999999998));
#18821=CARTESIAN_POINT('Ctrl Pts',(114.484988335562,-79.0600309113599,-6.58835824622808));
#18822=CARTESIAN_POINT('Ctrl Pts',(113.898507526605,-78.7122041025771,-6.11095961218241));
#18823=CARTESIAN_POINT('Ctrl Pts',(113.332062280409,-78.3754805968548,-5.64958492358058));
#18824=CARTESIAN_POINT('Origin',(146.204701776497,-67.8541069019129,-6.34979246179029));
#18825=CARTESIAN_POINT('',(140.689581295628,-49.4972107458575,-5.64958492358058));
#18826=CARTESIAN_POINT('',(140.689581295628,-49.4972107458575,-5.64958492358058));
#18827=CARTESIAN_POINT('',(145.233283927475,-68.0914828960669,-5.64958492358058));
#18828=CARTESIAN_POINT('Origin',(118.8119414893,-81.53388900148,-6.34979246179029));
#18829=CARTESIAN_POINT('Ctrl Pts',(114.524393000001,-80.9665569999959,-7.05000000000001));
#18830=CARTESIAN_POINT('Ctrl Pts',(113.869369698734,-80.8908636207903,-6.5883584589747));
#18831=CARTESIAN_POINT('Ctrl Pts',(113.191865988919,-80.8138263184328,-6.11095974898207));
#18832=CARTESIAN_POINT('Ctrl Pts',(112.537035850312,-80.7400508465394,-5.64958492358059));
#18833=CARTESIAN_POINT('Origin',(148.04568406112,-47.80248530019,-6.3497924617903));
#18834=CARTESIAN_POINT('Origin',(148.04568406112,-47.80248530019,-5.6495849235806));
#18835=CARTESIAN_POINT('Origin',(113.508124800142,-81.0818060023223,-6.34979246179029));
#18836=CARTESIAN_POINT('Ctrl Pts',(114.497007999994,-81.2435660000311,-7.04999999999995));
#18837=CARTESIAN_POINT('Ctrl Pts',(113.840449043385,-81.1887695995633,-6.58872791619763));
#18838=CARTESIAN_POINT('Ctrl Pts',(113.159956369758,-81.1307711711659,-6.11055798421021));
#18839=CARTESIAN_POINT('Ctrl Pts',(112.503999826517,-81.0742219589916,-5.64958492358059));
#18840=CARTESIAN_POINT('Origin',(118.63284043599,-81.52521443698,-6.34979246179029));
#18841=CARTESIAN_POINT('Ctrl Pts',(114.958771000002,-83.445019000004,-7.05));
#18842=CARTESIAN_POINT('Ctrl Pts',(114.380418903995,-83.760638960677,-6.58873074539237));
#18843=CARTESIAN_POINT('Ctrl Pts',(113.781576934752,-84.0890566353286,-6.11055977978969));
#18844=CARTESIAN_POINT('Ctrl Pts',(113.204644741107,-84.4063206359227,-5.64958492358058));
#18845=CARTESIAN_POINT('Origin',(119.401481276811,-93.2687836912555,-6.34979246179029));
#18846=CARTESIAN_POINT('Ctrl Pts',(115.106330230944,-83.7041771619142,-7.05000000000008));
#18847=CARTESIAN_POINT('Ctrl Pts',(114.538815776976,-84.0414792380386,-6.58781332942029));
#18848=CARTESIAN_POINT('Ctrl Pts',(113.951157788121,-84.3891352505987,-6.10978236058978));
#18849=CARTESIAN_POINT('Ctrl Pts',(113.385048676325,-84.7231638633403,-5.64958494538251));
#18850=CARTESIAN_POINT('Origin',(118.84402654569,-81.38725230672,-6.34979246179029));
#18851=CARTESIAN_POINT('Origin',(145.82833572819,-45.15354187355,-6.34979246179029));
#18852=CARTESIAN_POINT('Origin',(145.82833572819,-45.15354187355,-5.64958492358057));
#18853=CARTESIAN_POINT('Origin',(131.091737227128,-102.179368624077,-6.34979246179029));
#18854=CARTESIAN_POINT('',(130.790006,-100.213290000001,-7.05));
#18855=CARTESIAN_POINT('Origin',(130.588153010857,-101.648720557149,-6.34979246179029));
#18856=CARTESIAN_POINT('Ctrl Pts',(130.951328000002,-100.438496999997,-7.05000000000005));
#18857=CARTESIAN_POINT('Ctrl Pts',(130.416782346992,-100.810161732336,-6.59417072331195));
#18858=CARTESIAN_POINT('Ctrl Pts',(129.843977740512,-101.207296918348,-6.10617747776806));
#18859=CARTESIAN_POINT('Ctrl Pts',(129.306891557038,-101.577286941413,-5.64958492358058));
#18860=CARTESIAN_POINT('Origin',(126.96517018298,-103.1278021923,-6.34979246179029));
#18861=CARTESIAN_POINT('',(131.719533076267,-103.847420173236,-7.05));
#18862=CARTESIAN_POINT('Origin',(132.358458698748,-92.9710139374452,-6.34979246179029));
#18863=CARTESIAN_POINT('Origin',(125.512486291197,-107.384865619372,-6.34979246179029));
#18864=CARTESIAN_POINT('Ctrl Pts',(128.492371000093,-126.302967000832,-7.04999999999996));
#18865=CARTESIAN_POINT('Ctrl Pts',(127.838505981013,-126.383338717832,-6.58879037613888));
#18866=CARTESIAN_POINT('Ctrl Pts',(127.160268783864,-126.465246826553,-6.11049569044826));
#18867=CARTESIAN_POINT('Ctrl Pts',(126.506602693986,-126.543412885752,-5.64958492358059));
#18868=CARTESIAN_POINT('Origin',(136.218037716793,-47.1671071637768,-6.34979246179029));
#18869=CARTESIAN_POINT('',(135.589884139367,-46.3890177838424,-5.64958492358058));
#18870=CARTESIAN_POINT('Origin',(132.57008337375,-125.7257625224,-6.34979246179029));
#18871=CARTESIAN_POINT('Ctrl Pts',(128.949248,-127.68802,-7.04999999999998));
#18872=CARTESIAN_POINT('Ctrl Pts',(128.375425113131,-128.011604256721,-6.58878877106828));
#18873=CARTESIAN_POINT('Ctrl Pts',(127.781021673903,-128.348322276425,-6.11049467101643));
#18874=CARTESIAN_POINT('Ctrl Pts',(127.208580289672,-128.673411543225,-5.64958492358057));
#18875=CARTESIAN_POINT('Origin',(122.183205279481,-118.125019560559,-6.34979246179029));
#18876=CARTESIAN_POINT('Ctrl Pts',(129.094375000019,-127.935548000032,-7.05));
#18877=CARTESIAN_POINT('Ctrl Pts',(128.531519797768,-128.278923516489,-6.58840457786151));
#18878=CARTESIAN_POINT('Ctrl Pts',(127.94860847792,-128.632980261673,-6.11091163712509));
#18879=CARTESIAN_POINT('Ctrl Pts',(127.385067500746,-128.97442738716,-5.64958492358058));
#18880=CARTESIAN_POINT('Origin',(140.61448289834,-42.3882355866008,-6.34979246179029));
#18881=CARTESIAN_POINT('',(144.563961560293,-39.4910656904162,-5.64958492358058));
#18882=CARTESIAN_POINT('',(144.563961560293,-39.4910656904162,-5.64958492358058));
#18883=CARTESIAN_POINT('',(140.200076169719,-41.4781437982221,-5.64958492358058));
#18884=CARTESIAN_POINT('Origin',(132.72718799784,-125.6311549865,-6.34979246179029));
#18885=CARTESIAN_POINT('Ctrl Pts',(129.825071999995,-128.806887999996,-7.05000000000001));
#18886=CARTESIAN_POINT('Ctrl Pts',(129.388076857,-129.300575361786,-6.58840294814804));
#18887=CARTESIAN_POINT('Ctrl Pts',(128.936946334457,-129.812045569098,-6.11091058470015));
#18888=CARTESIAN_POINT('Ctrl Pts',(128.50158632259,-130.306624185694,-5.64958492358058));
#18889=CARTESIAN_POINT('Origin',(147.49671447906,-46.23535217467,-6.3497924617903));
#18890=CARTESIAN_POINT('Origin',(147.49671447906,-46.23535217467,-5.64958492358059));
#18891=CARTESIAN_POINT('Origin',(125.683376446562,-126.573448967115,-6.3497924617903));
#18892=CARTESIAN_POINT('Ctrl Pts',(130.040947999957,-128.991954999968,-7.05000000000005));
#18893=CARTESIAN_POINT('Ctrl Pts',(129.619792464381,-129.499560060283,-6.58822291669463));
#18894=CARTESIAN_POINT('Ctrl Pts',(129.183736657398,-130.023248327474,-6.11110546412214));
#18895=CARTESIAN_POINT('Ctrl Pts',(128.761435260558,-130.529388473545,-5.64958492358059));
#18896=CARTESIAN_POINT('Origin',(132.79257991906,-125.5645286009,-6.3497924617903));
#18897=CARTESIAN_POINT('Ctrl Pts',(131.276073000006,-129.689930000002,-7.04999999999996));
#18898=CARTESIAN_POINT('Ctrl Pts',(131.058876727082,-130.312720496791,-6.58822348401287));
#18899=CARTESIAN_POINT('Ctrl Pts',(130.83564373993,-130.956590516111,-6.11110583970761));
#18900=CARTESIAN_POINT('Ctrl Pts',(130.620356624887,-131.579626835595,-5.6495849235806));
#18901=CARTESIAN_POINT('Origin',(135.029919661645,-131.982190459333,-6.34979246179029));
#18902=CARTESIAN_POINT('Ctrl Pts',(131.54816100226,-129.779749000675,-7.04999999999996));
#18903=CARTESIAN_POINT('Ctrl Pts',(131.351412010424,-130.408773446737,-6.58856651713847));
#18904=CARTESIAN_POINT('Ctrl Pts',(131.146518674613,-131.059773530455,-6.11073345047976));
#18905=CARTESIAN_POINT('Ctrl Pts',(130.948159665055,-131.687837933627,-5.64958492358058));
#18906=CARTESIAN_POINT('Origin',(132.74494573923,-125.731468702,-6.34979246179029));
#18907=CARTESIAN_POINT('Ctrl Pts',(133.581238000004,-129.869279999999,-7.05000000000001));
#18908=CARTESIAN_POINT('Ctrl Pts',(133.723465444057,-130.512850952418,-6.58856893783246));
#18909=CARTESIAN_POINT('Ctrl Pts',(133.872106694157,-131.178973509788,-6.11073499831948));
#18910=CARTESIAN_POINT('Ctrl Pts',(134.016288940008,-131.821662548312,-5.64958492358059));
#18911=CARTESIAN_POINT('Origin',(148.940878757728,-127.210813457406,-6.34979246179029));
#18912=CARTESIAN_POINT('Ctrl Pts',(133.879599331304,-129.797662440337,-7.04999999999999));
#18913=CARTESIAN_POINT('Ctrl Pts',(134.04580703093,-130.43677065064,-6.58768831054334));
#18914=CARTESIAN_POINT('Ctrl Pts',(134.21620497878,-131.097484499006,-6.10998122414873));
#18915=CARTESIAN_POINT('Ctrl Pts',(134.379690027162,-131.734433053046,-5.64958494479363));
#18916=CARTESIAN_POINT('Origin',(162.87251267879,-45.52394845475,-6.34979246179029));
#18917=CARTESIAN_POINT('Origin',(162.87251267879,-45.52394845475,-5.64958492358057));
#18918=CARTESIAN_POINT('Origin',(132.672564751,-125.4912045397,-6.34979246179029));
#18919=CARTESIAN_POINT('Origin',(154.93864046916,-124.3155794252,-6.34979246179028));
#18920=CARTESIAN_POINT('Ctrl Pts',(154.059213998657,-119.498831000204,-7.04999999999998));
#18921=CARTESIAN_POINT('Ctrl Pts',(154.166620259776,-120.141730407657,-6.59364970017945));
#18922=CARTESIAN_POINT('Ctrl Pts',(154.282210498054,-120.827672575614,-6.10664204867216));
#18923=CARTESIAN_POINT('Ctrl Pts',(154.392700315619,-121.471125407549,-5.64958492358058));
#18924=CARTESIAN_POINT('Origin',(168.670786280488,-41.7859721070558,-6.34979246179029));
#18925=CARTESIAN_POINT('',(169.04680818394,-40.8593613321752,-5.64958492358058));
#18926=CARTESIAN_POINT('Origin',(157.182711940276,-120.036639942755,-6.34979246179029));
#18927=CARTESIAN_POINT('Ctrl Pts',(154.352067999991,-119.454424999926,-7.05));
#18928=CARTESIAN_POINT('Ctrl Pts',(154.440153020014,-120.1003301637,-6.59359705787828));
#18929=CARTESIAN_POINT('Ctrl Pts',(154.533165154262,-120.789551043497,-6.10668968401025));
#18930=CARTESIAN_POINT('Ctrl Pts',(154.618496490867,-121.436887510935,-5.64958492358057));
#18931=CARTESIAN_POINT('Origin',(154.94221493099,-124.3244562966,-6.34979246179029));
#18932=CARTESIAN_POINT('',(157.234214314936,-119.987151020885,-7.05));
#18933=CARTESIAN_POINT('Origin',(148.729905260257,-116.621538904592,-6.34979246179029));
#18934=CARTESIAN_POINT('',(175.11639,-129.442668,-7.05));
#18935=CARTESIAN_POINT('Origin',(157.859887133031,-122.197267481044,-6.34979246179029));
#18936=CARTESIAN_POINT('',(175.410252,-129.584971,-7.05));
#18937=CARTESIAN_POINT('Origin',(158.579488642807,-123.949935338621,-6.34979246179029));
#18938=CARTESIAN_POINT('Ctrl Pts',(175.706480000508,-129.703098000184,-7.05000000000005));
#18939=CARTESIAN_POINT('Ctrl Pts',(175.473037226391,-130.319601405253,-6.58847914075902));
#18940=CARTESIAN_POINT('Ctrl Pts',(175.2301955928,-130.957152698159,-6.11083100026888));
#18941=CARTESIAN_POINT('Ctrl Pts',(174.995020996183,-131.57254302217,-5.64958492358058));
#18942=CARTESIAN_POINT('Origin',(177.14683233057,-125.6888064763,-6.34979246179029));
#18943=CARTESIAN_POINT('Ctrl Pts',(176.60067699999,-129.918565999999,-7.04999999999993));
#18944=CARTESIAN_POINT('Ctrl Pts',(176.527990778805,-130.573771884824,-6.58847962321303));
#18945=CARTESIAN_POINT('Ctrl Pts',(176.454129884103,-131.252000818459,-6.11083131677324));
#18946=CARTESIAN_POINT('Ctrl Pts',(176.383544289787,-131.907008718653,-5.64958492358058));
#18947=CARTESIAN_POINT('Origin',(163.707752727411,-129.726104386583,-6.34979246179029));
#18948=CARTESIAN_POINT('Ctrl Pts',(176.897683000975,-129.946135000057,-7.05000000000013));
#18949=CARTESIAN_POINT('Ctrl Pts',(176.848551412548,-130.603414786662,-6.58855806694404));
#18950=CARTESIAN_POINT('Ctrl Pts',(176.796298091576,-131.283883559868,-6.11074650250796));
#18951=CARTESIAN_POINT('Ctrl Pts',(176.745122985491,-131.940571552568,-5.64958492358058));
#18952=CARTESIAN_POINT('Origin',(177.13705503567,-125.7262785358,-6.34979246179029));
#18953=CARTESIAN_POINT('Ctrl Pts',(178.057220999993,-129.851540000002,-7.04999999999996));
#18954=CARTESIAN_POINT('Ctrl Pts',(178.211270734947,-130.492383048991,-6.58855651418016));
#18955=CARTESIAN_POINT('Ctrl Pts',(178.372013332386,-131.155640136193,-6.11074551648114));
#18956=CARTESIAN_POINT('Ctrl Pts',(178.527816271221,-131.795613887871,-5.64958492358057));
#18957=CARTESIAN_POINT('Origin',(172.826194835444,-132.233086573711,-6.34979246179029));
#18958=CARTESIAN_POINT('Ctrl Pts',(178.335639000746,-129.779748999777,-7.04999999999997));
#18959=CARTESIAN_POINT('Ctrl Pts',(178.511227304315,-130.415503563339,-6.58824102318108));
#18960=CARTESIAN_POINT('Ctrl Pts',(178.691435743099,-131.072771488495,-6.11108759946386));
#18961=CARTESIAN_POINT('Ctrl Pts',(178.865055414986,-131.708655661822,-5.64958492358058));
#18962=CARTESIAN_POINT('Origin',(177.0957447183,-125.5724178542,-6.3497924617903));
#18963=CARTESIAN_POINT('Ctrl Pts',(179.61545799999,-129.162685000007,-7.05000000000006));
#18964=CARTESIAN_POINT('Ctrl Pts',(180.002932178574,-129.69641236777,-6.58823994442596));
#18965=CARTESIAN_POINT('Ctrl Pts',(180.404275749885,-130.247216559059,-6.11108689342398));
#18966=CARTESIAN_POINT('Ctrl Pts',(180.79297836026,-130.77956084915,-5.64958492358058));
#18967=CARTESIAN_POINT('Origin',(168.751757679992,-66.5220171746078,-6.34979246179029));
#18968=CARTESIAN_POINT('',(169.751757679992,-66.5220171386326,-5.64958492358058));
#18969=CARTESIAN_POINT('Origin',(182.814120973455,-128.011853957375,-6.34979246179029));
#18970=CARTESIAN_POINT('Ctrl Pts',(179.842884001358,-128.991954998892,-7.04999999999997));
#18971=CARTESIAN_POINT('Ctrl Pts',(180.247086551146,-129.512964396324,-6.58832947696615));
#18972=CARTESIAN_POINT('Ctrl Pts',(180.664053538105,-130.052372932888,-6.11098999147141));
#18973=CARTESIAN_POINT('Ctrl Pts',(181.066580203203,-130.574166379433,-5.64958492358059));
#18974=CARTESIAN_POINT('Origin',(177.12888199968,-125.6059411528,-6.34979246179028));
#18975=CARTESIAN_POINT('Ctrl Pts',(180.628481,-128.171814,-7.04999999999999));
#18976=CARTESIAN_POINT('Ctrl Pts',(181.166916516279,-128.552516809407,-6.58833079475398));
#18977=CARTESIAN_POINT('Ctrl Pts',(181.724357633238,-128.94507226004,-6.11099084257884));
#18978=CARTESIAN_POINT('Ctrl Pts',(182.263589206895,-129.323939396581,-5.64958492358055));
#18979=CARTESIAN_POINT('Origin',(187.319432947216,-120.130111771896,-6.34979246179029));
#18980=CARTESIAN_POINT('Ctrl Pts',(180.789507000045,-127.93554799992,-7.04999999999992));
#18981=CARTESIAN_POINT('Ctrl Pts',(181.339836762986,-128.2976832976,-6.58877073931892));
#18982=CARTESIAN_POINT('Ctrl Pts',(181.909762609837,-128.674247414639,-6.11051317292102));
#18983=CARTESIAN_POINT('Ctrl Pts',(182.458653971151,-129.037729892559,-5.64958492358058));
#18984=CARTESIAN_POINT('Origin',(177.30621788274,-125.7235961787,-6.34979246179028));
#18985=CARTESIAN_POINT('Ctrl Pts',(181.391602000001,-126.302966999996,-7.04999999999998));
#18986=CARTESIAN_POINT('Ctrl Pts',(182.045479675567,-126.383448042661,-6.58877305858528));
#18987=CARTESIAN_POINT('Ctrl Pts',(182.723653729342,-126.465455113629,-6.11051464358355));
#18988=CARTESIAN_POINT('Ctrl Pts',(183.377335819902,-126.543722334593,-5.64958492358058));
#18989=CARTESIAN_POINT('Origin',(184.353363384014,-107.570457933862,-6.3497924617903));
#18990=CARTESIAN_POINT('Ctrl Pts',(181.423161241219,-126.000775690142,-7.04999999999997));
#18991=CARTESIAN_POINT('Ctrl Pts',(182.080824145819,-126.056753842672,-6.5879190536643));
#18992=CARTESIAN_POINT('Ctrl Pts',(182.761110489531,-126.116100919292,-6.10983766756569));
#18993=CARTESIAN_POINT('Ctrl Pts',(183.415946514289,-126.174010487136,-5.64958494446862));
#18994=CARTESIAN_POINT('Origin',(177.06952306671,-125.7140372648,-6.34979246179029));
#18995=CARTESIAN_POINT('Origin',(182.909721962791,-103.1266180517,-6.3497924617903));
#18996=CARTESIAN_POINT('Ctrl Pts',(178.33676899973,-101.669580000771,-7.05000000000004));
#18997=CARTESIAN_POINT('Ctrl Pts',(178.954175548366,-101.875928966305,-6.5942264498547));
#18998=CARTESIAN_POINT('Ctrl Pts',(179.615679711199,-102.096032007415,-6.10612738727322));
#18999=CARTESIAN_POINT('Ctrl Pts',(180.235067383785,-102.300044460509,-5.6495849235806));
#19000=CARTESIAN_POINT('Origin',(180.542154240242,-98.3952047544086,-6.34979246179029));
#19001=CARTESIAN_POINT('Ctrl Pts',(178.427089999987,-101.411493999995,-7.04999999999997));
#19002=CARTESIAN_POINT('Ctrl Pts',(179.038626366464,-101.635372954734,-6.59405151123462));
#19003=CARTESIAN_POINT('Ctrl Pts',(179.692529114523,-101.875764801384,-6.10628359342007));
#19004=CARTESIAN_POINT('Ctrl Pts',(180.304127014509,-102.102711350182,-5.64958492358058));
#19005=CARTESIAN_POINT('Origin',(182.936680852889,-103.1359174386,-6.34979246179028));
#19006=CARTESIAN_POINT('',(179.457587571717,-99.7883876333423,-7.05));
#19007=CARTESIAN_POINT('Origin',(177.882148529611,-102.871309155982,-6.34979246179029));
#19008=CARTESIAN_POINT('',(194.207557000001,-84.4375599999991,-7.05));
#19009=CARTESIAN_POINT('Origin',(185.955259961323,-95.1486490006792,-6.3497924617903));
#19010=CARTESIAN_POINT('',(194.419113,-84.2013919999998,-7.05));
#19011=CARTESIAN_POINT('Origin',(187.47460754816,-94.7835844320086,-6.34979246179029));
#19012=CARTESIAN_POINT('Ctrl Pts',(194.609023000023,-83.9566149999675,-7.05000000000002));
#19013=CARTESIAN_POINT('Ctrl Pts',(195.136490990089,-84.3515738095569,-6.58866593427796));
#19014=CARTESIAN_POINT('Ctrl Pts',(195.682237835907,-84.761888955295,-6.11062825346411));
#19015=CARTESIAN_POINT('Ctrl Pts',(196.208144946228,-85.1581822417719,-5.64958492358059));
#19016=CARTESIAN_POINT('Origin',(191.22472522352,-81.51179431379,-6.34979246179029));
#19017=CARTESIAN_POINT('Ctrl Pts',(195.158512,-82.9103440000001,-7.05000000000004));
#19018=CARTESIAN_POINT('Ctrl Pts',(195.783238472669,-83.1199660429947,-6.58866671151216));
#19019=CARTESIAN_POINT('Ctrl Pts',(196.431005679825,-83.3358495126836,-6.1106287482274));
#19020=CARTESIAN_POINT('Ctrl Pts',(197.055969427749,-83.543347435087,-5.6495849235806));
#19021=CARTESIAN_POINT('Origin',(193.922840364294,-90.1438901923677,-6.3497924617903));
#19022=CARTESIAN_POINT('Ctrl Pts',(195.244923000056,-82.6367179997962,-7.05000000000006));
#19023=CARTESIAN_POINT('Ctrl Pts',(195.876656504432,-82.8239965120028,-6.58869946098257));
#19024=CARTESIAN_POINT('Ctrl Pts',(196.530987697417,-83.0194195921299,-6.11059299022054));
#19025=CARTESIAN_POINT('Ctrl Pts',(197.161695357227,-83.2085594661694,-5.64958492358057));
#19026=CARTESIAN_POINT('Origin',(191.23651841257,-81.52516435584,-6.34979246179029));
#19027=CARTESIAN_POINT('Ctrl Pts',(195.396188,-81.5223779999985,-7.04999999999993));
#19028=CARTESIAN_POINT('Ctrl Pts',(196.054988415768,-81.5112874390773,-6.58869788434403));
#19029=CARTESIAN_POINT('Ctrl Pts',(196.73774507061,-81.4985272303654,-6.11059199150925));
#19030=CARTESIAN_POINT('Ctrl Pts',(197.396061531827,-81.4855476297439,-5.64958492358059));
#19031=CARTESIAN_POINT('Origin',(196.438427570528,-82.7855589848669,-6.34979246179029));
#19032=CARTESIAN_POINT('Ctrl Pts',(195.386984999991,-81.2435659999203,-7.05000000000001));
#19033=CARTESIAN_POINT('Ctrl Pts',(196.045529338449,-81.210721339589,-6.58837457858685));
#19034=CARTESIAN_POINT('Ctrl Pts',(196.726664524189,-81.1780242413403,-6.11094289441306));
#19035=CARTESIAN_POINT('Ctrl Pts',(197.384890779197,-81.1471210427356,-5.64958492358057));
#19036=CARTESIAN_POINT('Origin',(191.07969815967,-81.53116235796,-6.34979246179029));
#19037=CARTESIAN_POINT('Ctrl Pts',(194.961101000001,-79.6416800000026,-7.05000000000008));
#19038=CARTESIAN_POINT('Ctrl Pts',(195.549248525763,-79.3436338612618,-6.58837376262243));
#19039=CARTESIAN_POINT('Ctrl Pts',(196.156969083489,-79.034313131162,-6.11094236264898));
#19040=CARTESIAN_POINT('Ctrl Pts',(196.7439219068,-78.7348234937337,-5.64958492358058));
#19041=CARTESIAN_POINT('Origin',(192.695227249973,-73.1975447780341,-6.34979246179029));
#19042=CARTESIAN_POINT('Ctrl Pts',(194.831285000114,-79.3953640002115,-7.04999999999997));
#19043=CARTESIAN_POINT('Ctrl Pts',(195.409631642601,-79.0794280935431,-6.58860446408162));
#19044=CARTESIAN_POINT('Ctrl Pts',(196.009223191108,-78.7532070591521,-6.11069115934549));
#19045=CARTESIAN_POINT('Ctrl Pts',(196.588018680161,-78.4390089626007,-5.64958492358058));
#19046=CARTESIAN_POINT('Origin',(174.679569375087,-73.4602683168061,-6.34979246179029));
#19047=CARTESIAN_POINT('',(192.130447503882,-75.3313746032082,-5.64958492358058));
#19048=CARTESIAN_POINT('Origin',(191.17328347827,-81.46518937171,-6.34979246179029));
#19049=CARTESIAN_POINT('Origin',(191.08122368684,-81.71378343628,-6.34979246179029));
#19050=CARTESIAN_POINT('Origin',(164.45279637142,-48.69101670102,-6.55));
#19051=CARTESIAN_POINT('',(168.64643662061,-51.5876109416181,-6.55));
#19052=CARTESIAN_POINT('Origin',(168.64643662061,-51.5876109416181,-6.55));
#19053=CARTESIAN_POINT('',(168.856798611977,-51.2622047184678,-6.55));
#19054=CARTESIAN_POINT('Origin',(168.856798611977,-51.2622047184678,-6.55));
#19055=CARTESIAN_POINT('',(169.06181108615,-50.8823870720167,-6.55));
#19056=CARTESIAN_POINT('Origin',(169.06181108615,-50.8823870720167,-6.55));
#19057=CARTESIAN_POINT('',(169.236384503965,-50.4920333954052,-6.55));
#19058=CARTESIAN_POINT('Origin',(169.236384503965,-50.4920333954052,-6.55));
#19059=CARTESIAN_POINT('',(169.382231358137,-50.0934664429517,-6.55));
#19060=CARTESIAN_POINT('Origin',(169.382231358137,-50.0934664429517,-6.55));
#19061=CARTESIAN_POINT('',(169.501198495257,-49.6884397801225,-6.55));
#19062=CARTESIAN_POINT('Origin',(169.501198495257,-49.6884397801225,-6.55));
#19063=CARTESIAN_POINT('',(169.595122086403,-49.2782094276498,-6.55));
#19064=CARTESIAN_POINT('Origin',(169.595122086403,-49.2782094276498,-6.55));
#19065=CARTESIAN_POINT('',(169.665719277157,-48.8636631229621,-6.55));
#19066=CARTESIAN_POINT('Origin',(169.665719277157,-48.8636631229621,-6.55));
#19067=CARTESIAN_POINT('',(169.714548104487,-48.445416481011,-6.55));
#19068=CARTESIAN_POINT('Origin',(169.714548104487,-48.445416481011,-6.55));
#19069=CARTESIAN_POINT('',(169.7429803546,-48.0238983580933,-6.55));
#19070=CARTESIAN_POINT('Origin',(169.7429803546,-48.0238983580933,-6.55));
#19071=CARTESIAN_POINT('',(169.751757,-47.6203575169895,-6.55));
#19072=CARTESIAN_POINT('Origin',(169.751757,-47.6203575169895,-6.55));
#19073=CARTESIAN_POINT('',(169.751756911105,-45.1493485455002,-6.55));
#19074=CARTESIAN_POINT('Origin',(164.41075458704,-45.15357865536,-6.55));
#19075=CARTESIAN_POINT('',(169.56952207307,-43.7703065401999,-6.55));
#19076=CARTESIAN_POINT('Origin',(169.56952207307,-43.7703065401999,-6.55));
#19077=CARTESIAN_POINT('',(169.49487919056,-43.5152244347471,-6.55));
#19078=CARTESIAN_POINT('Origin',(163.98897433014,-45.28170870362,-6.55));
#19079=CARTESIAN_POINT('',(169.089238261576,-42.5572339223343,-6.55));
#19080=CARTESIAN_POINT('Origin',(169.089238261576,-42.5572339223343,-6.55));
#19081=CARTESIAN_POINT('',(168.959941351367,-42.3268786550236,-6.55));
#19082=CARTESIAN_POINT('Origin',(163.46000420187,-45.58624808279,-6.55));
#19083=CARTESIAN_POINT('',(168.379071918102,-41.5026748291057,-6.55));
#19084=CARTESIAN_POINT('Origin',(168.379071918102,-41.5026748291057,-6.55));
#19085=CARTESIAN_POINT('',(168.205941382361,-41.3019652158358,-6.55));
#19086=CARTESIAN_POINT('Origin',(162.97386791459,-46.0105674793,-6.55));
#19087=CARTESIAN_POINT('',(167.492310218354,-40.6134194180357,-6.55));
#19088=CARTESIAN_POINT('Origin',(167.492310218354,-40.6134194180357,-6.55));
#19089=CARTESIAN_POINT('',(167.283735209817,-40.4450483510977,-6.55));
#19090=CARTESIAN_POINT('Origin',(162.68810701634,-46.36940207249,-6.55));
#19091=CARTESIAN_POINT('',(165.630102680401,-39.4728502513624,-6.55));
#19092=CARTESIAN_POINT('Origin',(165.630102680401,-39.4728502513624,-6.55));
#19093=CARTESIAN_POINT('',(165.382771212905,-39.3724822740924,-6.55));
#19094=CARTESIAN_POINT('Origin',(162.76850870819,-46.14264262185,-6.55));
#19095=CARTESIAN_POINT('',(164.127056109093,-39.0135621385474,-6.55));
#19096=CARTESIAN_POINT('Origin',(164.127056109093,-39.0135621385474,-6.55));
#19097=CARTESIAN_POINT('',(163.862794148537,-38.9687858808069,-6.55));
#19098=CARTESIAN_POINT('Origin',(162.87251267879,-45.52394845475,-6.55));
#19099=CARTESIAN_POINT('Origin',(147.335083125113,-38.894409,-6.55));
#19100=CARTESIAN_POINT('',(147.062435967001,-38.9012311199707,-6.55));
#19101=CARTESIAN_POINT('Origin',(147.38357428135,-45.724160142,-6.55));
#19102=CARTESIAN_POINT('',(146.061783084842,-39.0227902604439,-6.55));
#19103=CARTESIAN_POINT('Origin',(146.061783084842,-39.0227902604439,-6.55));
#19104=CARTESIAN_POINT('',(145.799313970735,-39.0795663073762,-6.55));
#19105=CARTESIAN_POINT('Origin',(147.49671447906,-46.23535217467,-6.55));
#19106=CARTESIAN_POINT('',(144.563961560293,-39.4910656904162,-6.55));
#19107=CARTESIAN_POINT('Origin',(144.563961560293,-39.4910656904162,-6.55));
#19108=CARTESIAN_POINT('',(144.321119125504,-39.6016430412462,-6.55));
#19109=CARTESIAN_POINT('Origin',(147.53709552965,-46.35164970255,-6.55));
#19110=CARTESIAN_POINT('',(142.952347781984,-40.4452817619336,-6.55));
#19111=CARTESIAN_POINT('Origin',(142.952347781984,-40.4452817619336,-6.55));
#19112=CARTESIAN_POINT('',(142.744545805721,-40.6130408371144,-6.55));
#19113=CARTESIAN_POINT('Origin',(147.22469001525,-45.97095979114,-6.55));
#19114=CARTESIAN_POINT('',(142.029930833979,-41.3026126848631,-6.55));
#19115=CARTESIAN_POINT('Origin',(142.029930833979,-41.3026126848631,-6.55));
#19116=CARTESIAN_POINT('',(141.857805111284,-41.5022029246857,-6.55));
#19117=CARTESIAN_POINT('Origin',(146.7306302913,-45.5530026408,-6.55));
#19118=CARTESIAN_POINT('',(141.276031968068,-42.3279816009826,-6.55));
#19119=CARTESIAN_POINT('Origin',(141.276031968068,-42.3279816009826,-6.55));
#19120=CARTESIAN_POINT('',(141.147658659287,-42.5567977260956,-6.55));
#19121=CARTESIAN_POINT('Origin',(146.20774525861,-45.26392886857,-6.55));
#19122=CARTESIAN_POINT('',(140.74154247496,-43.5164556804447,-6.55));
#19123=CARTESIAN_POINT('Origin',(140.74154247496,-43.5164556804447,-6.55));
#19124=CARTESIAN_POINT('',(140.667207192253,-43.7706531765634,-6.55));
#19125=CARTESIAN_POINT('Origin',(145.82833572819,-45.15354187355,-6.55));
#19126=CARTESIAN_POINT('',(140.485152,-45.1493601836191,-6.55));
#19127=CARTESIAN_POINT('Origin',(140.485152,-45.1493601836191,-6.55));
#19128=CARTESIAN_POINT('',(140.485152,-47.6203432963321,-6.55));
#19129=CARTESIAN_POINT('Origin',(140.485152,-47.6203432963321,-6.55));
#19130=CARTESIAN_POINT('',(140.493921868326,-48.0238364525863,-6.55));
#19131=CARTESIAN_POINT('Origin',(140.493921868326,-48.0238364525863,-6.55));
#19132=CARTESIAN_POINT('',(140.522334301377,-48.4452974172157,-6.55));
#19133=CARTESIAN_POINT('Origin',(140.522334301377,-48.4452974172157,-6.55));
#19134=CARTESIAN_POINT('',(140.567657452501,-48.833727402442,-6.55));
#19135=CARTESIAN_POINT('Origin',(148.04568406112,-47.80248530019,-6.55));
#19136=CARTESIAN_POINT('',(140.689581295628,-49.4972107458575,-6.55));
#19137=CARTESIAN_POINT('Origin',(140.689581295628,-49.4972107458575,-6.55));
#19138=CARTESIAN_POINT('',(140.731596807548,-49.6691515453482,-6.55));
#19139=CARTESIAN_POINT('Origin',(147.03038059747,-48.0576479076,-6.55));
#19140=CARTESIAN_POINT('',(141.00738154825,-50.5061379851284,-6.55));
#19141=CARTESIAN_POINT('Origin',(141.00738154825,-50.5061379851284,-6.55));
#19142=CARTESIAN_POINT('',(141.07569750067,-50.666614649498,-6.55));
#19143=CARTESIAN_POINT('Origin',(146.226811701,-48.39575897061,-6.55));
#19144=CARTESIAN_POINT('',(141.506124411654,-51.4626587954157,-6.55));
#19145=CARTESIAN_POINT('Origin',(141.506124411654,-51.4626587954157,-6.55));
#19146=CARTESIAN_POINT('',(141.602791035746,-51.6057725134535,-6.55));
#19147=CARTESIAN_POINT('Origin',(145.78157981972,-48.6947719189,-6.55));
#19148=CARTESIAN_POINT('',(142.36967677335,-52.4756604076987,-6.55));
#19149=CARTESIAN_POINT('Origin',(140.085605094383,-70.4847583696636,-6.55));
#19150=CARTESIAN_POINT('',(140.085605094383,-70.4847583696636,-6.55));
#19151=CARTESIAN_POINT('Origin',(143.076702,-62.1287597376221,-6.55));
#19152=CARTESIAN_POINT('',(143.076702,-62.1287597376221,-6.55));
#19153=CARTESIAN_POINT('Origin',(143.076702,-53.0074024837926,-6.55));
#19154=CARTESIAN_POINT('',(143.076702,-53.0074024837926,-6.55));
#19155=CARTESIAN_POINT('Origin',(145.74946976061,-48.71603098214,-6.55));
#19156=CARTESIAN_POINT('',(142.503361244869,-52.5918968688015,-6.55));
#19157=CARTESIAN_POINT('Origin',(142.36967677335,-52.4756604076987,-6.55));
#19158=UNCERTAINTY_MEASURE_WITH_UNIT(LENGTH_MEASURE(0.01),#19162,
'DISTANCE_ACCURACY_VALUE',
'Maximum model space distance between geometric entities at asserted c
onnectivities');
#19159=UNCERTAINTY_MEASURE_WITH_UNIT(LENGTH_MEASURE(0.01),#19162,
'DISTANCE_ACCURACY_VALUE',
'Maximum model space distance between geometric entities at asserted c
onnectivities');
#19160=(
GEOMETRIC_REPRESENTATION_CONTEXT(3)
GLOBAL_UNCERTAINTY_ASSIGNED_CONTEXT((#19158))
GLOBAL_UNIT_ASSIGNED_CONTEXT((#19162,#19164,#19165))
REPRESENTATION_CONTEXT('','3D')
);
#19161=(
GEOMETRIC_REPRESENTATION_CONTEXT(3)
GLOBAL_UNCERTAINTY_ASSIGNED_CONTEXT((#19159))
GLOBAL_UNIT_ASSIGNED_CONTEXT((#19162,#19164,#19165))
REPRESENTATION_CONTEXT('','3D')
);
#19162=(
LENGTH_UNIT()
NAMED_UNIT(*)
SI_UNIT(.MILLI.,.METRE.)
);
#19163=(
LENGTH_UNIT()
NAMED_UNIT(*)
SI_UNIT($,.METRE.)
);
#19164=(
NAMED_UNIT(*)
PLANE_ANGLE_UNIT()
SI_UNIT($,.RADIAN.)
);
#19165=(
NAMED_UNIT(*)
SI_UNIT($,.STERADIAN.)
SOLID_ANGLE_UNIT()
);
#19166=SHAPE_DEFINITION_REPRESENTATION(#19167,#19168);
#19167=PRODUCT_DEFINITION_SHAPE('',$,#19170);
#19168=SHAPE_REPRESENTATION('',(#11285),#19160);
#19169=PRODUCT_DEFINITION_CONTEXT('part definition',#19174,'design');
#19170=PRODUCT_DEFINITION('bottom half','bottom half',#19171,#19169);
#19171=PRODUCT_DEFINITION_FORMATION('',$,#19176);
#19172=PRODUCT_RELATED_PRODUCT_CATEGORY('bottom half','bottom half',(#19176));
#19173=APPLICATION_PROTOCOL_DEFINITION('international standard',
'automotive_design',2009,#19174);
#19174=APPLICATION_CONTEXT(
'Core Data for Automotive Mechanical Design Process');
#19175=PRODUCT_CONTEXT('part definition',#19174,'mechanical');
#19176=PRODUCT('bottom half','bottom half',$,(#19175));
#19177=PRESENTATION_STYLE_ASSIGNMENT((#19179));
#19178=PRESENTATION_STYLE_ASSIGNMENT((#19180));
#19179=SURFACE_STYLE_USAGE(.BOTH.,#19181);
#19180=SURFACE_STYLE_USAGE(.BOTH.,#19182);
#19181=SURFACE_SIDE_STYLE('',(#19183));
#19182=SURFACE_SIDE_STYLE('',(#19184));
#19183=SURFACE_STYLE_FILL_AREA(#19185);
#19184=SURFACE_STYLE_FILL_AREA(#19186);
#19185=FILL_AREA_STYLE('ABS (White)',(#19187));
#19186=FILL_AREA_STYLE('ABS (White) (4)',(#19188));
#19187=FILL_AREA_STYLE_COLOUR('ABS (White)',#19189);
#19188=FILL_AREA_STYLE_COLOUR('ABS (White) (4)',#19190);
#19189=COLOUR_RGB('ABS (White)',0.964705882352941,0.964705882352941,0.952941176470588);
#19190=COLOUR_RGB('ABS (White) (4)',0.631372549019608,0.486274509803922,
0.831372549019608);
ENDSEC;
END-ISO-10303-21;
