ISO-10303-21;
HEADER;
/* Generated by software containing ST-Developer
 * from STEP Tools, Inc. (www.steptools.com) 
 */

FILE_DESCRIPTION(
/* description */ (''),
/* implementation_level */ '2;1');

FILE_NAME(
/* name */ 'top half.step',
/* time_stamp */ '2026-06-18T22:58:44-04:00',
/* author */ (''),
/* organization */ (''),
/* preprocessor_version */ 'ST-DEVELOPER v20.1',
/* originating_system */ 'Autodesk Translation Framework v15.8.0.0',
/* authorisation */ '');

FILE_SCHEMA (('AUTOMOTIVE_DESIGN { 1 0 10303 214 3 1 1 }'));
ENDSEC;

DATA;
#10=MECHANICAL_DESIGN_GEOMETRIC_PRESENTATION_REPRESENTATION('',(#13),#18121);
#11=SHAPE_REPRESENTATION_RELATIONSHIP('SRR','None',#18128,#12);
#12=ADVANCED_BREP_SHAPE_REPRESENTATION('',(#14),#18120);
#13=STYLED_ITEM('',(#18138),#14);
#14=MANIFOLD_SOLID_BREP('Body1',#10659);
#15=CONICAL_SURFACE('',#11355,3.8952461146952,0.959931088596883);
#16=CONICAL_SURFACE('',#11358,3.84339767322194,0.95993108859688);
#17=CONICAL_SURFACE('',#11365,4.09675158648068,0.959931088596881);
#18=CONICAL_SURFACE('',#11369,3.79946441639259,0.959931088596881);
#19=CONICAL_SURFACE('',#11380,4.34100399920236,0.959931088596881);
#20=CONICAL_SURFACE('',#11383,4.78233992464749,0.959931088596882);
#21=CONICAL_SURFACE('',#11386,5.39318369164215,0.95993108859688);
#22=CONICAL_SURFACE('',#11390,6.03885843355674,0.959931088596883);
#23=CONICAL_SURFACE('',#11393,6.49785072596492,0.959931088596878);
#24=CONICAL_SURFACE('',#11395,3.89637174923727,0.95993108859688);
#25=CONICAL_SURFACE('',#11397,6.25737139589167,0.95993108859688);
#26=CONICAL_SURFACE('',#11400,5.6295410417394,0.95993108859688);
#27=CONICAL_SURFACE('',#11404,5.8304824322,0.95993108859688);
#28=CONICAL_SURFACE('',#11407,6.47697092141392,0.959931088596881);
#29=CONICAL_SURFACE('',#11409,5.32304684992312,0.959931088596881);
#30=CONICAL_SURFACE('',#11410,5.98419556255993,0.959931088596883);
#31=CONICAL_SURFACE('',#11414,5.33667133241652,0.959931088596885);
#32=CONICAL_SURFACE('',#11417,4.73873116770587,0.959931088596881);
#33=CONICAL_SURFACE('',#11422,4.34318536452978,0.959931088596877);
#34=CONICAL_SURFACE('',#11428,4.62945494867683,0.959931088596881);
#35=CONICAL_SURFACE('',#11430,4.09275958224618,0.959931088596881);
#36=CONICAL_SURFACE('',#11433,4.05564603857433,0.959931088596879);
#37=CONICAL_SURFACE('',#11438,3.85089000361342,0.959931088596883);
#38=CONICAL_SURFACE('',#11440,3.89660820899188,0.959931088596881);
#39=CONICAL_SURFACE('',#11445,5.20104093585151,0.95993108859688);
#40=CONICAL_SURFACE('',#11448,5.50166295701782,0.959931088596878);
#41=CONICAL_SURFACE('',#11450,5.23021858608779,0.959931088596883);
#42=CONICAL_SURFACE('',#11453,6.54879740307468,0.959931088596886);
#43=CONICAL_SURFACE('',#11454,5.32492053661127,0.95993108859688);
#44=CONICAL_SURFACE('',#11456,5.14541141271506,0.959931088596882);
#45=CONICAL_SURFACE('',#11458,5.39755779107947,0.959931088596881);
#46=CONICAL_SURFACE('',#11461,3.80851500564895,0.959931088596882);
#47=CONICAL_SURFACE('',#11464,5.11836171458949,0.959931088596882);
#48=CONICAL_SURFACE('',#11467,6.35434836435051,0.959931088596884);
#49=CONICAL_SURFACE('',#11469,5.30204107813404,0.959931088596881);
#50=CONICAL_SURFACE('',#11471,5.39530771838025,0.959931088596885);
#51=CONICAL_SURFACE('',#11473,5.22147688413431,0.959931088596882);
#52=CONICAL_SURFACE('',#11475,5.4724168106306,0.959931088596881);
#53=CONICAL_SURFACE('',#11478,3.90565777758191,0.959931088596882);
#54=CONICAL_SURFACE('',#11481,5.26487412164072,0.959931088596883);
#55=CONICAL_SURFACE('',#11483,5.22664022007136,0.959931088596881);
#56=CONICAL_SURFACE('',#11485,5.38622539322663,0.959931088596881);
#57=CONICAL_SURFACE('',#11487,5.3394581033856,0.959931088596878);
#58=CONICAL_SURFACE('',#11489,5.12626149609235,0.959931088596881);
#59=CONICAL_SURFACE('',#11491,5.36307051044428,0.959931088596881);
#60=CONICAL_SURFACE('',#11493,3.82804783076822,0.959931088596879);
#61=CONICAL_SURFACE('',#11496,5.17499935659959,0.95993108859688);
#62=CONICAL_SURFACE('',#11498,5.15967052065051,0.95993108859688);
#63=CONICAL_SURFACE('',#11500,5.31687752779297,0.95993108859688);
#64=CONICAL_SURFACE('',#11502,5.46807646296178,0.959931088596881);
#65=CONICAL_SURFACE('',#11504,5.20299324319115,0.95993108859688);
#66=FACE_BOUND('',#3418,.T.);
#67=FACE_BOUND('',#3431,.T.);
#68=FACE_BOUND('',#3575,.T.);
#69=FACE_BOUND('',#3654,.T.);
#70=PLANE('',#10695);
#71=PLANE('',#10705);
#72=PLANE('',#10706);
#73=PLANE('',#10709);
#74=PLANE('',#10712);
#75=PLANE('',#10719);
#76=PLANE('',#10720);
#77=PLANE('',#10825);
#78=PLANE('',#10828);
#79=PLANE('',#10831);
#80=PLANE('',#10834);
#81=PLANE('',#10837);
#82=PLANE('',#10840);
#83=PLANE('',#10841);
#84=PLANE('',#10842);
#85=PLANE('',#10845);
#86=PLANE('',#10848);
#87=PLANE('',#10851);
#88=PLANE('',#10854);
#89=PLANE('',#10857);
#90=PLANE('',#10860);
#91=PLANE('',#10863);
#92=PLANE('',#10866);
#93=PLANE('',#10869);
#94=PLANE('',#10870);
#95=PLANE('',#10871);
#96=PLANE('',#10872);
#97=PLANE('',#10875);
#98=PLANE('',#10878);
#99=PLANE('',#10881);
#100=PLANE('',#10884);
#101=PLANE('',#10887);
#102=PLANE('',#10888);
#103=PLANE('',#10889);
#104=PLANE('',#10890);
#105=PLANE('',#10893);
#106=PLANE('',#10896);
#107=PLANE('',#10897);
#108=PLANE('',#10898);
#109=PLANE('',#10899);
#110=PLANE('',#10900);
#111=PLANE('',#10903);
#112=PLANE('',#10906);
#113=PLANE('',#10909);
#114=PLANE('',#10912);
#115=PLANE('',#10915);
#116=PLANE('',#10918);
#117=PLANE('',#10921);
#118=PLANE('',#10922);
#119=PLANE('',#10923);
#120=PLANE('',#10924);
#121=PLANE('',#10927);
#122=PLANE('',#10930);
#123=PLANE('',#10933);
#124=PLANE('',#10936);
#125=PLANE('',#10939);
#126=PLANE('',#10942);
#127=PLANE('',#10945);
#128=PLANE('',#10948);
#129=PLANE('',#10951);
#130=PLANE('',#10954);
#131=PLANE('',#10957);
#132=PLANE('',#10960);
#133=PLANE('',#10963);
#134=PLANE('',#10966);
#135=PLANE('',#10967);
#136=PLANE('',#10968);
#137=PLANE('',#10969);
#138=PLANE('',#10970);
#139=PLANE('',#10971);
#140=PLANE('',#10972);
#141=PLANE('',#10973);
#142=PLANE('',#10974);
#143=PLANE('',#10975);
#144=PLANE('',#10976);
#145=PLANE('',#10979);
#146=PLANE('',#10980);
#147=PLANE('',#10981);
#148=PLANE('',#10984);
#149=PLANE('',#10987);
#150=PLANE('',#10990);
#151=PLANE('',#10991);
#152=PLANE('',#10994);
#153=PLANE('',#10997);
#154=PLANE('',#11000);
#155=PLANE('',#11003);
#156=PLANE('',#11006);
#157=PLANE('',#11009);
#158=PLANE('',#11012);
#159=PLANE('',#11013);
#160=PLANE('',#11014);
#161=PLANE('',#11017);
#162=PLANE('',#11020);
#163=PLANE('',#11021);
#164=PLANE('',#11078);
#165=PLANE('',#11081);
#166=PLANE('',#11084);
#167=PLANE('',#11087);
#168=PLANE('',#11090);
#169=PLANE('',#11093);
#170=PLANE('',#11094);
#171=PLANE('',#11095);
#172=PLANE('',#11098);
#173=PLANE('',#11101);
#174=PLANE('',#11104);
#175=PLANE('',#11107);
#176=PLANE('',#11110);
#177=PLANE('',#11113);
#178=PLANE('',#11116);
#179=PLANE('',#11119);
#180=PLANE('',#11120);
#181=PLANE('',#11121);
#182=PLANE('',#11124);
#183=PLANE('',#11127);
#184=PLANE('',#11130);
#185=PLANE('',#11133);
#186=PLANE('',#11136);
#187=PLANE('',#11139);
#188=PLANE('',#11142);
#189=PLANE('',#11145);
#190=PLANE('',#11148);
#191=PLANE('',#11149);
#192=PLANE('',#11150);
#193=PLANE('',#11151);
#194=PLANE('',#11154);
#195=PLANE('',#11157);
#196=PLANE('',#11160);
#197=PLANE('',#11163);
#198=PLANE('',#11166);
#199=PLANE('',#11167);
#200=PLANE('',#11168);
#201=PLANE('',#11169);
#202=PLANE('',#11172);
#203=PLANE('',#11175);
#204=PLANE('',#11176);
#205=PLANE('',#11177);
#206=PLANE('',#11178);
#207=PLANE('',#11179);
#208=PLANE('',#11180);
#209=PLANE('',#11181);
#210=PLANE('',#11184);
#211=PLANE('',#11185);
#212=PLANE('',#11266);
#213=PLANE('',#11267);
#214=PLANE('',#11268);
#215=PLANE('',#11269);
#216=PLANE('',#11272);
#217=PLANE('',#11275);
#218=PLANE('',#11278);
#219=PLANE('',#11281);
#220=PLANE('',#11284);
#221=PLANE('',#11285);
#222=PLANE('',#11286);
#223=PLANE('',#11287);
#224=PLANE('',#11290);
#225=PLANE('',#11293);
#226=PLANE('',#11296);
#227=PLANE('',#11299);
#228=PLANE('',#11302);
#229=PLANE('',#11305);
#230=PLANE('',#11308);
#231=PLANE('',#11311);
#232=PLANE('',#11314);
#233=PLANE('',#11315);
#234=PLANE('',#11316);
#235=PLANE('',#11319);
#236=PLANE('',#11322);
#237=PLANE('',#11325);
#238=PLANE('',#11328);
#239=PLANE('',#11331);
#240=PLANE('',#11334);
#241=PLANE('',#11337);
#242=PLANE('',#11340);
#243=PLANE('',#11341);
#244=PLANE('',#11342);
#245=PLANE('',#11345);
#246=PLANE('',#11348);
#247=PLANE('',#11351);
#248=PLANE('',#11354);
#249=PLANE('',#11357);
#250=PLANE('',#11360);
#251=PLANE('',#11361);
#252=PLANE('',#11362);
#253=PLANE('',#11363);
#254=PLANE('',#11364);
#255=PLANE('',#11367);
#256=PLANE('',#11368);
#257=PLANE('',#11370);
#258=PLANE('',#11371);
#259=PLANE('',#11372);
#260=PLANE('',#11373);
#261=PLANE('',#11374);
#262=PLANE('',#11375);
#263=PLANE('',#11376);
#264=PLANE('',#11377);
#265=PLANE('',#11378);
#266=PLANE('',#11379);
#267=PLANE('',#11382);
#268=PLANE('',#11385);
#269=PLANE('',#11388);
#270=PLANE('',#11389);
#271=PLANE('',#11392);
#272=PLANE('',#11396);
#273=PLANE('',#11399);
#274=PLANE('',#11402);
#275=PLANE('',#11403);
#276=PLANE('',#11406);
#277=PLANE('',#11412);
#278=PLANE('',#11413);
#279=PLANE('',#11416);
#280=PLANE('',#11419);
#281=PLANE('',#11420);
#282=PLANE('',#11421);
#283=PLANE('',#11424);
#284=PLANE('',#11425);
#285=PLANE('',#11426);
#286=PLANE('',#11427);
#287=PLANE('',#11431);
#288=PLANE('',#11432);
#289=PLANE('',#11434);
#290=PLANE('',#11435);
#291=PLANE('',#11436);
#292=PLANE('',#11437);
#293=PLANE('',#11439);
#294=PLANE('',#11441);
#295=PLANE('',#11442);
#296=PLANE('',#11443);
#297=PLANE('',#11444);
#298=PLANE('',#11446);
#299=PLANE('',#11447);
#300=PLANE('',#11451);
#301=PLANE('',#11452);
#302=PLANE('',#11455);
#303=PLANE('',#11457);
#304=PLANE('',#11459);
#305=PLANE('',#11460);
#306=PLANE('',#11462);
#307=PLANE('',#11463);
#308=PLANE('',#11465);
#309=PLANE('',#11466);
#310=PLANE('',#11470);
#311=PLANE('',#11472);
#312=PLANE('',#11474);
#313=PLANE('',#11476);
#314=PLANE('',#11477);
#315=PLANE('',#11479);
#316=PLANE('',#11480);
#317=PLANE('',#11482);
#318=PLANE('',#11484);
#319=PLANE('',#11486);
#320=PLANE('',#11488);
#321=PLANE('',#11490);
#322=PLANE('',#11492);
#323=PLANE('',#11494);
#324=PLANE('',#11495);
#325=PLANE('',#11497);
#326=PLANE('',#11499);
#327=PLANE('',#11501);
#328=PLANE('',#11505);
#329=PLANE('',#11506);
#330=PLANE('',#11508);
#331=PLANE('',#11510);
#332=PLANE('',#11512);
#333=PLANE('',#11514);
#334=PLANE('',#11516);
#335=PLANE('',#11518);
#336=PLANE('',#11520);
#337=PLANE('',#11521);
#338=PLANE('',#11522);
#339=PLANE('',#11523);
#340=PLANE('',#11525);
#341=PLANE('',#11527);
#342=PLANE('',#11529);
#343=PLANE('',#11531);
#344=PLANE('',#11533);
#345=PLANE('',#11535);
#346=PLANE('',#11537);
#347=PLANE('',#11538);
#348=PLANE('',#11540);
#349=PLANE('',#11542);
#350=PLANE('',#11544);
#351=PLANE('',#11546);
#352=PLANE('',#11548);
#353=PLANE('',#11550);
#354=PLANE('',#11552);
#355=PLANE('',#11553);
#356=PLANE('',#11554);
#357=PLANE('',#11555);
#358=PLANE('',#11556);
#359=PLANE('',#11557);
#360=PLANE('',#11558);
#361=PLANE('',#11559);
#362=PLANE('',#11560);
#363=PLANE('',#11561);
#364=PLANE('',#11562);
#365=PLANE('',#11564);
#366=PLANE('',#11565);
#367=PLANE('',#11566);
#368=PLANE('',#11568);
#369=PLANE('',#11570);
#370=PLANE('',#11572);
#371=PLANE('',#11573);
#372=PLANE('',#11574);
#373=PLANE('',#11575);
#374=PLANE('',#11576);
#375=PLANE('',#11578);
#376=PLANE('',#11580);
#377=PLANE('',#11581);
#378=PLANE('',#11583);
#379=PLANE('',#11585);
#380=PLANE('',#11586);
#381=PLANE('',#11587);
#382=PLANE('',#11588);
#383=PLANE('',#11589);
#384=PLANE('',#11591);
#385=PLANE('',#11593);
#386=PLANE('',#11595);
#387=PLANE('',#11597);
#388=PLANE('',#11599);
#389=PLANE('',#11601);
#390=PLANE('',#11603);
#391=PLANE('',#11604);
#392=PLANE('',#11606);
#393=PLANE('',#11608);
#394=PLANE('',#11610);
#395=PLANE('',#11612);
#396=PLANE('',#11614);
#397=PLANE('',#11616);
#398=PLANE('',#11618);
#399=PLANE('',#11619);
#400=PLANE('',#11620);
#401=PLANE('',#11621);
#402=PLANE('',#11622);
#403=PLANE('',#11623);
#404=PLANE('',#11624);
#405=PLANE('',#11625);
#406=PLANE('',#11626);
#407=PLANE('',#11627);
#408=PLANE('',#11628);
#409=PLANE('',#11630);
#410=PLANE('',#11631);
#411=PLANE('',#11632);
#412=PLANE('',#11633);
#413=PLANE('',#11635);
#414=PLANE('',#11637);
#415=PLANE('',#11639);
#416=LINE('',#14706,#1500);
#417=LINE('',#14709,#1501);
#418=LINE('',#14712,#1502);
#419=LINE('',#14724,#1503);
#420=LINE('',#14728,#1504);
#421=LINE('',#14732,#1505);
#422=LINE('',#14736,#1506);
#423=LINE('',#14740,#1507);
#424=LINE('',#14744,#1508);
#425=LINE('',#14748,#1509);
#426=LINE('',#14752,#1510);
#427=LINE('',#14755,#1511);
#428=LINE('',#14758,#1512);
#429=LINE('',#14760,#1513);
#430=LINE('',#14761,#1514);
#431=LINE('',#14764,#1515);
#432=LINE('',#14766,#1516);
#433=LINE('',#14767,#1517);
#434=LINE('',#14770,#1518);
#435=LINE('',#14774,#1519);
#436=LINE('',#14775,#1520);
#437=LINE('',#14781,#1521);
#438=LINE('',#14783,#1522);
#439=LINE('',#14785,#1523);
#440=LINE('',#14786,#1524);
#441=LINE('',#14792,#1525);
#442=LINE('',#14797,#1526);
#443=LINE('',#14801,#1527);
#444=LINE('',#14803,#1528);
#445=LINE('',#14805,#1529);
#446=LINE('',#14807,#1530);
#447=LINE('',#14808,#1531);
#448=LINE('',#14812,#1532);
#449=LINE('',#14814,#1533);
#450=LINE('',#14818,#1534);
#451=LINE('',#14822,#1535);
#452=LINE('',#14826,#1536);
#453=LINE('',#14828,#1537);
#454=LINE('',#14830,#1538);
#455=LINE('',#14834,#1539);
#456=LINE('',#14836,#1540);
#457=LINE('',#14838,#1541);
#458=LINE('',#14840,#1542);
#459=LINE('',#14842,#1543);
#460=LINE('',#14844,#1544);
#461=LINE('',#14846,#1545);
#462=LINE('',#14848,#1546);
#463=LINE('',#14850,#1547);
#464=LINE('',#14852,#1548);
#465=LINE('',#14854,#1549);
#466=LINE('',#14858,#1550);
#467=LINE('',#14862,#1551);
#468=LINE('',#14866,#1552);
#469=LINE('',#14870,#1553);
#470=LINE('',#14874,#1554);
#471=LINE('',#14878,#1555);
#472=LINE('',#14881,#1556);
#473=LINE('',#14885,#1557);
#474=LINE('',#14889,#1558);
#475=LINE('',#14893,#1559);
#476=LINE('',#14897,#1560);
#477=LINE('',#14901,#1561);
#478=LINE('',#14905,#1562);
#479=LINE('',#14909,#1563);
#480=LINE('',#14911,#1564);
#481=LINE('',#14913,#1565);
#482=LINE('',#14915,#1566);
#483=LINE('',#14917,#1567);
#484=LINE('',#14919,#1568);
#485=LINE('',#14921,#1569);
#486=LINE('',#14923,#1570);
#487=LINE('',#14925,#1571);
#488=LINE('',#14927,#1572);
#489=LINE('',#14929,#1573);
#490=LINE('',#14933,#1574);
#491=LINE('',#14935,#1575);
#492=LINE('',#14937,#1576);
#493=LINE('',#14939,#1577);
#494=LINE('',#14943,#1578);
#495=LINE('',#14947,#1579);
#496=LINE('',#14951,#1580);
#497=LINE('',#14955,#1581);
#498=LINE('',#14959,#1582);
#499=LINE('',#14963,#1583);
#500=LINE('',#14967,#1584);
#501=LINE('',#14969,#1585);
#502=LINE('',#14971,#1586);
#503=LINE('',#14975,#1587);
#504=LINE('',#14979,#1588);
#505=LINE('',#14983,#1589);
#506=LINE('',#14987,#1590);
#507=LINE('',#14991,#1591);
#508=LINE('',#14995,#1592);
#509=LINE('',#14999,#1593);
#510=LINE('',#15003,#1594);
#511=LINE('',#15005,#1595);
#512=LINE('',#15007,#1596);
#513=LINE('',#15011,#1597);
#514=LINE('',#15015,#1598);
#515=LINE('',#15019,#1599);
#516=LINE('',#15023,#1600);
#517=LINE('',#15027,#1601);
#518=LINE('',#15031,#1602);
#519=LINE('',#15035,#1603);
#520=LINE('',#15039,#1604);
#521=LINE('',#15043,#1605);
#522=LINE('',#15045,#1606);
#523=LINE('',#15047,#1607);
#524=LINE('',#15049,#1608);
#525=LINE('',#15053,#1609);
#526=LINE('',#15057,#1610);
#527=LINE('',#15061,#1611);
#528=LINE('',#15065,#1612);
#529=LINE('',#15069,#1613);
#530=LINE('',#15071,#1614);
#531=LINE('',#15073,#1615);
#532=LINE('',#15075,#1616);
#533=LINE('',#15079,#1617);
#534=LINE('',#15083,#1618);
#535=LINE('',#15085,#1619);
#536=LINE('',#15086,#1620);
#537=LINE('',#15088,#1621);
#538=LINE('',#15090,#1622);
#539=LINE('',#15092,#1623);
#540=LINE('',#15094,#1624);
#541=LINE('',#15098,#1625);
#542=LINE('',#15102,#1626);
#543=LINE('',#15106,#1627);
#544=LINE('',#15110,#1628);
#545=LINE('',#15114,#1629);
#546=LINE('',#15118,#1630);
#547=LINE('',#15122,#1631);
#548=LINE('',#15123,#1632);
#549=LINE('',#15125,#1633);
#550=LINE('',#15129,#1634);
#551=LINE('',#15133,#1635);
#552=LINE('',#15137,#1636);
#553=LINE('',#15141,#1637);
#554=LINE('',#15145,#1638);
#555=LINE('',#15149,#1639);
#556=LINE('',#15153,#1640);
#557=LINE('',#15155,#1641);
#558=LINE('',#15157,#1642);
#559=LINE('',#15159,#1643);
#560=LINE('',#15163,#1644);
#561=LINE('',#15167,#1645);
#562=LINE('',#15171,#1646);
#563=LINE('',#15175,#1647);
#564=LINE('',#15179,#1648);
#565=LINE('',#15183,#1649);
#566=LINE('',#15187,#1650);
#567=LINE('',#15189,#1651);
#568=LINE('',#15191,#1652);
#569=LINE('',#15193,#1653);
#570=LINE('',#15195,#1654);
#571=LINE('',#15199,#1655);
#572=LINE('',#15203,#1656);
#573=LINE('',#15205,#1657);
#574=LINE('',#15207,#1658);
#575=LINE('',#15209,#1659);
#576=LINE('',#15213,#1660);
#577=LINE('',#15217,#1661);
#578=LINE('',#15221,#1662);
#579=LINE('',#15225,#1663);
#580=LINE('',#15229,#1664);
#581=LINE('',#15231,#1665);
#582=LINE('',#15233,#1666);
#583=LINE('',#15235,#1667);
#584=LINE('',#15239,#1668);
#585=LINE('',#15243,#1669);
#586=LINE('',#15247,#1670);
#587=LINE('',#15251,#1671);
#588=LINE('',#15255,#1672);
#589=LINE('',#15259,#1673);
#590=LINE('',#15263,#1674);
#591=LINE('',#15267,#1675);
#592=LINE('',#15271,#1676);
#593=LINE('',#15273,#1677);
#594=LINE('',#15275,#1678);
#595=LINE('',#15279,#1679);
#596=LINE('',#15283,#1680);
#597=LINE('',#15287,#1681);
#598=LINE('',#15291,#1682);
#599=LINE('',#15295,#1683);
#600=LINE('',#15299,#1684);
#601=LINE('',#15303,#1685);
#602=LINE('',#15307,#1686);
#603=LINE('',#15309,#1687);
#604=LINE('',#15311,#1688);
#605=LINE('',#15315,#1689);
#606=LINE('',#15319,#1690);
#607=LINE('',#15323,#1691);
#608=LINE('',#15327,#1692);
#609=LINE('',#15331,#1693);
#610=LINE('',#15335,#1694);
#611=LINE('',#15339,#1695);
#612=LINE('',#15342,#1696);
#613=LINE('',#15345,#1697);
#614=LINE('',#15346,#1698);
#615=LINE('',#15349,#1699);
#616=LINE('',#15353,#1700);
#617=LINE('',#15354,#1701);
#618=LINE('',#15357,#1702);
#619=LINE('',#15361,#1703);
#620=LINE('',#15362,#1704);
#621=LINE('',#15365,#1705);
#622=LINE('',#15369,#1706);
#623=LINE('',#15370,#1707);
#624=LINE('',#15373,#1708);
#625=LINE('',#15377,#1709);
#626=LINE('',#15378,#1710);
#627=LINE('',#15381,#1711);
#628=LINE('',#15385,#1712);
#629=LINE('',#15386,#1713);
#630=LINE('',#15389,#1714);
#631=LINE('',#15390,#1715);
#632=LINE('',#15393,#1716);
#633=LINE('',#15394,#1717);
#634=LINE('',#15397,#1718);
#635=LINE('',#15401,#1719);
#636=LINE('',#15402,#1720);
#637=LINE('',#15405,#1721);
#638=LINE('',#15409,#1722);
#639=LINE('',#15410,#1723);
#640=LINE('',#15413,#1724);
#641=LINE('',#15417,#1725);
#642=LINE('',#15418,#1726);
#643=LINE('',#15421,#1727);
#644=LINE('',#15425,#1728);
#645=LINE('',#15426,#1729);
#646=LINE('',#15429,#1730);
#647=LINE('',#15433,#1731);
#648=LINE('',#15434,#1732);
#649=LINE('',#15437,#1733);
#650=LINE('',#15441,#1734);
#651=LINE('',#15442,#1735);
#652=LINE('',#15445,#1736);
#653=LINE('',#15449,#1737);
#654=LINE('',#15450,#1738);
#655=LINE('',#15453,#1739);
#656=LINE('',#15457,#1740);
#657=LINE('',#15458,#1741);
#658=LINE('',#15461,#1742);
#659=LINE('',#15465,#1743);
#660=LINE('',#15466,#1744);
#661=LINE('',#15469,#1745);
#662=LINE('',#15470,#1746);
#663=LINE('',#15473,#1747);
#664=LINE('',#15474,#1748);
#665=LINE('',#15477,#1749);
#666=LINE('',#15478,#1750);
#667=LINE('',#15481,#1751);
#668=LINE('',#15485,#1752);
#669=LINE('',#15486,#1753);
#670=LINE('',#15489,#1754);
#671=LINE('',#15493,#1755);
#672=LINE('',#15494,#1756);
#673=LINE('',#15497,#1757);
#674=LINE('',#15501,#1758);
#675=LINE('',#15502,#1759);
#676=LINE('',#15505,#1760);
#677=LINE('',#15509,#1761);
#678=LINE('',#15510,#1762);
#679=LINE('',#15513,#1763);
#680=LINE('',#15517,#1764);
#681=LINE('',#15518,#1765);
#682=LINE('',#15521,#1766);
#683=LINE('',#15522,#1767);
#684=LINE('',#15525,#1768);
#685=LINE('',#15526,#1769);
#686=LINE('',#15529,#1770);
#687=LINE('',#15530,#1771);
#688=LINE('',#15533,#1772);
#689=LINE('',#15537,#1773);
#690=LINE('',#15538,#1774);
#691=LINE('',#15541,#1775);
#692=LINE('',#15545,#1776);
#693=LINE('',#15546,#1777);
#694=LINE('',#15549,#1778);
#695=LINE('',#15550,#1779);
#696=LINE('',#15553,#1780);
#697=LINE('',#15554,#1781);
#698=LINE('',#15557,#1782);
#699=LINE('',#15558,#1783);
#700=LINE('',#15561,#1784);
#701=LINE('',#15562,#1785);
#702=LINE('',#15565,#1786);
#703=LINE('',#15569,#1787);
#704=LINE('',#15570,#1788);
#705=LINE('',#15573,#1789);
#706=LINE('',#15577,#1790);
#707=LINE('',#15578,#1791);
#708=LINE('',#15581,#1792);
#709=LINE('',#15585,#1793);
#710=LINE('',#15586,#1794);
#711=LINE('',#15589,#1795);
#712=LINE('',#15593,#1796);
#713=LINE('',#15594,#1797);
#714=LINE('',#15597,#1798);
#715=LINE('',#15601,#1799);
#716=LINE('',#15602,#1800);
#717=LINE('',#15605,#1801);
#718=LINE('',#15609,#1802);
#719=LINE('',#15610,#1803);
#720=LINE('',#15613,#1804);
#721=LINE('',#15617,#1805);
#722=LINE('',#15618,#1806);
#723=LINE('',#15621,#1807);
#724=LINE('',#15622,#1808);
#725=LINE('',#15625,#1809);
#726=LINE('',#15626,#1810);
#727=LINE('',#15629,#1811);
#728=LINE('',#15630,#1812);
#729=LINE('',#15633,#1813);
#730=LINE('',#15637,#1814);
#731=LINE('',#15638,#1815);
#732=LINE('',#15641,#1816);
#733=LINE('',#15645,#1817);
#734=LINE('',#15646,#1818);
#735=LINE('',#15649,#1819);
#736=LINE('',#15653,#1820);
#737=LINE('',#15654,#1821);
#738=LINE('',#15657,#1822);
#739=LINE('',#15661,#1823);
#740=LINE('',#15662,#1824);
#741=LINE('',#15665,#1825);
#742=LINE('',#15669,#1826);
#743=LINE('',#15670,#1827);
#744=LINE('',#15673,#1828);
#745=LINE('',#15677,#1829);
#746=LINE('',#15678,#1830);
#747=LINE('',#15681,#1831);
#748=LINE('',#15684,#1832);
#749=LINE('',#15687,#1833);
#750=LINE('',#15691,#1834);
#751=LINE('',#15692,#1835);
#752=LINE('',#15695,#1836);
#753=LINE('',#15699,#1837);
#754=LINE('',#15700,#1838);
#755=LINE('',#15703,#1839);
#756=LINE('',#15707,#1840);
#757=LINE('',#15708,#1841);
#758=LINE('',#15711,#1842);
#759=LINE('',#15715,#1843);
#760=LINE('',#15716,#1844);
#761=LINE('',#15719,#1845);
#762=LINE('',#15723,#1846);
#763=LINE('',#15724,#1847);
#764=LINE('',#15727,#1848);
#765=LINE('',#15731,#1849);
#766=LINE('',#15732,#1850);
#767=LINE('',#15735,#1851);
#768=LINE('',#15739,#1852);
#769=LINE('',#15740,#1853);
#770=LINE('',#15743,#1854);
#771=LINE('',#15744,#1855);
#772=LINE('',#15747,#1856);
#773=LINE('',#15748,#1857);
#774=LINE('',#15751,#1858);
#775=LINE('',#15752,#1859);
#776=LINE('',#15755,#1860);
#777=LINE('',#15756,#1861);
#778=LINE('',#15759,#1862);
#779=LINE('',#15760,#1863);
#780=LINE('',#15763,#1864);
#781=LINE('',#15764,#1865);
#782=LINE('',#15767,#1866);
#783=LINE('',#15768,#1867);
#784=LINE('',#15771,#1868);
#785=LINE('',#15772,#1869);
#786=LINE('',#15775,#1870);
#787=LINE('',#15776,#1871);
#788=LINE('',#15779,#1872);
#789=LINE('',#15780,#1873);
#790=LINE('',#15783,#1874);
#791=LINE('',#15787,#1875);
#792=LINE('',#15788,#1876);
#793=LINE('',#15791,#1877);
#794=LINE('',#15792,#1878);
#795=LINE('',#15795,#1879);
#796=LINE('',#15796,#1880);
#797=LINE('',#15799,#1881);
#798=LINE('',#15803,#1882);
#799=LINE('',#15804,#1883);
#800=LINE('',#15807,#1884);
#801=LINE('',#15811,#1885);
#802=LINE('',#15812,#1886);
#803=LINE('',#15815,#1887);
#804=LINE('',#15819,#1888);
#805=LINE('',#15820,#1889);
#806=LINE('',#15823,#1890);
#807=LINE('',#15824,#1891);
#808=LINE('',#15827,#1892);
#809=LINE('',#15831,#1893);
#810=LINE('',#15832,#1894);
#811=LINE('',#15835,#1895);
#812=LINE('',#15839,#1896);
#813=LINE('',#15840,#1897);
#814=LINE('',#15843,#1898);
#815=LINE('',#15847,#1899);
#816=LINE('',#15848,#1900);
#817=LINE('',#15851,#1901);
#818=LINE('',#15855,#1902);
#819=LINE('',#15856,#1903);
#820=LINE('',#15859,#1904);
#821=LINE('',#15863,#1905);
#822=LINE('',#15864,#1906);
#823=LINE('',#15867,#1907);
#824=LINE('',#15871,#1908);
#825=LINE('',#15872,#1909);
#826=LINE('',#15875,#1910);
#827=LINE('',#15879,#1911);
#828=LINE('',#15880,#1912);
#829=LINE('',#15883,#1913);
#830=LINE('',#15884,#1914);
#831=LINE('',#15887,#1915);
#832=LINE('',#15888,#1916);
#833=LINE('',#15891,#1917);
#834=LINE('',#15895,#1918);
#835=LINE('',#15896,#1919);
#836=LINE('',#15899,#1920);
#837=LINE('',#15902,#1921);
#838=LINE('',#15906,#1922);
#839=LINE('',#15908,#1923);
#840=LINE('',#15910,#1924);
#841=LINE('',#15912,#1925);
#842=LINE('',#15914,#1926);
#843=LINE('',#15916,#1927);
#844=LINE('',#15918,#1928);
#845=LINE('',#15922,#1929);
#846=LINE('',#15926,#1930);
#847=LINE('',#15928,#1931);
#848=LINE('',#15930,#1932);
#849=LINE('',#15932,#1933);
#850=LINE('',#15936,#1934);
#851=LINE('',#15940,#1935);
#852=LINE('',#15944,#1936);
#853=LINE('',#15948,#1937);
#854=LINE('',#15952,#1938);
#855=LINE('',#15954,#1939);
#856=LINE('',#15956,#1940);
#857=LINE('',#15958,#1941);
#858=LINE('',#15962,#1942);
#859=LINE('',#15966,#1943);
#860=LINE('',#15970,#1944);
#861=LINE('',#15974,#1945);
#862=LINE('',#15978,#1946);
#863=LINE('',#15982,#1947);
#864=LINE('',#15986,#1948);
#865=LINE('',#15990,#1949);
#866=LINE('',#15994,#1950);
#867=LINE('',#15996,#1951);
#868=LINE('',#15998,#1952);
#869=LINE('',#16002,#1953);
#870=LINE('',#16006,#1954);
#871=LINE('',#16010,#1955);
#872=LINE('',#16014,#1956);
#873=LINE('',#16018,#1957);
#874=LINE('',#16022,#1958);
#875=LINE('',#16026,#1959);
#876=LINE('',#16030,#1960);
#877=LINE('',#16032,#1961);
#878=LINE('',#16034,#1962);
#879=LINE('',#16038,#1963);
#880=LINE('',#16042,#1964);
#881=LINE('',#16046,#1965);
#882=LINE('',#16050,#1966);
#883=LINE('',#16054,#1967);
#884=LINE('',#16058,#1968);
#885=LINE('',#16062,#1969);
#886=LINE('',#16064,#1970);
#887=LINE('',#16066,#1971);
#888=LINE('',#16068,#1972);
#889=LINE('',#16070,#1973);
#890=LINE('',#16074,#1974);
#891=LINE('',#16078,#1975);
#892=LINE('',#16082,#1976);
#893=LINE('',#16084,#1977);
#894=LINE('',#16086,#1978);
#895=LINE('',#16090,#1979);
#896=LINE('',#16092,#1980);
#897=LINE('',#16094,#1981);
#898=LINE('',#16096,#1982);
#899=LINE('',#16098,#1983);
#900=LINE('',#16100,#1984);
#901=LINE('',#16102,#1985);
#902=LINE('',#16104,#1986);
#903=LINE('',#16106,#1987);
#904=LINE('',#16108,#1988);
#905=LINE('',#16110,#1989);
#906=LINE('',#16114,#1990);
#907=LINE('',#16118,#1991);
#908=LINE('',#16122,#1992);
#909=LINE('',#16126,#1993);
#910=LINE('',#16130,#1994);
#911=LINE('',#16134,#1995);
#912=LINE('',#16138,#1996);
#913=LINE('',#16140,#1997);
#914=LINE('',#16144,#1998);
#915=LINE('',#16148,#1999);
#916=LINE('',#16152,#2000);
#917=LINE('',#16156,#2001);
#918=LINE('',#16160,#2002);
#919=LINE('',#16164,#2003);
#920=LINE('',#16168,#2004);
#921=LINE('',#16170,#2005);
#922=LINE('',#16172,#2006);
#923=LINE('',#16174,#2007);
#924=LINE('',#16178,#2008);
#925=LINE('',#16182,#2009);
#926=LINE('',#16186,#2010);
#927=LINE('',#16190,#2011);
#928=LINE('',#16194,#2012);
#929=LINE('',#16198,#2013);
#930=LINE('',#16202,#2014);
#931=LINE('',#16204,#2015);
#932=LINE('',#16205,#2016);
#933=LINE('',#16208,#2017);
#934=LINE('',#16212,#2018);
#935=LINE('',#16213,#2019);
#936=LINE('',#16216,#2020);
#937=LINE('',#16220,#2021);
#938=LINE('',#16221,#2022);
#939=LINE('',#16224,#2023);
#940=LINE('',#16228,#2024);
#941=LINE('',#16229,#2025);
#942=LINE('',#16232,#2026);
#943=LINE('',#16236,#2027);
#944=LINE('',#16237,#2028);
#945=LINE('',#16240,#2029);
#946=LINE('',#16244,#2030);
#947=LINE('',#16245,#2031);
#948=LINE('',#16248,#2032);
#949=LINE('',#16249,#2033);
#950=LINE('',#16252,#2034);
#951=LINE('',#16253,#2035);
#952=LINE('',#16256,#2036);
#953=LINE('',#16260,#2037);
#954=LINE('',#16261,#2038);
#955=LINE('',#16264,#2039);
#956=LINE('',#16268,#2040);
#957=LINE('',#16269,#2041);
#958=LINE('',#16272,#2042);
#959=LINE('',#16276,#2043);
#960=LINE('',#16277,#2044);
#961=LINE('',#16280,#2045);
#962=LINE('',#16284,#2046);
#963=LINE('',#16285,#2047);
#964=LINE('',#16288,#2048);
#965=LINE('',#16292,#2049);
#966=LINE('',#16293,#2050);
#967=LINE('',#16296,#2051);
#968=LINE('',#16300,#2052);
#969=LINE('',#16301,#2053);
#970=LINE('',#16304,#2054);
#971=LINE('',#16308,#2055);
#972=LINE('',#16309,#2056);
#973=LINE('',#16312,#2057);
#974=LINE('',#16316,#2058);
#975=LINE('',#16317,#2059);
#976=LINE('',#16320,#2060);
#977=LINE('',#16321,#2061);
#978=LINE('',#16324,#2062);
#979=LINE('',#16325,#2063);
#980=LINE('',#16328,#2064);
#981=LINE('',#16332,#2065);
#982=LINE('',#16333,#2066);
#983=LINE('',#16336,#2067);
#984=LINE('',#16340,#2068);
#985=LINE('',#16341,#2069);
#986=LINE('',#16344,#2070);
#987=LINE('',#16348,#2071);
#988=LINE('',#16349,#2072);
#989=LINE('',#16352,#2073);
#990=LINE('',#16356,#2074);
#991=LINE('',#16357,#2075);
#992=LINE('',#16360,#2076);
#993=LINE('',#16364,#2077);
#994=LINE('',#16365,#2078);
#995=LINE('',#16368,#2079);
#996=LINE('',#16372,#2080);
#997=LINE('',#16373,#2081);
#998=LINE('',#16376,#2082);
#999=LINE('',#16380,#2083);
#1000=LINE('',#16381,#2084);
#1001=LINE('',#16384,#2085);
#1002=LINE('',#16388,#2086);
#1003=LINE('',#16389,#2087);
#1004=LINE('',#16392,#2088);
#1005=LINE('',#16396,#2089);
#1006=LINE('',#16397,#2090);
#1007=LINE('',#16400,#2091);
#1008=LINE('',#16401,#2092);
#1009=LINE('',#16404,#2093);
#1010=LINE('',#16405,#2094);
#1011=LINE('',#16408,#2095);
#1012=LINE('',#16409,#2096);
#1013=LINE('',#16412,#2097);
#1014=LINE('',#16416,#2098);
#1015=LINE('',#16417,#2099);
#1016=LINE('',#16420,#2100);
#1017=LINE('',#16424,#2101);
#1018=LINE('',#16425,#2102);
#1019=LINE('',#16428,#2103);
#1020=LINE('',#16432,#2104);
#1021=LINE('',#16433,#2105);
#1022=LINE('',#16436,#2106);
#1023=LINE('',#16440,#2107);
#1024=LINE('',#16441,#2108);
#1025=LINE('',#16444,#2109);
#1026=LINE('',#16448,#2110);
#1027=LINE('',#16449,#2111);
#1028=LINE('',#16452,#2112);
#1029=LINE('',#16453,#2113);
#1030=LINE('',#16456,#2114);
#1031=LINE('',#16457,#2115);
#1032=LINE('',#16460,#2116);
#1033=LINE('',#16461,#2117);
#1034=LINE('',#16464,#2118);
#1035=LINE('',#16468,#2119);
#1036=LINE('',#16469,#2120);
#1037=LINE('',#16472,#2121);
#1038=LINE('',#16476,#2122);
#1039=LINE('',#16477,#2123);
#1040=LINE('',#16480,#2124);
#1041=LINE('',#16481,#2125);
#1042=LINE('',#16484,#2126);
#1043=LINE('',#16485,#2127);
#1044=LINE('',#16488,#2128);
#1045=LINE('',#16489,#2129);
#1046=LINE('',#16492,#2130);
#1047=LINE('',#16493,#2131);
#1048=LINE('',#16496,#2132);
#1049=LINE('',#16497,#2133);
#1050=LINE('',#16500,#2134);
#1051=LINE('',#16502,#2135);
#1052=LINE('',#16503,#2136);
#1053=LINE('',#16506,#2137);
#1054=LINE('',#16510,#2138);
#1055=LINE('',#16511,#2139);
#1056=LINE('',#16517,#2140);
#1057=LINE('',#16519,#2141);
#1058=LINE('',#16521,#2142);
#1059=LINE('',#16523,#2143);
#1060=LINE('',#16527,#2144);
#1061=LINE('',#16531,#2145);
#1062=LINE('',#16535,#2146);
#1063=LINE('',#16539,#2147);
#1064=LINE('',#16543,#2148);
#1065=LINE('',#16545,#2149);
#1066=LINE('',#16547,#2150);
#1067=LINE('',#16549,#2151);
#1068=LINE('',#16553,#2152);
#1069=LINE('',#16557,#2153);
#1070=LINE('',#16561,#2154);
#1071=LINE('',#16565,#2155);
#1072=LINE('',#16569,#2156);
#1073=LINE('',#16573,#2157);
#1074=LINE('',#16577,#2158);
#1075=LINE('',#16581,#2159);
#1076=LINE('',#16585,#2160);
#1077=LINE('',#16587,#2161);
#1078=LINE('',#16589,#2162);
#1079=LINE('',#16593,#2163);
#1080=LINE('',#16597,#2164);
#1081=LINE('',#16601,#2165);
#1082=LINE('',#16605,#2166);
#1083=LINE('',#16609,#2167);
#1084=LINE('',#16613,#2168);
#1085=LINE('',#16617,#2169);
#1086=LINE('',#16621,#2170);
#1087=LINE('',#16623,#2171);
#1088=LINE('',#16625,#2172);
#1089=LINE('',#16629,#2173);
#1090=LINE('',#16633,#2174);
#1091=LINE('',#16637,#2175);
#1092=LINE('',#16641,#2176);
#1093=LINE('',#16645,#2177);
#1094=LINE('',#16649,#2178);
#1095=LINE('',#16653,#2179);
#1096=LINE('',#16655,#2180);
#1097=LINE('',#16657,#2181);
#1098=LINE('',#16659,#2182);
#1099=LINE('',#16663,#2183);
#1100=LINE('',#16665,#2184);
#1101=LINE('',#16667,#2185);
#1102=LINE('',#16669,#2186);
#1103=LINE('',#16671,#2187);
#1104=LINE('',#16673,#2188);
#1105=LINE('',#16675,#2189);
#1106=LINE('',#16677,#2190);
#1107=LINE('',#16679,#2191);
#1108=LINE('',#16681,#2192);
#1109=LINE('',#16683,#2193);
#1110=LINE('',#16687,#2194);
#1111=LINE('',#16691,#2195);
#1112=LINE('',#16695,#2196);
#1113=LINE('',#16699,#2197);
#1114=LINE('',#16703,#2198);
#1115=LINE('',#16707,#2199);
#1116=LINE('',#16711,#2200);
#1117=LINE('',#16713,#2201);
#1118=LINE('',#16717,#2202);
#1119=LINE('',#16721,#2203);
#1120=LINE('',#16725,#2204);
#1121=LINE('',#16729,#2205);
#1122=LINE('',#16733,#2206);
#1123=LINE('',#16737,#2207);
#1124=LINE('',#16741,#2208);
#1125=LINE('',#16743,#2209);
#1126=LINE('',#16745,#2210);
#1127=LINE('',#16747,#2211);
#1128=LINE('',#16751,#2212);
#1129=LINE('',#16755,#2213);
#1130=LINE('',#16759,#2214);
#1131=LINE('',#16763,#2215);
#1132=LINE('',#16767,#2216);
#1133=LINE('',#16769,#2217);
#1134=LINE('',#16771,#2218);
#1135=LINE('',#16773,#2219);
#1136=LINE('',#16776,#2220);
#1137=LINE('',#16778,#2221);
#1138=LINE('',#16782,#2222);
#1139=LINE('',#16786,#2223);
#1140=LINE('',#16790,#2224);
#1141=LINE('',#16794,#2225);
#1142=LINE('',#16798,#2226);
#1143=LINE('',#16802,#2227);
#1144=LINE('',#16806,#2228);
#1145=LINE('',#16808,#2229);
#1146=LINE('',#16810,#2230);
#1147=LINE('',#16812,#2231);
#1148=LINE('',#16816,#2232);
#1149=LINE('',#16820,#2233);
#1150=LINE('',#16824,#2234);
#1151=LINE('',#16828,#2235);
#1152=LINE('',#16832,#2236);
#1153=LINE('',#16836,#2237);
#1154=LINE('',#16840,#2238);
#1155=LINE('',#16842,#2239);
#1156=LINE('',#16846,#2240);
#1157=LINE('',#16850,#2241);
#1158=LINE('',#16854,#2242);
#1159=LINE('',#16858,#2243);
#1160=LINE('',#16862,#2244);
#1161=LINE('',#16866,#2245);
#1162=LINE('',#16870,#2246);
#1163=LINE('',#16872,#2247);
#1164=LINE('',#16874,#2248);
#1165=LINE('',#16876,#2249);
#1166=LINE('',#16878,#2250);
#1167=LINE('',#16880,#2251);
#1168=LINE('',#16882,#2252);
#1169=LINE('',#16884,#2253);
#1170=LINE('',#16886,#2254);
#1171=LINE('',#16888,#2255);
#1172=LINE('',#16890,#2256);
#1173=LINE('',#16894,#2257);
#1174=LINE('',#16896,#2258);
#1175=LINE('',#16898,#2259);
#1176=LINE('',#16902,#2260);
#1177=LINE('',#16906,#2261);
#1178=LINE('',#16910,#2262);
#1179=LINE('',#16912,#2263);
#1180=LINE('',#16914,#2264);
#1181=LINE('',#16916,#2265);
#1182=LINE('',#16918,#2266);
#1183=LINE('',#16922,#2267);
#1184=LINE('',#16926,#2268);
#1185=LINE('',#16930,#2269);
#1186=LINE('',#16931,#2270);
#1187=LINE('',#16934,#2271);
#1188=LINE('',#16935,#2272);
#1189=LINE('',#16938,#2273);
#1190=LINE('',#16939,#2274);
#1191=LINE('',#16942,#2275);
#1192=LINE('',#16943,#2276);
#1193=LINE('',#16946,#2277);
#1194=LINE('',#16950,#2278);
#1195=LINE('',#16951,#2279);
#1196=LINE('',#16954,#2280);
#1197=LINE('',#16958,#2281);
#1198=LINE('',#16959,#2282);
#1199=LINE('',#16962,#2283);
#1200=LINE('',#16966,#2284);
#1201=LINE('',#16967,#2285);
#1202=LINE('',#16970,#2286);
#1203=LINE('',#16974,#2287);
#1204=LINE('',#16975,#2288);
#1205=LINE('',#16978,#2289);
#1206=LINE('',#16982,#2290);
#1207=LINE('',#16983,#2291);
#1208=LINE('',#16986,#2292);
#1209=LINE('',#16987,#2293);
#1210=LINE('',#16990,#2294);
#1211=LINE('',#16991,#2295);
#1212=LINE('',#16994,#2296);
#1213=LINE('',#16995,#2297);
#1214=LINE('',#16998,#2298);
#1215=LINE('',#17002,#2299);
#1216=LINE('',#17003,#2300);
#1217=LINE('',#17006,#2301);
#1218=LINE('',#17010,#2302);
#1219=LINE('',#17011,#2303);
#1220=LINE('',#17014,#2304);
#1221=LINE('',#17018,#2305);
#1222=LINE('',#17019,#2306);
#1223=LINE('',#17022,#2307);
#1224=LINE('',#17026,#2308);
#1225=LINE('',#17027,#2309);
#1226=LINE('',#17030,#2310);
#1227=LINE('',#17034,#2311);
#1228=LINE('',#17035,#2312);
#1229=LINE('',#17038,#2313);
#1230=LINE('',#17042,#2314);
#1231=LINE('',#17043,#2315);
#1232=LINE('',#17046,#2316);
#1233=LINE('',#17050,#2317);
#1234=LINE('',#17051,#2318);
#1235=LINE('',#17054,#2319);
#1236=LINE('',#17058,#2320);
#1237=LINE('',#17059,#2321);
#1238=LINE('',#17062,#2322);
#1239=LINE('',#17066,#2323);
#1240=LINE('',#17067,#2324);
#1241=LINE('',#17070,#2325);
#1242=LINE('',#17071,#2326);
#1243=LINE('',#17074,#2327);
#1244=LINE('',#17075,#2328);
#1245=LINE('',#17078,#2329);
#1246=LINE('',#17082,#2330);
#1247=LINE('',#17083,#2331);
#1248=LINE('',#17086,#2332);
#1249=LINE('',#17090,#2333);
#1250=LINE('',#17091,#2334);
#1251=LINE('',#17094,#2335);
#1252=LINE('',#17098,#2336);
#1253=LINE('',#17099,#2337);
#1254=LINE('',#17102,#2338);
#1255=LINE('',#17106,#2339);
#1256=LINE('',#17107,#2340);
#1257=LINE('',#17110,#2341);
#1258=LINE('',#17114,#2342);
#1259=LINE('',#17115,#2343);
#1260=LINE('',#17118,#2344);
#1261=LINE('',#17122,#2345);
#1262=LINE('',#17123,#2346);
#1263=LINE('',#17126,#2347);
#1264=LINE('',#17130,#2348);
#1265=LINE('',#17131,#2349);
#1266=LINE('',#17134,#2350);
#1267=LINE('',#17138,#2351);
#1268=LINE('',#17139,#2352);
#1269=LINE('',#17142,#2353);
#1270=LINE('',#17143,#2354);
#1271=LINE('',#17146,#2355);
#1272=LINE('',#17147,#2356);
#1273=LINE('',#17150,#2357);
#1274=LINE('',#17154,#2358);
#1275=LINE('',#17155,#2359);
#1276=LINE('',#17158,#2360);
#1277=LINE('',#17162,#2361);
#1278=LINE('',#17163,#2362);
#1279=LINE('',#17166,#2363);
#1280=LINE('',#17170,#2364);
#1281=LINE('',#17171,#2365);
#1282=LINE('',#17174,#2366);
#1283=LINE('',#17189,#2367);
#1284=LINE('',#17190,#2368);
#1285=LINE('',#17200,#2369);
#1286=LINE('',#17214,#2370);
#1287=LINE('',#17215,#2371);
#1288=LINE('',#17218,#2372);
#1289=LINE('',#17219,#2373);
#1290=LINE('',#17222,#2374);
#1291=LINE('',#17223,#2375);
#1292=LINE('',#17226,#2376);
#1293=LINE('',#17232,#2377);
#1294=LINE('',#17233,#2378);
#1295=LINE('',#17243,#2379);
#1296=LINE('',#17244,#2380);
#1297=LINE('',#17247,#2381);
#1298=LINE('',#17248,#2382);
#1299=LINE('',#17250,#2383);
#1300=LINE('',#17257,#2384);
#1301=LINE('',#17258,#2385);
#1302=LINE('',#17272,#2386);
#1303=LINE('',#17273,#2387);
#1304=LINE('',#17276,#2388);
#1305=LINE('',#17277,#2389);
#1306=LINE('',#17280,#2390);
#1307=LINE('',#17281,#2391);
#1308=LINE('',#17284,#2392);
#1309=LINE('',#17285,#2393);
#1310=LINE('',#17288,#2394);
#1311=LINE('',#17289,#2395);
#1312=LINE('',#17292,#2396);
#1313=LINE('',#17293,#2397);
#1314=LINE('',#17296,#2398);
#1315=LINE('',#17297,#2399);
#1316=LINE('',#17300,#2400);
#1317=LINE('',#17301,#2401);
#1318=LINE('',#17311,#2402);
#1319=LINE('',#17325,#2403);
#1320=LINE('',#17339,#2404);
#1321=LINE('',#17345,#2405);
#1322=LINE('',#17346,#2406);
#1323=LINE('',#17356,#2407);
#1324=LINE('',#17369,#2408);
#1325=LINE('',#17387,#2409);
#1326=LINE('',#17396,#2410);
#1327=LINE('',#17404,#2411);
#1328=LINE('',#17407,#2412);
#1329=LINE('',#17408,#2413);
#1330=LINE('',#17411,#2414);
#1331=LINE('',#17425,#2415);
#1332=LINE('',#17432,#2416);
#1333=LINE('',#17440,#2417);
#1334=LINE('',#17447,#2418);
#1335=LINE('',#17455,#2419);
#1336=LINE('',#17458,#2420);
#1337=LINE('',#17472,#2421);
#1338=LINE('',#17485,#2422);
#1339=LINE('',#17486,#2423);
#1340=LINE('',#17489,#2424);
#1341=LINE('',#17508,#2425);
#1342=LINE('',#17511,#2426);
#1343=LINE('',#17512,#2427);
#1344=LINE('',#17515,#2428);
#1345=LINE('',#17516,#2429);
#1346=LINE('',#17519,#2430);
#1347=LINE('',#17520,#2431);
#1348=LINE('',#17522,#2432);
#1349=LINE('',#17529,#2433);
#1350=LINE('',#17536,#2434);
#1351=LINE('',#17547,#2435);
#1352=LINE('',#17548,#2436);
#1353=LINE('',#17555,#2437);
#1354=LINE('',#17558,#2438);
#1355=LINE('',#17559,#2439);
#1356=LINE('',#17561,#2440);
#1357=LINE('',#17562,#2441);
#1358=LINE('',#17580,#2442);
#1359=LINE('',#17582,#2443);
#1360=LINE('',#17606,#2444);
#1361=LINE('',#17614,#2445);
#1362=LINE('',#17632,#2446);
#1363=LINE('',#17661,#2447);
#1364=LINE('',#17669,#2448);
#1365=LINE('',#17692,#2449);
#1366=LINE('',#17732,#2450);
#1367=LINE('',#17740,#2451);
#1368=LINE('',#17804,#2452);
#1369=LINE('',#17853,#2453);
#1370=LINE('',#17855,#2454);
#1371=LINE('',#17857,#2455);
#1372=LINE('',#17859,#2456);
#1373=LINE('',#17861,#2457);
#1374=LINE('',#17863,#2458);
#1375=LINE('',#17865,#2459);
#1376=LINE('',#17867,#2460);
#1377=LINE('',#17869,#2461);
#1378=LINE('',#17871,#2462);
#1379=LINE('',#17873,#2463);
#1380=LINE('',#17875,#2464);
#1381=LINE('',#17877,#2465);
#1382=LINE('',#17879,#2466);
#1383=LINE('',#17881,#2467);
#1384=LINE('',#17883,#2468);
#1385=LINE('',#17885,#2469);
#1386=LINE('',#17887,#2470);
#1387=LINE('',#17889,#2471);
#1388=LINE('',#17891,#2472);
#1389=LINE('',#17893,#2473);
#1390=LINE('',#17895,#2474);
#1391=LINE('',#17897,#2475);
#1392=LINE('',#17899,#2476);
#1393=LINE('',#17901,#2477);
#1394=LINE('',#17903,#2478);
#1395=LINE('',#17905,#2479);
#1396=LINE('',#17907,#2480);
#1397=LINE('',#17909,#2481);
#1398=LINE('',#17911,#2482);
#1399=LINE('',#17913,#2483);
#1400=LINE('',#17915,#2484);
#1401=LINE('',#17917,#2485);
#1402=LINE('',#17919,#2486);
#1403=LINE('',#17921,#2487);
#1404=LINE('',#17923,#2488);
#1405=LINE('',#17925,#2489);
#1406=LINE('',#17927,#2490);
#1407=LINE('',#17929,#2491);
#1408=LINE('',#17931,#2492);
#1409=LINE('',#17933,#2493);
#1410=LINE('',#17935,#2494);
#1411=LINE('',#17937,#2495);
#1412=LINE('',#17939,#2496);
#1413=LINE('',#17941,#2497);
#1414=LINE('',#17943,#2498);
#1415=LINE('',#17945,#2499);
#1416=LINE('',#17947,#2500);
#1417=LINE('',#17949,#2501);
#1418=LINE('',#17951,#2502);
#1419=LINE('',#17953,#2503);
#1420=LINE('',#17955,#2504);
#1421=LINE('',#17957,#2505);
#1422=LINE('',#17959,#2506);
#1423=LINE('',#17961,#2507);
#1424=LINE('',#17963,#2508);
#1425=LINE('',#17965,#2509);
#1426=LINE('',#17967,#2510);
#1427=LINE('',#17969,#2511);
#1428=LINE('',#17971,#2512);
#1429=LINE('',#17973,#2513);
#1430=LINE('',#17975,#2514);
#1431=LINE('',#17977,#2515);
#1432=LINE('',#17979,#2516);
#1433=LINE('',#17981,#2517);
#1434=LINE('',#17983,#2518);
#1435=LINE('',#17985,#2519);
#1436=LINE('',#17987,#2520);
#1437=LINE('',#17989,#2521);
#1438=LINE('',#17991,#2522);
#1439=LINE('',#17993,#2523);
#1440=LINE('',#17995,#2524);
#1441=LINE('',#17997,#2525);
#1442=LINE('',#17999,#2526);
#1443=LINE('',#18002,#2527);
#1444=LINE('',#18005,#2528);
#1445=LINE('',#18007,#2529);
#1446=LINE('',#18009,#2530);
#1447=LINE('',#18012,#2531);
#1448=LINE('',#18014,#2532);
#1449=LINE('',#18016,#2533);
#1450=LINE('',#18018,#2534);
#1451=LINE('',#18020,#2535);
#1452=LINE('',#18022,#2536);
#1453=LINE('',#18024,#2537);
#1454=LINE('',#18026,#2538);
#1455=LINE('',#18028,#2539);
#1456=LINE('',#18030,#2540);
#1457=LINE('',#18032,#2541);
#1458=LINE('',#18034,#2542);
#1459=LINE('',#18036,#2543);
#1460=LINE('',#18038,#2544);
#1461=LINE('',#18040,#2545);
#1462=LINE('',#18042,#2546);
#1463=LINE('',#18044,#2547);
#1464=LINE('',#18046,#2548);
#1465=LINE('',#18048,#2549);
#1466=LINE('',#18050,#2550);
#1467=LINE('',#18052,#2551);
#1468=LINE('',#18054,#2552);
#1469=LINE('',#18056,#2553);
#1470=LINE('',#18058,#2554);
#1471=LINE('',#18060,#2555);
#1472=LINE('',#18062,#2556);
#1473=LINE('',#18064,#2557);
#1474=LINE('',#18066,#2558);
#1475=LINE('',#18068,#2559);
#1476=LINE('',#18070,#2560);
#1477=LINE('',#18072,#2561);
#1478=LINE('',#18074,#2562);
#1479=LINE('',#18076,#2563);
#1480=LINE('',#18078,#2564);
#1481=LINE('',#18080,#2565);
#1482=LINE('',#18082,#2566);
#1483=LINE('',#18084,#2567);
#1484=LINE('',#18086,#2568);
#1485=LINE('',#18088,#2569);
#1486=LINE('',#18090,#2570);
#1487=LINE('',#18092,#2571);
#1488=LINE('',#18094,#2572);
#1489=LINE('',#18096,#2573);
#1490=LINE('',#18098,#2574);
#1491=LINE('',#18100,#2575);
#1492=LINE('',#18102,#2576);
#1493=LINE('',#18104,#2577);
#1494=LINE('',#18106,#2578);
#1495=LINE('',#18108,#2579);
#1496=LINE('',#18110,#2580);
#1497=LINE('',#18112,#2581);
#1498=LINE('',#18114,#2582);
#1499=LINE('',#18116,#2583);
#1500=VECTOR('',#11666,2.);
#1501=VECTOR('',#11669,10.);
#1502=VECTOR('',#11672,1.25);
#1503=VECTOR('',#11687,4.);
#1504=VECTOR('',#11692,10.);
#1505=VECTOR('',#11695,10.);
#1506=VECTOR('',#11698,10.);
#1507=VECTOR('',#11701,10.);
#1508=VECTOR('',#11704,10.);
#1509=VECTOR('',#11709,10.);
#1510=VECTOR('',#11714,10.);
#1511=VECTOR('',#11717,10.);
#1512=VECTOR('',#11720,10.);
#1513=VECTOR('',#11721,10.);
#1514=VECTOR('',#11722,10.);
#1515=VECTOR('',#11725,10.);
#1516=VECTOR('',#11726,10.);
#1517=VECTOR('',#11727,10.);
#1518=VECTOR('',#11730,10.);
#1519=VECTOR('',#11735,10.);
#1520=VECTOR('',#11736,10.);
#1521=VECTOR('',#11743,10.);
#1522=VECTOR('',#11744,10.);
#1523=VECTOR('',#11745,10.);
#1524=VECTOR('',#11746,10.);
#1525=VECTOR('',#11753,10.);
#1526=VECTOR('',#11758,10.);
#1527=VECTOR('',#11763,10.);
#1528=VECTOR('',#11764,10.);
#1529=VECTOR('',#11765,10.);
#1530=VECTOR('',#11766,10.);
#1531=VECTOR('',#11767,10.);
#1532=VECTOR('',#11770,10.);
#1533=VECTOR('',#11771,10.);
#1534=VECTOR('',#11774,10.);
#1535=VECTOR('',#11777,10.);
#1536=VECTOR('',#11780,10.);
#1537=VECTOR('',#11781,10.);
#1538=VECTOR('',#11782,10.);
#1539=VECTOR('',#11785,10.);
#1540=VECTOR('',#11786,10.);
#1541=VECTOR('',#11787,10.);
#1542=VECTOR('',#11788,10.);
#1543=VECTOR('',#11789,10.);
#1544=VECTOR('',#11790,10.);
#1545=VECTOR('',#11791,10.);
#1546=VECTOR('',#11792,10.);
#1547=VECTOR('',#11793,10.);
#1548=VECTOR('',#11794,10.);
#1549=VECTOR('',#11795,10.);
#1550=VECTOR('',#11798,10.);
#1551=VECTOR('',#11801,10.);
#1552=VECTOR('',#11804,10.);
#1553=VECTOR('',#11807,10.);
#1554=VECTOR('',#11810,10.);
#1555=VECTOR('',#11813,10.);
#1556=VECTOR('',#11816,10.);
#1557=VECTOR('',#11819,10.);
#1558=VECTOR('',#11822,10.);
#1559=VECTOR('',#11825,10.);
#1560=VECTOR('',#11828,10.);
#1561=VECTOR('',#11831,10.);
#1562=VECTOR('',#11834,10.);
#1563=VECTOR('',#11837,10.);
#1564=VECTOR('',#11838,10.);
#1565=VECTOR('',#11839,10.);
#1566=VECTOR('',#11840,10.);
#1567=VECTOR('',#11841,10.);
#1568=VECTOR('',#11842,10.);
#1569=VECTOR('',#11843,10.);
#1570=VECTOR('',#11844,10.);
#1571=VECTOR('',#11845,10.);
#1572=VECTOR('',#11846,10.);
#1573=VECTOR('',#11847,10.);
#1574=VECTOR('',#11850,10.);
#1575=VECTOR('',#11851,10.);
#1576=VECTOR('',#11852,10.);
#1577=VECTOR('',#11853,10.);
#1578=VECTOR('',#11856,10.);
#1579=VECTOR('',#11859,10.);
#1580=VECTOR('',#11862,10.);
#1581=VECTOR('',#11865,10.);
#1582=VECTOR('',#11868,10.);
#1583=VECTOR('',#11871,10.);
#1584=VECTOR('',#11874,10.);
#1585=VECTOR('',#11875,10.);
#1586=VECTOR('',#11876,10.);
#1587=VECTOR('',#11879,10.);
#1588=VECTOR('',#11882,10.);
#1589=VECTOR('',#11885,10.);
#1590=VECTOR('',#11888,10.);
#1591=VECTOR('',#11891,10.);
#1592=VECTOR('',#11894,10.);
#1593=VECTOR('',#11897,10.);
#1594=VECTOR('',#11900,10.);
#1595=VECTOR('',#11901,10.);
#1596=VECTOR('',#11902,10.);
#1597=VECTOR('',#11905,10.);
#1598=VECTOR('',#11908,10.);
#1599=VECTOR('',#11911,10.);
#1600=VECTOR('',#11914,10.);
#1601=VECTOR('',#11917,10.);
#1602=VECTOR('',#11920,10.);
#1603=VECTOR('',#11923,10.);
#1604=VECTOR('',#11926,10.);
#1605=VECTOR('',#11929,10.);
#1606=VECTOR('',#11930,10.);
#1607=VECTOR('',#11931,10.);
#1608=VECTOR('',#11932,10.);
#1609=VECTOR('',#11935,10.);
#1610=VECTOR('',#11938,10.);
#1611=VECTOR('',#11941,10.);
#1612=VECTOR('',#11944,10.);
#1613=VECTOR('',#11947,10.);
#1614=VECTOR('',#11948,10.);
#1615=VECTOR('',#11949,10.);
#1616=VECTOR('',#11950,10.);
#1617=VECTOR('',#11953,10.);
#1618=VECTOR('',#11956,10.);
#1619=VECTOR('',#11957,10.);
#1620=VECTOR('',#11958,10.);
#1621=VECTOR('',#11959,10.);
#1622=VECTOR('',#11960,10.);
#1623=VECTOR('',#11961,10.);
#1624=VECTOR('',#11962,10.);
#1625=VECTOR('',#11965,10.);
#1626=VECTOR('',#11968,10.);
#1627=VECTOR('',#11971,10.);
#1628=VECTOR('',#11974,10.);
#1629=VECTOR('',#11977,10.);
#1630=VECTOR('',#11980,10.);
#1631=VECTOR('',#11983,10.);
#1632=VECTOR('',#11984,10.);
#1633=VECTOR('',#11985,10.);
#1634=VECTOR('',#11988,10.);
#1635=VECTOR('',#11991,10.);
#1636=VECTOR('',#11994,10.);
#1637=VECTOR('',#11997,10.);
#1638=VECTOR('',#12000,10.);
#1639=VECTOR('',#12003,10.);
#1640=VECTOR('',#12006,10.);
#1641=VECTOR('',#12007,10.);
#1642=VECTOR('',#12008,10.);
#1643=VECTOR('',#12009,10.);
#1644=VECTOR('',#12012,10.);
#1645=VECTOR('',#12015,10.);
#1646=VECTOR('',#12018,10.);
#1647=VECTOR('',#12021,10.);
#1648=VECTOR('',#12024,10.);
#1649=VECTOR('',#12027,10.);
#1650=VECTOR('',#12030,10.);
#1651=VECTOR('',#12031,10.);
#1652=VECTOR('',#12032,10.);
#1653=VECTOR('',#12033,10.);
#1654=VECTOR('',#12034,10.);
#1655=VECTOR('',#12037,10.);
#1656=VECTOR('',#12040,10.);
#1657=VECTOR('',#12041,10.);
#1658=VECTOR('',#12042,10.);
#1659=VECTOR('',#12043,10.);
#1660=VECTOR('',#12046,10.);
#1661=VECTOR('',#12049,10.);
#1662=VECTOR('',#12052,10.);
#1663=VECTOR('',#12055,10.);
#1664=VECTOR('',#12058,10.);
#1665=VECTOR('',#12059,10.);
#1666=VECTOR('',#12060,10.);
#1667=VECTOR('',#12061,10.);
#1668=VECTOR('',#12064,10.);
#1669=VECTOR('',#12067,10.);
#1670=VECTOR('',#12070,10.);
#1671=VECTOR('',#12073,10.);
#1672=VECTOR('',#12076,10.);
#1673=VECTOR('',#12079,10.);
#1674=VECTOR('',#12082,10.);
#1675=VECTOR('',#12085,10.);
#1676=VECTOR('',#12088,10.);
#1677=VECTOR('',#12089,10.);
#1678=VECTOR('',#12090,10.);
#1679=VECTOR('',#12093,10.);
#1680=VECTOR('',#12096,10.);
#1681=VECTOR('',#12099,10.);
#1682=VECTOR('',#12102,10.);
#1683=VECTOR('',#12105,10.);
#1684=VECTOR('',#12108,10.);
#1685=VECTOR('',#12111,10.);
#1686=VECTOR('',#12114,10.);
#1687=VECTOR('',#12115,10.);
#1688=VECTOR('',#12116,10.);
#1689=VECTOR('',#12119,10.);
#1690=VECTOR('',#12122,10.);
#1691=VECTOR('',#12125,10.);
#1692=VECTOR('',#12128,10.);
#1693=VECTOR('',#12131,10.);
#1694=VECTOR('',#12134,10.);
#1695=VECTOR('',#12139,10.);
#1696=VECTOR('',#12142,10.);
#1697=VECTOR('',#12145,10.);
#1698=VECTOR('',#12146,10.);
#1699=VECTOR('',#12149,10.);
#1700=VECTOR('',#12154,10.);
#1701=VECTOR('',#12155,10.);
#1702=VECTOR('',#12158,10.);
#1703=VECTOR('',#12163,10.);
#1704=VECTOR('',#12164,10.);
#1705=VECTOR('',#12167,10.);
#1706=VECTOR('',#12172,10.);
#1707=VECTOR('',#12173,10.);
#1708=VECTOR('',#12176,10.);
#1709=VECTOR('',#12181,10.);
#1710=VECTOR('',#12182,10.);
#1711=VECTOR('',#12185,10.);
#1712=VECTOR('',#12190,10.);
#1713=VECTOR('',#12191,10.);
#1714=VECTOR('',#12194,10.);
#1715=VECTOR('',#12195,10.);
#1716=VECTOR('',#12198,10.);
#1717=VECTOR('',#12199,10.);
#1718=VECTOR('',#12202,10.);
#1719=VECTOR('',#12207,10.);
#1720=VECTOR('',#12208,10.);
#1721=VECTOR('',#12211,10.);
#1722=VECTOR('',#12216,10.);
#1723=VECTOR('',#12217,10.);
#1724=VECTOR('',#12220,10.);
#1725=VECTOR('',#12225,10.);
#1726=VECTOR('',#12226,10.);
#1727=VECTOR('',#12229,10.);
#1728=VECTOR('',#12234,10.);
#1729=VECTOR('',#12235,10.);
#1730=VECTOR('',#12238,10.);
#1731=VECTOR('',#12243,10.);
#1732=VECTOR('',#12244,10.);
#1733=VECTOR('',#12247,10.);
#1734=VECTOR('',#12252,10.);
#1735=VECTOR('',#12253,10.);
#1736=VECTOR('',#12256,10.);
#1737=VECTOR('',#12261,10.);
#1738=VECTOR('',#12262,10.);
#1739=VECTOR('',#12265,10.);
#1740=VECTOR('',#12270,10.);
#1741=VECTOR('',#12271,10.);
#1742=VECTOR('',#12274,10.);
#1743=VECTOR('',#12279,10.);
#1744=VECTOR('',#12280,10.);
#1745=VECTOR('',#12283,10.);
#1746=VECTOR('',#12284,10.);
#1747=VECTOR('',#12287,10.);
#1748=VECTOR('',#12288,10.);
#1749=VECTOR('',#12291,10.);
#1750=VECTOR('',#12292,10.);
#1751=VECTOR('',#12295,10.);
#1752=VECTOR('',#12300,10.);
#1753=VECTOR('',#12301,10.);
#1754=VECTOR('',#12304,10.);
#1755=VECTOR('',#12309,10.);
#1756=VECTOR('',#12310,10.);
#1757=VECTOR('',#12313,10.);
#1758=VECTOR('',#12318,10.);
#1759=VECTOR('',#12319,10.);
#1760=VECTOR('',#12322,10.);
#1761=VECTOR('',#12327,10.);
#1762=VECTOR('',#12328,10.);
#1763=VECTOR('',#12331,10.);
#1764=VECTOR('',#12336,10.);
#1765=VECTOR('',#12337,10.);
#1766=VECTOR('',#12340,10.);
#1767=VECTOR('',#12341,10.);
#1768=VECTOR('',#12344,10.);
#1769=VECTOR('',#12345,10.);
#1770=VECTOR('',#12348,10.);
#1771=VECTOR('',#12349,10.);
#1772=VECTOR('',#12352,10.);
#1773=VECTOR('',#12357,10.);
#1774=VECTOR('',#12358,10.);
#1775=VECTOR('',#12361,10.);
#1776=VECTOR('',#12366,10.);
#1777=VECTOR('',#12367,10.);
#1778=VECTOR('',#12370,10.);
#1779=VECTOR('',#12371,10.);
#1780=VECTOR('',#12374,10.);
#1781=VECTOR('',#12375,10.);
#1782=VECTOR('',#12378,10.);
#1783=VECTOR('',#12379,10.);
#1784=VECTOR('',#12382,10.);
#1785=VECTOR('',#12383,10.);
#1786=VECTOR('',#12386,10.);
#1787=VECTOR('',#12391,10.);
#1788=VECTOR('',#12392,10.);
#1789=VECTOR('',#12395,10.);
#1790=VECTOR('',#12400,10.);
#1791=VECTOR('',#12401,10.);
#1792=VECTOR('',#12404,10.);
#1793=VECTOR('',#12409,10.);
#1794=VECTOR('',#12410,10.);
#1795=VECTOR('',#12413,10.);
#1796=VECTOR('',#12418,10.);
#1797=VECTOR('',#12419,10.);
#1798=VECTOR('',#12422,10.);
#1799=VECTOR('',#12427,10.);
#1800=VECTOR('',#12428,10.);
#1801=VECTOR('',#12431,10.);
#1802=VECTOR('',#12436,10.);
#1803=VECTOR('',#12437,10.);
#1804=VECTOR('',#12440,10.);
#1805=VECTOR('',#12445,10.);
#1806=VECTOR('',#12446,10.);
#1807=VECTOR('',#12449,10.);
#1808=VECTOR('',#12450,10.);
#1809=VECTOR('',#12453,10.);
#1810=VECTOR('',#12454,10.);
#1811=VECTOR('',#12457,10.);
#1812=VECTOR('',#12458,10.);
#1813=VECTOR('',#12461,10.);
#1814=VECTOR('',#12466,10.);
#1815=VECTOR('',#12467,10.);
#1816=VECTOR('',#12470,10.);
#1817=VECTOR('',#12475,10.);
#1818=VECTOR('',#12476,10.);
#1819=VECTOR('',#12479,10.);
#1820=VECTOR('',#12484,10.);
#1821=VECTOR('',#12485,10.);
#1822=VECTOR('',#12488,10.);
#1823=VECTOR('',#12493,10.);
#1824=VECTOR('',#12494,10.);
#1825=VECTOR('',#12497,10.);
#1826=VECTOR('',#12502,10.);
#1827=VECTOR('',#12503,10.);
#1828=VECTOR('',#12506,10.);
#1829=VECTOR('',#12511,10.);
#1830=VECTOR('',#12512,10.);
#1831=VECTOR('',#12515,10.);
#1832=VECTOR('',#12520,10.);
#1833=VECTOR('',#12523,10.);
#1834=VECTOR('',#12528,10.);
#1835=VECTOR('',#12529,10.);
#1836=VECTOR('',#12532,10.);
#1837=VECTOR('',#12537,10.);
#1838=VECTOR('',#12538,10.);
#1839=VECTOR('',#12541,10.);
#1840=VECTOR('',#12546,10.);
#1841=VECTOR('',#12547,10.);
#1842=VECTOR('',#12550,10.);
#1843=VECTOR('',#12555,10.);
#1844=VECTOR('',#12556,10.);
#1845=VECTOR('',#12559,10.);
#1846=VECTOR('',#12564,10.);
#1847=VECTOR('',#12565,10.);
#1848=VECTOR('',#12568,10.);
#1849=VECTOR('',#12573,10.);
#1850=VECTOR('',#12574,10.);
#1851=VECTOR('',#12577,10.);
#1852=VECTOR('',#12582,10.);
#1853=VECTOR('',#12583,10.);
#1854=VECTOR('',#12586,10.);
#1855=VECTOR('',#12587,10.);
#1856=VECTOR('',#12590,10.);
#1857=VECTOR('',#12591,10.);
#1858=VECTOR('',#12594,10.);
#1859=VECTOR('',#12595,10.);
#1860=VECTOR('',#12598,10.);
#1861=VECTOR('',#12599,10.);
#1862=VECTOR('',#12602,10.);
#1863=VECTOR('',#12603,10.);
#1864=VECTOR('',#12606,10.);
#1865=VECTOR('',#12607,10.);
#1866=VECTOR('',#12610,10.);
#1867=VECTOR('',#12611,10.);
#1868=VECTOR('',#12614,10.);
#1869=VECTOR('',#12615,10.);
#1870=VECTOR('',#12618,10.);
#1871=VECTOR('',#12619,10.);
#1872=VECTOR('',#12622,10.);
#1873=VECTOR('',#12623,10.);
#1874=VECTOR('',#12626,10.);
#1875=VECTOR('',#12631,10.);
#1876=VECTOR('',#12632,10.);
#1877=VECTOR('',#12635,10.);
#1878=VECTOR('',#12636,10.);
#1879=VECTOR('',#12639,10.);
#1880=VECTOR('',#12640,10.);
#1881=VECTOR('',#12643,10.);
#1882=VECTOR('',#12648,10.);
#1883=VECTOR('',#12649,10.);
#1884=VECTOR('',#12652,10.);
#1885=VECTOR('',#12657,10.);
#1886=VECTOR('',#12658,10.);
#1887=VECTOR('',#12661,10.);
#1888=VECTOR('',#12666,10.);
#1889=VECTOR('',#12667,10.);
#1890=VECTOR('',#12670,10.);
#1891=VECTOR('',#12671,10.);
#1892=VECTOR('',#12674,10.);
#1893=VECTOR('',#12679,10.);
#1894=VECTOR('',#12680,10.);
#1895=VECTOR('',#12683,10.);
#1896=VECTOR('',#12688,10.);
#1897=VECTOR('',#12689,10.);
#1898=VECTOR('',#12692,10.);
#1899=VECTOR('',#12697,10.);
#1900=VECTOR('',#12698,10.);
#1901=VECTOR('',#12701,10.);
#1902=VECTOR('',#12706,10.);
#1903=VECTOR('',#12707,10.);
#1904=VECTOR('',#12710,10.);
#1905=VECTOR('',#12715,10.);
#1906=VECTOR('',#12716,10.);
#1907=VECTOR('',#12719,10.);
#1908=VECTOR('',#12724,10.);
#1909=VECTOR('',#12725,10.);
#1910=VECTOR('',#12728,10.);
#1911=VECTOR('',#12733,10.);
#1912=VECTOR('',#12734,10.);
#1913=VECTOR('',#12737,10.);
#1914=VECTOR('',#12738,10.);
#1915=VECTOR('',#12741,10.);
#1916=VECTOR('',#12742,10.);
#1917=VECTOR('',#12745,10.);
#1918=VECTOR('',#12750,10.);
#1919=VECTOR('',#12751,10.);
#1920=VECTOR('',#12754,10.);
#1921=VECTOR('',#12759,10.);
#1922=VECTOR('',#12762,10.);
#1923=VECTOR('',#12763,10.);
#1924=VECTOR('',#12764,10.);
#1925=VECTOR('',#12765,10.);
#1926=VECTOR('',#12766,10.);
#1927=VECTOR('',#12767,10.);
#1928=VECTOR('',#12768,10.);
#1929=VECTOR('',#12771,10.);
#1930=VECTOR('',#12774,10.);
#1931=VECTOR('',#12775,10.);
#1932=VECTOR('',#12776,10.);
#1933=VECTOR('',#12777,10.);
#1934=VECTOR('',#12780,10.);
#1935=VECTOR('',#12783,10.);
#1936=VECTOR('',#12786,10.);
#1937=VECTOR('',#12789,10.);
#1938=VECTOR('',#12792,10.);
#1939=VECTOR('',#12793,10.);
#1940=VECTOR('',#12794,10.);
#1941=VECTOR('',#12795,10.);
#1942=VECTOR('',#12798,10.);
#1943=VECTOR('',#12801,10.);
#1944=VECTOR('',#12804,10.);
#1945=VECTOR('',#12807,10.);
#1946=VECTOR('',#12810,10.);
#1947=VECTOR('',#12813,10.);
#1948=VECTOR('',#12816,10.);
#1949=VECTOR('',#12819,10.);
#1950=VECTOR('',#12822,10.);
#1951=VECTOR('',#12823,10.);
#1952=VECTOR('',#12824,10.);
#1953=VECTOR('',#12827,10.);
#1954=VECTOR('',#12830,10.);
#1955=VECTOR('',#12833,10.);
#1956=VECTOR('',#12836,10.);
#1957=VECTOR('',#12839,10.);
#1958=VECTOR('',#12842,10.);
#1959=VECTOR('',#12845,10.);
#1960=VECTOR('',#12848,10.);
#1961=VECTOR('',#12849,10.);
#1962=VECTOR('',#12850,10.);
#1963=VECTOR('',#12853,10.);
#1964=VECTOR('',#12856,10.);
#1965=VECTOR('',#12859,10.);
#1966=VECTOR('',#12862,10.);
#1967=VECTOR('',#12865,10.);
#1968=VECTOR('',#12868,10.);
#1969=VECTOR('',#12871,10.);
#1970=VECTOR('',#12872,10.);
#1971=VECTOR('',#12873,10.);
#1972=VECTOR('',#12874,10.);
#1973=VECTOR('',#12875,10.);
#1974=VECTOR('',#12878,10.);
#1975=VECTOR('',#12881,10.);
#1976=VECTOR('',#12884,10.);
#1977=VECTOR('',#12885,10.);
#1978=VECTOR('',#12886,10.);
#1979=VECTOR('',#12889,10.);
#1980=VECTOR('',#12890,10.);
#1981=VECTOR('',#12891,10.);
#1982=VECTOR('',#12892,10.);
#1983=VECTOR('',#12893,10.);
#1984=VECTOR('',#12894,10.);
#1985=VECTOR('',#12895,10.);
#1986=VECTOR('',#12896,10.);
#1987=VECTOR('',#12897,10.);
#1988=VECTOR('',#12898,10.);
#1989=VECTOR('',#12899,10.);
#1990=VECTOR('',#12902,10.);
#1991=VECTOR('',#12905,10.);
#1992=VECTOR('',#12908,10.);
#1993=VECTOR('',#12911,10.);
#1994=VECTOR('',#12914,10.);
#1995=VECTOR('',#12917,10.);
#1996=VECTOR('',#12920,10.);
#1997=VECTOR('',#12921,10.);
#1998=VECTOR('',#12924,10.);
#1999=VECTOR('',#12927,10.);
#2000=VECTOR('',#12930,10.);
#2001=VECTOR('',#12933,10.);
#2002=VECTOR('',#12936,10.);
#2003=VECTOR('',#12939,10.);
#2004=VECTOR('',#12942,10.);
#2005=VECTOR('',#12943,10.);
#2006=VECTOR('',#12944,10.);
#2007=VECTOR('',#12945,10.);
#2008=VECTOR('',#12948,10.);
#2009=VECTOR('',#12951,10.);
#2010=VECTOR('',#12954,10.);
#2011=VECTOR('',#12957,10.);
#2012=VECTOR('',#12960,10.);
#2013=VECTOR('',#12963,10.);
#2014=VECTOR('',#12968,10.);
#2015=VECTOR('',#12969,10.);
#2016=VECTOR('',#12970,10.);
#2017=VECTOR('',#12973,10.);
#2018=VECTOR('',#12978,10.);
#2019=VECTOR('',#12979,10.);
#2020=VECTOR('',#12982,10.);
#2021=VECTOR('',#12987,10.);
#2022=VECTOR('',#12988,10.);
#2023=VECTOR('',#12991,10.);
#2024=VECTOR('',#12996,10.);
#2025=VECTOR('',#12997,10.);
#2026=VECTOR('',#13000,10.);
#2027=VECTOR('',#13005,10.);
#2028=VECTOR('',#13006,10.);
#2029=VECTOR('',#13009,10.);
#2030=VECTOR('',#13014,10.);
#2031=VECTOR('',#13015,10.);
#2032=VECTOR('',#13018,10.);
#2033=VECTOR('',#13019,10.);
#2034=VECTOR('',#13022,10.);
#2035=VECTOR('',#13023,10.);
#2036=VECTOR('',#13026,10.);
#2037=VECTOR('',#13031,10.);
#2038=VECTOR('',#13032,10.);
#2039=VECTOR('',#13035,10.);
#2040=VECTOR('',#13040,10.);
#2041=VECTOR('',#13041,10.);
#2042=VECTOR('',#13044,10.);
#2043=VECTOR('',#13049,10.);
#2044=VECTOR('',#13050,10.);
#2045=VECTOR('',#13053,10.);
#2046=VECTOR('',#13058,10.);
#2047=VECTOR('',#13059,10.);
#2048=VECTOR('',#13062,10.);
#2049=VECTOR('',#13067,10.);
#2050=VECTOR('',#13068,10.);
#2051=VECTOR('',#13071,10.);
#2052=VECTOR('',#13076,10.);
#2053=VECTOR('',#13077,10.);
#2054=VECTOR('',#13080,10.);
#2055=VECTOR('',#13085,10.);
#2056=VECTOR('',#13086,10.);
#2057=VECTOR('',#13089,10.);
#2058=VECTOR('',#13094,10.);
#2059=VECTOR('',#13095,10.);
#2060=VECTOR('',#13098,10.);
#2061=VECTOR('',#13099,10.);
#2062=VECTOR('',#13102,10.);
#2063=VECTOR('',#13103,10.);
#2064=VECTOR('',#13106,10.);
#2065=VECTOR('',#13111,10.);
#2066=VECTOR('',#13112,10.);
#2067=VECTOR('',#13115,10.);
#2068=VECTOR('',#13120,10.);
#2069=VECTOR('',#13121,10.);
#2070=VECTOR('',#13124,10.);
#2071=VECTOR('',#13129,10.);
#2072=VECTOR('',#13130,10.);
#2073=VECTOR('',#13133,10.);
#2074=VECTOR('',#13138,10.);
#2075=VECTOR('',#13139,10.);
#2076=VECTOR('',#13142,10.);
#2077=VECTOR('',#13147,10.);
#2078=VECTOR('',#13148,10.);
#2079=VECTOR('',#13151,10.);
#2080=VECTOR('',#13156,10.);
#2081=VECTOR('',#13157,10.);
#2082=VECTOR('',#13160,10.);
#2083=VECTOR('',#13165,10.);
#2084=VECTOR('',#13166,10.);
#2085=VECTOR('',#13169,10.);
#2086=VECTOR('',#13174,10.);
#2087=VECTOR('',#13175,10.);
#2088=VECTOR('',#13178,10.);
#2089=VECTOR('',#13183,10.);
#2090=VECTOR('',#13184,10.);
#2091=VECTOR('',#13187,10.);
#2092=VECTOR('',#13188,10.);
#2093=VECTOR('',#13191,10.);
#2094=VECTOR('',#13192,10.);
#2095=VECTOR('',#13195,10.);
#2096=VECTOR('',#13196,10.);
#2097=VECTOR('',#13199,10.);
#2098=VECTOR('',#13204,10.);
#2099=VECTOR('',#13205,10.);
#2100=VECTOR('',#13208,10.);
#2101=VECTOR('',#13213,10.);
#2102=VECTOR('',#13214,10.);
#2103=VECTOR('',#13217,10.);
#2104=VECTOR('',#13222,10.);
#2105=VECTOR('',#13223,10.);
#2106=VECTOR('',#13226,10.);
#2107=VECTOR('',#13231,10.);
#2108=VECTOR('',#13232,10.);
#2109=VECTOR('',#13235,10.);
#2110=VECTOR('',#13240,10.);
#2111=VECTOR('',#13241,10.);
#2112=VECTOR('',#13244,10.);
#2113=VECTOR('',#13245,10.);
#2114=VECTOR('',#13248,10.);
#2115=VECTOR('',#13249,10.);
#2116=VECTOR('',#13252,10.);
#2117=VECTOR('',#13253,10.);
#2118=VECTOR('',#13256,10.);
#2119=VECTOR('',#13261,10.);
#2120=VECTOR('',#13262,10.);
#2121=VECTOR('',#13265,10.);
#2122=VECTOR('',#13270,10.);
#2123=VECTOR('',#13271,10.);
#2124=VECTOR('',#13274,10.);
#2125=VECTOR('',#13275,10.);
#2126=VECTOR('',#13278,10.);
#2127=VECTOR('',#13279,10.);
#2128=VECTOR('',#13282,10.);
#2129=VECTOR('',#13283,10.);
#2130=VECTOR('',#13286,10.);
#2131=VECTOR('',#13287,10.);
#2132=VECTOR('',#13290,10.);
#2133=VECTOR('',#13291,10.);
#2134=VECTOR('',#13294,10.);
#2135=VECTOR('',#13295,10.);
#2136=VECTOR('',#13296,10.);
#2137=VECTOR('',#13299,10.);
#2138=VECTOR('',#13304,10.);
#2139=VECTOR('',#13305,10.);
#2140=VECTOR('',#13310,10.);
#2141=VECTOR('',#13311,10.);
#2142=VECTOR('',#13312,10.);
#2143=VECTOR('',#13313,10.);
#2144=VECTOR('',#13316,10.);
#2145=VECTOR('',#13319,10.);
#2146=VECTOR('',#13322,10.);
#2147=VECTOR('',#13325,10.);
#2148=VECTOR('',#13328,10.);
#2149=VECTOR('',#13329,10.);
#2150=VECTOR('',#13330,10.);
#2151=VECTOR('',#13331,10.);
#2152=VECTOR('',#13334,10.);
#2153=VECTOR('',#13337,10.);
#2154=VECTOR('',#13340,10.);
#2155=VECTOR('',#13343,10.);
#2156=VECTOR('',#13346,10.);
#2157=VECTOR('',#13349,10.);
#2158=VECTOR('',#13352,10.);
#2159=VECTOR('',#13355,10.);
#2160=VECTOR('',#13358,10.);
#2161=VECTOR('',#13359,10.);
#2162=VECTOR('',#13360,10.);
#2163=VECTOR('',#13363,10.);
#2164=VECTOR('',#13366,10.);
#2165=VECTOR('',#13369,10.);
#2166=VECTOR('',#13372,10.);
#2167=VECTOR('',#13375,10.);
#2168=VECTOR('',#13378,10.);
#2169=VECTOR('',#13381,10.);
#2170=VECTOR('',#13384,10.);
#2171=VECTOR('',#13385,10.);
#2172=VECTOR('',#13386,10.);
#2173=VECTOR('',#13389,10.);
#2174=VECTOR('',#13392,10.);
#2175=VECTOR('',#13395,10.);
#2176=VECTOR('',#13398,10.);
#2177=VECTOR('',#13401,10.);
#2178=VECTOR('',#13404,10.);
#2179=VECTOR('',#13407,10.);
#2180=VECTOR('',#13408,10.);
#2181=VECTOR('',#13409,10.);
#2182=VECTOR('',#13410,10.);
#2183=VECTOR('',#13413,10.);
#2184=VECTOR('',#13414,10.);
#2185=VECTOR('',#13415,10.);
#2186=VECTOR('',#13416,10.);
#2187=VECTOR('',#13417,10.);
#2188=VECTOR('',#13418,10.);
#2189=VECTOR('',#13419,10.);
#2190=VECTOR('',#13420,10.);
#2191=VECTOR('',#13421,10.);
#2192=VECTOR('',#13422,10.);
#2193=VECTOR('',#13423,10.);
#2194=VECTOR('',#13426,10.);
#2195=VECTOR('',#13429,10.);
#2196=VECTOR('',#13432,10.);
#2197=VECTOR('',#13435,10.);
#2198=VECTOR('',#13438,10.);
#2199=VECTOR('',#13441,10.);
#2200=VECTOR('',#13444,10.);
#2201=VECTOR('',#13445,10.);
#2202=VECTOR('',#13448,10.);
#2203=VECTOR('',#13451,10.);
#2204=VECTOR('',#13454,10.);
#2205=VECTOR('',#13457,10.);
#2206=VECTOR('',#13460,10.);
#2207=VECTOR('',#13463,10.);
#2208=VECTOR('',#13466,10.);
#2209=VECTOR('',#13467,10.);
#2210=VECTOR('',#13468,10.);
#2211=VECTOR('',#13469,10.);
#2212=VECTOR('',#13472,10.);
#2213=VECTOR('',#13475,10.);
#2214=VECTOR('',#13478,10.);
#2215=VECTOR('',#13481,10.);
#2216=VECTOR('',#13484,10.);
#2217=VECTOR('',#13485,10.);
#2218=VECTOR('',#13486,10.);
#2219=VECTOR('',#13487,10.);
#2220=VECTOR('',#13490,10.);
#2221=VECTOR('',#13491,10.);
#2222=VECTOR('',#13494,10.);
#2223=VECTOR('',#13497,10.);
#2224=VECTOR('',#13500,10.);
#2225=VECTOR('',#13503,10.);
#2226=VECTOR('',#13506,10.);
#2227=VECTOR('',#13509,10.);
#2228=VECTOR('',#13512,10.);
#2229=VECTOR('',#13513,10.);
#2230=VECTOR('',#13514,10.);
#2231=VECTOR('',#13515,10.);
#2232=VECTOR('',#13518,10.);
#2233=VECTOR('',#13521,10.);
#2234=VECTOR('',#13524,10.);
#2235=VECTOR('',#13527,10.);
#2236=VECTOR('',#13530,10.);
#2237=VECTOR('',#13533,10.);
#2238=VECTOR('',#13536,10.);
#2239=VECTOR('',#13537,10.);
#2240=VECTOR('',#13540,10.);
#2241=VECTOR('',#13543,10.);
#2242=VECTOR('',#13546,10.);
#2243=VECTOR('',#13549,10.);
#2244=VECTOR('',#13552,10.);
#2245=VECTOR('',#13555,10.);
#2246=VECTOR('',#13558,10.);
#2247=VECTOR('',#13559,10.);
#2248=VECTOR('',#13560,10.);
#2249=VECTOR('',#13561,10.);
#2250=VECTOR('',#13562,10.);
#2251=VECTOR('',#13563,10.);
#2252=VECTOR('',#13564,10.);
#2253=VECTOR('',#13565,10.);
#2254=VECTOR('',#13566,10.);
#2255=VECTOR('',#13567,10.);
#2256=VECTOR('',#13568,10.);
#2257=VECTOR('',#13571,10.);
#2258=VECTOR('',#13572,10.);
#2259=VECTOR('',#13573,10.);
#2260=VECTOR('',#13576,10.);
#2261=VECTOR('',#13579,10.);
#2262=VECTOR('',#13582,10.);
#2263=VECTOR('',#13583,10.);
#2264=VECTOR('',#13584,10.);
#2265=VECTOR('',#13585,10.);
#2266=VECTOR('',#13586,10.);
#2267=VECTOR('',#13589,10.);
#2268=VECTOR('',#13594,10.);
#2269=VECTOR('',#13599,10.);
#2270=VECTOR('',#13600,10.);
#2271=VECTOR('',#13603,10.);
#2272=VECTOR('',#13604,10.);
#2273=VECTOR('',#13607,10.);
#2274=VECTOR('',#13608,10.);
#2275=VECTOR('',#13611,10.);
#2276=VECTOR('',#13612,10.);
#2277=VECTOR('',#13615,10.);
#2278=VECTOR('',#13620,10.);
#2279=VECTOR('',#13621,10.);
#2280=VECTOR('',#13624,10.);
#2281=VECTOR('',#13629,10.);
#2282=VECTOR('',#13630,10.);
#2283=VECTOR('',#13633,10.);
#2284=VECTOR('',#13638,10.);
#2285=VECTOR('',#13639,10.);
#2286=VECTOR('',#13642,10.);
#2287=VECTOR('',#13647,10.);
#2288=VECTOR('',#13648,10.);
#2289=VECTOR('',#13651,10.);
#2290=VECTOR('',#13656,10.);
#2291=VECTOR('',#13657,10.);
#2292=VECTOR('',#13660,10.);
#2293=VECTOR('',#13661,10.);
#2294=VECTOR('',#13664,10.);
#2295=VECTOR('',#13665,10.);
#2296=VECTOR('',#13668,10.);
#2297=VECTOR('',#13669,10.);
#2298=VECTOR('',#13672,10.);
#2299=VECTOR('',#13677,10.);
#2300=VECTOR('',#13678,10.);
#2301=VECTOR('',#13681,10.);
#2302=VECTOR('',#13686,10.);
#2303=VECTOR('',#13687,10.);
#2304=VECTOR('',#13690,10.);
#2305=VECTOR('',#13695,10.);
#2306=VECTOR('',#13696,10.);
#2307=VECTOR('',#13699,10.);
#2308=VECTOR('',#13704,10.);
#2309=VECTOR('',#13705,10.);
#2310=VECTOR('',#13708,10.);
#2311=VECTOR('',#13713,10.);
#2312=VECTOR('',#13714,10.);
#2313=VECTOR('',#13717,10.);
#2314=VECTOR('',#13722,10.);
#2315=VECTOR('',#13723,10.);
#2316=VECTOR('',#13726,10.);
#2317=VECTOR('',#13731,10.);
#2318=VECTOR('',#13732,10.);
#2319=VECTOR('',#13735,10.);
#2320=VECTOR('',#13740,10.);
#2321=VECTOR('',#13741,10.);
#2322=VECTOR('',#13744,10.);
#2323=VECTOR('',#13749,10.);
#2324=VECTOR('',#13750,10.);
#2325=VECTOR('',#13753,10.);
#2326=VECTOR('',#13754,10.);
#2327=VECTOR('',#13757,10.);
#2328=VECTOR('',#13758,10.);
#2329=VECTOR('',#13761,10.);
#2330=VECTOR('',#13766,10.);
#2331=VECTOR('',#13767,10.);
#2332=VECTOR('',#13770,10.);
#2333=VECTOR('',#13775,10.);
#2334=VECTOR('',#13776,10.);
#2335=VECTOR('',#13779,10.);
#2336=VECTOR('',#13784,10.);
#2337=VECTOR('',#13785,10.);
#2338=VECTOR('',#13788,10.);
#2339=VECTOR('',#13793,10.);
#2340=VECTOR('',#13794,10.);
#2341=VECTOR('',#13797,10.);
#2342=VECTOR('',#13802,10.);
#2343=VECTOR('',#13803,10.);
#2344=VECTOR('',#13806,10.);
#2345=VECTOR('',#13811,10.);
#2346=VECTOR('',#13812,10.);
#2347=VECTOR('',#13815,10.);
#2348=VECTOR('',#13820,10.);
#2349=VECTOR('',#13821,10.);
#2350=VECTOR('',#13824,10.);
#2351=VECTOR('',#13829,10.);
#2352=VECTOR('',#13830,10.);
#2353=VECTOR('',#13833,10.);
#2354=VECTOR('',#13834,10.);
#2355=VECTOR('',#13837,10.);
#2356=VECTOR('',#13838,10.);
#2357=VECTOR('',#13841,10.);
#2358=VECTOR('',#13846,10.);
#2359=VECTOR('',#13847,10.);
#2360=VECTOR('',#13850,10.);
#2361=VECTOR('',#13855,10.);
#2362=VECTOR('',#13856,10.);
#2363=VECTOR('',#13859,10.);
#2364=VECTOR('',#13864,10.);
#2365=VECTOR('',#13865,10.);
#2366=VECTOR('',#13868,10.);
#2367=VECTOR('',#13873,10.);
#2368=VECTOR('',#13874,10.);
#2369=VECTOR('',#13881,10.);
#2370=VECTOR('',#13888,10.);
#2371=VECTOR('',#13889,10.);
#2372=VECTOR('',#13892,10.);
#2373=VECTOR('',#13893,10.);
#2374=VECTOR('',#13896,10.);
#2375=VECTOR('',#13897,10.);
#2376=VECTOR('',#13900,10.);
#2377=VECTOR('',#13903,10.);
#2378=VECTOR('',#13904,10.);
#2379=VECTOR('',#13911,10.);
#2380=VECTOR('',#13912,10.);
#2381=VECTOR('',#13915,10.);
#2382=VECTOR('',#13916,10.);
#2383=VECTOR('',#13919,10.);
#2384=VECTOR('',#13922,10.);
#2385=VECTOR('',#13923,10.);
#2386=VECTOR('',#13928,10.);
#2387=VECTOR('',#13929,10.);
#2388=VECTOR('',#13932,10.);
#2389=VECTOR('',#13933,10.);
#2390=VECTOR('',#13936,10.);
#2391=VECTOR('',#13937,10.);
#2392=VECTOR('',#13940,10.);
#2393=VECTOR('',#13941,10.);
#2394=VECTOR('',#13944,10.);
#2395=VECTOR('',#13945,10.);
#2396=VECTOR('',#13948,10.);
#2397=VECTOR('',#13949,10.);
#2398=VECTOR('',#13952,10.);
#2399=VECTOR('',#13953,10.);
#2400=VECTOR('',#13956,10.);
#2401=VECTOR('',#13957,10.);
#2402=VECTOR('',#13964,10.);
#2403=VECTOR('',#13971,10.);
#2404=VECTOR('',#13978,10.);
#2405=VECTOR('',#13981,10.);
#2406=VECTOR('',#13982,10.);
#2407=VECTOR('',#13989,10.);
#2408=VECTOR('',#13996,10.);
#2409=VECTOR('',#14001,10.);
#2410=VECTOR('',#14006,10.);
#2411=VECTOR('',#14011,10.);
#2412=VECTOR('',#14014,10.);
#2413=VECTOR('',#14015,10.);
#2414=VECTOR('',#14018,10.);
#2415=VECTOR('',#14025,10.);
#2416=VECTOR('',#14028,10.);
#2417=VECTOR('',#14033,10.);
#2418=VECTOR('',#14036,10.);
#2419=VECTOR('',#14041,10.);
#2420=VECTOR('',#14044,10.);
#2421=VECTOR('',#14051,10.);
#2422=VECTOR('',#14058,10.);
#2423=VECTOR('',#14059,10.);
#2424=VECTOR('',#14062,10.);
#2425=VECTOR('',#14069,10.);
#2426=VECTOR('',#14072,10.);
#2427=VECTOR('',#14073,10.);
#2428=VECTOR('',#14076,10.);
#2429=VECTOR('',#14077,10.);
#2430=VECTOR('',#14080,10.);
#2431=VECTOR('',#14081,10.);
#2432=VECTOR('',#14084,10.);
#2433=VECTOR('',#14087,10.);
#2434=VECTOR('',#14092,10.);
#2435=VECTOR('',#14097,10.);
#2436=VECTOR('',#14098,10.);
#2437=VECTOR('',#14103,10.);
#2438=VECTOR('',#14106,10.);
#2439=VECTOR('',#14107,10.);
#2440=VECTOR('',#14110,10.);
#2441=VECTOR('',#14111,10.);
#2442=VECTOR('',#14122,10.);
#2443=VECTOR('',#14125,10.);
#2444=VECTOR('',#14134,10.);
#2445=VECTOR('',#14139,10.);
#2446=VECTOR('',#14146,10.);
#2447=VECTOR('',#14163,10.);
#2448=VECTOR('',#14170,10.);
#2449=VECTOR('',#14177,10.);
#2450=VECTOR('',#14200,10.);
#2451=VECTOR('',#14207,10.);
#2452=VECTOR('',#14238,10.);
#2453=VECTOR('',#14261,10.);
#2454=VECTOR('',#14264,10.);
#2455=VECTOR('',#14267,10.);
#2456=VECTOR('',#14270,10.);
#2457=VECTOR('',#14273,10.);
#2458=VECTOR('',#14276,10.);
#2459=VECTOR('',#14279,10.);
#2460=VECTOR('',#14282,10.);
#2461=VECTOR('',#14285,10.);
#2462=VECTOR('',#14288,10.);
#2463=VECTOR('',#14291,10.);
#2464=VECTOR('',#14294,10.);
#2465=VECTOR('',#14297,10.);
#2466=VECTOR('',#14300,10.);
#2467=VECTOR('',#14303,10.);
#2468=VECTOR('',#14306,10.);
#2469=VECTOR('',#14309,10.);
#2470=VECTOR('',#14312,10.);
#2471=VECTOR('',#14315,10.);
#2472=VECTOR('',#14318,10.);
#2473=VECTOR('',#14321,10.);
#2474=VECTOR('',#14324,10.);
#2475=VECTOR('',#14327,10.);
#2476=VECTOR('',#14330,10.);
#2477=VECTOR('',#14333,10.);
#2478=VECTOR('',#14336,10.);
#2479=VECTOR('',#14339,10.);
#2480=VECTOR('',#14342,10.);
#2481=VECTOR('',#14345,10.);
#2482=VECTOR('',#14348,10.);
#2483=VECTOR('',#14351,10.);
#2484=VECTOR('',#14354,10.);
#2485=VECTOR('',#14357,10.);
#2486=VECTOR('',#14360,10.);
#2487=VECTOR('',#14363,10.);
#2488=VECTOR('',#14366,10.);
#2489=VECTOR('',#14369,10.);
#2490=VECTOR('',#14372,10.);
#2491=VECTOR('',#14375,10.);
#2492=VECTOR('',#14378,10.);
#2493=VECTOR('',#14381,10.);
#2494=VECTOR('',#14384,10.);
#2495=VECTOR('',#14387,10.);
#2496=VECTOR('',#14390,10.);
#2497=VECTOR('',#14393,10.);
#2498=VECTOR('',#14396,10.);
#2499=VECTOR('',#14399,10.);
#2500=VECTOR('',#14402,10.);
#2501=VECTOR('',#14405,10.);
#2502=VECTOR('',#14408,10.);
#2503=VECTOR('',#14411,10.);
#2504=VECTOR('',#14414,10.);
#2505=VECTOR('',#14417,10.);
#2506=VECTOR('',#14420,10.);
#2507=VECTOR('',#14423,10.);
#2508=VECTOR('',#14426,10.);
#2509=VECTOR('',#14429,10.);
#2510=VECTOR('',#14432,10.);
#2511=VECTOR('',#14435,10.);
#2512=VECTOR('',#14438,10.);
#2513=VECTOR('',#14441,10.);
#2514=VECTOR('',#14444,10.);
#2515=VECTOR('',#14447,10.);
#2516=VECTOR('',#14450,10.);
#2517=VECTOR('',#14453,10.);
#2518=VECTOR('',#14456,10.);
#2519=VECTOR('',#14459,10.);
#2520=VECTOR('',#14462,10.);
#2521=VECTOR('',#14465,10.);
#2522=VECTOR('',#14468,10.);
#2523=VECTOR('',#14471,10.);
#2524=VECTOR('',#14474,10.);
#2525=VECTOR('',#14477,10.);
#2526=VECTOR('',#14480,10.);
#2527=VECTOR('',#14485,10.);
#2528=VECTOR('',#14490,10.);
#2529=VECTOR('',#14493,10.);
#2530=VECTOR('',#14496,10.);
#2531=VECTOR('',#14501,10.);
#2532=VECTOR('',#14504,10.);
#2533=VECTOR('',#14507,10.);
#2534=VECTOR('',#14510,10.);
#2535=VECTOR('',#14513,10.);
#2536=VECTOR('',#14516,10.);
#2537=VECTOR('',#14519,10.);
#2538=VECTOR('',#14522,10.);
#2539=VECTOR('',#14525,10.);
#2540=VECTOR('',#14528,10.);
#2541=VECTOR('',#14531,10.);
#2542=VECTOR('',#14534,10.);
#2543=VECTOR('',#14537,10.);
#2544=VECTOR('',#14540,10.);
#2545=VECTOR('',#14543,10.);
#2546=VECTOR('',#14546,10.);
#2547=VECTOR('',#14549,10.);
#2548=VECTOR('',#14552,10.);
#2549=VECTOR('',#14555,10.);
#2550=VECTOR('',#14558,10.);
#2551=VECTOR('',#14561,10.);
#2552=VECTOR('',#14564,10.);
#2553=VECTOR('',#14567,10.);
#2554=VECTOR('',#14570,10.);
#2555=VECTOR('',#14573,10.);
#2556=VECTOR('',#14576,10.);
#2557=VECTOR('',#14579,10.);
#2558=VECTOR('',#14582,10.);
#2559=VECTOR('',#14585,10.);
#2560=VECTOR('',#14588,10.);
#2561=VECTOR('',#14591,10.);
#2562=VECTOR('',#14594,10.);
#2563=VECTOR('',#14597,10.);
#2564=VECTOR('',#14600,10.);
#2565=VECTOR('',#14603,10.);
#2566=VECTOR('',#14606,10.);
#2567=VECTOR('',#14609,10.);
#2568=VECTOR('',#14612,10.);
#2569=VECTOR('',#14615,10.);
#2570=VECTOR('',#14618,10.);
#2571=VECTOR('',#14621,10.);
#2572=VECTOR('',#14624,10.);
#2573=VECTOR('',#14627,10.);
#2574=VECTOR('',#14630,10.);
#2575=VECTOR('',#14633,10.);
#2576=VECTOR('',#14636,10.);
#2577=VECTOR('',#14639,10.);
#2578=VECTOR('',#14642,10.);
#2579=VECTOR('',#14645,10.);
#2580=VECTOR('',#14648,10.);
#2581=VECTOR('',#14651,10.);
#2582=VECTOR('',#14654,10.);
#2583=VECTOR('',#14657,10.);
#2584=CYLINDRICAL_SURFACE('',#10684,2.);
#2585=CYLINDRICAL_SURFACE('',#10686,6.5);
#2586=CYLINDRICAL_SURFACE('',#10693,4.);
#2587=CYLINDRICAL_SURFACE('',#10701,1.25);
#2588=CYLINDRICAL_SURFACE('',#10703,7.54879740307468);
#2589=CYLINDRICAL_SURFACE('',#10707,5.09275958224618);
#2590=CYLINDRICAL_SURFACE('',#10710,5.05564603857433);
#2591=CYLINDRICAL_SURFACE('',#10713,1.55);
#2592=CYLINDRICAL_SURFACE('',#10716,1.54999999999999);
#2593=CYLINDRICAL_SURFACE('',#10823,4.66307042153668);
#2594=CYLINDRICAL_SURFACE('',#10826,4.42626149609234);
#2595=CYLINDRICAL_SURFACE('',#10829,4.6394581033856);
#2596=CYLINDRICAL_SURFACE('',#10832,4.68622539322663);
#2597=CYLINDRICAL_SURFACE('',#10835,4.52664022007136);
#2598=CYLINDRICAL_SURFACE('',#10838,4.56487412164074);
#2599=CYLINDRICAL_SURFACE('',#10843,4.6056577775819);
#2600=CYLINDRICAL_SURFACE('',#10846,4.5963717492631);
#2601=CYLINDRICAL_SURFACE('',#10849,4.77241672033939);
#2602=CYLINDRICAL_SURFACE('',#10852,4.52147688413431);
#2603=CYLINDRICAL_SURFACE('',#10855,4.69530771838025);
#2604=CYLINDRICAL_SURFACE('',#10858,4.60204107813405);
#2605=CYLINDRICAL_SURFACE('',#10861,4.41836171458948);
#2606=CYLINDRICAL_SURFACE('',#10864,4.62304684992312);
#2607=CYLINDRICAL_SURFACE('',#10867,4.50851500564896);
#2608=CYLINDRICAL_SURFACE('',#10873,4.69755769828153);
#2609=CYLINDRICAL_SURFACE('',#10876,4.44541141271508);
#2610=CYLINDRICAL_SURFACE('',#10879,4.62492053661127);
#2611=CYLINDRICAL_SURFACE('',#10882,4.53021858608778);
#2612=CYLINDRICAL_SURFACE('',#10885,4.50104093585152);
#2613=CYLINDRICAL_SURFACE('',#10891,4.59660820899188);
#2614=CYLINDRICAL_SURFACE('',#10894,4.55089000361342);
#2615=CYLINDRICAL_SURFACE('',#10901,0.589251343698127);
#2616=CYLINDRICAL_SURFACE('',#10904,0.709197741529357);
#2617=CYLINDRICAL_SURFACE('',#10907,3.35564603857433);
#2618=CYLINDRICAL_SURFACE('',#10910,3.39275958224619);
#2619=CYLINDRICAL_SURFACE('',#10913,3.92945494867682);
#2620=CYLINDRICAL_SURFACE('',#10916,4.80166295701783);
#2621=CYLINDRICAL_SURFACE('',#10919,5.84879740307467);
#2622=CYLINDRICAL_SURFACE('',#10925,3.64318527778248);
#2623=CYLINDRICAL_SURFACE('',#10928,4.03873116770588);
#2624=CYLINDRICAL_SURFACE('',#10931,4.63667133241653);
#2625=CYLINDRICAL_SURFACE('',#10934,5.28419556255992);
#2626=CYLINDRICAL_SURFACE('',#10937,5.77697092141392);
#2627=CYLINDRICAL_SURFACE('',#10940,5.65434836435051);
#2628=CYLINDRICAL_SURFACE('',#10943,5.1304824322);
#2629=CYLINDRICAL_SURFACE('',#10946,4.92954099166367);
#2630=CYLINDRICAL_SURFACE('',#10949,5.55737139589167);
#2631=CYLINDRICAL_SURFACE('',#10952,5.79785072596492);
#2632=CYLINDRICAL_SURFACE('',#10955,5.33885843355673);
#2633=CYLINDRICAL_SURFACE('',#10958,4.69318369164217);
#2634=CYLINDRICAL_SURFACE('',#10961,4.08233992464749);
#2635=CYLINDRICAL_SURFACE('',#10964,3.64100399920236);
#2636=CYLINDRICAL_SURFACE('',#10977,3.39675158648065);
#2637=CYLINDRICAL_SURFACE('',#10982,0.691472407818237);
#2638=CYLINDRICAL_SURFACE('',#10985,0.579128515654391);
#2639=CYLINDRICAL_SURFACE('',#10988,0.575395404020912);
#2640=CYLINDRICAL_SURFACE('',#10992,4.54339767322193);
#2641=CYLINDRICAL_SURFACE('',#10995,4.59524611493393);
#2642=CYLINDRICAL_SURFACE('',#10998,4.76807637814574);
#2643=CYLINDRICAL_SURFACE('',#11001,4.50299324319115);
#2644=CYLINDRICAL_SURFACE('',#11004,4.616877527793);
#2645=CYLINDRICAL_SURFACE('',#11007,4.4596705206505);
#2646=CYLINDRICAL_SURFACE('',#11010,4.47499935659958);
#2647=CYLINDRICAL_SURFACE('',#11015,4.52804783076821);
#2648=CYLINDRICAL_SURFACE('',#11018,4.49946441657446);
#2649=CYLINDRICAL_SURFACE('',#11079,2.96807637814741);
#2650=CYLINDRICAL_SURFACE('',#11082,2.70299324319603);
#2651=CYLINDRICAL_SURFACE('',#11085,2.81687752779529);
#2652=CYLINDRICAL_SURFACE('',#11088,2.65967052065278);
#2653=CYLINDRICAL_SURFACE('',#11091,2.67499935659733);
#2654=CYLINDRICAL_SURFACE('',#11096,6.32804783076899);
#2655=CYLINDRICAL_SURFACE('',#11099,6.299464416392);
#2656=CYLINDRICAL_SURFACE('',#11102,2.86307042154861);
#2657=CYLINDRICAL_SURFACE('',#11105,2.62626149609781);
#2658=CYLINDRICAL_SURFACE('',#11108,2.8394581034027);
#2659=CYLINDRICAL_SURFACE('',#11111,2.88622539322923);
#2660=CYLINDRICAL_SURFACE('',#11114,2.72664022007016);
#2661=CYLINDRICAL_SURFACE('',#11117,2.76487412164008);
#2662=CYLINDRICAL_SURFACE('',#11122,6.405657777582);
#2663=CYLINDRICAL_SURFACE('',#11125,6.39637174923701);
#2664=CYLINDRICAL_SURFACE('',#11128,2.97241672034286);
#2665=CYLINDRICAL_SURFACE('',#11131,2.72147688412819);
#2666=CYLINDRICAL_SURFACE('',#11134,2.89530771837821);
#2667=CYLINDRICAL_SURFACE('',#11137,2.80204107813251);
#2668=CYLINDRICAL_SURFACE('',#11140,2.61836171456424);
#2669=CYLINDRICAL_SURFACE('',#11143,2.82304730231081);
#2670=CYLINDRICAL_SURFACE('',#11146,6.30851500564901);
#2671=CYLINDRICAL_SURFACE('',#11152,2.89755769827791);
#2672=CYLINDRICAL_SURFACE('',#11155,2.64541141271144);
#2673=CYLINDRICAL_SURFACE('',#11158,2.8249205366083);
#2674=CYLINDRICAL_SURFACE('',#11161,2.730218586087);
#2675=CYLINDRICAL_SURFACE('',#11164,2.70104093585298);
#2676=CYLINDRICAL_SURFACE('',#11170,6.396608208992);
#2677=CYLINDRICAL_SURFACE('',#11173,6.35089000361301);
#2678=CYLINDRICAL_SURFACE('',#11182,2.85089000361342);
#2679=CYLINDRICAL_SURFACE('',#11264,2.89660820899188);
#2680=CYLINDRICAL_SURFACE('',#11270,6.20104093585151);
#2681=CYLINDRICAL_SURFACE('',#11273,6.23021858608778);
#2682=CYLINDRICAL_SURFACE('',#11276,6.32492053661127);
#2683=CYLINDRICAL_SURFACE('',#11279,6.14541141271507);
#2684=CYLINDRICAL_SURFACE('',#11282,6.39755779107947);
#2685=CYLINDRICAL_SURFACE('',#11288,2.80851500564895);
#2686=CYLINDRICAL_SURFACE('',#11291,6.32304684992312);
#2687=CYLINDRICAL_SURFACE('',#11294,6.11836171458949);
#2688=CYLINDRICAL_SURFACE('',#11297,6.30204107813404);
#2689=CYLINDRICAL_SURFACE('',#11300,6.39530771838026);
#2690=CYLINDRICAL_SURFACE('',#11303,6.22147688413431);
#2691=CYLINDRICAL_SURFACE('',#11306,6.4724168106306);
#2692=CYLINDRICAL_SURFACE('',#11309,2.89637174923727);
#2693=CYLINDRICAL_SURFACE('',#11312,2.9056577775819);
#2694=CYLINDRICAL_SURFACE('',#11317,6.26487412164072);
#2695=CYLINDRICAL_SURFACE('',#11320,6.22664022007137);
#2696=CYLINDRICAL_SURFACE('',#11323,6.38622539322662);
#2697=CYLINDRICAL_SURFACE('',#11326,6.3394581033856);
#2698=CYLINDRICAL_SURFACE('',#11329,6.12626149609237);
#2699=CYLINDRICAL_SURFACE('',#11332,6.36307051044428);
#2700=CYLINDRICAL_SURFACE('',#11335,2.79946441639261);
#2701=CYLINDRICAL_SURFACE('',#11338,2.82804783076821);
#2702=CYLINDRICAL_SURFACE('',#11343,6.17499935659958);
#2703=CYLINDRICAL_SURFACE('',#11346,6.1596705206505);
#2704=CYLINDRICAL_SURFACE('',#11349,6.31687752779298);
#2705=CYLINDRICAL_SURFACE('',#11352,6.20299324319114);
#2706=CYLINDRICAL_SURFACE('',#11507,2.389251343698);
#2707=CYLINDRICAL_SURFACE('',#11509,2.50919774152901);
#2708=CYLINDRICAL_SURFACE('',#11511,1.5556460385738);
#2709=CYLINDRICAL_SURFACE('',#11513,1.59275958224305);
#2710=CYLINDRICAL_SURFACE('',#11515,2.12945494867331);
#2711=CYLINDRICAL_SURFACE('',#11517,3.00166295701477);
#2712=CYLINDRICAL_SURFACE('',#11519,4.04879740307367);
#2713=CYLINDRICAL_SURFACE('',#11524,1.84318527778095);
#2714=CYLINDRICAL_SURFACE('',#11526,2.23873116770546);
#2715=CYLINDRICAL_SURFACE('',#11528,2.8366713324178);
#2716=CYLINDRICAL_SURFACE('',#11530,3.48419556256044);
#2717=CYLINDRICAL_SURFACE('',#11532,3.97697092141507);
#2718=CYLINDRICAL_SURFACE('',#11534,3.85434836435111);
#2719=CYLINDRICAL_SURFACE('',#11536,3.33048243220188);
#2720=CYLINDRICAL_SURFACE('',#11539,3.12954099166653);
#2721=CYLINDRICAL_SURFACE('',#11541,3.75737139589304);
#2722=CYLINDRICAL_SURFACE('',#11543,3.99785072596377);
#2723=CYLINDRICAL_SURFACE('',#11545,3.53885843355299);
#2724=CYLINDRICAL_SURFACE('',#11547,2.89318369164718);
#2725=CYLINDRICAL_SURFACE('',#11549,2.282339924649);
#2726=CYLINDRICAL_SURFACE('',#11551,1.84100414426797);
#2727=CYLINDRICAL_SURFACE('',#11563,1.59675158648229);
#2728=CYLINDRICAL_SURFACE('',#11567,2.491472407818);
#2729=CYLINDRICAL_SURFACE('',#11569,2.37912851565402);
#2730=CYLINDRICAL_SURFACE('',#11571,2.37539540205099);
#2731=CYLINDRICAL_SURFACE('',#11577,6.34339767322198);
#2732=CYLINDRICAL_SURFACE('',#11579,6.39524611469499);
#2733=CYLINDRICAL_SURFACE('',#11582,5.62945494867682);
#2734=CYLINDRICAL_SURFACE('',#11584,6.50166295701783);
#2735=CYLINDRICAL_SURFACE('',#11590,5.34318536452978);
#2736=CYLINDRICAL_SURFACE('',#11592,5.73873116770588);
#2737=CYLINDRICAL_SURFACE('',#11594,6.33667133241652);
#2738=CYLINDRICAL_SURFACE('',#11596,6.98419556255992);
#2739=CYLINDRICAL_SURFACE('',#11598,7.47697092141391);
#2740=CYLINDRICAL_SURFACE('',#11600,7.35434836435051);
#2741=CYLINDRICAL_SURFACE('',#11602,6.8304824322);
#2742=CYLINDRICAL_SURFACE('',#11605,6.6295410417394);
#2743=CYLINDRICAL_SURFACE('',#11607,7.25737139589167);
#2744=CYLINDRICAL_SURFACE('',#11609,7.49785072596492);
#2745=CYLINDRICAL_SURFACE('',#11611,7.03885843355674);
#2746=CYLINDRICAL_SURFACE('',#11613,6.39318369164216);
#2747=CYLINDRICAL_SURFACE('',#11615,5.78233992464749);
#2748=CYLINDRICAL_SURFACE('',#11617,5.34100399920236);
#2749=CYLINDRICAL_SURFACE('',#11629,5.09675158648067);
#2750=CYLINDRICAL_SURFACE('',#11634,2.84339767322194);
#2751=CYLINDRICAL_SURFACE('',#11636,2.8952461146952);
#2752=CYLINDRICAL_SURFACE('',#11638,6.46807646296178);
#2753=B_SPLINE_CURVE_WITH_KNOTS('',3,(#14673,#14674,#14675,#14676,#14677,
#14678,#14679,#14680,#14681,#14682,#14683,#14684),.UNSPECIFIED.,.F.,.F.,
(4,2,2,2,2,4),(0.0732282088677608,0.10158319763953,0.129937521114893,0.149988404615537,
0.156209634112931,0.161267747659269),.UNSPECIFIED.);
#2754=B_SPLINE_CURVE_WITH_KNOTS('',3,(#14690,#14691,#14692,#14693,#14694,
#14695,#14696,#14697,#14698,#14699,#14700,#14701),.UNSPECIFIED.,.F.,.F.,
(4,2,2,2,2,4),(0.126081096365681,0.140570216075999,0.156189464527316,0.171827993569781,
0.187449350538178,0.189121591575682),.UNSPECIFIED.);
#2755=B_SPLINE_CURVE_WITH_KNOTS('',3,(#17178,#17179,#17180,#17181,#17182,
#17183,#17184,#17185,#17186,#17187),.UNSPECIFIED.,.F.,.F.,(4,2,2,2,4),(0.,
0.111627435834728,0.223254871669456,0.334882307504183,0.446509743338911),
 .UNSPECIFIED.);
#2756=B_SPLINE_CURVE_WITH_KNOTS('',3,(#17194,#17195,#17196,#17197),
 .UNSPECIFIED.,.F.,.F.,(4,4),(-0.23908329734057,0.),.UNSPECIFIED.);
#2757=B_SPLINE_CURVE_WITH_KNOTS('',3,(#17201,#17202,#17203,#17204),
 .UNSPECIFIED.,.F.,.F.,(4,4),(-0.238940430625671,0.),.UNSPECIFIED.);
#2758=B_SPLINE_CURVE_WITH_KNOTS('',3,(#17208,#17209,#17210,#17211),
 .UNSPECIFIED.,.F.,.F.,(4,4),(-0.239282924624699,0.),.UNSPECIFIED.);
#2759=B_SPLINE_CURVE_WITH_KNOTS('',3,(#17227,#17228,#17229,#17230),
 .UNSPECIFIED.,.F.,.F.,(4,4),(0.,0.239595654875565),.UNSPECIFIED.);
#2760=B_SPLINE_CURVE_WITH_KNOTS('',3,(#17237,#17238,#17239,#17240),
 .UNSPECIFIED.,.F.,.F.,(4,4),(0.,0.239584286896144),.UNSPECIFIED.);
#2761=B_SPLINE_CURVE_WITH_KNOTS('',3,(#17251,#17252,#17253,#17254),
 .UNSPECIFIED.,.F.,.F.,(4,4),(-0.238814545311104,0.),.UNSPECIFIED.);
#2762=B_SPLINE_CURVE_WITH_KNOTS('',3,(#17260,#17261,#17262,#17263,#17264,
#17265,#17266,#17267,#17268,#17269),.UNSPECIFIED.,.F.,.F.,(4,2,2,2,4),(0.,
0.113813039632298,0.227626079264596,0.341439118896894,0.455252158529191),
 .UNSPECIFIED.);
#2763=B_SPLINE_CURVE_WITH_KNOTS('',3,(#17305,#17306,#17307,#17308),
 .UNSPECIFIED.,.F.,.F.,(4,4),(0.,0.240085833926682),.UNSPECIFIED.);
#2764=B_SPLINE_CURVE_WITH_KNOTS('',3,(#17312,#17313,#17314,#17315),
 .UNSPECIFIED.,.F.,.F.,(4,4),(0.,0.240818821961484),.UNSPECIFIED.);
#2765=B_SPLINE_CURVE_WITH_KNOTS('',3,(#17319,#17320,#17321,#17322),
 .UNSPECIFIED.,.F.,.F.,(4,4),(0.,0.240813234213593),.UNSPECIFIED.);
#2766=B_SPLINE_CURVE_WITH_KNOTS('',3,(#17326,#17327,#17328,#17329),
 .UNSPECIFIED.,.F.,.F.,(4,4),(0.,0.241540226243043),.UNSPECIFIED.);
#2767=B_SPLINE_CURVE_WITH_KNOTS('',3,(#17333,#17334,#17335,#17336),
 .UNSPECIFIED.,.F.,.F.,(4,4),(0.,0.24153555652884),.UNSPECIFIED.);
#2768=B_SPLINE_CURVE_WITH_KNOTS('',3,(#17340,#17341,#17342,#17343),
 .UNSPECIFIED.,.F.,.F.,(4,4),(0.,0.242073677702019),.UNSPECIFIED.);
#2769=B_SPLINE_CURVE_WITH_KNOTS('',3,(#17350,#17351,#17352,#17353),
 .UNSPECIFIED.,.F.,.F.,(4,4),(0.,0.242070777151585),.UNSPECIFIED.);
#2770=B_SPLINE_CURVE_WITH_KNOTS('',3,(#17357,#17358,#17359,#17360),
 .UNSPECIFIED.,.F.,.F.,(4,4),(0.,0.242358929360416),.UNSPECIFIED.);
#2771=B_SPLINE_CURVE_WITH_KNOTS('',3,(#17364,#17365,#17366,#17367),
 .UNSPECIFIED.,.F.,.F.,(4,4),(0.,0.242357476566622),.UNSPECIFIED.);
#2772=B_SPLINE_CURVE_WITH_KNOTS('',3,(#17370,#17371,#17372,#17373),
 .UNSPECIFIED.,.F.,.F.,(4,4),(-0.23908715706372,0.),.UNSPECIFIED.);
#2773=B_SPLINE_CURVE_WITH_KNOTS('',3,(#17375,#17376,#17377,#17378,#17379,
#17380,#17381,#17382,#17383,#17384),.UNSPECIFIED.,.F.,.F.,(4,2,2,2,4),(0.,
0.111538901284022,0.223077802568045,0.334616703852067,0.44615560513609),
 .UNSPECIFIED.);
#2774=B_SPLINE_CURVE_WITH_KNOTS('',3,(#17390,#17391,#17392,#17393),
 .UNSPECIFIED.,.F.,.F.,(4,4),(0.,0.242217627338884),.UNSPECIFIED.);
#2775=B_SPLINE_CURVE_WITH_KNOTS('',3,(#17397,#17398,#17399,#17400),
 .UNSPECIFIED.,.F.,.F.,(4,4),(0.,0.242119524815492),.UNSPECIFIED.);
#2776=B_SPLINE_CURVE_WITH_KNOTS('',3,(#17412,#17413,#17414,#17415),
 .UNSPECIFIED.,.F.,.F.,(4,4),(0.,0.241921266565534),.UNSPECIFIED.);
#2777=B_SPLINE_CURVE_WITH_KNOTS('',3,(#17419,#17420,#17421,#17422),
 .UNSPECIFIED.,.F.,.F.,(4,4),(0.,0.24191770727338),.UNSPECIFIED.);
#2778=B_SPLINE_CURVE_WITH_KNOTS('',3,(#17426,#17427,#17428,#17429),
 .UNSPECIFIED.,.F.,.F.,(4,4),(0.,0.242276422331168),.UNSPECIFIED.);
#2779=B_SPLINE_CURVE_WITH_KNOTS('',3,(#17435,#17436,#17437,#17438),
 .UNSPECIFIED.,.F.,.F.,(4,4),(0.,0.242346941064377),.UNSPECIFIED.);
#2780=B_SPLINE_CURVE_WITH_KNOTS('',3,(#17441,#17442,#17443,#17444),
 .UNSPECIFIED.,.F.,.F.,(4,4),(0.,0.241479306840838),.UNSPECIFIED.);
#2781=B_SPLINE_CURVE_WITH_KNOTS('',3,(#17450,#17451,#17452,#17453),
 .UNSPECIFIED.,.F.,.F.,(4,4),(0.,0.242034412964949),.UNSPECIFIED.);
#2782=B_SPLINE_CURVE_WITH_KNOTS('',3,(#17459,#17460,#17461,#17462),
 .UNSPECIFIED.,.F.,.F.,(4,4),(0.,0.241478306041335),.UNSPECIFIED.);
#2783=B_SPLINE_CURVE_WITH_KNOTS('',3,(#17466,#17467,#17468,#17469),
 .UNSPECIFIED.,.F.,.F.,(4,4),(0.,0.241482777789423),.UNSPECIFIED.);
#2784=B_SPLINE_CURVE_WITH_KNOTS('',3,(#17473,#17474,#17475,#17476),
 .UNSPECIFIED.,.F.,.F.,(4,4),(0.,0.240749501142278),.UNSPECIFIED.);
#2785=B_SPLINE_CURVE_WITH_KNOTS('',3,(#17480,#17481,#17482,#17483),
 .UNSPECIFIED.,.F.,.F.,(4,4),(0.,0.240754858645679),.UNSPECIFIED.);
#2786=B_SPLINE_CURVE_WITH_KNOTS('',3,(#17490,#17491,#17492,#17493),
 .UNSPECIFIED.,.F.,.F.,(4,4),(0.,0.240348991180879),.UNSPECIFIED.);
#2787=B_SPLINE_CURVE_WITH_KNOTS('',3,(#17495,#17496,#17497,#17498,#17499,
#17500,#17501,#17502,#17503,#17504),.UNSPECIFIED.,.F.,.F.,(4,2,2,2,4),(0.,
0.113085840521655,0.22617168104331,0.339257521564965,0.45234336208662),
 .UNSPECIFIED.);
#2788=B_SPLINE_CURVE_WITH_KNOTS('',3,(#17523,#17524,#17525,#17526),
 .UNSPECIFIED.,.F.,.F.,(4,4),(0.,0.242388467942411),.UNSPECIFIED.);
#2789=B_SPLINE_CURVE_WITH_KNOTS('',3,(#17531,#17532,#17533,#17534),
 .UNSPECIFIED.,.F.,.F.,(4,4),(0.,0.240581849917925),.UNSPECIFIED.);
#2790=B_SPLINE_CURVE_WITH_KNOTS('',3,(#17537,#17538,#17539,#17540),
 .UNSPECIFIED.,.F.,.F.,(4,4),(0.,0.239560354818938),.UNSPECIFIED.);
#2791=B_SPLINE_CURVE_WITH_KNOTS('',3,(#17542,#17543,#17544,#17545),
 .UNSPECIFIED.,.F.,.F.,(4,4),(0.,0.239473879382379),.UNSPECIFIED.);
#2792=B_SPLINE_CURVE_WITH_KNOTS('',3,(#17550,#17551,#17552,#17553),
 .UNSPECIFIED.,.F.,.F.,(4,4),(-0.270805498259931,0.),.UNSPECIFIED.);
#2793=B_SPLINE_CURVE_WITH_KNOTS('',3,(#17564,#17565,#17566,#17567),
 .UNSPECIFIED.,.F.,.F.,(4,4),(-0.238963715641084,0.),.UNSPECIFIED.);
#2794=B_SPLINE_CURVE_WITH_KNOTS('',3,(#17569,#17570,#17571,#17572),
 .UNSPECIFIED.,.F.,.F.,(4,4),(-0.238961616430215,0.),.UNSPECIFIED.);
#2795=B_SPLINE_CURVE_WITH_KNOTS('',3,(#17574,#17575,#17576,#17577),
 .UNSPECIFIED.,.F.,.F.,(4,4),(-0.239087033857551,0.),.UNSPECIFIED.);
#2796=B_SPLINE_CURVE_WITH_KNOTS('',3,(#17585,#17586,#17587,#17588),
 .UNSPECIFIED.,.F.,.F.,(4,4),(0.,0.241346327533825),.UNSPECIFIED.);
#2797=B_SPLINE_CURVE_WITH_KNOTS('',3,(#17590,#17591,#17592,#17593),
 .UNSPECIFIED.,.F.,.F.,(4,4),(0.,0.241346512693584),.UNSPECIFIED.);
#2798=B_SPLINE_CURVE_WITH_KNOTS('',3,(#17596,#17597,#17598,#17599,#17600,
#17601,#17602,#17603,#17604,#17605),.UNSPECIFIED.,.F.,.F.,(4,2,2,2,4),(0.,
0.110949678562075,0.22189935712415,0.332849035686226,0.443798714248301),
 .UNSPECIFIED.);
#2799=B_SPLINE_CURVE_WITH_KNOTS('',3,(#17608,#17609,#17610,#17611),
 .UNSPECIFIED.,.F.,.F.,(4,4),(0.,0.241378445028084),.UNSPECIFIED.);
#2800=B_SPLINE_CURVE_WITH_KNOTS('',3,(#17617,#17618,#17619,#17620),
 .UNSPECIFIED.,.F.,.F.,(4,4),(0.,0.241375459740542),.UNSPECIFIED.);
#2801=B_SPLINE_CURVE_WITH_KNOTS('',3,(#17622,#17623,#17624,#17625,#17626,
#17627,#17628,#17629,#17630,#17631),.UNSPECIFIED.,.F.,.F.,(4,2,2,2,4),(0.,
0.0932079188995199,0.18641583779904,0.27962375669856,0.37283167559808),
 .UNSPECIFIED.);
#2802=B_SPLINE_CURVE_WITH_KNOTS('',3,(#17634,#17635,#17636,#17637),
 .UNSPECIFIED.,.F.,.F.,(4,4),(0.,0.241475848591873),.UNSPECIFIED.);
#2803=B_SPLINE_CURVE_WITH_KNOTS('',3,(#17640,#17641,#17642,#17643),
 .UNSPECIFIED.,.F.,.F.,(4,4),(0.,0.241476320785821),.UNSPECIFIED.);
#2804=B_SPLINE_CURVE_WITH_KNOTS('',3,(#17645,#17646,#17647,#17648),
 .UNSPECIFIED.,.F.,.F.,(4,4),(0.,0.241279883111796),.UNSPECIFIED.);
#2805=B_SPLINE_CURVE_WITH_KNOTS('',3,(#17650,#17651,#17652,#17653),
 .UNSPECIFIED.,.F.,.F.,(4,4),(0.,0.24128588562263),.UNSPECIFIED.);
#2806=B_SPLINE_CURVE_WITH_KNOTS('',3,(#17655,#17656,#17657,#17658),
 .UNSPECIFIED.,.F.,.F.,(4,4),(0.,0.241767517916151),.UNSPECIFIED.);
#2807=B_SPLINE_CURVE_WITH_KNOTS('',3,(#17663,#17664,#17665,#17666),
 .UNSPECIFIED.,.F.,.F.,(4,4),(-0.238840501332174,0.),.UNSPECIFIED.);
#2808=B_SPLINE_CURVE_WITH_KNOTS('',3,(#17671,#17672,#17673,#17674),
 .UNSPECIFIED.,.F.,.F.,(4,4),(0.,0.241255478124644),.UNSPECIFIED.);
#2809=B_SPLINE_CURVE_WITH_KNOTS('',3,(#17676,#17677,#17678,#17679),
 .UNSPECIFIED.,.F.,.F.,(4,4),(0.,0.241252097658025),.UNSPECIFIED.);
#2810=B_SPLINE_CURVE_WITH_KNOTS('',3,(#17682,#17683,#17684,#17685,#17686,
#17687,#17688,#17689,#17690,#17691),.UNSPECIFIED.,.F.,.F.,(4,2,2,2,4),(0.,
0.0960615246572156,0.192123049314431,0.288184573971647,0.384246098628862),
 .UNSPECIFIED.);
#2811=B_SPLINE_CURVE_WITH_KNOTS('',3,(#17694,#17695,#17696,#17697),
 .UNSPECIFIED.,.F.,.F.,(4,4),(0.,0.241454914056305),.UNSPECIFIED.);
#2812=B_SPLINE_CURVE_WITH_KNOTS('',3,(#17701,#17702,#17703,#17704),
 .UNSPECIFIED.,.F.,.F.,(4,4),(0.,0.241451324773518),.UNSPECIFIED.);
#2813=B_SPLINE_CURVE_WITH_KNOTS('',3,(#17706,#17707,#17708,#17709),
 .UNSPECIFIED.,.F.,.F.,(4,4),(0.,0.241546198055408),.UNSPECIFIED.);
#2814=B_SPLINE_CURVE_WITH_KNOTS('',3,(#17711,#17712,#17713,#17714),
 .UNSPECIFIED.,.F.,.F.,(4,4),(0.,0.241547469445887),.UNSPECIFIED.);
#2815=B_SPLINE_CURVE_WITH_KNOTS('',3,(#17716,#17717,#17718,#17719),
 .UNSPECIFIED.,.F.,.F.,(4,4),(0.,0.241365387068866),.UNSPECIFIED.);
#2816=B_SPLINE_CURVE_WITH_KNOTS('',3,(#17721,#17722,#17723,#17724),
 .UNSPECIFIED.,.F.,.F.,(4,4),(0.,0.241370619405033),.UNSPECIFIED.);
#2817=B_SPLINE_CURVE_WITH_KNOTS('',3,(#17726,#17727,#17728,#17729),
 .UNSPECIFIED.,.F.,.F.,(4,4),(0.,0.241833500468573),.UNSPECIFIED.);
#2818=B_SPLINE_CURVE_WITH_KNOTS('',3,(#17734,#17735,#17736,#17737),
 .UNSPECIFIED.,.F.,.F.,(4,4),(-0.239111612241608,0.),.UNSPECIFIED.);
#2819=B_SPLINE_CURVE_WITH_KNOTS('',3,(#17742,#17743,#17744,#17745),
 .UNSPECIFIED.,.F.,.F.,(4,4),(0.,0.241415851785015),.UNSPECIFIED.);
#2820=B_SPLINE_CURVE_WITH_KNOTS('',3,(#17747,#17748,#17749,#17750),
 .UNSPECIFIED.,.F.,.F.,(4,4),(0.,0.241416899058587),.UNSPECIFIED.);
#2821=B_SPLINE_CURVE_WITH_KNOTS('',3,(#17752,#17753,#17754,#17755),
 .UNSPECIFIED.,.F.,.F.,(4,4),(0.,0.241375922294495),.UNSPECIFIED.);
#2822=B_SPLINE_CURVE_WITH_KNOTS('',3,(#17757,#17758,#17759,#17760),
 .UNSPECIFIED.,.F.,.F.,(4,4),(0.,0.241372556165791),.UNSPECIFIED.);
#2823=B_SPLINE_CURVE_WITH_KNOTS('',3,(#17762,#17763,#17764,#17765),
 .UNSPECIFIED.,.F.,.F.,(4,4),(0.,0.241539401050549),.UNSPECIFIED.);
#2824=B_SPLINE_CURVE_WITH_KNOTS('',3,(#17767,#17768,#17769,#17770),
 .UNSPECIFIED.,.F.,.F.,(4,4),(0.,0.241536981034923),.UNSPECIFIED.);
#2825=B_SPLINE_CURVE_WITH_KNOTS('',3,(#17772,#17773,#17774,#17775),
 .UNSPECIFIED.,.F.,.F.,(4,4),(0.,0.241489782106559),.UNSPECIFIED.);
#2826=B_SPLINE_CURVE_WITH_KNOTS('',3,(#17777,#17778,#17779,#17780),
 .UNSPECIFIED.,.F.,.F.,(4,4),(0.,0.24149271297014),.UNSPECIFIED.);
#2827=B_SPLINE_CURVE_WITH_KNOTS('',3,(#17782,#17783,#17784,#17785),
 .UNSPECIFIED.,.F.,.F.,(4,4),(0.,0.241259928849762),.UNSPECIFIED.);
#2828=B_SPLINE_CURVE_WITH_KNOTS('',3,(#17787,#17788,#17789,#17790),
 .UNSPECIFIED.,.F.,.F.,(4,4),(0.,0.241264824986602),.UNSPECIFIED.);
#2829=B_SPLINE_CURVE_WITH_KNOTS('',3,(#17792,#17793,#17794,#17795),
 .UNSPECIFIED.,.F.,.F.,(4,4),(0.,0.241713722936778),.UNSPECIFIED.);
#2830=B_SPLINE_CURVE_WITH_KNOTS('',3,(#17798,#17799,#17800,#17801),
 .UNSPECIFIED.,.F.,.F.,(4,4),(-0.238896916149448,0.),.UNSPECIFIED.);
#2831=B_SPLINE_CURVE_WITH_KNOTS('',3,(#17806,#17807,#17808,#17809),
 .UNSPECIFIED.,.F.,.F.,(4,4),(0.,0.241317146893711),.UNSPECIFIED.);
#2832=B_SPLINE_CURVE_WITH_KNOTS('',3,(#17811,#17812,#17813,#17814),
 .UNSPECIFIED.,.F.,.F.,(4,4),(0.,0.241318808082108),.UNSPECIFIED.);
#2833=B_SPLINE_CURVE_WITH_KNOTS('',3,(#17816,#17817,#17818,#17819),
 .UNSPECIFIED.,.F.,.F.,(4,4),(0.,0.241301218517253),.UNSPECIFIED.);
#2834=B_SPLINE_CURVE_WITH_KNOTS('',3,(#17821,#17822,#17823,#17824),
 .UNSPECIFIED.,.F.,.F.,(4,4),(0.,0.241297858908455),.UNSPECIFIED.);
#2835=B_SPLINE_CURVE_WITH_KNOTS('',3,(#17826,#17827,#17828,#17829),
 .UNSPECIFIED.,.F.,.F.,(4,4),(0.,0.241468776859963),.UNSPECIFIED.);
#2836=B_SPLINE_CURVE_WITH_KNOTS('',3,(#17831,#17832,#17833,#17834),
 .UNSPECIFIED.,.F.,.F.,(4,4),(0.,0.241466977864156),.UNSPECIFIED.);
#2837=B_SPLINE_CURVE_WITH_KNOTS('',3,(#17836,#17837,#17838,#17839),
 .UNSPECIFIED.,.F.,.F.,(4,4),(0.,0.241343646656419),.UNSPECIFIED.);
#2838=B_SPLINE_CURVE_WITH_KNOTS('',3,(#17843,#17844,#17845,#17846),
 .UNSPECIFIED.,.F.,.F.,(4,4),(0.,0.241823725374247),.UNSPECIFIED.);
#2839=B_SPLINE_CURVE_WITH_KNOTS('',3,(#17848,#17849,#17850,#17851),
 .UNSPECIFIED.,.F.,.F.,(4,4),(0.,0.241349736671711),.UNSPECIFIED.);
#2840=FACE_OUTER_BOUND('',#3410,.T.);
#2841=FACE_OUTER_BOUND('',#3411,.T.);
#2842=FACE_OUTER_BOUND('',#3412,.T.);
#2843=FACE_OUTER_BOUND('',#3413,.T.);
#2844=FACE_OUTER_BOUND('',#3414,.T.);
#2845=FACE_OUTER_BOUND('',#3415,.T.);
#2846=FACE_OUTER_BOUND('',#3416,.T.);
#2847=FACE_OUTER_BOUND('',#3417,.T.);
#2848=FACE_OUTER_BOUND('',#3419,.T.);
#2849=FACE_OUTER_BOUND('',#3420,.T.);
#2850=FACE_OUTER_BOUND('',#3421,.T.);
#2851=FACE_OUTER_BOUND('',#3422,.T.);
#2852=FACE_OUTER_BOUND('',#3423,.T.);
#2853=FACE_OUTER_BOUND('',#3424,.T.);
#2854=FACE_OUTER_BOUND('',#3425,.T.);
#2855=FACE_OUTER_BOUND('',#3426,.T.);
#2856=FACE_OUTER_BOUND('',#3427,.T.);
#2857=FACE_OUTER_BOUND('',#3428,.T.);
#2858=FACE_OUTER_BOUND('',#3429,.T.);
#2859=FACE_OUTER_BOUND('',#3430,.T.);
#2860=FACE_OUTER_BOUND('',#3432,.T.);
#2861=FACE_OUTER_BOUND('',#3433,.T.);
#2862=FACE_OUTER_BOUND('',#3434,.T.);
#2863=FACE_OUTER_BOUND('',#3435,.T.);
#2864=FACE_OUTER_BOUND('',#3436,.T.);
#2865=FACE_OUTER_BOUND('',#3437,.T.);
#2866=FACE_OUTER_BOUND('',#3438,.T.);
#2867=FACE_OUTER_BOUND('',#3439,.T.);
#2868=FACE_OUTER_BOUND('',#3440,.T.);
#2869=FACE_OUTER_BOUND('',#3441,.T.);
#2870=FACE_OUTER_BOUND('',#3442,.T.);
#2871=FACE_OUTER_BOUND('',#3443,.T.);
#2872=FACE_OUTER_BOUND('',#3444,.T.);
#2873=FACE_OUTER_BOUND('',#3445,.T.);
#2874=FACE_OUTER_BOUND('',#3446,.T.);
#2875=FACE_OUTER_BOUND('',#3447,.T.);
#2876=FACE_OUTER_BOUND('',#3448,.T.);
#2877=FACE_OUTER_BOUND('',#3449,.T.);
#2878=FACE_OUTER_BOUND('',#3450,.T.);
#2879=FACE_OUTER_BOUND('',#3451,.T.);
#2880=FACE_OUTER_BOUND('',#3452,.T.);
#2881=FACE_OUTER_BOUND('',#3453,.T.);
#2882=FACE_OUTER_BOUND('',#3454,.T.);
#2883=FACE_OUTER_BOUND('',#3455,.T.);
#2884=FACE_OUTER_BOUND('',#3456,.T.);
#2885=FACE_OUTER_BOUND('',#3457,.T.);
#2886=FACE_OUTER_BOUND('',#3458,.T.);
#2887=FACE_OUTER_BOUND('',#3459,.T.);
#2888=FACE_OUTER_BOUND('',#3460,.T.);
#2889=FACE_OUTER_BOUND('',#3461,.T.);
#2890=FACE_OUTER_BOUND('',#3462,.T.);
#2891=FACE_OUTER_BOUND('',#3463,.T.);
#2892=FACE_OUTER_BOUND('',#3464,.T.);
#2893=FACE_OUTER_BOUND('',#3465,.T.);
#2894=FACE_OUTER_BOUND('',#3466,.T.);
#2895=FACE_OUTER_BOUND('',#3467,.T.);
#2896=FACE_OUTER_BOUND('',#3468,.T.);
#2897=FACE_OUTER_BOUND('',#3469,.T.);
#2898=FACE_OUTER_BOUND('',#3470,.T.);
#2899=FACE_OUTER_BOUND('',#3471,.T.);
#2900=FACE_OUTER_BOUND('',#3472,.T.);
#2901=FACE_OUTER_BOUND('',#3473,.T.);
#2902=FACE_OUTER_BOUND('',#3474,.T.);
#2903=FACE_OUTER_BOUND('',#3475,.T.);
#2904=FACE_OUTER_BOUND('',#3476,.T.);
#2905=FACE_OUTER_BOUND('',#3477,.T.);
#2906=FACE_OUTER_BOUND('',#3478,.T.);
#2907=FACE_OUTER_BOUND('',#3479,.T.);
#2908=FACE_OUTER_BOUND('',#3480,.T.);
#2909=FACE_OUTER_BOUND('',#3481,.T.);
#2910=FACE_OUTER_BOUND('',#3482,.T.);
#2911=FACE_OUTER_BOUND('',#3483,.T.);
#2912=FACE_OUTER_BOUND('',#3484,.T.);
#2913=FACE_OUTER_BOUND('',#3485,.T.);
#2914=FACE_OUTER_BOUND('',#3486,.T.);
#2915=FACE_OUTER_BOUND('',#3487,.T.);
#2916=FACE_OUTER_BOUND('',#3488,.T.);
#2917=FACE_OUTER_BOUND('',#3489,.T.);
#2918=FACE_OUTER_BOUND('',#3490,.T.);
#2919=FACE_OUTER_BOUND('',#3491,.T.);
#2920=FACE_OUTER_BOUND('',#3492,.T.);
#2921=FACE_OUTER_BOUND('',#3493,.T.);
#2922=FACE_OUTER_BOUND('',#3494,.T.);
#2923=FACE_OUTER_BOUND('',#3495,.T.);
#2924=FACE_OUTER_BOUND('',#3496,.T.);
#2925=FACE_OUTER_BOUND('',#3497,.T.);
#2926=FACE_OUTER_BOUND('',#3498,.T.);
#2927=FACE_OUTER_BOUND('',#3499,.T.);
#2928=FACE_OUTER_BOUND('',#3500,.T.);
#2929=FACE_OUTER_BOUND('',#3501,.T.);
#2930=FACE_OUTER_BOUND('',#3502,.T.);
#2931=FACE_OUTER_BOUND('',#3503,.T.);
#2932=FACE_OUTER_BOUND('',#3504,.T.);
#2933=FACE_OUTER_BOUND('',#3505,.T.);
#2934=FACE_OUTER_BOUND('',#3506,.T.);
#2935=FACE_OUTER_BOUND('',#3507,.T.);
#2936=FACE_OUTER_BOUND('',#3508,.T.);
#2937=FACE_OUTER_BOUND('',#3509,.T.);
#2938=FACE_OUTER_BOUND('',#3510,.T.);
#2939=FACE_OUTER_BOUND('',#3511,.T.);
#2940=FACE_OUTER_BOUND('',#3512,.T.);
#2941=FACE_OUTER_BOUND('',#3513,.T.);
#2942=FACE_OUTER_BOUND('',#3514,.T.);
#2943=FACE_OUTER_BOUND('',#3515,.T.);
#2944=FACE_OUTER_BOUND('',#3516,.T.);
#2945=FACE_OUTER_BOUND('',#3517,.T.);
#2946=FACE_OUTER_BOUND('',#3518,.T.);
#2947=FACE_OUTER_BOUND('',#3519,.T.);
#2948=FACE_OUTER_BOUND('',#3520,.T.);
#2949=FACE_OUTER_BOUND('',#3521,.T.);
#2950=FACE_OUTER_BOUND('',#3522,.T.);
#2951=FACE_OUTER_BOUND('',#3523,.T.);
#2952=FACE_OUTER_BOUND('',#3524,.T.);
#2953=FACE_OUTER_BOUND('',#3525,.T.);
#2954=FACE_OUTER_BOUND('',#3526,.T.);
#2955=FACE_OUTER_BOUND('',#3527,.T.);
#2956=FACE_OUTER_BOUND('',#3528,.T.);
#2957=FACE_OUTER_BOUND('',#3529,.T.);
#2958=FACE_OUTER_BOUND('',#3530,.T.);
#2959=FACE_OUTER_BOUND('',#3531,.T.);
#2960=FACE_OUTER_BOUND('',#3532,.T.);
#2961=FACE_OUTER_BOUND('',#3533,.T.);
#2962=FACE_OUTER_BOUND('',#3534,.T.);
#2963=FACE_OUTER_BOUND('',#3535,.T.);
#2964=FACE_OUTER_BOUND('',#3536,.T.);
#2965=FACE_OUTER_BOUND('',#3537,.T.);
#2966=FACE_OUTER_BOUND('',#3538,.T.);
#2967=FACE_OUTER_BOUND('',#3539,.T.);
#2968=FACE_OUTER_BOUND('',#3540,.T.);
#2969=FACE_OUTER_BOUND('',#3541,.T.);
#2970=FACE_OUTER_BOUND('',#3542,.T.);
#2971=FACE_OUTER_BOUND('',#3543,.T.);
#2972=FACE_OUTER_BOUND('',#3544,.T.);
#2973=FACE_OUTER_BOUND('',#3545,.T.);
#2974=FACE_OUTER_BOUND('',#3546,.T.);
#2975=FACE_OUTER_BOUND('',#3547,.T.);
#2976=FACE_OUTER_BOUND('',#3548,.T.);
#2977=FACE_OUTER_BOUND('',#3549,.T.);
#2978=FACE_OUTER_BOUND('',#3550,.T.);
#2979=FACE_OUTER_BOUND('',#3551,.T.);
#2980=FACE_OUTER_BOUND('',#3552,.T.);
#2981=FACE_OUTER_BOUND('',#3553,.T.);
#2982=FACE_OUTER_BOUND('',#3554,.T.);
#2983=FACE_OUTER_BOUND('',#3555,.T.);
#2984=FACE_OUTER_BOUND('',#3556,.T.);
#2985=FACE_OUTER_BOUND('',#3557,.T.);
#2986=FACE_OUTER_BOUND('',#3558,.T.);
#2987=FACE_OUTER_BOUND('',#3559,.T.);
#2988=FACE_OUTER_BOUND('',#3560,.T.);
#2989=FACE_OUTER_BOUND('',#3561,.T.);
#2990=FACE_OUTER_BOUND('',#3562,.T.);
#2991=FACE_OUTER_BOUND('',#3563,.T.);
#2992=FACE_OUTER_BOUND('',#3564,.T.);
#2993=FACE_OUTER_BOUND('',#3565,.T.);
#2994=FACE_OUTER_BOUND('',#3566,.T.);
#2995=FACE_OUTER_BOUND('',#3567,.T.);
#2996=FACE_OUTER_BOUND('',#3568,.T.);
#2997=FACE_OUTER_BOUND('',#3569,.T.);
#2998=FACE_OUTER_BOUND('',#3570,.T.);
#2999=FACE_OUTER_BOUND('',#3571,.T.);
#3000=FACE_OUTER_BOUND('',#3572,.T.);
#3001=FACE_OUTER_BOUND('',#3573,.T.);
#3002=FACE_OUTER_BOUND('',#3574,.T.);
#3003=FACE_OUTER_BOUND('',#3576,.T.);
#3004=FACE_OUTER_BOUND('',#3577,.T.);
#3005=FACE_OUTER_BOUND('',#3578,.T.);
#3006=FACE_OUTER_BOUND('',#3579,.T.);
#3007=FACE_OUTER_BOUND('',#3580,.T.);
#3008=FACE_OUTER_BOUND('',#3581,.T.);
#3009=FACE_OUTER_BOUND('',#3582,.T.);
#3010=FACE_OUTER_BOUND('',#3583,.T.);
#3011=FACE_OUTER_BOUND('',#3584,.T.);
#3012=FACE_OUTER_BOUND('',#3585,.T.);
#3013=FACE_OUTER_BOUND('',#3586,.T.);
#3014=FACE_OUTER_BOUND('',#3587,.T.);
#3015=FACE_OUTER_BOUND('',#3588,.T.);
#3016=FACE_OUTER_BOUND('',#3589,.T.);
#3017=FACE_OUTER_BOUND('',#3590,.T.);
#3018=FACE_OUTER_BOUND('',#3591,.T.);
#3019=FACE_OUTER_BOUND('',#3592,.T.);
#3020=FACE_OUTER_BOUND('',#3593,.T.);
#3021=FACE_OUTER_BOUND('',#3594,.T.);
#3022=FACE_OUTER_BOUND('',#3595,.T.);
#3023=FACE_OUTER_BOUND('',#3596,.T.);
#3024=FACE_OUTER_BOUND('',#3597,.T.);
#3025=FACE_OUTER_BOUND('',#3598,.T.);
#3026=FACE_OUTER_BOUND('',#3599,.T.);
#3027=FACE_OUTER_BOUND('',#3600,.T.);
#3028=FACE_OUTER_BOUND('',#3601,.T.);
#3029=FACE_OUTER_BOUND('',#3602,.T.);
#3030=FACE_OUTER_BOUND('',#3603,.T.);
#3031=FACE_OUTER_BOUND('',#3604,.T.);
#3032=FACE_OUTER_BOUND('',#3605,.T.);
#3033=FACE_OUTER_BOUND('',#3606,.T.);
#3034=FACE_OUTER_BOUND('',#3607,.T.);
#3035=FACE_OUTER_BOUND('',#3608,.T.);
#3036=FACE_OUTER_BOUND('',#3609,.T.);
#3037=FACE_OUTER_BOUND('',#3610,.T.);
#3038=FACE_OUTER_BOUND('',#3611,.T.);
#3039=FACE_OUTER_BOUND('',#3612,.T.);
#3040=FACE_OUTER_BOUND('',#3613,.T.);
#3041=FACE_OUTER_BOUND('',#3614,.T.);
#3042=FACE_OUTER_BOUND('',#3615,.T.);
#3043=FACE_OUTER_BOUND('',#3616,.T.);
#3044=FACE_OUTER_BOUND('',#3617,.T.);
#3045=FACE_OUTER_BOUND('',#3618,.T.);
#3046=FACE_OUTER_BOUND('',#3619,.T.);
#3047=FACE_OUTER_BOUND('',#3620,.T.);
#3048=FACE_OUTER_BOUND('',#3621,.T.);
#3049=FACE_OUTER_BOUND('',#3622,.T.);
#3050=FACE_OUTER_BOUND('',#3623,.T.);
#3051=FACE_OUTER_BOUND('',#3624,.T.);
#3052=FACE_OUTER_BOUND('',#3625,.T.);
#3053=FACE_OUTER_BOUND('',#3626,.T.);
#3054=FACE_OUTER_BOUND('',#3627,.T.);
#3055=FACE_OUTER_BOUND('',#3628,.T.);
#3056=FACE_OUTER_BOUND('',#3629,.T.);
#3057=FACE_OUTER_BOUND('',#3630,.T.);
#3058=FACE_OUTER_BOUND('',#3631,.T.);
#3059=FACE_OUTER_BOUND('',#3632,.T.);
#3060=FACE_OUTER_BOUND('',#3633,.T.);
#3061=FACE_OUTER_BOUND('',#3634,.T.);
#3062=FACE_OUTER_BOUND('',#3635,.T.);
#3063=FACE_OUTER_BOUND('',#3636,.T.);
#3064=FACE_OUTER_BOUND('',#3637,.T.);
#3065=FACE_OUTER_BOUND('',#3638,.T.);
#3066=FACE_OUTER_BOUND('',#3639,.T.);
#3067=FACE_OUTER_BOUND('',#3640,.T.);
#3068=FACE_OUTER_BOUND('',#3641,.T.);
#3069=FACE_OUTER_BOUND('',#3642,.T.);
#3070=FACE_OUTER_BOUND('',#3643,.T.);
#3071=FACE_OUTER_BOUND('',#3644,.T.);
#3072=FACE_OUTER_BOUND('',#3645,.T.);
#3073=FACE_OUTER_BOUND('',#3646,.T.);
#3074=FACE_OUTER_BOUND('',#3647,.T.);
#3075=FACE_OUTER_BOUND('',#3648,.T.);
#3076=FACE_OUTER_BOUND('',#3649,.T.);
#3077=FACE_OUTER_BOUND('',#3650,.T.);
#3078=FACE_OUTER_BOUND('',#3651,.T.);
#3079=FACE_OUTER_BOUND('',#3652,.T.);
#3080=FACE_OUTER_BOUND('',#3653,.T.);
#3081=FACE_OUTER_BOUND('',#3655,.T.);
#3082=FACE_OUTER_BOUND('',#3656,.T.);
#3083=FACE_OUTER_BOUND('',#3657,.T.);
#3084=FACE_OUTER_BOUND('',#3658,.T.);
#3085=FACE_OUTER_BOUND('',#3659,.T.);
#3086=FACE_OUTER_BOUND('',#3660,.T.);
#3087=FACE_OUTER_BOUND('',#3661,.T.);
#3088=FACE_OUTER_BOUND('',#3662,.T.);
#3089=FACE_OUTER_BOUND('',#3663,.T.);
#3090=FACE_OUTER_BOUND('',#3664,.T.);
#3091=FACE_OUTER_BOUND('',#3665,.T.);
#3092=FACE_OUTER_BOUND('',#3666,.T.);
#3093=FACE_OUTER_BOUND('',#3667,.T.);
#3094=FACE_OUTER_BOUND('',#3668,.T.);
#3095=FACE_OUTER_BOUND('',#3669,.T.);
#3096=FACE_OUTER_BOUND('',#3670,.T.);
#3097=FACE_OUTER_BOUND('',#3671,.T.);
#3098=FACE_OUTER_BOUND('',#3672,.T.);
#3099=FACE_OUTER_BOUND('',#3673,.T.);
#3100=FACE_OUTER_BOUND('',#3674,.T.);
#3101=FACE_OUTER_BOUND('',#3675,.T.);
#3102=FACE_OUTER_BOUND('',#3676,.T.);
#3103=FACE_OUTER_BOUND('',#3677,.T.);
#3104=FACE_OUTER_BOUND('',#3678,.T.);
#3105=FACE_OUTER_BOUND('',#3679,.T.);
#3106=FACE_OUTER_BOUND('',#3680,.T.);
#3107=FACE_OUTER_BOUND('',#3681,.T.);
#3108=FACE_OUTER_BOUND('',#3682,.T.);
#3109=FACE_OUTER_BOUND('',#3683,.T.);
#3110=FACE_OUTER_BOUND('',#3684,.T.);
#3111=FACE_OUTER_BOUND('',#3685,.T.);
#3112=FACE_OUTER_BOUND('',#3686,.T.);
#3113=FACE_OUTER_BOUND('',#3687,.T.);
#3114=FACE_OUTER_BOUND('',#3688,.T.);
#3115=FACE_OUTER_BOUND('',#3689,.T.);
#3116=FACE_OUTER_BOUND('',#3690,.T.);
#3117=FACE_OUTER_BOUND('',#3691,.T.);
#3118=FACE_OUTER_BOUND('',#3692,.T.);
#3119=FACE_OUTER_BOUND('',#3693,.T.);
#3120=FACE_OUTER_BOUND('',#3694,.T.);
#3121=FACE_OUTER_BOUND('',#3695,.T.);
#3122=FACE_OUTER_BOUND('',#3696,.T.);
#3123=FACE_OUTER_BOUND('',#3697,.T.);
#3124=FACE_OUTER_BOUND('',#3698,.T.);
#3125=FACE_OUTER_BOUND('',#3699,.T.);
#3126=FACE_OUTER_BOUND('',#3700,.T.);
#3127=FACE_OUTER_BOUND('',#3701,.T.);
#3128=FACE_OUTER_BOUND('',#3702,.T.);
#3129=FACE_OUTER_BOUND('',#3703,.T.);
#3130=FACE_OUTER_BOUND('',#3704,.T.);
#3131=FACE_OUTER_BOUND('',#3705,.T.);
#3132=FACE_OUTER_BOUND('',#3706,.T.);
#3133=FACE_OUTER_BOUND('',#3707,.T.);
#3134=FACE_OUTER_BOUND('',#3708,.T.);
#3135=FACE_OUTER_BOUND('',#3709,.T.);
#3136=FACE_OUTER_BOUND('',#3710,.T.);
#3137=FACE_OUTER_BOUND('',#3711,.T.);
#3138=FACE_OUTER_BOUND('',#3712,.T.);
#3139=FACE_OUTER_BOUND('',#3713,.T.);
#3140=FACE_OUTER_BOUND('',#3714,.T.);
#3141=FACE_OUTER_BOUND('',#3715,.T.);
#3142=FACE_OUTER_BOUND('',#3716,.T.);
#3143=FACE_OUTER_BOUND('',#3717,.T.);
#3144=FACE_OUTER_BOUND('',#3718,.T.);
#3145=FACE_OUTER_BOUND('',#3719,.T.);
#3146=FACE_OUTER_BOUND('',#3720,.T.);
#3147=FACE_OUTER_BOUND('',#3721,.T.);
#3148=FACE_OUTER_BOUND('',#3722,.T.);
#3149=FACE_OUTER_BOUND('',#3723,.T.);
#3150=FACE_OUTER_BOUND('',#3724,.T.);
#3151=FACE_OUTER_BOUND('',#3725,.T.);
#3152=FACE_OUTER_BOUND('',#3726,.T.);
#3153=FACE_OUTER_BOUND('',#3727,.T.);
#3154=FACE_OUTER_BOUND('',#3728,.T.);
#3155=FACE_OUTER_BOUND('',#3729,.T.);
#3156=FACE_OUTER_BOUND('',#3730,.T.);
#3157=FACE_OUTER_BOUND('',#3731,.T.);
#3158=FACE_OUTER_BOUND('',#3732,.T.);
#3159=FACE_OUTER_BOUND('',#3733,.T.);
#3160=FACE_OUTER_BOUND('',#3734,.T.);
#3161=FACE_OUTER_BOUND('',#3735,.T.);
#3162=FACE_OUTER_BOUND('',#3736,.T.);
#3163=FACE_OUTER_BOUND('',#3737,.T.);
#3164=FACE_OUTER_BOUND('',#3738,.T.);
#3165=FACE_OUTER_BOUND('',#3739,.T.);
#3166=FACE_OUTER_BOUND('',#3740,.T.);
#3167=FACE_OUTER_BOUND('',#3741,.T.);
#3168=FACE_OUTER_BOUND('',#3742,.T.);
#3169=FACE_OUTER_BOUND('',#3743,.T.);
#3170=FACE_OUTER_BOUND('',#3744,.T.);
#3171=FACE_OUTER_BOUND('',#3745,.T.);
#3172=FACE_OUTER_BOUND('',#3746,.T.);
#3173=FACE_OUTER_BOUND('',#3747,.T.);
#3174=FACE_OUTER_BOUND('',#3748,.T.);
#3175=FACE_OUTER_BOUND('',#3749,.T.);
#3176=FACE_OUTER_BOUND('',#3750,.T.);
#3177=FACE_OUTER_BOUND('',#3751,.T.);
#3178=FACE_OUTER_BOUND('',#3752,.T.);
#3179=FACE_OUTER_BOUND('',#3753,.T.);
#3180=FACE_OUTER_BOUND('',#3754,.T.);
#3181=FACE_OUTER_BOUND('',#3755,.T.);
#3182=FACE_OUTER_BOUND('',#3756,.T.);
#3183=FACE_OUTER_BOUND('',#3757,.T.);
#3184=FACE_OUTER_BOUND('',#3758,.T.);
#3185=FACE_OUTER_BOUND('',#3759,.T.);
#3186=FACE_OUTER_BOUND('',#3760,.T.);
#3187=FACE_OUTER_BOUND('',#3761,.T.);
#3188=FACE_OUTER_BOUND('',#3762,.T.);
#3189=FACE_OUTER_BOUND('',#3763,.T.);
#3190=FACE_OUTER_BOUND('',#3764,.T.);
#3191=FACE_OUTER_BOUND('',#3765,.T.);
#3192=FACE_OUTER_BOUND('',#3766,.T.);
#3193=FACE_OUTER_BOUND('',#3767,.T.);
#3194=FACE_OUTER_BOUND('',#3768,.T.);
#3195=FACE_OUTER_BOUND('',#3769,.T.);
#3196=FACE_OUTER_BOUND('',#3770,.T.);
#3197=FACE_OUTER_BOUND('',#3771,.T.);
#3198=FACE_OUTER_BOUND('',#3772,.T.);
#3199=FACE_OUTER_BOUND('',#3773,.T.);
#3200=FACE_OUTER_BOUND('',#3774,.T.);
#3201=FACE_OUTER_BOUND('',#3775,.T.);
#3202=FACE_OUTER_BOUND('',#3776,.T.);
#3203=FACE_OUTER_BOUND('',#3777,.T.);
#3204=FACE_OUTER_BOUND('',#3778,.T.);
#3205=FACE_OUTER_BOUND('',#3779,.T.);
#3206=FACE_OUTER_BOUND('',#3780,.T.);
#3207=FACE_OUTER_BOUND('',#3781,.T.);
#3208=FACE_OUTER_BOUND('',#3782,.T.);
#3209=FACE_OUTER_BOUND('',#3783,.T.);
#3210=FACE_OUTER_BOUND('',#3784,.T.);
#3211=FACE_OUTER_BOUND('',#3785,.T.);
#3212=FACE_OUTER_BOUND('',#3786,.T.);
#3213=FACE_OUTER_BOUND('',#3787,.T.);
#3214=FACE_OUTER_BOUND('',#3788,.T.);
#3215=FACE_OUTER_BOUND('',#3789,.T.);
#3216=FACE_OUTER_BOUND('',#3790,.T.);
#3217=FACE_OUTER_BOUND('',#3791,.T.);
#3218=FACE_OUTER_BOUND('',#3792,.T.);
#3219=FACE_OUTER_BOUND('',#3793,.T.);
#3220=FACE_OUTER_BOUND('',#3794,.T.);
#3221=FACE_OUTER_BOUND('',#3795,.T.);
#3222=FACE_OUTER_BOUND('',#3796,.T.);
#3223=FACE_OUTER_BOUND('',#3797,.T.);
#3224=FACE_OUTER_BOUND('',#3798,.T.);
#3225=FACE_OUTER_BOUND('',#3799,.T.);
#3226=FACE_OUTER_BOUND('',#3800,.T.);
#3227=FACE_OUTER_BOUND('',#3801,.T.);
#3228=FACE_OUTER_BOUND('',#3802,.T.);
#3229=FACE_OUTER_BOUND('',#3803,.T.);
#3230=FACE_OUTER_BOUND('',#3804,.T.);
#3231=FACE_OUTER_BOUND('',#3805,.T.);
#3232=FACE_OUTER_BOUND('',#3806,.T.);
#3233=FACE_OUTER_BOUND('',#3807,.T.);
#3234=FACE_OUTER_BOUND('',#3808,.T.);
#3235=FACE_OUTER_BOUND('',#3809,.T.);
#3236=FACE_OUTER_BOUND('',#3810,.T.);
#3237=FACE_OUTER_BOUND('',#3811,.T.);
#3238=FACE_OUTER_BOUND('',#3812,.T.);
#3239=FACE_OUTER_BOUND('',#3813,.T.);
#3240=FACE_OUTER_BOUND('',#3814,.T.);
#3241=FACE_OUTER_BOUND('',#3815,.T.);
#3242=FACE_OUTER_BOUND('',#3816,.T.);
#3243=FACE_OUTER_BOUND('',#3817,.T.);
#3244=FACE_OUTER_BOUND('',#3818,.T.);
#3245=FACE_OUTER_BOUND('',#3819,.T.);
#3246=FACE_OUTER_BOUND('',#3820,.T.);
#3247=FACE_OUTER_BOUND('',#3821,.T.);
#3248=FACE_OUTER_BOUND('',#3822,.T.);
#3249=FACE_OUTER_BOUND('',#3823,.T.);
#3250=FACE_OUTER_BOUND('',#3824,.T.);
#3251=FACE_OUTER_BOUND('',#3825,.T.);
#3252=FACE_OUTER_BOUND('',#3826,.T.);
#3253=FACE_OUTER_BOUND('',#3827,.T.);
#3254=FACE_OUTER_BOUND('',#3828,.T.);
#3255=FACE_OUTER_BOUND('',#3829,.T.);
#3256=FACE_OUTER_BOUND('',#3830,.T.);
#3257=FACE_OUTER_BOUND('',#3831,.T.);
#3258=FACE_OUTER_BOUND('',#3832,.T.);
#3259=FACE_OUTER_BOUND('',#3833,.T.);
#3260=FACE_OUTER_BOUND('',#3834,.T.);
#3261=FACE_OUTER_BOUND('',#3835,.T.);
#3262=FACE_OUTER_BOUND('',#3836,.T.);
#3263=FACE_OUTER_BOUND('',#3837,.T.);
#3264=FACE_OUTER_BOUND('',#3838,.T.);
#3265=FACE_OUTER_BOUND('',#3839,.T.);
#3266=FACE_OUTER_BOUND('',#3840,.T.);
#3267=FACE_OUTER_BOUND('',#3841,.T.);
#3268=FACE_OUTER_BOUND('',#3842,.T.);
#3269=FACE_OUTER_BOUND('',#3843,.T.);
#3270=FACE_OUTER_BOUND('',#3844,.T.);
#3271=FACE_OUTER_BOUND('',#3845,.T.);
#3272=FACE_OUTER_BOUND('',#3846,.T.);
#3273=FACE_OUTER_BOUND('',#3847,.T.);
#3274=FACE_OUTER_BOUND('',#3848,.T.);
#3275=FACE_OUTER_BOUND('',#3849,.T.);
#3276=FACE_OUTER_BOUND('',#3850,.T.);
#3277=FACE_OUTER_BOUND('',#3851,.T.);
#3278=FACE_OUTER_BOUND('',#3852,.T.);
#3279=FACE_OUTER_BOUND('',#3853,.T.);
#3280=FACE_OUTER_BOUND('',#3854,.T.);
#3281=FACE_OUTER_BOUND('',#3855,.T.);
#3282=FACE_OUTER_BOUND('',#3856,.T.);
#3283=FACE_OUTER_BOUND('',#3857,.T.);
#3284=FACE_OUTER_BOUND('',#3858,.T.);
#3285=FACE_OUTER_BOUND('',#3859,.T.);
#3286=FACE_OUTER_BOUND('',#3860,.T.);
#3287=FACE_OUTER_BOUND('',#3861,.T.);
#3288=FACE_OUTER_BOUND('',#3862,.T.);
#3289=FACE_OUTER_BOUND('',#3863,.T.);
#3290=FACE_OUTER_BOUND('',#3864,.T.);
#3291=FACE_OUTER_BOUND('',#3865,.T.);
#3292=FACE_OUTER_BOUND('',#3866,.T.);
#3293=FACE_OUTER_BOUND('',#3867,.T.);
#3294=FACE_OUTER_BOUND('',#3868,.T.);
#3295=FACE_OUTER_BOUND('',#3869,.T.);
#3296=FACE_OUTER_BOUND('',#3870,.T.);
#3297=FACE_OUTER_BOUND('',#3871,.T.);
#3298=FACE_OUTER_BOUND('',#3872,.T.);
#3299=FACE_OUTER_BOUND('',#3873,.T.);
#3300=FACE_OUTER_BOUND('',#3874,.T.);
#3301=FACE_OUTER_BOUND('',#3875,.T.);
#3302=FACE_OUTER_BOUND('',#3876,.T.);
#3303=FACE_OUTER_BOUND('',#3877,.T.);
#3304=FACE_OUTER_BOUND('',#3878,.T.);
#3305=FACE_OUTER_BOUND('',#3879,.T.);
#3306=FACE_OUTER_BOUND('',#3880,.T.);
#3307=FACE_OUTER_BOUND('',#3881,.T.);
#3308=FACE_OUTER_BOUND('',#3882,.T.);
#3309=FACE_OUTER_BOUND('',#3883,.T.);
#3310=FACE_OUTER_BOUND('',#3884,.T.);
#3311=FACE_OUTER_BOUND('',#3885,.T.);
#3312=FACE_OUTER_BOUND('',#3886,.T.);
#3313=FACE_OUTER_BOUND('',#3887,.T.);
#3314=FACE_OUTER_BOUND('',#3888,.T.);
#3315=FACE_OUTER_BOUND('',#3889,.T.);
#3316=FACE_OUTER_BOUND('',#3890,.T.);
#3317=FACE_OUTER_BOUND('',#3891,.T.);
#3318=FACE_OUTER_BOUND('',#3892,.T.);
#3319=FACE_OUTER_BOUND('',#3893,.T.);
#3320=FACE_OUTER_BOUND('',#3894,.T.);
#3321=FACE_OUTER_BOUND('',#3895,.T.);
#3322=FACE_OUTER_BOUND('',#3896,.T.);
#3323=FACE_OUTER_BOUND('',#3897,.T.);
#3324=FACE_OUTER_BOUND('',#3898,.T.);
#3325=FACE_OUTER_BOUND('',#3899,.T.);
#3326=FACE_OUTER_BOUND('',#3900,.T.);
#3327=FACE_OUTER_BOUND('',#3901,.T.);
#3328=FACE_OUTER_BOUND('',#3902,.T.);
#3329=FACE_OUTER_BOUND('',#3903,.T.);
#3330=FACE_OUTER_BOUND('',#3904,.T.);
#3331=FACE_OUTER_BOUND('',#3905,.T.);
#3332=FACE_OUTER_BOUND('',#3906,.T.);
#3333=FACE_OUTER_BOUND('',#3907,.T.);
#3334=FACE_OUTER_BOUND('',#3908,.T.);
#3335=FACE_OUTER_BOUND('',#3909,.T.);
#3336=FACE_OUTER_BOUND('',#3910,.T.);
#3337=FACE_OUTER_BOUND('',#3911,.T.);
#3338=FACE_OUTER_BOUND('',#3912,.T.);
#3339=FACE_OUTER_BOUND('',#3913,.T.);
#3340=FACE_OUTER_BOUND('',#3914,.T.);
#3341=FACE_OUTER_BOUND('',#3915,.T.);
#3342=FACE_OUTER_BOUND('',#3916,.T.);
#3343=FACE_OUTER_BOUND('',#3917,.T.);
#3344=FACE_OUTER_BOUND('',#3918,.T.);
#3345=FACE_OUTER_BOUND('',#3919,.T.);
#3346=FACE_OUTER_BOUND('',#3920,.T.);
#3347=FACE_OUTER_BOUND('',#3921,.T.);
#3348=FACE_OUTER_BOUND('',#3922,.T.);
#3349=FACE_OUTER_BOUND('',#3923,.T.);
#3350=FACE_OUTER_BOUND('',#3924,.T.);
#3351=FACE_OUTER_BOUND('',#3925,.T.);
#3352=FACE_OUTER_BOUND('',#3926,.T.);
#3353=FACE_OUTER_BOUND('',#3927,.T.);
#3354=FACE_OUTER_BOUND('',#3928,.T.);
#3355=FACE_OUTER_BOUND('',#3929,.T.);
#3356=FACE_OUTER_BOUND('',#3930,.T.);
#3357=FACE_OUTER_BOUND('',#3931,.T.);
#3358=FACE_OUTER_BOUND('',#3932,.T.);
#3359=FACE_OUTER_BOUND('',#3933,.T.);
#3360=FACE_OUTER_BOUND('',#3934,.T.);
#3361=FACE_OUTER_BOUND('',#3935,.T.);
#3362=FACE_OUTER_BOUND('',#3936,.T.);
#3363=FACE_OUTER_BOUND('',#3937,.T.);
#3364=FACE_OUTER_BOUND('',#3938,.T.);
#3365=FACE_OUTER_BOUND('',#3939,.T.);
#3366=FACE_OUTER_BOUND('',#3940,.T.);
#3367=FACE_OUTER_BOUND('',#3941,.T.);
#3368=FACE_OUTER_BOUND('',#3942,.T.);
#3369=FACE_OUTER_BOUND('',#3943,.T.);
#3370=FACE_OUTER_BOUND('',#3944,.T.);
#3371=FACE_OUTER_BOUND('',#3945,.T.);
#3372=FACE_OUTER_BOUND('',#3946,.T.);
#3373=FACE_OUTER_BOUND('',#3947,.T.);
#3374=FACE_OUTER_BOUND('',#3948,.T.);
#3375=FACE_OUTER_BOUND('',#3949,.T.);
#3376=FACE_OUTER_BOUND('',#3950,.T.);
#3377=FACE_OUTER_BOUND('',#3951,.T.);
#3378=FACE_OUTER_BOUND('',#3952,.T.);
#3379=FACE_OUTER_BOUND('',#3953,.T.);
#3380=FACE_OUTER_BOUND('',#3954,.T.);
#3381=FACE_OUTER_BOUND('',#3955,.T.);
#3382=FACE_OUTER_BOUND('',#3956,.T.);
#3383=FACE_OUTER_BOUND('',#3957,.T.);
#3384=FACE_OUTER_BOUND('',#3958,.T.);
#3385=FACE_OUTER_BOUND('',#3959,.T.);
#3386=FACE_OUTER_BOUND('',#3960,.T.);
#3387=FACE_OUTER_BOUND('',#3961,.T.);
#3388=FACE_OUTER_BOUND('',#3962,.T.);
#3389=FACE_OUTER_BOUND('',#3963,.T.);
#3390=FACE_OUTER_BOUND('',#3964,.T.);
#3391=FACE_OUTER_BOUND('',#3965,.T.);
#3392=FACE_OUTER_BOUND('',#3966,.T.);
#3393=FACE_OUTER_BOUND('',#3967,.T.);
#3394=FACE_OUTER_BOUND('',#3968,.T.);
#3395=FACE_OUTER_BOUND('',#3969,.T.);
#3396=FACE_OUTER_BOUND('',#3970,.T.);
#3397=FACE_OUTER_BOUND('',#3971,.T.);
#3398=FACE_OUTER_BOUND('',#3972,.T.);
#3399=FACE_OUTER_BOUND('',#3973,.T.);
#3400=FACE_OUTER_BOUND('',#3974,.T.);
#3401=FACE_OUTER_BOUND('',#3975,.T.);
#3402=FACE_OUTER_BOUND('',#3976,.T.);
#3403=FACE_OUTER_BOUND('',#3977,.T.);
#3404=FACE_OUTER_BOUND('',#3978,.T.);
#3405=FACE_OUTER_BOUND('',#3979,.T.);
#3406=FACE_OUTER_BOUND('',#3980,.T.);
#3407=FACE_OUTER_BOUND('',#3981,.T.);
#3408=FACE_OUTER_BOUND('',#3982,.T.);
#3409=FACE_OUTER_BOUND('',#3983,.T.);
#3410=EDGE_LOOP('',(#6949,#6950,#6951,#6952));
#3411=EDGE_LOOP('',(#6953,#6954,#6955,#6956));
#3412=EDGE_LOOP('',(#6957,#6958,#6959,#6960));
#3413=EDGE_LOOP('',(#6961,#6962,#6963,#6964));
#3414=EDGE_LOOP('',(#6965,#6966,#6967,#6968));
#3415=EDGE_LOOP('',(#6969,#6970,#6971,#6972,#6973));
#3416=EDGE_LOOP('',(#6974,#6975,#6976,#6977,#6978));
#3417=EDGE_LOOP('',(#6979,#6980,#6981,#6982,#6983,#6984,#6985,#6986,#6987,
#6988,#6989,#6990,#6991));
#3418=EDGE_LOOP('',(#6992));
#3419=EDGE_LOOP('',(#6993,#6994,#6995,#6996));
#3420=EDGE_LOOP('',(#6997,#6998,#6999,#7000,#7001));
#3421=EDGE_LOOP('',(#7002,#7003,#7004,#7005,#7006));
#3422=EDGE_LOOP('',(#7007,#7008,#7009,#7010));
#3423=EDGE_LOOP('',(#7011,#7012,#7013,#7014));
#3424=EDGE_LOOP('',(#7015,#7016,#7017,#7018));
#3425=EDGE_LOOP('',(#7019,#7020,#7021,#7022));
#3426=EDGE_LOOP('',(#7023,#7024,#7025,#7026));
#3427=EDGE_LOOP('',(#7027,#7028,#7029,#7030));
#3428=EDGE_LOOP('',(#7031,#7032,#7033,#7034));
#3429=EDGE_LOOP('',(#7035,#7036,#7037,#7038,#7039,#7040,#7041,#7042));
#3430=EDGE_LOOP('',(#7043,#7044,#7045,#7046,#7047,#7048,#7049,#7050,#7051,
#7052,#7053,#7054,#7055,#7056,#7057,#7058,#7059,#7060,#7061,#7062,#7063,
#7064,#7065,#7066,#7067,#7068,#7069,#7070,#7071,#7072,#7073,#7074,#7075,
#7076,#7077,#7078,#7079,#7080,#7081,#7082,#7083,#7084,#7085,#7086,#7087,
#7088,#7089,#7090,#7091,#7092,#7093,#7094,#7095,#7096,#7097,#7098,#7099,
#7100,#7101,#7102,#7103,#7104,#7105,#7106,#7107,#7108,#7109,#7110,#7111,
#7112,#7113,#7114,#7115,#7116,#7117,#7118,#7119,#7120,#7121,#7122,#7123,
#7124,#7125,#7126,#7127,#7128,#7129,#7130,#7131,#7132,#7133,#7134,#7135,
#7136,#7137,#7138,#7139,#7140,#7141,#7142,#7143,#7144,#7145,#7146,#7147,
#7148,#7149,#7150,#7151,#7152,#7153,#7154,#7155,#7156,#7157,#7158,#7159,
#7160,#7161,#7162,#7163,#7164,#7165,#7166,#7167,#7168,#7169,#7170,#7171,
#7172,#7173,#7174,#7175,#7176,#7177,#7178,#7179,#7180,#7181,#7182,#7183,
#7184,#7185,#7186,#7187,#7188,#7189,#7190,#7191,#7192,#7193,#7194,#7195,
#7196,#7197,#7198,#7199,#7200,#7201,#7202,#7203,#7204,#7205,#7206,#7207,
#7208,#7209,#7210,#7211,#7212,#7213,#7214,#7215,#7216,#7217,#7218,#7219,
#7220,#7221,#7222,#7223,#7224,#7225,#7226,#7227,#7228,#7229,#7230,#7231,
#7232,#7233,#7234,#7235,#7236,#7237,#7238,#7239,#7240,#7241,#7242,#7243,
#7244,#7245,#7246,#7247,#7248,#7249,#7250,#7251,#7252,#7253,#7254,#7255,
#7256,#7257,#7258,#7259,#7260,#7261,#7262,#7263,#7264,#7265,#7266,#7267,
#7268,#7269,#7270,#7271,#7272,#7273,#7274,#7275,#7276,#7277,#7278,#7279,
#7280,#7281,#7282,#7283,#7284,#7285,#7286,#7287,#7288,#7289,#7290,#7291,
#7292,#7293,#7294,#7295,#7296,#7297,#7298,#7299,#7300,#7301,#7302,#7303,
#7304,#7305,#7306,#7307,#7308,#7309,#7310,#7311,#7312,#7313,#7314));
#3431=EDGE_LOOP('',(#7315));
#3432=EDGE_LOOP('',(#7316,#7317,#7318,#7319));
#3433=EDGE_LOOP('',(#7320,#7321,#7322,#7323));
#3434=EDGE_LOOP('',(#7324,#7325,#7326,#7327));
#3435=EDGE_LOOP('',(#7328,#7329,#7330,#7331));
#3436=EDGE_LOOP('',(#7332,#7333,#7334,#7335));
#3437=EDGE_LOOP('',(#7336,#7337,#7338,#7339));
#3438=EDGE_LOOP('',(#7340,#7341,#7342,#7343));
#3439=EDGE_LOOP('',(#7344,#7345,#7346,#7347));
#3440=EDGE_LOOP('',(#7348,#7349,#7350,#7351));
#3441=EDGE_LOOP('',(#7352,#7353,#7354,#7355));
#3442=EDGE_LOOP('',(#7356,#7357,#7358,#7359));
#3443=EDGE_LOOP('',(#7360,#7361,#7362,#7363));
#3444=EDGE_LOOP('',(#7364,#7365,#7366,#7367));
#3445=EDGE_LOOP('',(#7368,#7369,#7370,#7371));
#3446=EDGE_LOOP('',(#7372,#7373,#7374,#7375));
#3447=EDGE_LOOP('',(#7376,#7377,#7378,#7379));
#3448=EDGE_LOOP('',(#7380,#7381,#7382,#7383));
#3449=EDGE_LOOP('',(#7384,#7385,#7386,#7387));
#3450=EDGE_LOOP('',(#7388,#7389,#7390,#7391));
#3451=EDGE_LOOP('',(#7392,#7393,#7394,#7395));
#3452=EDGE_LOOP('',(#7396,#7397,#7398,#7399));
#3453=EDGE_LOOP('',(#7400,#7401,#7402,#7403));
#3454=EDGE_LOOP('',(#7404,#7405,#7406,#7407));
#3455=EDGE_LOOP('',(#7408,#7409,#7410,#7411));
#3456=EDGE_LOOP('',(#7412,#7413,#7414,#7415));
#3457=EDGE_LOOP('',(#7416,#7417,#7418,#7419));
#3458=EDGE_LOOP('',(#7420,#7421,#7422,#7423));
#3459=EDGE_LOOP('',(#7424,#7425,#7426,#7427));
#3460=EDGE_LOOP('',(#7428,#7429,#7430,#7431));
#3461=EDGE_LOOP('',(#7432,#7433,#7434,#7435));
#3462=EDGE_LOOP('',(#7436,#7437,#7438,#7439));
#3463=EDGE_LOOP('',(#7440,#7441,#7442,#7443));
#3464=EDGE_LOOP('',(#7444,#7445,#7446,#7447));
#3465=EDGE_LOOP('',(#7448,#7449,#7450,#7451));
#3466=EDGE_LOOP('',(#7452,#7453,#7454,#7455));
#3467=EDGE_LOOP('',(#7456,#7457,#7458,#7459));
#3468=EDGE_LOOP('',(#7460,#7461,#7462,#7463));
#3469=EDGE_LOOP('',(#7464,#7465,#7466,#7467));
#3470=EDGE_LOOP('',(#7468,#7469,#7470,#7471));
#3471=EDGE_LOOP('',(#7472,#7473,#7474,#7475));
#3472=EDGE_LOOP('',(#7476,#7477,#7478,#7479));
#3473=EDGE_LOOP('',(#7480,#7481,#7482,#7483));
#3474=EDGE_LOOP('',(#7484,#7485,#7486,#7487));
#3475=EDGE_LOOP('',(#7488,#7489,#7490,#7491));
#3476=EDGE_LOOP('',(#7492,#7493,#7494,#7495));
#3477=EDGE_LOOP('',(#7496,#7497,#7498,#7499));
#3478=EDGE_LOOP('',(#7500,#7501,#7502,#7503));
#3479=EDGE_LOOP('',(#7504,#7505,#7506,#7507));
#3480=EDGE_LOOP('',(#7508,#7509,#7510,#7511));
#3481=EDGE_LOOP('',(#7512,#7513,#7514,#7515));
#3482=EDGE_LOOP('',(#7516,#7517,#7518,#7519));
#3483=EDGE_LOOP('',(#7520,#7521,#7522,#7523));
#3484=EDGE_LOOP('',(#7524,#7525,#7526,#7527));
#3485=EDGE_LOOP('',(#7528,#7529,#7530,#7531));
#3486=EDGE_LOOP('',(#7532,#7533,#7534,#7535));
#3487=EDGE_LOOP('',(#7536,#7537,#7538,#7539));
#3488=EDGE_LOOP('',(#7540,#7541,#7542,#7543));
#3489=EDGE_LOOP('',(#7544,#7545,#7546,#7547));
#3490=EDGE_LOOP('',(#7548,#7549,#7550,#7551));
#3491=EDGE_LOOP('',(#7552,#7553,#7554,#7555));
#3492=EDGE_LOOP('',(#7556,#7557,#7558,#7559));
#3493=EDGE_LOOP('',(#7560,#7561,#7562,#7563));
#3494=EDGE_LOOP('',(#7564,#7565,#7566,#7567));
#3495=EDGE_LOOP('',(#7568,#7569,#7570,#7571));
#3496=EDGE_LOOP('',(#7572,#7573,#7574,#7575));
#3497=EDGE_LOOP('',(#7576,#7577,#7578,#7579));
#3498=EDGE_LOOP('',(#7580,#7581,#7582,#7583));
#3499=EDGE_LOOP('',(#7584,#7585,#7586,#7587));
#3500=EDGE_LOOP('',(#7588,#7589,#7590,#7591));
#3501=EDGE_LOOP('',(#7592,#7593,#7594,#7595));
#3502=EDGE_LOOP('',(#7596,#7597,#7598,#7599));
#3503=EDGE_LOOP('',(#7600,#7601,#7602,#7603));
#3504=EDGE_LOOP('',(#7604,#7605,#7606,#7607));
#3505=EDGE_LOOP('',(#7608,#7609,#7610,#7611));
#3506=EDGE_LOOP('',(#7612,#7613,#7614,#7615));
#3507=EDGE_LOOP('',(#7616,#7617,#7618,#7619));
#3508=EDGE_LOOP('',(#7620,#7621,#7622,#7623));
#3509=EDGE_LOOP('',(#7624,#7625,#7626,#7627));
#3510=EDGE_LOOP('',(#7628,#7629,#7630,#7631));
#3511=EDGE_LOOP('',(#7632,#7633,#7634,#7635));
#3512=EDGE_LOOP('',(#7636,#7637,#7638,#7639));
#3513=EDGE_LOOP('',(#7640,#7641,#7642,#7643));
#3514=EDGE_LOOP('',(#7644,#7645,#7646,#7647));
#3515=EDGE_LOOP('',(#7648,#7649,#7650,#7651));
#3516=EDGE_LOOP('',(#7652,#7653,#7654,#7655));
#3517=EDGE_LOOP('',(#7656,#7657,#7658,#7659));
#3518=EDGE_LOOP('',(#7660,#7661,#7662,#7663));
#3519=EDGE_LOOP('',(#7664,#7665,#7666,#7667));
#3520=EDGE_LOOP('',(#7668,#7669,#7670,#7671));
#3521=EDGE_LOOP('',(#7672,#7673,#7674,#7675));
#3522=EDGE_LOOP('',(#7676,#7677,#7678,#7679));
#3523=EDGE_LOOP('',(#7680,#7681,#7682,#7683));
#3524=EDGE_LOOP('',(#7684,#7685,#7686,#7687));
#3525=EDGE_LOOP('',(#7688,#7689,#7690,#7691));
#3526=EDGE_LOOP('',(#7692,#7693,#7694,#7695));
#3527=EDGE_LOOP('',(#7696,#7697,#7698,#7699));
#3528=EDGE_LOOP('',(#7700,#7701,#7702,#7703));
#3529=EDGE_LOOP('',(#7704,#7705,#7706,#7707));
#3530=EDGE_LOOP('',(#7708,#7709,#7710,#7711));
#3531=EDGE_LOOP('',(#7712,#7713,#7714,#7715));
#3532=EDGE_LOOP('',(#7716,#7717,#7718,#7719));
#3533=EDGE_LOOP('',(#7720,#7721,#7722,#7723));
#3534=EDGE_LOOP('',(#7724,#7725,#7726,#7727));
#3535=EDGE_LOOP('',(#7728,#7729,#7730,#7731));
#3536=EDGE_LOOP('',(#7732,#7733,#7734,#7735));
#3537=EDGE_LOOP('',(#7736,#7737,#7738,#7739));
#3538=EDGE_LOOP('',(#7740,#7741,#7742,#7743));
#3539=EDGE_LOOP('',(#7744,#7745,#7746,#7747));
#3540=EDGE_LOOP('',(#7748,#7749,#7750,#7751));
#3541=EDGE_LOOP('',(#7752,#7753,#7754,#7755));
#3542=EDGE_LOOP('',(#7756,#7757,#7758,#7759));
#3543=EDGE_LOOP('',(#7760,#7761,#7762,#7763));
#3544=EDGE_LOOP('',(#7764,#7765,#7766,#7767));
#3545=EDGE_LOOP('',(#7768,#7769,#7770,#7771));
#3546=EDGE_LOOP('',(#7772,#7773,#7774,#7775));
#3547=EDGE_LOOP('',(#7776,#7777,#7778,#7779));
#3548=EDGE_LOOP('',(#7780,#7781,#7782,#7783));
#3549=EDGE_LOOP('',(#7784,#7785,#7786,#7787));
#3550=EDGE_LOOP('',(#7788,#7789,#7790,#7791));
#3551=EDGE_LOOP('',(#7792,#7793,#7794,#7795));
#3552=EDGE_LOOP('',(#7796,#7797,#7798,#7799));
#3553=EDGE_LOOP('',(#7800,#7801,#7802,#7803));
#3554=EDGE_LOOP('',(#7804,#7805,#7806,#7807));
#3555=EDGE_LOOP('',(#7808,#7809,#7810,#7811));
#3556=EDGE_LOOP('',(#7812,#7813,#7814,#7815));
#3557=EDGE_LOOP('',(#7816,#7817,#7818,#7819));
#3558=EDGE_LOOP('',(#7820,#7821,#7822,#7823));
#3559=EDGE_LOOP('',(#7824,#7825,#7826,#7827));
#3560=EDGE_LOOP('',(#7828,#7829,#7830,#7831));
#3561=EDGE_LOOP('',(#7832,#7833,#7834,#7835));
#3562=EDGE_LOOP('',(#7836,#7837,#7838,#7839));
#3563=EDGE_LOOP('',(#7840,#7841,#7842,#7843));
#3564=EDGE_LOOP('',(#7844,#7845,#7846,#7847));
#3565=EDGE_LOOP('',(#7848,#7849,#7850,#7851));
#3566=EDGE_LOOP('',(#7852,#7853,#7854,#7855));
#3567=EDGE_LOOP('',(#7856,#7857,#7858,#7859));
#3568=EDGE_LOOP('',(#7860,#7861,#7862,#7863));
#3569=EDGE_LOOP('',(#7864,#7865,#7866,#7867));
#3570=EDGE_LOOP('',(#7868,#7869,#7870,#7871));
#3571=EDGE_LOOP('',(#7872,#7873,#7874,#7875));
#3572=EDGE_LOOP('',(#7876,#7877,#7878,#7879));
#3573=EDGE_LOOP('',(#7880,#7881,#7882,#7883));
#3574=EDGE_LOOP('',(#7884,#7885,#7886,#7887,#7888,#7889,#7890,#7891,#7892,
#7893,#7894,#7895,#7896,#7897,#7898,#7899,#7900,#7901,#7902,#7903,#7904,
#7905,#7906,#7907,#7908,#7909,#7910,#7911,#7912,#7913,#7914,#7915,#7916,
#7917,#7918,#7919,#7920,#7921,#7922,#7923,#7924,#7925,#7926,#7927,#7928,
#7929,#7930,#7931,#7932,#7933,#7934,#7935,#7936,#7937,#7938,#7939,#7940,
#7941,#7942,#7943,#7944,#7945,#7946,#7947,#7948,#7949,#7950,#7951,#7952,
#7953,#7954,#7955,#7956,#7957,#7958,#7959,#7960,#7961,#7962,#7963,#7964,
#7965,#7966,#7967,#7968,#7969,#7970,#7971,#7972,#7973,#7974,#7975,#7976,
#7977,#7978,#7979,#7980,#7981,#7982,#7983,#7984,#7985,#7986,#7987,#7988,
#7989,#7990,#7991,#7992,#7993,#7994,#7995,#7996,#7997,#7998,#7999,#8000,
#8001,#8002,#8003,#8004,#8005,#8006,#8007,#8008,#8009,#8010,#8011,#8012,
#8013,#8014,#8015,#8016,#8017,#8018,#8019,#8020,#8021,#8022,#8023,#8024,
#8025,#8026));
#3575=EDGE_LOOP('',(#8027,#8028,#8029,#8030,#8031,#8032,#8033,#8034,#8035,
#8036,#8037,#8038,#8039,#8040,#8041,#8042,#8043,#8044,#8045,#8046,#8047,
#8048,#8049,#8050,#8051,#8052,#8053,#8054,#8055,#8056,#8057,#8058,#8059,
#8060,#8061,#8062,#8063,#8064,#8065,#8066,#8067,#8068,#8069,#8070,#8071,
#8072,#8073,#8074,#8075,#8076,#8077,#8078,#8079,#8080,#8081,#8082,#8083,
#8084,#8085,#8086,#8087,#8088,#8089,#8090,#8091,#8092,#8093,#8094,#8095,
#8096,#8097,#8098,#8099,#8100,#8101,#8102,#8103,#8104,#8105,#8106,#8107,
#8108,#8109,#8110,#8111,#8112,#8113,#8114,#8115,#8116,#8117,#8118,#8119,
#8120,#8121,#8122,#8123,#8124,#8125,#8126,#8127,#8128,#8129,#8130,#8131,
#8132,#8133,#8134,#8135,#8136,#8137,#8138,#8139,#8140,#8141,#8142,#8143,
#8144,#8145,#8146,#8147,#8148,#8149,#8150,#8151,#8152,#8153,#8154,#8155,
#8156,#8157,#8158,#8159,#8160,#8161,#8162,#8163,#8164,#8165,#8166,#8167,
#8168,#8169,#8170,#8171,#8172,#8173,#8174));
#3576=EDGE_LOOP('',(#8175,#8176,#8177,#8178));
#3577=EDGE_LOOP('',(#8179,#8180,#8181,#8182));
#3578=EDGE_LOOP('',(#8183,#8184,#8185,#8186));
#3579=EDGE_LOOP('',(#8187,#8188,#8189,#8190));
#3580=EDGE_LOOP('',(#8191,#8192,#8193,#8194));
#3581=EDGE_LOOP('',(#8195,#8196,#8197,#8198));
#3582=EDGE_LOOP('',(#8199,#8200,#8201,#8202));
#3583=EDGE_LOOP('',(#8203,#8204,#8205,#8206));
#3584=EDGE_LOOP('',(#8207,#8208,#8209,#8210));
#3585=EDGE_LOOP('',(#8211,#8212,#8213,#8214));
#3586=EDGE_LOOP('',(#8215,#8216,#8217,#8218));
#3587=EDGE_LOOP('',(#8219,#8220,#8221,#8222));
#3588=EDGE_LOOP('',(#8223,#8224,#8225,#8226));
#3589=EDGE_LOOP('',(#8227,#8228,#8229,#8230));
#3590=EDGE_LOOP('',(#8231,#8232,#8233,#8234));
#3591=EDGE_LOOP('',(#8235,#8236,#8237,#8238));
#3592=EDGE_LOOP('',(#8239,#8240,#8241,#8242));
#3593=EDGE_LOOP('',(#8243,#8244,#8245,#8246));
#3594=EDGE_LOOP('',(#8247,#8248,#8249,#8250));
#3595=EDGE_LOOP('',(#8251,#8252,#8253,#8254));
#3596=EDGE_LOOP('',(#8255,#8256,#8257,#8258));
#3597=EDGE_LOOP('',(#8259,#8260,#8261,#8262));
#3598=EDGE_LOOP('',(#8263,#8264,#8265,#8266));
#3599=EDGE_LOOP('',(#8267,#8268,#8269,#8270));
#3600=EDGE_LOOP('',(#8271,#8272,#8273,#8274));
#3601=EDGE_LOOP('',(#8275,#8276,#8277,#8278));
#3602=EDGE_LOOP('',(#8279,#8280,#8281,#8282));
#3603=EDGE_LOOP('',(#8283,#8284,#8285,#8286));
#3604=EDGE_LOOP('',(#8287,#8288,#8289,#8290));
#3605=EDGE_LOOP('',(#8291,#8292,#8293,#8294));
#3606=EDGE_LOOP('',(#8295,#8296,#8297,#8298));
#3607=EDGE_LOOP('',(#8299,#8300,#8301,#8302));
#3608=EDGE_LOOP('',(#8303,#8304,#8305,#8306));
#3609=EDGE_LOOP('',(#8307,#8308,#8309,#8310));
#3610=EDGE_LOOP('',(#8311,#8312,#8313,#8314));
#3611=EDGE_LOOP('',(#8315,#8316,#8317,#8318));
#3612=EDGE_LOOP('',(#8319,#8320,#8321,#8322));
#3613=EDGE_LOOP('',(#8323,#8324,#8325,#8326));
#3614=EDGE_LOOP('',(#8327,#8328,#8329,#8330));
#3615=EDGE_LOOP('',(#8331,#8332,#8333,#8334));
#3616=EDGE_LOOP('',(#8335,#8336,#8337,#8338));
#3617=EDGE_LOOP('',(#8339,#8340,#8341,#8342));
#3618=EDGE_LOOP('',(#8343,#8344,#8345,#8346));
#3619=EDGE_LOOP('',(#8347,#8348,#8349,#8350));
#3620=EDGE_LOOP('',(#8351,#8352,#8353,#8354));
#3621=EDGE_LOOP('',(#8355,#8356,#8357,#8358));
#3622=EDGE_LOOP('',(#8359,#8360,#8361,#8362));
#3623=EDGE_LOOP('',(#8363,#8364,#8365,#8366));
#3624=EDGE_LOOP('',(#8367,#8368,#8369,#8370));
#3625=EDGE_LOOP('',(#8371,#8372,#8373,#8374));
#3626=EDGE_LOOP('',(#8375,#8376,#8377,#8378));
#3627=EDGE_LOOP('',(#8379,#8380,#8381,#8382));
#3628=EDGE_LOOP('',(#8383,#8384,#8385,#8386));
#3629=EDGE_LOOP('',(#8387,#8388,#8389,#8390));
#3630=EDGE_LOOP('',(#8391,#8392,#8393,#8394));
#3631=EDGE_LOOP('',(#8395,#8396,#8397,#8398));
#3632=EDGE_LOOP('',(#8399,#8400,#8401,#8402));
#3633=EDGE_LOOP('',(#8403,#8404,#8405,#8406));
#3634=EDGE_LOOP('',(#8407,#8408,#8409,#8410));
#3635=EDGE_LOOP('',(#8411,#8412,#8413,#8414));
#3636=EDGE_LOOP('',(#8415,#8416,#8417,#8418));
#3637=EDGE_LOOP('',(#8419,#8420,#8421,#8422));
#3638=EDGE_LOOP('',(#8423,#8424,#8425,#8426));
#3639=EDGE_LOOP('',(#8427,#8428,#8429,#8430));
#3640=EDGE_LOOP('',(#8431,#8432,#8433,#8434));
#3641=EDGE_LOOP('',(#8435,#8436,#8437,#8438));
#3642=EDGE_LOOP('',(#8439,#8440,#8441,#8442));
#3643=EDGE_LOOP('',(#8443,#8444,#8445,#8446));
#3644=EDGE_LOOP('',(#8447,#8448,#8449,#8450));
#3645=EDGE_LOOP('',(#8451,#8452,#8453,#8454));
#3646=EDGE_LOOP('',(#8455,#8456,#8457,#8458));
#3647=EDGE_LOOP('',(#8459,#8460,#8461,#8462));
#3648=EDGE_LOOP('',(#8463,#8464,#8465,#8466));
#3649=EDGE_LOOP('',(#8467,#8468,#8469,#8470));
#3650=EDGE_LOOP('',(#8471,#8472,#8473,#8474));
#3651=EDGE_LOOP('',(#8475,#8476,#8477,#8478));
#3652=EDGE_LOOP('',(#8479,#8480,#8481,#8482));
#3653=EDGE_LOOP('',(#8483,#8484,#8485,#8486,#8487,#8488,#8489,#8490,#8491,
#8492,#8493,#8494,#8495,#8496,#8497,#8498,#8499,#8500,#8501,#8502,#8503,
#8504,#8505,#8506,#8507,#8508,#8509,#8510,#8511,#8512,#8513,#8514,#8515,
#8516,#8517,#8518,#8519,#8520,#8521,#8522,#8523,#8524,#8525,#8526,#8527,
#8528,#8529,#8530,#8531,#8532,#8533,#8534,#8535,#8536,#8537,#8538,#8539,
#8540,#8541,#8542,#8543,#8544,#8545,#8546,#8547,#8548,#8549,#8550,#8551,
#8552,#8553,#8554,#8555,#8556,#8557,#8558,#8559,#8560,#8561,#8562,#8563,
#8564,#8565,#8566,#8567,#8568,#8569,#8570,#8571,#8572,#8573,#8574,#8575,
#8576,#8577,#8578,#8579,#8580,#8581,#8582,#8583,#8584,#8585,#8586,#8587,
#8588,#8589,#8590,#8591,#8592,#8593,#8594,#8595,#8596,#8597,#8598,#8599,
#8600,#8601,#8602,#8603,#8604,#8605,#8606,#8607,#8608,#8609,#8610,#8611,
#8612,#8613,#8614));
#3654=EDGE_LOOP('',(#8615,#8616,#8617,#8618,#8619,#8620,#8621,#8622,#8623,
#8624,#8625,#8626,#8627,#8628,#8629,#8630,#8631,#8632,#8633,#8634,#8635,
#8636,#8637,#8638,#8639,#8640,#8641,#8642,#8643,#8644,#8645,#8646,#8647,
#8648,#8649,#8650,#8651,#8652,#8653,#8654,#8655,#8656,#8657,#8658,#8659,
#8660,#8661,#8662,#8663,#8664,#8665,#8666,#8667,#8668,#8669,#8670,#8671,
#8672,#8673,#8674,#8675,#8676,#8677,#8678,#8679,#8680,#8681,#8682,#8683,
#8684,#8685,#8686,#8687,#8688,#8689,#8690,#8691,#8692,#8693,#8694,#8695,
#8696,#8697,#8698,#8699,#8700,#8701,#8702,#8703,#8704,#8705,#8706,#8707,
#8708,#8709,#8710,#8711,#8712,#8713,#8714,#8715,#8716,#8717,#8718,#8719,
#8720,#8721,#8722,#8723,#8724,#8725,#8726,#8727,#8728,#8729,#8730,#8731,
#8732,#8733,#8734,#8735,#8736,#8737,#8738,#8739,#8740,#8741,#8742,#8743,
#8744,#8745,#8746,#8747,#8748,#8749,#8750,#8751,#8752,#8753,#8754,#8755,
#8756,#8757,#8758,#8759,#8760,#8761,#8762));
#3655=EDGE_LOOP('',(#8763,#8764,#8765,#8766));
#3656=EDGE_LOOP('',(#8767,#8768,#8769,#8770));
#3657=EDGE_LOOP('',(#8771,#8772,#8773,#8774));
#3658=EDGE_LOOP('',(#8775,#8776,#8777,#8778));
#3659=EDGE_LOOP('',(#8779,#8780,#8781,#8782));
#3660=EDGE_LOOP('',(#8783,#8784,#8785,#8786));
#3661=EDGE_LOOP('',(#8787,#8788,#8789,#8790));
#3662=EDGE_LOOP('',(#8791,#8792,#8793,#8794));
#3663=EDGE_LOOP('',(#8795,#8796,#8797,#8798));
#3664=EDGE_LOOP('',(#8799,#8800,#8801,#8802));
#3665=EDGE_LOOP('',(#8803,#8804,#8805,#8806));
#3666=EDGE_LOOP('',(#8807,#8808,#8809,#8810));
#3667=EDGE_LOOP('',(#8811,#8812,#8813,#8814));
#3668=EDGE_LOOP('',(#8815,#8816,#8817,#8818));
#3669=EDGE_LOOP('',(#8819,#8820,#8821,#8822));
#3670=EDGE_LOOP('',(#8823,#8824,#8825,#8826));
#3671=EDGE_LOOP('',(#8827,#8828,#8829,#8830));
#3672=EDGE_LOOP('',(#8831,#8832,#8833,#8834));
#3673=EDGE_LOOP('',(#8835,#8836,#8837,#8838));
#3674=EDGE_LOOP('',(#8839,#8840,#8841,#8842));
#3675=EDGE_LOOP('',(#8843,#8844,#8845,#8846));
#3676=EDGE_LOOP('',(#8847,#8848,#8849,#8850));
#3677=EDGE_LOOP('',(#8851,#8852,#8853,#8854));
#3678=EDGE_LOOP('',(#8855,#8856,#8857,#8858));
#3679=EDGE_LOOP('',(#8859,#8860,#8861,#8862));
#3680=EDGE_LOOP('',(#8863,#8864,#8865,#8866));
#3681=EDGE_LOOP('',(#8867,#8868,#8869,#8870));
#3682=EDGE_LOOP('',(#8871,#8872,#8873,#8874));
#3683=EDGE_LOOP('',(#8875,#8876,#8877,#8878));
#3684=EDGE_LOOP('',(#8879,#8880,#8881,#8882));
#3685=EDGE_LOOP('',(#8883,#8884,#8885,#8886));
#3686=EDGE_LOOP('',(#8887,#8888,#8889,#8890));
#3687=EDGE_LOOP('',(#8891,#8892,#8893,#8894));
#3688=EDGE_LOOP('',(#8895,#8896,#8897,#8898));
#3689=EDGE_LOOP('',(#8899,#8900,#8901,#8902));
#3690=EDGE_LOOP('',(#8903,#8904,#8905,#8906));
#3691=EDGE_LOOP('',(#8907,#8908,#8909,#8910));
#3692=EDGE_LOOP('',(#8911,#8912,#8913,#8914));
#3693=EDGE_LOOP('',(#8915,#8916,#8917,#8918));
#3694=EDGE_LOOP('',(#8919,#8920,#8921,#8922));
#3695=EDGE_LOOP('',(#8923,#8924,#8925,#8926));
#3696=EDGE_LOOP('',(#8927,#8928,#8929,#8930));
#3697=EDGE_LOOP('',(#8931,#8932,#8933,#8934));
#3698=EDGE_LOOP('',(#8935,#8936,#8937,#8938));
#3699=EDGE_LOOP('',(#8939,#8940,#8941,#8942));
#3700=EDGE_LOOP('',(#8943,#8944,#8945,#8946));
#3701=EDGE_LOOP('',(#8947,#8948,#8949,#8950));
#3702=EDGE_LOOP('',(#8951,#8952,#8953,#8954));
#3703=EDGE_LOOP('',(#8955,#8956,#8957,#8958));
#3704=EDGE_LOOP('',(#8959,#8960,#8961,#8962));
#3705=EDGE_LOOP('',(#8963,#8964,#8965,#8966));
#3706=EDGE_LOOP('',(#8967,#8968,#8969,#8970));
#3707=EDGE_LOOP('',(#8971,#8972,#8973,#8974));
#3708=EDGE_LOOP('',(#8975,#8976,#8977,#8978));
#3709=EDGE_LOOP('',(#8979,#8980,#8981,#8982));
#3710=EDGE_LOOP('',(#8983,#8984,#8985,#8986));
#3711=EDGE_LOOP('',(#8987,#8988,#8989,#8990));
#3712=EDGE_LOOP('',(#8991,#8992,#8993,#8994));
#3713=EDGE_LOOP('',(#8995,#8996,#8997,#8998));
#3714=EDGE_LOOP('',(#8999,#9000,#9001,#9002));
#3715=EDGE_LOOP('',(#9003,#9004,#9005,#9006));
#3716=EDGE_LOOP('',(#9007,#9008,#9009,#9010));
#3717=EDGE_LOOP('',(#9011,#9012,#9013,#9014));
#3718=EDGE_LOOP('',(#9015,#9016,#9017,#9018));
#3719=EDGE_LOOP('',(#9019,#9020,#9021,#9022));
#3720=EDGE_LOOP('',(#9023,#9024,#9025,#9026));
#3721=EDGE_LOOP('',(#9027,#9028,#9029,#9030));
#3722=EDGE_LOOP('',(#9031,#9032,#9033,#9034));
#3723=EDGE_LOOP('',(#9035,#9036,#9037,#9038));
#3724=EDGE_LOOP('',(#9039,#9040,#9041,#9042));
#3725=EDGE_LOOP('',(#9043,#9044,#9045,#9046));
#3726=EDGE_LOOP('',(#9047,#9048,#9049,#9050));
#3727=EDGE_LOOP('',(#9051,#9052,#9053,#9054));
#3728=EDGE_LOOP('',(#9055,#9056,#9057,#9058));
#3729=EDGE_LOOP('',(#9059,#9060,#9061,#9062));
#3730=EDGE_LOOP('',(#9063,#9064,#9065,#9066));
#3731=EDGE_LOOP('',(#9067,#9068,#9069,#9070));
#3732=EDGE_LOOP('',(#9071,#9072,#9073,#9074));
#3733=EDGE_LOOP('',(#9075,#9076,#9077,#9078));
#3734=EDGE_LOOP('',(#9079,#9080,#9081,#9082));
#3735=EDGE_LOOP('',(#9083,#9084,#9085,#9086));
#3736=EDGE_LOOP('',(#9087,#9088,#9089,#9090));
#3737=EDGE_LOOP('',(#9091,#9092,#9093,#9094));
#3738=EDGE_LOOP('',(#9095,#9096,#9097,#9098));
#3739=EDGE_LOOP('',(#9099,#9100,#9101,#9102));
#3740=EDGE_LOOP('',(#9103,#9104,#9105,#9106));
#3741=EDGE_LOOP('',(#9107,#9108,#9109,#9110));
#3742=EDGE_LOOP('',(#9111,#9112,#9113,#9114));
#3743=EDGE_LOOP('',(#9115,#9116,#9117,#9118));
#3744=EDGE_LOOP('',(#9119,#9120,#9121,#9122));
#3745=EDGE_LOOP('',(#9123,#9124,#9125,#9126));
#3746=EDGE_LOOP('',(#9127,#9128,#9129,#9130));
#3747=EDGE_LOOP('',(#9131,#9132,#9133,#9134));
#3748=EDGE_LOOP('',(#9135,#9136,#9137,#9138));
#3749=EDGE_LOOP('',(#9139,#9140,#9141,#9142));
#3750=EDGE_LOOP('',(#9143,#9144,#9145,#9146));
#3751=EDGE_LOOP('',(#9147,#9148,#9149,#9150));
#3752=EDGE_LOOP('',(#9151,#9152,#9153,#9154));
#3753=EDGE_LOOP('',(#9155,#9156,#9157,#9158));
#3754=EDGE_LOOP('',(#9159,#9160,#9161,#9162));
#3755=EDGE_LOOP('',(#9163,#9164,#9165,#9166));
#3756=EDGE_LOOP('',(#9167,#9168,#9169,#9170));
#3757=EDGE_LOOP('',(#9171,#9172,#9173,#9174));
#3758=EDGE_LOOP('',(#9175,#9176,#9177,#9178));
#3759=EDGE_LOOP('',(#9179,#9180,#9181,#9182));
#3760=EDGE_LOOP('',(#9183,#9184,#9185,#9186));
#3761=EDGE_LOOP('',(#9187,#9188,#9189,#9190));
#3762=EDGE_LOOP('',(#9191,#9192,#9193,#9194));
#3763=EDGE_LOOP('',(#9195,#9196,#9197,#9198));
#3764=EDGE_LOOP('',(#9199,#9200,#9201,#9202));
#3765=EDGE_LOOP('',(#9203,#9204,#9205,#9206));
#3766=EDGE_LOOP('',(#9207,#9208,#9209,#9210));
#3767=EDGE_LOOP('',(#9211,#9212,#9213,#9214));
#3768=EDGE_LOOP('',(#9215,#9216,#9217,#9218));
#3769=EDGE_LOOP('',(#9219,#9220,#9221,#9222));
#3770=EDGE_LOOP('',(#9223,#9224,#9225,#9226));
#3771=EDGE_LOOP('',(#9227,#9228,#9229,#9230));
#3772=EDGE_LOOP('',(#9231,#9232,#9233,#9234));
#3773=EDGE_LOOP('',(#9235,#9236,#9237,#9238));
#3774=EDGE_LOOP('',(#9239,#9240,#9241,#9242));
#3775=EDGE_LOOP('',(#9243,#9244,#9245,#9246));
#3776=EDGE_LOOP('',(#9247,#9248,#9249,#9250));
#3777=EDGE_LOOP('',(#9251,#9252,#9253,#9254));
#3778=EDGE_LOOP('',(#9255,#9256,#9257,#9258));
#3779=EDGE_LOOP('',(#9259,#9260,#9261,#9262));
#3780=EDGE_LOOP('',(#9263,#9264,#9265,#9266));
#3781=EDGE_LOOP('',(#9267,#9268,#9269,#9270));
#3782=EDGE_LOOP('',(#9271,#9272,#9273,#9274));
#3783=EDGE_LOOP('',(#9275,#9276,#9277,#9278));
#3784=EDGE_LOOP('',(#9279,#9280,#9281,#9282));
#3785=EDGE_LOOP('',(#9283,#9284,#9285,#9286));
#3786=EDGE_LOOP('',(#9287,#9288,#9289,#9290));
#3787=EDGE_LOOP('',(#9291,#9292,#9293,#9294));
#3788=EDGE_LOOP('',(#9295,#9296,#9297,#9298));
#3789=EDGE_LOOP('',(#9299,#9300,#9301,#9302));
#3790=EDGE_LOOP('',(#9303,#9304,#9305,#9306));
#3791=EDGE_LOOP('',(#9307,#9308,#9309,#9310));
#3792=EDGE_LOOP('',(#9311,#9312,#9313,#9314));
#3793=EDGE_LOOP('',(#9315,#9316,#9317,#9318));
#3794=EDGE_LOOP('',(#9319,#9320,#9321,#9322));
#3795=EDGE_LOOP('',(#9323,#9324,#9325,#9326));
#3796=EDGE_LOOP('',(#9327,#9328,#9329,#9330));
#3797=EDGE_LOOP('',(#9331,#9332,#9333,#9334));
#3798=EDGE_LOOP('',(#9335,#9336,#9337,#9338));
#3799=EDGE_LOOP('',(#9339,#9340,#9341,#9342));
#3800=EDGE_LOOP('',(#9343,#9344,#9345,#9346));
#3801=EDGE_LOOP('',(#9347,#9348,#9349,#9350));
#3802=EDGE_LOOP('',(#9351,#9352,#9353,#9354));
#3803=EDGE_LOOP('',(#9355,#9356,#9357,#9358));
#3804=EDGE_LOOP('',(#9359,#9360,#9361,#9362));
#3805=EDGE_LOOP('',(#9363,#9364,#9365,#9366));
#3806=EDGE_LOOP('',(#9367,#9368,#9369,#9370));
#3807=EDGE_LOOP('',(#9371,#9372,#9373,#9374));
#3808=EDGE_LOOP('',(#9375,#9376,#9377,#9378));
#3809=EDGE_LOOP('',(#9379,#9380,#9381,#9382));
#3810=EDGE_LOOP('',(#9383,#9384,#9385,#9386));
#3811=EDGE_LOOP('',(#9387,#9388,#9389,#9390));
#3812=EDGE_LOOP('',(#9391,#9392,#9393,#9394));
#3813=EDGE_LOOP('',(#9395,#9396,#9397,#9398));
#3814=EDGE_LOOP('',(#9399,#9400,#9401,#9402));
#3815=EDGE_LOOP('',(#9403,#9404,#9405,#9406));
#3816=EDGE_LOOP('',(#9407,#9408,#9409,#9410));
#3817=EDGE_LOOP('',(#9411,#9412,#9413,#9414));
#3818=EDGE_LOOP('',(#9415,#9416,#9417,#9418));
#3819=EDGE_LOOP('',(#9419,#9420,#9421,#9422));
#3820=EDGE_LOOP('',(#9423,#9424,#9425,#9426));
#3821=EDGE_LOOP('',(#9427,#9428,#9429,#9430));
#3822=EDGE_LOOP('',(#9431,#9432,#9433,#9434));
#3823=EDGE_LOOP('',(#9435,#9436,#9437,#9438));
#3824=EDGE_LOOP('',(#9439,#9440,#9441,#9442));
#3825=EDGE_LOOP('',(#9443,#9444,#9445,#9446));
#3826=EDGE_LOOP('',(#9447,#9448,#9449,#9450));
#3827=EDGE_LOOP('',(#9451,#9452,#9453,#9454));
#3828=EDGE_LOOP('',(#9455,#9456,#9457,#9458));
#3829=EDGE_LOOP('',(#9459,#9460,#9461,#9462));
#3830=EDGE_LOOP('',(#9463,#9464,#9465,#9466));
#3831=EDGE_LOOP('',(#9467,#9468,#9469,#9470));
#3832=EDGE_LOOP('',(#9471,#9472,#9473,#9474));
#3833=EDGE_LOOP('',(#9475,#9476,#9477,#9478));
#3834=EDGE_LOOP('',(#9479,#9480,#9481,#9482));
#3835=EDGE_LOOP('',(#9483,#9484,#9485,#9486));
#3836=EDGE_LOOP('',(#9487,#9488,#9489,#9490));
#3837=EDGE_LOOP('',(#9491,#9492,#9493,#9494));
#3838=EDGE_LOOP('',(#9495,#9496,#9497,#9498));
#3839=EDGE_LOOP('',(#9499,#9500,#9501,#9502));
#3840=EDGE_LOOP('',(#9503,#9504,#9505,#9506));
#3841=EDGE_LOOP('',(#9507,#9508,#9509,#9510));
#3842=EDGE_LOOP('',(#9511,#9512,#9513,#9514));
#3843=EDGE_LOOP('',(#9515,#9516,#9517,#9518));
#3844=EDGE_LOOP('',(#9519,#9520,#9521,#9522));
#3845=EDGE_LOOP('',(#9523,#9524,#9525,#9526));
#3846=EDGE_LOOP('',(#9527,#9528,#9529,#9530));
#3847=EDGE_LOOP('',(#9531,#9532,#9533,#9534));
#3848=EDGE_LOOP('',(#9535,#9536,#9537,#9538));
#3849=EDGE_LOOP('',(#9539,#9540,#9541,#9542));
#3850=EDGE_LOOP('',(#9543,#9544,#9545,#9546));
#3851=EDGE_LOOP('',(#9547,#9548,#9549,#9550));
#3852=EDGE_LOOP('',(#9551,#9552,#9553,#9554));
#3853=EDGE_LOOP('',(#9555,#9556,#9557,#9558));
#3854=EDGE_LOOP('',(#9559,#9560,#9561,#9562));
#3855=EDGE_LOOP('',(#9563,#9564,#9565,#9566));
#3856=EDGE_LOOP('',(#9567,#9568,#9569,#9570));
#3857=EDGE_LOOP('',(#9571,#9572,#9573,#9574));
#3858=EDGE_LOOP('',(#9575,#9576,#9577,#9578));
#3859=EDGE_LOOP('',(#9579,#9580,#9581,#9582));
#3860=EDGE_LOOP('',(#9583,#9584,#9585,#9586));
#3861=EDGE_LOOP('',(#9587,#9588,#9589,#9590));
#3862=EDGE_LOOP('',(#9591,#9592,#9593,#9594));
#3863=EDGE_LOOP('',(#9595,#9596,#9597,#9598));
#3864=EDGE_LOOP('',(#9599,#9600,#9601,#9602));
#3865=EDGE_LOOP('',(#9603,#9604,#9605,#9606));
#3866=EDGE_LOOP('',(#9607,#9608,#9609,#9610));
#3867=EDGE_LOOP('',(#9611,#9612,#9613,#9614));
#3868=EDGE_LOOP('',(#9615,#9616,#9617,#9618));
#3869=EDGE_LOOP('',(#9619,#9620,#9621,#9622));
#3870=EDGE_LOOP('',(#9623,#9624,#9625,#9626));
#3871=EDGE_LOOP('',(#9627,#9628,#9629,#9630));
#3872=EDGE_LOOP('',(#9631,#9632,#9633,#9634));
#3873=EDGE_LOOP('',(#9635,#9636,#9637,#9638));
#3874=EDGE_LOOP('',(#9639,#9640,#9641,#9642));
#3875=EDGE_LOOP('',(#9643,#9644,#9645,#9646));
#3876=EDGE_LOOP('',(#9647,#9648,#9649,#9650));
#3877=EDGE_LOOP('',(#9651,#9652,#9653,#9654));
#3878=EDGE_LOOP('',(#9655,#9656,#9657,#9658));
#3879=EDGE_LOOP('',(#9659,#9660,#9661,#9662));
#3880=EDGE_LOOP('',(#9663,#9664,#9665,#9666));
#3881=EDGE_LOOP('',(#9667,#9668,#9669,#9670));
#3882=EDGE_LOOP('',(#9671,#9672,#9673,#9674));
#3883=EDGE_LOOP('',(#9675,#9676,#9677,#9678));
#3884=EDGE_LOOP('',(#9679,#9680,#9681,#9682));
#3885=EDGE_LOOP('',(#9683,#9684,#9685,#9686));
#3886=EDGE_LOOP('',(#9687,#9688,#9689,#9690));
#3887=EDGE_LOOP('',(#9691,#9692,#9693,#9694));
#3888=EDGE_LOOP('',(#9695,#9696,#9697,#9698));
#3889=EDGE_LOOP('',(#9699,#9700,#9701,#9702));
#3890=EDGE_LOOP('',(#9703,#9704,#9705,#9706));
#3891=EDGE_LOOP('',(#9707,#9708,#9709,#9710));
#3892=EDGE_LOOP('',(#9711,#9712,#9713,#9714));
#3893=EDGE_LOOP('',(#9715,#9716,#9717,#9718));
#3894=EDGE_LOOP('',(#9719,#9720,#9721,#9722));
#3895=EDGE_LOOP('',(#9723,#9724,#9725,#9726));
#3896=EDGE_LOOP('',(#9727,#9728,#9729,#9730));
#3897=EDGE_LOOP('',(#9731,#9732,#9733,#9734));
#3898=EDGE_LOOP('',(#9735,#9736,#9737,#9738));
#3899=EDGE_LOOP('',(#9739,#9740,#9741,#9742));
#3900=EDGE_LOOP('',(#9743,#9744,#9745,#9746));
#3901=EDGE_LOOP('',(#9747,#9748,#9749,#9750));
#3902=EDGE_LOOP('',(#9751,#9752,#9753,#9754));
#3903=EDGE_LOOP('',(#9755,#9756,#9757,#9758));
#3904=EDGE_LOOP('',(#9759,#9760,#9761,#9762));
#3905=EDGE_LOOP('',(#9763,#9764,#9765,#9766));
#3906=EDGE_LOOP('',(#9767,#9768,#9769,#9770));
#3907=EDGE_LOOP('',(#9771,#9772,#9773,#9774));
#3908=EDGE_LOOP('',(#9775,#9776,#9777,#9778));
#3909=EDGE_LOOP('',(#9779,#9780,#9781,#9782));
#3910=EDGE_LOOP('',(#9783,#9784,#9785,#9786));
#3911=EDGE_LOOP('',(#9787,#9788,#9789,#9790));
#3912=EDGE_LOOP('',(#9791,#9792,#9793,#9794));
#3913=EDGE_LOOP('',(#9795,#9796,#9797,#9798));
#3914=EDGE_LOOP('',(#9799,#9800,#9801,#9802));
#3915=EDGE_LOOP('',(#9803,#9804,#9805,#9806));
#3916=EDGE_LOOP('',(#9807,#9808,#9809,#9810));
#3917=EDGE_LOOP('',(#9811,#9812,#9813,#9814));
#3918=EDGE_LOOP('',(#9815,#9816,#9817,#9818));
#3919=EDGE_LOOP('',(#9819,#9820,#9821,#9822));
#3920=EDGE_LOOP('',(#9823,#9824,#9825,#9826));
#3921=EDGE_LOOP('',(#9827,#9828,#9829,#9830));
#3922=EDGE_LOOP('',(#9831,#9832,#9833,#9834));
#3923=EDGE_LOOP('',(#9835,#9836,#9837,#9838));
#3924=EDGE_LOOP('',(#9839,#9840,#9841,#9842));
#3925=EDGE_LOOP('',(#9843,#9844,#9845,#9846,#9847));
#3926=EDGE_LOOP('',(#9848,#9849,#9850,#9851));
#3927=EDGE_LOOP('',(#9852,#9853,#9854,#9855));
#3928=EDGE_LOOP('',(#9856,#9857,#9858,#9859));
#3929=EDGE_LOOP('',(#9860,#9861,#9862,#9863));
#3930=EDGE_LOOP('',(#9864,#9865,#9866,#9867,#9868));
#3931=EDGE_LOOP('',(#9869,#9870,#9871,#9872));
#3932=EDGE_LOOP('',(#9873,#9874,#9875,#9876));
#3933=EDGE_LOOP('',(#9877,#9878,#9879,#9880));
#3934=EDGE_LOOP('',(#9881,#9882,#9883,#9884));
#3935=EDGE_LOOP('',(#9885,#9886,#9887,#9888));
#3936=EDGE_LOOP('',(#9889,#9890,#9891,#9892));
#3937=EDGE_LOOP('',(#9893,#9894,#9895,#9896));
#3938=EDGE_LOOP('',(#9897,#9898,#9899,#9900));
#3939=EDGE_LOOP('',(#9901,#9902,#9903,#9904));
#3940=EDGE_LOOP('',(#9905,#9906,#9907,#9908));
#3941=EDGE_LOOP('',(#9909,#9910,#9911,#9912));
#3942=EDGE_LOOP('',(#9913,#9914,#9915,#9916));
#3943=EDGE_LOOP('',(#9917,#9918,#9919,#9920));
#3944=EDGE_LOOP('',(#9921,#9922,#9923,#9924));
#3945=EDGE_LOOP('',(#9925,#9926,#9927,#9928));
#3946=EDGE_LOOP('',(#9929,#9930,#9931,#9932));
#3947=EDGE_LOOP('',(#9933,#9934,#9935,#9936));
#3948=EDGE_LOOP('',(#9937,#9938,#9939,#9940,#9941,#9942,#9943,#9944));
#3949=EDGE_LOOP('',(#9945,#9946,#9947,#9948));
#3950=EDGE_LOOP('',(#9949,#9950,#9951,#9952));
#3951=EDGE_LOOP('',(#9953,#9954,#9955,#9956));
#3952=EDGE_LOOP('',(#9957,#9958,#9959,#9960));
#3953=EDGE_LOOP('',(#9961,#9962,#9963,#9964));
#3954=EDGE_LOOP('',(#9965,#9966,#9967,#9968));
#3955=EDGE_LOOP('',(#9969,#9970,#9971,#9972));
#3956=EDGE_LOOP('',(#9973,#9974,#9975,#9976));
#3957=EDGE_LOOP('',(#9977,#9978,#9979,#9980));
#3958=EDGE_LOOP('',(#9981,#9982,#9983,#9984));
#3959=EDGE_LOOP('',(#9985,#9986,#9987,#9988));
#3960=EDGE_LOOP('',(#9989,#9990,#9991,#9992));
#3961=EDGE_LOOP('',(#9993,#9994,#9995,#9996));
#3962=EDGE_LOOP('',(#9997,#9998,#9999,#10000));
#3963=EDGE_LOOP('',(#10001,#10002,#10003,#10004));
#3964=EDGE_LOOP('',(#10005,#10006,#10007,#10008));
#3965=EDGE_LOOP('',(#10009,#10010,#10011,#10012));
#3966=EDGE_LOOP('',(#10013,#10014,#10015,#10016));
#3967=EDGE_LOOP('',(#10017,#10018,#10019,#10020));
#3968=EDGE_LOOP('',(#10021,#10022,#10023,#10024));
#3969=EDGE_LOOP('',(#10025,#10026,#10027,#10028));
#3970=EDGE_LOOP('',(#10029,#10030,#10031,#10032));
#3971=EDGE_LOOP('',(#10033,#10034,#10035,#10036));
#3972=EDGE_LOOP('',(#10037,#10038,#10039,#10040));
#3973=EDGE_LOOP('',(#10041,#10042,#10043,#10044));
#3974=EDGE_LOOP('',(#10045,#10046,#10047,#10048));
#3975=EDGE_LOOP('',(#10049,#10050,#10051,#10052));
#3976=EDGE_LOOP('',(#10053,#10054,#10055,#10056));
#3977=EDGE_LOOP('',(#10057,#10058,#10059,#10060));
#3978=EDGE_LOOP('',(#10061,#10062,#10063,#10064));
#3979=EDGE_LOOP('',(#10065,#10066,#10067,#10068));
#3980=EDGE_LOOP('',(#10069,#10070,#10071,#10072));
#3981=EDGE_LOOP('',(#10073,#10074,#10075,#10076));
#3982=EDGE_LOOP('',(#10077,#10078,#10079,#10080));
#3983=EDGE_LOOP('',(#10081,#10082,#10083,#10084));
#3984=CIRCLE('',#10674,0.4);
#3985=CIRCLE('',#10675,6.5);
#3986=CIRCLE('',#10676,0.400000000000004);
#3987=CIRCLE('',#10677,6.1);
#3988=CIRCLE('',#10679,2.4);
#3989=CIRCLE('',#10680,2.);
#3990=CIRCLE('',#10682,1.25);
#3991=CIRCLE('',#10683,1.65);
#3992=CIRCLE('',#10685,2.);
#3993=CIRCLE('',#10687,6.5);
#3994=CIRCLE('',#10689,4.4);
#3995=CIRCLE('',#10690,0.4);
#3996=CIRCLE('',#10691,4.);
#3997=CIRCLE('',#10692,4.);
#3998=CIRCLE('',#10694,4.);
#3999=CIRCLE('',#10696,5.05564603857433);
#4000=CIRCLE('',#10697,5.09275958224618);
#4001=CIRCLE('',#10698,5.62945494867682);
#4002=CIRCLE('',#10699,6.50166295701783);
#4003=CIRCLE('',#10700,7.54879740307468);
#4004=CIRCLE('',#10702,1.25);
#4005=CIRCLE('',#10704,7.54879740307468);
#4006=CIRCLE('',#10708,5.09275958224618);
#4007=CIRCLE('',#10711,5.05564603857433);
#4008=CIRCLE('',#10714,1.55);
#4009=CIRCLE('',#10715,1.55);
#4010=CIRCLE('',#10717,1.54999999999999);
#4011=CIRCLE('',#10718,1.54999999999999);
#4012=CIRCLE('',#10721,0.575395404020912);
#4013=CIRCLE('',#10722,0.579128515654391);
#4014=CIRCLE('',#10723,0.691472407818237);
#4015=CIRCLE('',#10724,3.39675158648065);
#4016=CIRCLE('',#10725,3.64100399920236);
#4017=CIRCLE('',#10726,4.08233992464749);
#4018=CIRCLE('',#10727,4.69318369164217);
#4019=CIRCLE('',#10728,5.33885843355673);
#4020=CIRCLE('',#10729,5.79785072596492);
#4021=CIRCLE('',#10730,5.55737139589167);
#4022=CIRCLE('',#10731,4.92954099166367);
#4023=CIRCLE('',#10732,6.6295410417394);
#4024=CIRCLE('',#10733,7.25737139589167);
#4025=CIRCLE('',#10734,7.49785072596492);
#4026=CIRCLE('',#10735,7.03885843355674);
#4027=CIRCLE('',#10736,6.39318369164216);
#4028=CIRCLE('',#10737,5.78233992464749);
#4029=CIRCLE('',#10738,5.34100399920236);
#4030=CIRCLE('',#10739,5.09675158648067);
#4031=CIRCLE('',#10740,2.84339767322194);
#4032=CIRCLE('',#10741,2.8952461146952);
#4033=CIRCLE('',#10742,6.46807646296178);
#4034=CIRCLE('',#10743,6.20299324319114);
#4035=CIRCLE('',#10744,6.31687752779298);
#4036=CIRCLE('',#10745,6.1596705206505);
#4037=CIRCLE('',#10746,6.17499935659958);
#4038=CIRCLE('',#10747,2.82804783076821);
#4039=CIRCLE('',#10748,2.79946441639261);
#4040=CIRCLE('',#10749,6.36307051044428);
#4041=CIRCLE('',#10750,6.12626149609237);
#4042=CIRCLE('',#10751,6.3394581033856);
#4043=CIRCLE('',#10752,6.38622539322662);
#4044=CIRCLE('',#10753,6.22664022007137);
#4045=CIRCLE('',#10754,6.26487412164072);
#4046=CIRCLE('',#10755,2.9056577775819);
#4047=CIRCLE('',#10756,2.89637174923727);
#4048=CIRCLE('',#10757,6.4724168106306);
#4049=CIRCLE('',#10758,6.22147688413431);
#4050=CIRCLE('',#10759,6.39530771838026);
#4051=CIRCLE('',#10760,6.30204107813404);
#4052=CIRCLE('',#10761,6.11836171458949);
#4053=CIRCLE('',#10762,6.32304684992312);
#4054=CIRCLE('',#10763,2.80851500564895);
#4055=CIRCLE('',#10764,6.39755779107947);
#4056=CIRCLE('',#10765,6.14541141271507);
#4057=CIRCLE('',#10766,6.32492053661127);
#4058=CIRCLE('',#10767,6.23021858608778);
#4059=CIRCLE('',#10768,6.20104093585151);
#4060=CIRCLE('',#10769,2.89660820899188);
#4061=CIRCLE('',#10770,2.85089000361342);
#4062=CIRCLE('',#10771,5.34318536452978);
#4063=CIRCLE('',#10772,5.73873116770588);
#4064=CIRCLE('',#10773,6.33667133241652);
#4065=CIRCLE('',#10774,6.98419556255992);
#4066=CIRCLE('',#10775,7.47697092141391);
#4067=CIRCLE('',#10776,7.35434836435051);
#4068=CIRCLE('',#10777,6.8304824322);
#4069=CIRCLE('',#10778,5.1304824322);
#4070=CIRCLE('',#10779,5.65434836435051);
#4071=CIRCLE('',#10780,5.77697092141392);
#4072=CIRCLE('',#10781,5.28419556255992);
#4073=CIRCLE('',#10782,4.63667133241653);
#4074=CIRCLE('',#10783,4.03873116770588);
#4075=CIRCLE('',#10784,3.64318527778248);
#4076=CIRCLE('',#10785,5.84879740307467);
#4077=CIRCLE('',#10786,4.80166295701783);
#4078=CIRCLE('',#10787,3.92945494867682);
#4079=CIRCLE('',#10788,3.39275958224619);
#4080=CIRCLE('',#10789,3.35564603857433);
#4081=CIRCLE('',#10790,0.709197741529357);
#4082=CIRCLE('',#10791,0.589251343698127);
#4083=CIRCLE('',#10792,4.55089000361342);
#4084=CIRCLE('',#10793,4.59660820899188);
#4085=CIRCLE('',#10794,4.50104093585152);
#4086=CIRCLE('',#10795,4.53021858608778);
#4087=CIRCLE('',#10796,4.62492053661127);
#4088=CIRCLE('',#10797,4.44541141271508);
#4089=CIRCLE('',#10798,4.69755769828153);
#4090=CIRCLE('',#10799,4.50851500564896);
#4091=CIRCLE('',#10800,4.62304684992312);
#4092=CIRCLE('',#10801,4.41836171458948);
#4093=CIRCLE('',#10802,4.60204107813405);
#4094=CIRCLE('',#10803,4.69530771838025);
#4095=CIRCLE('',#10804,4.52147688413431);
#4096=CIRCLE('',#10805,4.77241672033939);
#4097=CIRCLE('',#10806,4.5963717492631);
#4098=CIRCLE('',#10807,4.6056577775819);
#4099=CIRCLE('',#10808,4.56487412164074);
#4100=CIRCLE('',#10809,4.52664022007136);
#4101=CIRCLE('',#10810,4.68622539322663);
#4102=CIRCLE('',#10811,4.6394581033856);
#4103=CIRCLE('',#10812,4.42626149609234);
#4104=CIRCLE('',#10813,4.66307042153668);
#4105=CIRCLE('',#10814,4.49946441657446);
#4106=CIRCLE('',#10815,4.52804783076821);
#4107=CIRCLE('',#10816,4.47499935659958);
#4108=CIRCLE('',#10817,4.4596705206505);
#4109=CIRCLE('',#10818,4.616877527793);
#4110=CIRCLE('',#10819,4.50299324319115);
#4111=CIRCLE('',#10820,4.76807637814574);
#4112=CIRCLE('',#10821,4.59524611493393);
#4113=CIRCLE('',#10822,4.54339767322193);
#4114=CIRCLE('',#10824,4.66307042153668);
#4115=CIRCLE('',#10827,4.42626149609234);
#4116=CIRCLE('',#10830,4.6394581033856);
#4117=CIRCLE('',#10833,4.68622539322663);
#4118=CIRCLE('',#10836,4.52664022007136);
#4119=CIRCLE('',#10839,4.56487412164074);
#4120=CIRCLE('',#10844,4.6056577775819);
#4121=CIRCLE('',#10847,4.5963717492631);
#4122=CIRCLE('',#10850,4.77241672033939);
#4123=CIRCLE('',#10853,4.52147688413431);
#4124=CIRCLE('',#10856,4.69530771838025);
#4125=CIRCLE('',#10859,4.60204107813405);
#4126=CIRCLE('',#10862,4.41836171458948);
#4127=CIRCLE('',#10865,4.62304684992312);
#4128=CIRCLE('',#10868,4.50851500564896);
#4129=CIRCLE('',#10874,4.69755769828153);
#4130=CIRCLE('',#10877,4.44541141271508);
#4131=CIRCLE('',#10880,4.62492053661127);
#4132=CIRCLE('',#10883,4.53021858608778);
#4133=CIRCLE('',#10886,4.50104093585152);
#4134=CIRCLE('',#10892,4.59660820899188);
#4135=CIRCLE('',#10895,4.55089000361342);
#4136=CIRCLE('',#10902,0.589251343698127);
#4137=CIRCLE('',#10905,0.709197741529357);
#4138=CIRCLE('',#10908,3.35564603857433);
#4139=CIRCLE('',#10911,3.39275958224619);
#4140=CIRCLE('',#10914,3.92945494867682);
#4141=CIRCLE('',#10917,4.80166295701783);
#4142=CIRCLE('',#10920,5.84879740307467);
#4143=CIRCLE('',#10926,3.64318527778248);
#4144=CIRCLE('',#10929,4.03873116770588);
#4145=CIRCLE('',#10932,4.63667133241653);
#4146=CIRCLE('',#10935,5.28419556255992);
#4147=CIRCLE('',#10938,5.77697092141392);
#4148=CIRCLE('',#10941,5.65434836435051);
#4149=CIRCLE('',#10944,5.1304824322);
#4150=CIRCLE('',#10947,4.92954099166367);
#4151=CIRCLE('',#10950,5.55737139589167);
#4152=CIRCLE('',#10953,5.79785072596492);
#4153=CIRCLE('',#10956,5.33885843355673);
#4154=CIRCLE('',#10959,4.69318369164217);
#4155=CIRCLE('',#10962,4.08233992464749);
#4156=CIRCLE('',#10965,3.64100399920236);
#4157=CIRCLE('',#10978,3.39675158648065);
#4158=CIRCLE('',#10983,0.691472407818237);
#4159=CIRCLE('',#10986,0.579128515654391);
#4160=CIRCLE('',#10989,0.575395404020912);
#4161=CIRCLE('',#10993,4.54339767322193);
#4162=CIRCLE('',#10996,4.59524611493393);
#4163=CIRCLE('',#10999,4.76807637814574);
#4164=CIRCLE('',#11002,4.50299324319115);
#4165=CIRCLE('',#11005,4.616877527793);
#4166=CIRCLE('',#11008,4.4596705206505);
#4167=CIRCLE('',#11011,4.47499935659958);
#4168=CIRCLE('',#11016,4.52804783076821);
#4169=CIRCLE('',#11019,4.49946441657446);
#4170=CIRCLE('',#11022,6.35089000361301);
#4171=CIRCLE('',#11023,6.396608208992);
#4172=CIRCLE('',#11024,2.70104093585298);
#4173=CIRCLE('',#11025,2.730218586087);
#4174=CIRCLE('',#11026,2.8249205366083);
#4175=CIRCLE('',#11027,2.64541141271144);
#4176=CIRCLE('',#11028,2.89755769827791);
#4177=CIRCLE('',#11029,6.30851500564901);
#4178=CIRCLE('',#11030,2.82304730231081);
#4179=CIRCLE('',#11031,2.61836171456424);
#4180=CIRCLE('',#11032,2.80204107813251);
#4181=CIRCLE('',#11033,2.89530771837821);
#4182=CIRCLE('',#11034,2.72147688412819);
#4183=CIRCLE('',#11035,2.97241672034286);
#4184=CIRCLE('',#11036,6.39637174923701);
#4185=CIRCLE('',#11037,6.405657777582);
#4186=CIRCLE('',#11038,2.76487412164008);
#4187=CIRCLE('',#11039,2.72664022007016);
#4188=CIRCLE('',#11040,2.88622539322923);
#4189=CIRCLE('',#11041,2.8394581034027);
#4190=CIRCLE('',#11042,2.62626149609781);
#4191=CIRCLE('',#11043,2.86307042154861);
#4192=CIRCLE('',#11044,6.299464416392);
#4193=CIRCLE('',#11045,6.32804783076899);
#4194=CIRCLE('',#11046,2.67499935659733);
#4195=CIRCLE('',#11047,2.65967052065278);
#4196=CIRCLE('',#11048,2.81687752779529);
#4197=CIRCLE('',#11049,2.70299324319603);
#4198=CIRCLE('',#11050,2.96807637814741);
#4199=CIRCLE('',#11051,6.39524611469499);
#4200=CIRCLE('',#11052,6.34339767322198);
#4201=CIRCLE('',#11053,2.37539540205099);
#4202=CIRCLE('',#11054,2.37912851565402);
#4203=CIRCLE('',#11055,2.491472407818);
#4204=CIRCLE('',#11056,1.59675158648229);
#4205=CIRCLE('',#11057,1.84100414426797);
#4206=CIRCLE('',#11058,2.282339924649);
#4207=CIRCLE('',#11059,2.89318369164718);
#4208=CIRCLE('',#11060,3.53885843355299);
#4209=CIRCLE('',#11061,3.99785072596377);
#4210=CIRCLE('',#11062,3.75737139589304);
#4211=CIRCLE('',#11063,3.12954099166653);
#4212=CIRCLE('',#11064,3.33048243220188);
#4213=CIRCLE('',#11065,3.85434836435111);
#4214=CIRCLE('',#11066,3.97697092141507);
#4215=CIRCLE('',#11067,3.48419556256044);
#4216=CIRCLE('',#11068,2.8366713324178);
#4217=CIRCLE('',#11069,2.23873116770546);
#4218=CIRCLE('',#11070,1.84318527778095);
#4219=CIRCLE('',#11071,4.04879740307367);
#4220=CIRCLE('',#11072,3.00166295701477);
#4221=CIRCLE('',#11073,2.12945494867331);
#4222=CIRCLE('',#11074,1.59275958224305);
#4223=CIRCLE('',#11075,1.5556460385738);
#4224=CIRCLE('',#11076,2.50919774152901);
#4225=CIRCLE('',#11077,2.389251343698);
#4226=CIRCLE('',#11080,2.96807637814741);
#4227=CIRCLE('',#11083,2.70299324319603);
#4228=CIRCLE('',#11086,2.81687752779529);
#4229=CIRCLE('',#11089,2.65967052065278);
#4230=CIRCLE('',#11092,2.67499935659733);
#4231=CIRCLE('',#11097,6.32804783076899);
#4232=CIRCLE('',#11100,6.299464416392);
#4233=CIRCLE('',#11103,2.86307042154861);
#4234=CIRCLE('',#11106,2.62626149609781);
#4235=CIRCLE('',#11109,2.8394581034027);
#4236=CIRCLE('',#11112,2.88622539322923);
#4237=CIRCLE('',#11115,2.72664022007016);
#4238=CIRCLE('',#11118,2.76487412164008);
#4239=CIRCLE('',#11123,6.405657777582);
#4240=CIRCLE('',#11126,6.39637174923701);
#4241=CIRCLE('',#11129,2.97241672034286);
#4242=CIRCLE('',#11132,2.72147688412819);
#4243=CIRCLE('',#11135,2.89530771837821);
#4244=CIRCLE('',#11138,2.80204107813251);
#4245=CIRCLE('',#11141,2.61836171456424);
#4246=CIRCLE('',#11144,2.82304730231081);
#4247=CIRCLE('',#11147,6.30851500564901);
#4248=CIRCLE('',#11153,2.89755769827791);
#4249=CIRCLE('',#11156,2.64541141271144);
#4250=CIRCLE('',#11159,2.8249205366083);
#4251=CIRCLE('',#11162,2.730218586087);
#4252=CIRCLE('',#11165,2.70104093585298);
#4253=CIRCLE('',#11171,6.396608208992);
#4254=CIRCLE('',#11174,6.35089000361301);
#4255=CIRCLE('',#11183,2.85089000361342);
#4256=CIRCLE('',#11186,4.89660820899187);
#4257=CIRCLE('',#11187,4.20104093585151);
#4258=CIRCLE('',#11188,4.23021858608779);
#4259=CIRCLE('',#11189,4.32492053661128);
#4260=CIRCLE('',#11190,4.14541141271506);
#4261=CIRCLE('',#11191,4.39755779107947);
#4262=CIRCLE('',#11192,4.80851500564895);
#4263=CIRCLE('',#11193,4.32304684992312);
#4264=CIRCLE('',#11194,4.11836171458948);
#4265=CIRCLE('',#11195,4.30204107813403);
#4266=CIRCLE('',#11196,4.39530771838025);
#4267=CIRCLE('',#11197,4.22147688413431);
#4268=CIRCLE('',#11198,4.4724168106306);
#4269=CIRCLE('',#11199,4.89637174923728);
#4270=CIRCLE('',#11200,4.90565777758191);
#4271=CIRCLE('',#11201,4.26487412164071);
#4272=CIRCLE('',#11202,4.22664022007136);
#4273=CIRCLE('',#11203,4.38622539322664);
#4274=CIRCLE('',#11204,4.33945810338559);
#4275=CIRCLE('',#11205,4.12626149609233);
#4276=CIRCLE('',#11206,4.36307051044427);
#4277=CIRCLE('',#11207,4.79946441639258);
#4278=CIRCLE('',#11208,4.82804783076822);
#4279=CIRCLE('',#11209,4.17499935659959);
#4280=CIRCLE('',#11210,4.15967052065051);
#4281=CIRCLE('',#11211,4.31687752779297);
#4282=CIRCLE('',#11212,4.20299324319115);
#4283=CIRCLE('',#11213,4.46807646296177);
#4284=CIRCLE('',#11214,4.8952461146952);
#4285=CIRCLE('',#11215,4.84339767322195);
#4286=CIRCLE('',#11216,3.09675158648069);
#4287=CIRCLE('',#11217,3.34100399920236);
#4288=CIRCLE('',#11218,3.78233992464748);
#4289=CIRCLE('',#11219,4.39318369164215);
#4290=CIRCLE('',#11220,5.03885843355674);
#4291=CIRCLE('',#11221,5.49785072596492);
#4292=CIRCLE('',#11222,5.25737139589167);
#4293=CIRCLE('',#11223,4.6295410417394);
#4294=CIRCLE('',#11224,4.83048243220001);
#4295=CIRCLE('',#11225,5.35434836435051);
#4296=CIRCLE('',#11226,5.47697092141391);
#4297=CIRCLE('',#11227,4.98419556255993);
#4298=CIRCLE('',#11228,4.33667133241652);
#4299=CIRCLE('',#11229,3.73873116770587);
#4300=CIRCLE('',#11230,3.34318536452979);
#4301=CIRCLE('',#11231,5.54879740307468);
#4302=CIRCLE('',#11232,4.50166295701782);
#4303=CIRCLE('',#11233,3.62945494867684);
#4304=CIRCLE('',#11234,3.09275958224618);
#4305=CIRCLE('',#11235,3.05564603857433);
#4306=CIRCLE('',#11236,4.85089000361342);
#4307=CIRCLE('',#11237,2.389251343698);
#4308=CIRCLE('',#11238,2.50919774152901);
#4309=CIRCLE('',#11239,1.5556460385738);
#4310=CIRCLE('',#11240,1.59275958224305);
#4311=CIRCLE('',#11241,2.12945494867331);
#4312=CIRCLE('',#11242,3.00166295701477);
#4313=CIRCLE('',#11243,4.04879740307367);
#4314=CIRCLE('',#11244,1.84318527778095);
#4315=CIRCLE('',#11245,2.23873116770546);
#4316=CIRCLE('',#11246,2.8366713324178);
#4317=CIRCLE('',#11247,3.48419556256044);
#4318=CIRCLE('',#11248,3.97697092141507);
#4319=CIRCLE('',#11249,3.85434836435111);
#4320=CIRCLE('',#11250,3.33048243220188);
#4321=CIRCLE('',#11251,3.12954099166653);
#4322=CIRCLE('',#11252,3.75737139589304);
#4323=CIRCLE('',#11253,3.99785072596377);
#4324=CIRCLE('',#11254,3.53885843355299);
#4325=CIRCLE('',#11255,2.89318369164718);
#4326=CIRCLE('',#11256,2.282339924649);
#4327=CIRCLE('',#11257,1.84100414426797);
#4328=CIRCLE('',#11258,1.59675158648229);
#4329=CIRCLE('',#11259,2.491472407818);
#4330=CIRCLE('',#11260,2.37912851565402);
#4331=CIRCLE('',#11261,2.37539540205099);
#4332=CIRCLE('',#11262,6.34339767322198);
#4333=CIRCLE('',#11263,6.39524611469499);
#4334=CIRCLE('',#11265,2.89660820899188);
#4335=CIRCLE('',#11271,6.20104093585151);
#4336=CIRCLE('',#11274,6.23021858608778);
#4337=CIRCLE('',#11277,6.32492053661127);
#4338=CIRCLE('',#11280,6.14541141271507);
#4339=CIRCLE('',#11283,6.39755779107947);
#4340=CIRCLE('',#11289,2.80851500564895);
#4341=CIRCLE('',#11292,6.32304684992312);
#4342=CIRCLE('',#11295,6.11836171458949);
#4343=CIRCLE('',#11298,6.30204107813404);
#4344=CIRCLE('',#11301,6.39530771838026);
#4345=CIRCLE('',#11304,6.22147688413431);
#4346=CIRCLE('',#11307,6.4724168106306);
#4347=CIRCLE('',#11310,2.89637174923727);
#4348=CIRCLE('',#11313,2.9056577775819);
#4349=CIRCLE('',#11318,6.26487412164072);
#4350=CIRCLE('',#11321,6.22664022007137);
#4351=CIRCLE('',#11324,6.38622539322662);
#4352=CIRCLE('',#11327,6.3394581033856);
#4353=CIRCLE('',#11330,6.12626149609237);
#4354=CIRCLE('',#11333,6.36307051044428);
#4355=CIRCLE('',#11336,2.79946441639261);
#4356=CIRCLE('',#11339,2.82804783076821);
#4357=CIRCLE('',#11344,6.17499935659958);
#4358=CIRCLE('',#11347,6.1596705206505);
#4359=CIRCLE('',#11350,6.31687752779298);
#4360=CIRCLE('',#11353,6.20299324319114);
#4361=CIRCLE('',#11356,2.8952461146952);
#4362=CIRCLE('',#11359,2.84339767322194);
#4363=CIRCLE('',#11366,5.09675158648067);
#4364=CIRCLE('',#11381,5.34100399920236);
#4365=CIRCLE('',#11384,5.78233992464749);
#4366=CIRCLE('',#11387,6.39318369164216);
#4367=CIRCLE('',#11391,7.03885843355674);
#4368=CIRCLE('',#11394,7.49785072596492);
#4369=CIRCLE('',#11398,7.25737139589167);
#4370=CIRCLE('',#11401,6.6295410417394);
#4371=CIRCLE('',#11405,6.8304824322);
#4372=CIRCLE('',#11408,7.47697092141391);
#4373=CIRCLE('',#11411,6.98419556255992);
#4374=CIRCLE('',#11415,6.33667133241652);
#4375=CIRCLE('',#11418,5.73873116770588);
#4376=CIRCLE('',#11423,5.34318536452978);
#4377=CIRCLE('',#11429,5.62945494867682);
#4378=CIRCLE('',#11449,6.50166295701783);
#4379=CIRCLE('',#11468,7.35434836435051);
#4380=CIRCLE('',#11503,6.46807646296178);
#4381=VERTEX_POINT('',#14662);
#4382=VERTEX_POINT('',#14663);
#4383=VERTEX_POINT('',#14665);
#4384=VERTEX_POINT('',#14667);
#4385=VERTEX_POINT('',#14671);
#4386=VERTEX_POINT('',#14672);
#4387=VERTEX_POINT('',#14688);
#4388=VERTEX_POINT('',#14689);
#4389=VERTEX_POINT('',#14705);
#4390=VERTEX_POINT('',#14707);
#4391=VERTEX_POINT('',#14711);
#4392=VERTEX_POINT('',#14715);
#4393=VERTEX_POINT('',#14717);
#4394=VERTEX_POINT('',#14719);
#4395=VERTEX_POINT('',#14723);
#4396=VERTEX_POINT('',#14727);
#4397=VERTEX_POINT('',#14729);
#4398=VERTEX_POINT('',#14731);
#4399=VERTEX_POINT('',#14733);
#4400=VERTEX_POINT('',#14735);
#4401=VERTEX_POINT('',#14737);
#4402=VERTEX_POINT('',#14739);
#4403=VERTEX_POINT('',#14741);
#4404=VERTEX_POINT('',#14743);
#4405=VERTEX_POINT('',#14747);
#4406=VERTEX_POINT('',#14751);
#4407=VERTEX_POINT('',#14753);
#4408=VERTEX_POINT('',#14757);
#4409=VERTEX_POINT('',#14759);
#4410=VERTEX_POINT('',#14763);
#4411=VERTEX_POINT('',#14765);
#4412=VERTEX_POINT('',#14769);
#4413=VERTEX_POINT('',#14773);
#4414=VERTEX_POINT('',#14779);
#4415=VERTEX_POINT('',#14780);
#4416=VERTEX_POINT('',#14782);
#4417=VERTEX_POINT('',#14784);
#4418=VERTEX_POINT('',#14788);
#4419=VERTEX_POINT('',#14790);
#4420=VERTEX_POINT('',#14794);
#4421=VERTEX_POINT('',#14796);
#4422=VERTEX_POINT('',#14800);
#4423=VERTEX_POINT('',#14802);
#4424=VERTEX_POINT('',#14804);
#4425=VERTEX_POINT('',#14806);
#4426=VERTEX_POINT('',#14810);
#4427=VERTEX_POINT('',#14811);
#4428=VERTEX_POINT('',#14813);
#4429=VERTEX_POINT('',#14815);
#4430=VERTEX_POINT('',#14817);
#4431=VERTEX_POINT('',#14819);
#4432=VERTEX_POINT('',#14821);
#4433=VERTEX_POINT('',#14823);
#4434=VERTEX_POINT('',#14825);
#4435=VERTEX_POINT('',#14827);
#4436=VERTEX_POINT('',#14829);
#4437=VERTEX_POINT('',#14831);
#4438=VERTEX_POINT('',#14833);
#4439=VERTEX_POINT('',#14835);
#4440=VERTEX_POINT('',#14837);
#4441=VERTEX_POINT('',#14839);
#4442=VERTEX_POINT('',#14841);
#4443=VERTEX_POINT('',#14843);
#4444=VERTEX_POINT('',#14845);
#4445=VERTEX_POINT('',#14847);
#4446=VERTEX_POINT('',#14849);
#4447=VERTEX_POINT('',#14851);
#4448=VERTEX_POINT('',#14853);
#4449=VERTEX_POINT('',#14855);
#4450=VERTEX_POINT('',#14857);
#4451=VERTEX_POINT('',#14859);
#4452=VERTEX_POINT('',#14861);
#4453=VERTEX_POINT('',#14863);
#4454=VERTEX_POINT('',#14865);
#4455=VERTEX_POINT('',#14867);
#4456=VERTEX_POINT('',#14869);
#4457=VERTEX_POINT('',#14871);
#4458=VERTEX_POINT('',#14873);
#4459=VERTEX_POINT('',#14875);
#4460=VERTEX_POINT('',#14877);
#4461=VERTEX_POINT('',#14880);
#4462=VERTEX_POINT('',#14882);
#4463=VERTEX_POINT('',#14884);
#4464=VERTEX_POINT('',#14886);
#4465=VERTEX_POINT('',#14888);
#4466=VERTEX_POINT('',#14890);
#4467=VERTEX_POINT('',#14892);
#4468=VERTEX_POINT('',#14894);
#4469=VERTEX_POINT('',#14896);
#4470=VERTEX_POINT('',#14898);
#4471=VERTEX_POINT('',#14900);
#4472=VERTEX_POINT('',#14902);
#4473=VERTEX_POINT('',#14904);
#4474=VERTEX_POINT('',#14906);
#4475=VERTEX_POINT('',#14908);
#4476=VERTEX_POINT('',#14910);
#4477=VERTEX_POINT('',#14912);
#4478=VERTEX_POINT('',#14914);
#4479=VERTEX_POINT('',#14916);
#4480=VERTEX_POINT('',#14918);
#4481=VERTEX_POINT('',#14920);
#4482=VERTEX_POINT('',#14922);
#4483=VERTEX_POINT('',#14924);
#4484=VERTEX_POINT('',#14926);
#4485=VERTEX_POINT('',#14928);
#4486=VERTEX_POINT('',#14930);
#4487=VERTEX_POINT('',#14932);
#4488=VERTEX_POINT('',#14934);
#4489=VERTEX_POINT('',#14936);
#4490=VERTEX_POINT('',#14938);
#4491=VERTEX_POINT('',#14940);
#4492=VERTEX_POINT('',#14942);
#4493=VERTEX_POINT('',#14944);
#4494=VERTEX_POINT('',#14946);
#4495=VERTEX_POINT('',#14948);
#4496=VERTEX_POINT('',#14950);
#4497=VERTEX_POINT('',#14952);
#4498=VERTEX_POINT('',#14954);
#4499=VERTEX_POINT('',#14956);
#4500=VERTEX_POINT('',#14958);
#4501=VERTEX_POINT('',#14960);
#4502=VERTEX_POINT('',#14962);
#4503=VERTEX_POINT('',#14964);
#4504=VERTEX_POINT('',#14966);
#4505=VERTEX_POINT('',#14968);
#4506=VERTEX_POINT('',#14970);
#4507=VERTEX_POINT('',#14972);
#4508=VERTEX_POINT('',#14974);
#4509=VERTEX_POINT('',#14976);
#4510=VERTEX_POINT('',#14978);
#4511=VERTEX_POINT('',#14980);
#4512=VERTEX_POINT('',#14982);
#4513=VERTEX_POINT('',#14984);
#4514=VERTEX_POINT('',#14986);
#4515=VERTEX_POINT('',#14988);
#4516=VERTEX_POINT('',#14990);
#4517=VERTEX_POINT('',#14992);
#4518=VERTEX_POINT('',#14994);
#4519=VERTEX_POINT('',#14996);
#4520=VERTEX_POINT('',#14998);
#4521=VERTEX_POINT('',#15000);
#4522=VERTEX_POINT('',#15002);
#4523=VERTEX_POINT('',#15004);
#4524=VERTEX_POINT('',#15006);
#4525=VERTEX_POINT('',#15008);
#4526=VERTEX_POINT('',#15010);
#4527=VERTEX_POINT('',#15012);
#4528=VERTEX_POINT('',#15014);
#4529=VERTEX_POINT('',#15016);
#4530=VERTEX_POINT('',#15018);
#4531=VERTEX_POINT('',#15020);
#4532=VERTEX_POINT('',#15022);
#4533=VERTEX_POINT('',#15024);
#4534=VERTEX_POINT('',#15026);
#4535=VERTEX_POINT('',#15028);
#4536=VERTEX_POINT('',#15030);
#4537=VERTEX_POINT('',#15032);
#4538=VERTEX_POINT('',#15034);
#4539=VERTEX_POINT('',#15036);
#4540=VERTEX_POINT('',#15038);
#4541=VERTEX_POINT('',#15040);
#4542=VERTEX_POINT('',#15042);
#4543=VERTEX_POINT('',#15044);
#4544=VERTEX_POINT('',#15046);
#4545=VERTEX_POINT('',#15048);
#4546=VERTEX_POINT('',#15050);
#4547=VERTEX_POINT('',#15052);
#4548=VERTEX_POINT('',#15054);
#4549=VERTEX_POINT('',#15056);
#4550=VERTEX_POINT('',#15058);
#4551=VERTEX_POINT('',#15060);
#4552=VERTEX_POINT('',#15062);
#4553=VERTEX_POINT('',#15064);
#4554=VERTEX_POINT('',#15066);
#4555=VERTEX_POINT('',#15068);
#4556=VERTEX_POINT('',#15070);
#4557=VERTEX_POINT('',#15072);
#4558=VERTEX_POINT('',#15074);
#4559=VERTEX_POINT('',#15076);
#4560=VERTEX_POINT('',#15078);
#4561=VERTEX_POINT('',#15080);
#4562=VERTEX_POINT('',#15082);
#4563=VERTEX_POINT('',#15084);
#4564=VERTEX_POINT('',#15087);
#4565=VERTEX_POINT('',#15089);
#4566=VERTEX_POINT('',#15091);
#4567=VERTEX_POINT('',#15093);
#4568=VERTEX_POINT('',#15095);
#4569=VERTEX_POINT('',#15097);
#4570=VERTEX_POINT('',#15099);
#4571=VERTEX_POINT('',#15101);
#4572=VERTEX_POINT('',#15103);
#4573=VERTEX_POINT('',#15105);
#4574=VERTEX_POINT('',#15107);
#4575=VERTEX_POINT('',#15109);
#4576=VERTEX_POINT('',#15111);
#4577=VERTEX_POINT('',#15113);
#4578=VERTEX_POINT('',#15115);
#4579=VERTEX_POINT('',#15117);
#4580=VERTEX_POINT('',#15119);
#4581=VERTEX_POINT('',#15121);
#4582=VERTEX_POINT('',#15124);
#4583=VERTEX_POINT('',#15126);
#4584=VERTEX_POINT('',#15128);
#4585=VERTEX_POINT('',#15130);
#4586=VERTEX_POINT('',#15132);
#4587=VERTEX_POINT('',#15134);
#4588=VERTEX_POINT('',#15136);
#4589=VERTEX_POINT('',#15138);
#4590=VERTEX_POINT('',#15140);
#4591=VERTEX_POINT('',#15142);
#4592=VERTEX_POINT('',#15144);
#4593=VERTEX_POINT('',#15146);
#4594=VERTEX_POINT('',#15148);
#4595=VERTEX_POINT('',#15150);
#4596=VERTEX_POINT('',#15152);
#4597=VERTEX_POINT('',#15154);
#4598=VERTEX_POINT('',#15156);
#4599=VERTEX_POINT('',#15158);
#4600=VERTEX_POINT('',#15160);
#4601=VERTEX_POINT('',#15162);
#4602=VERTEX_POINT('',#15164);
#4603=VERTEX_POINT('',#15166);
#4604=VERTEX_POINT('',#15168);
#4605=VERTEX_POINT('',#15170);
#4606=VERTEX_POINT('',#15172);
#4607=VERTEX_POINT('',#15174);
#4608=VERTEX_POINT('',#15176);
#4609=VERTEX_POINT('',#15178);
#4610=VERTEX_POINT('',#15180);
#4611=VERTEX_POINT('',#15182);
#4612=VERTEX_POINT('',#15184);
#4613=VERTEX_POINT('',#15186);
#4614=VERTEX_POINT('',#15188);
#4615=VERTEX_POINT('',#15190);
#4616=VERTEX_POINT('',#15192);
#4617=VERTEX_POINT('',#15194);
#4618=VERTEX_POINT('',#15196);
#4619=VERTEX_POINT('',#15198);
#4620=VERTEX_POINT('',#15200);
#4621=VERTEX_POINT('',#15202);
#4622=VERTEX_POINT('',#15204);
#4623=VERTEX_POINT('',#15206);
#4624=VERTEX_POINT('',#15208);
#4625=VERTEX_POINT('',#15210);
#4626=VERTEX_POINT('',#15212);
#4627=VERTEX_POINT('',#15214);
#4628=VERTEX_POINT('',#15216);
#4629=VERTEX_POINT('',#15218);
#4630=VERTEX_POINT('',#15220);
#4631=VERTEX_POINT('',#15222);
#4632=VERTEX_POINT('',#15224);
#4633=VERTEX_POINT('',#15226);
#4634=VERTEX_POINT('',#15228);
#4635=VERTEX_POINT('',#15230);
#4636=VERTEX_POINT('',#15232);
#4637=VERTEX_POINT('',#15234);
#4638=VERTEX_POINT('',#15236);
#4639=VERTEX_POINT('',#15238);
#4640=VERTEX_POINT('',#15240);
#4641=VERTEX_POINT('',#15242);
#4642=VERTEX_POINT('',#15244);
#4643=VERTEX_POINT('',#15246);
#4644=VERTEX_POINT('',#15248);
#4645=VERTEX_POINT('',#15250);
#4646=VERTEX_POINT('',#15252);
#4647=VERTEX_POINT('',#15254);
#4648=VERTEX_POINT('',#15256);
#4649=VERTEX_POINT('',#15258);
#4650=VERTEX_POINT('',#15260);
#4651=VERTEX_POINT('',#15262);
#4652=VERTEX_POINT('',#15264);
#4653=VERTEX_POINT('',#15266);
#4654=VERTEX_POINT('',#15268);
#4655=VERTEX_POINT('',#15270);
#4656=VERTEX_POINT('',#15272);
#4657=VERTEX_POINT('',#15274);
#4658=VERTEX_POINT('',#15276);
#4659=VERTEX_POINT('',#15278);
#4660=VERTEX_POINT('',#15280);
#4661=VERTEX_POINT('',#15282);
#4662=VERTEX_POINT('',#15284);
#4663=VERTEX_POINT('',#15286);
#4664=VERTEX_POINT('',#15288);
#4665=VERTEX_POINT('',#15290);
#4666=VERTEX_POINT('',#15292);
#4667=VERTEX_POINT('',#15294);
#4668=VERTEX_POINT('',#15296);
#4669=VERTEX_POINT('',#15298);
#4670=VERTEX_POINT('',#15300);
#4671=VERTEX_POINT('',#15302);
#4672=VERTEX_POINT('',#15304);
#4673=VERTEX_POINT('',#15306);
#4674=VERTEX_POINT('',#15308);
#4675=VERTEX_POINT('',#15310);
#4676=VERTEX_POINT('',#15312);
#4677=VERTEX_POINT('',#15314);
#4678=VERTEX_POINT('',#15316);
#4679=VERTEX_POINT('',#15318);
#4680=VERTEX_POINT('',#15320);
#4681=VERTEX_POINT('',#15322);
#4682=VERTEX_POINT('',#15324);
#4683=VERTEX_POINT('',#15326);
#4684=VERTEX_POINT('',#15328);
#4685=VERTEX_POINT('',#15330);
#4686=VERTEX_POINT('',#15332);
#4687=VERTEX_POINT('',#15334);
#4688=VERTEX_POINT('',#15338);
#4689=VERTEX_POINT('',#15340);
#4690=VERTEX_POINT('',#15344);
#4691=VERTEX_POINT('',#15348);
#4692=VERTEX_POINT('',#15352);
#4693=VERTEX_POINT('',#15356);
#4694=VERTEX_POINT('',#15360);
#4695=VERTEX_POINT('',#15364);
#4696=VERTEX_POINT('',#15368);
#4697=VERTEX_POINT('',#15372);
#4698=VERTEX_POINT('',#15376);
#4699=VERTEX_POINT('',#15380);
#4700=VERTEX_POINT('',#15384);
#4701=VERTEX_POINT('',#15388);
#4702=VERTEX_POINT('',#15392);
#4703=VERTEX_POINT('',#15396);
#4704=VERTEX_POINT('',#15400);
#4705=VERTEX_POINT('',#15404);
#4706=VERTEX_POINT('',#15408);
#4707=VERTEX_POINT('',#15412);
#4708=VERTEX_POINT('',#15416);
#4709=VERTEX_POINT('',#15420);
#4710=VERTEX_POINT('',#15424);
#4711=VERTEX_POINT('',#15428);
#4712=VERTEX_POINT('',#15432);
#4713=VERTEX_POINT('',#15436);
#4714=VERTEX_POINT('',#15440);
#4715=VERTEX_POINT('',#15444);
#4716=VERTEX_POINT('',#15448);
#4717=VERTEX_POINT('',#15452);
#4718=VERTEX_POINT('',#15456);
#4719=VERTEX_POINT('',#15460);
#4720=VERTEX_POINT('',#15464);
#4721=VERTEX_POINT('',#15468);
#4722=VERTEX_POINT('',#15472);
#4723=VERTEX_POINT('',#15476);
#4724=VERTEX_POINT('',#15480);
#4725=VERTEX_POINT('',#15484);
#4726=VERTEX_POINT('',#15488);
#4727=VERTEX_POINT('',#15492);
#4728=VERTEX_POINT('',#15496);
#4729=VERTEX_POINT('',#15500);
#4730=VERTEX_POINT('',#15504);
#4731=VERTEX_POINT('',#15508);
#4732=VERTEX_POINT('',#15512);
#4733=VERTEX_POINT('',#15516);
#4734=VERTEX_POINT('',#15520);
#4735=VERTEX_POINT('',#15524);
#4736=VERTEX_POINT('',#15528);
#4737=VERTEX_POINT('',#15532);
#4738=VERTEX_POINT('',#15536);
#4739=VERTEX_POINT('',#15540);
#4740=VERTEX_POINT('',#15544);
#4741=VERTEX_POINT('',#15548);
#4742=VERTEX_POINT('',#15552);
#4743=VERTEX_POINT('',#15556);
#4744=VERTEX_POINT('',#15560);
#4745=VERTEX_POINT('',#15564);
#4746=VERTEX_POINT('',#15568);
#4747=VERTEX_POINT('',#15572);
#4748=VERTEX_POINT('',#15576);
#4749=VERTEX_POINT('',#15580);
#4750=VERTEX_POINT('',#15584);
#4751=VERTEX_POINT('',#15588);
#4752=VERTEX_POINT('',#15592);
#4753=VERTEX_POINT('',#15596);
#4754=VERTEX_POINT('',#15600);
#4755=VERTEX_POINT('',#15604);
#4756=VERTEX_POINT('',#15608);
#4757=VERTEX_POINT('',#15612);
#4758=VERTEX_POINT('',#15616);
#4759=VERTEX_POINT('',#15620);
#4760=VERTEX_POINT('',#15624);
#4761=VERTEX_POINT('',#15628);
#4762=VERTEX_POINT('',#15632);
#4763=VERTEX_POINT('',#15636);
#4764=VERTEX_POINT('',#15640);
#4765=VERTEX_POINT('',#15644);
#4766=VERTEX_POINT('',#15648);
#4767=VERTEX_POINT('',#15652);
#4768=VERTEX_POINT('',#15656);
#4769=VERTEX_POINT('',#15660);
#4770=VERTEX_POINT('',#15664);
#4771=VERTEX_POINT('',#15668);
#4772=VERTEX_POINT('',#15672);
#4773=VERTEX_POINT('',#15676);
#4774=VERTEX_POINT('',#15680);
#4775=VERTEX_POINT('',#15686);
#4776=VERTEX_POINT('',#15690);
#4777=VERTEX_POINT('',#15694);
#4778=VERTEX_POINT('',#15698);
#4779=VERTEX_POINT('',#15702);
#4780=VERTEX_POINT('',#15706);
#4781=VERTEX_POINT('',#15710);
#4782=VERTEX_POINT('',#15714);
#4783=VERTEX_POINT('',#15718);
#4784=VERTEX_POINT('',#15722);
#4785=VERTEX_POINT('',#15726);
#4786=VERTEX_POINT('',#15730);
#4787=VERTEX_POINT('',#15734);
#4788=VERTEX_POINT('',#15738);
#4789=VERTEX_POINT('',#15742);
#4790=VERTEX_POINT('',#15746);
#4791=VERTEX_POINT('',#15750);
#4792=VERTEX_POINT('',#15754);
#4793=VERTEX_POINT('',#15758);
#4794=VERTEX_POINT('',#15762);
#4795=VERTEX_POINT('',#15766);
#4796=VERTEX_POINT('',#15770);
#4797=VERTEX_POINT('',#15774);
#4798=VERTEX_POINT('',#15778);
#4799=VERTEX_POINT('',#15782);
#4800=VERTEX_POINT('',#15786);
#4801=VERTEX_POINT('',#15790);
#4802=VERTEX_POINT('',#15794);
#4803=VERTEX_POINT('',#15798);
#4804=VERTEX_POINT('',#15802);
#4805=VERTEX_POINT('',#15806);
#4806=VERTEX_POINT('',#15810);
#4807=VERTEX_POINT('',#15814);
#4808=VERTEX_POINT('',#15818);
#4809=VERTEX_POINT('',#15822);
#4810=VERTEX_POINT('',#15826);
#4811=VERTEX_POINT('',#15830);
#4812=VERTEX_POINT('',#15834);
#4813=VERTEX_POINT('',#15838);
#4814=VERTEX_POINT('',#15842);
#4815=VERTEX_POINT('',#15846);
#4816=VERTEX_POINT('',#15850);
#4817=VERTEX_POINT('',#15854);
#4818=VERTEX_POINT('',#15858);
#4819=VERTEX_POINT('',#15862);
#4820=VERTEX_POINT('',#15866);
#4821=VERTEX_POINT('',#15870);
#4822=VERTEX_POINT('',#15874);
#4823=VERTEX_POINT('',#15878);
#4824=VERTEX_POINT('',#15882);
#4825=VERTEX_POINT('',#15886);
#4826=VERTEX_POINT('',#15890);
#4827=VERTEX_POINT('',#15894);
#4828=VERTEX_POINT('',#15898);
#4829=VERTEX_POINT('',#15904);
#4830=VERTEX_POINT('',#15905);
#4831=VERTEX_POINT('',#15907);
#4832=VERTEX_POINT('',#15909);
#4833=VERTEX_POINT('',#15911);
#4834=VERTEX_POINT('',#15913);
#4835=VERTEX_POINT('',#15915);
#4836=VERTEX_POINT('',#15917);
#4837=VERTEX_POINT('',#15919);
#4838=VERTEX_POINT('',#15921);
#4839=VERTEX_POINT('',#15923);
#4840=VERTEX_POINT('',#15925);
#4841=VERTEX_POINT('',#15927);
#4842=VERTEX_POINT('',#15929);
#4843=VERTEX_POINT('',#15931);
#4844=VERTEX_POINT('',#15933);
#4845=VERTEX_POINT('',#15935);
#4846=VERTEX_POINT('',#15937);
#4847=VERTEX_POINT('',#15939);
#4848=VERTEX_POINT('',#15941);
#4849=VERTEX_POINT('',#15943);
#4850=VERTEX_POINT('',#15945);
#4851=VERTEX_POINT('',#15947);
#4852=VERTEX_POINT('',#15949);
#4853=VERTEX_POINT('',#15951);
#4854=VERTEX_POINT('',#15953);
#4855=VERTEX_POINT('',#15955);
#4856=VERTEX_POINT('',#15957);
#4857=VERTEX_POINT('',#15959);
#4858=VERTEX_POINT('',#15961);
#4859=VERTEX_POINT('',#15963);
#4860=VERTEX_POINT('',#15965);
#4861=VERTEX_POINT('',#15967);
#4862=VERTEX_POINT('',#15969);
#4863=VERTEX_POINT('',#15971);
#4864=VERTEX_POINT('',#15973);
#4865=VERTEX_POINT('',#15975);
#4866=VERTEX_POINT('',#15977);
#4867=VERTEX_POINT('',#15979);
#4868=VERTEX_POINT('',#15981);
#4869=VERTEX_POINT('',#15983);
#4870=VERTEX_POINT('',#15985);
#4871=VERTEX_POINT('',#15987);
#4872=VERTEX_POINT('',#15989);
#4873=VERTEX_POINT('',#15991);
#4874=VERTEX_POINT('',#15993);
#4875=VERTEX_POINT('',#15995);
#4876=VERTEX_POINT('',#15997);
#4877=VERTEX_POINT('',#15999);
#4878=VERTEX_POINT('',#16001);
#4879=VERTEX_POINT('',#16003);
#4880=VERTEX_POINT('',#16005);
#4881=VERTEX_POINT('',#16007);
#4882=VERTEX_POINT('',#16009);
#4883=VERTEX_POINT('',#16011);
#4884=VERTEX_POINT('',#16013);
#4885=VERTEX_POINT('',#16015);
#4886=VERTEX_POINT('',#16017);
#4887=VERTEX_POINT('',#16019);
#4888=VERTEX_POINT('',#16021);
#4889=VERTEX_POINT('',#16023);
#4890=VERTEX_POINT('',#16025);
#4891=VERTEX_POINT('',#16027);
#4892=VERTEX_POINT('',#16029);
#4893=VERTEX_POINT('',#16031);
#4894=VERTEX_POINT('',#16033);
#4895=VERTEX_POINT('',#16035);
#4896=VERTEX_POINT('',#16037);
#4897=VERTEX_POINT('',#16039);
#4898=VERTEX_POINT('',#16041);
#4899=VERTEX_POINT('',#16043);
#4900=VERTEX_POINT('',#16045);
#4901=VERTEX_POINT('',#16047);
#4902=VERTEX_POINT('',#16049);
#4903=VERTEX_POINT('',#16051);
#4904=VERTEX_POINT('',#16053);
#4905=VERTEX_POINT('',#16055);
#4906=VERTEX_POINT('',#16057);
#4907=VERTEX_POINT('',#16059);
#4908=VERTEX_POINT('',#16061);
#4909=VERTEX_POINT('',#16063);
#4910=VERTEX_POINT('',#16065);
#4911=VERTEX_POINT('',#16067);
#4912=VERTEX_POINT('',#16069);
#4913=VERTEX_POINT('',#16071);
#4914=VERTEX_POINT('',#16073);
#4915=VERTEX_POINT('',#16075);
#4916=VERTEX_POINT('',#16077);
#4917=VERTEX_POINT('',#16079);
#4918=VERTEX_POINT('',#16081);
#4919=VERTEX_POINT('',#16083);
#4920=VERTEX_POINT('',#16085);
#4921=VERTEX_POINT('',#16087);
#4922=VERTEX_POINT('',#16089);
#4923=VERTEX_POINT('',#16091);
#4924=VERTEX_POINT('',#16093);
#4925=VERTEX_POINT('',#16095);
#4926=VERTEX_POINT('',#16097);
#4927=VERTEX_POINT('',#16099);
#4928=VERTEX_POINT('',#16101);
#4929=VERTEX_POINT('',#16103);
#4930=VERTEX_POINT('',#16105);
#4931=VERTEX_POINT('',#16107);
#4932=VERTEX_POINT('',#16109);
#4933=VERTEX_POINT('',#16111);
#4934=VERTEX_POINT('',#16113);
#4935=VERTEX_POINT('',#16115);
#4936=VERTEX_POINT('',#16117);
#4937=VERTEX_POINT('',#16119);
#4938=VERTEX_POINT('',#16121);
#4939=VERTEX_POINT('',#16123);
#4940=VERTEX_POINT('',#16125);
#4941=VERTEX_POINT('',#16127);
#4942=VERTEX_POINT('',#16129);
#4943=VERTEX_POINT('',#16131);
#4944=VERTEX_POINT('',#16133);
#4945=VERTEX_POINT('',#16135);
#4946=VERTEX_POINT('',#16137);
#4947=VERTEX_POINT('',#16139);
#4948=VERTEX_POINT('',#16141);
#4949=VERTEX_POINT('',#16143);
#4950=VERTEX_POINT('',#16145);
#4951=VERTEX_POINT('',#16147);
#4952=VERTEX_POINT('',#16149);
#4953=VERTEX_POINT('',#16151);
#4954=VERTEX_POINT('',#16153);
#4955=VERTEX_POINT('',#16155);
#4956=VERTEX_POINT('',#16157);
#4957=VERTEX_POINT('',#16159);
#4958=VERTEX_POINT('',#16161);
#4959=VERTEX_POINT('',#16163);
#4960=VERTEX_POINT('',#16165);
#4961=VERTEX_POINT('',#16167);
#4962=VERTEX_POINT('',#16169);
#4963=VERTEX_POINT('',#16171);
#4964=VERTEX_POINT('',#16173);
#4965=VERTEX_POINT('',#16175);
#4966=VERTEX_POINT('',#16177);
#4967=VERTEX_POINT('',#16179);
#4968=VERTEX_POINT('',#16181);
#4969=VERTEX_POINT('',#16183);
#4970=VERTEX_POINT('',#16185);
#4971=VERTEX_POINT('',#16187);
#4972=VERTEX_POINT('',#16189);
#4973=VERTEX_POINT('',#16191);
#4974=VERTEX_POINT('',#16193);
#4975=VERTEX_POINT('',#16195);
#4976=VERTEX_POINT('',#16197);
#4977=VERTEX_POINT('',#16201);
#4978=VERTEX_POINT('',#16203);
#4979=VERTEX_POINT('',#16207);
#4980=VERTEX_POINT('',#16211);
#4981=VERTEX_POINT('',#16215);
#4982=VERTEX_POINT('',#16219);
#4983=VERTEX_POINT('',#16223);
#4984=VERTEX_POINT('',#16227);
#4985=VERTEX_POINT('',#16231);
#4986=VERTEX_POINT('',#16235);
#4987=VERTEX_POINT('',#16239);
#4988=VERTEX_POINT('',#16243);
#4989=VERTEX_POINT('',#16247);
#4990=VERTEX_POINT('',#16251);
#4991=VERTEX_POINT('',#16255);
#4992=VERTEX_POINT('',#16259);
#4993=VERTEX_POINT('',#16263);
#4994=VERTEX_POINT('',#16267);
#4995=VERTEX_POINT('',#16271);
#4996=VERTEX_POINT('',#16275);
#4997=VERTEX_POINT('',#16279);
#4998=VERTEX_POINT('',#16283);
#4999=VERTEX_POINT('',#16287);
#5000=VERTEX_POINT('',#16291);
#5001=VERTEX_POINT('',#16295);
#5002=VERTEX_POINT('',#16299);
#5003=VERTEX_POINT('',#16303);
#5004=VERTEX_POINT('',#16307);
#5005=VERTEX_POINT('',#16311);
#5006=VERTEX_POINT('',#16315);
#5007=VERTEX_POINT('',#16319);
#5008=VERTEX_POINT('',#16323);
#5009=VERTEX_POINT('',#16327);
#5010=VERTEX_POINT('',#16331);
#5011=VERTEX_POINT('',#16335);
#5012=VERTEX_POINT('',#16339);
#5013=VERTEX_POINT('',#16343);
#5014=VERTEX_POINT('',#16347);
#5015=VERTEX_POINT('',#16351);
#5016=VERTEX_POINT('',#16355);
#5017=VERTEX_POINT('',#16359);
#5018=VERTEX_POINT('',#16363);
#5019=VERTEX_POINT('',#16367);
#5020=VERTEX_POINT('',#16371);
#5021=VERTEX_POINT('',#16375);
#5022=VERTEX_POINT('',#16379);
#5023=VERTEX_POINT('',#16383);
#5024=VERTEX_POINT('',#16387);
#5025=VERTEX_POINT('',#16391);
#5026=VERTEX_POINT('',#16395);
#5027=VERTEX_POINT('',#16399);
#5028=VERTEX_POINT('',#16403);
#5029=VERTEX_POINT('',#16407);
#5030=VERTEX_POINT('',#16411);
#5031=VERTEX_POINT('',#16415);
#5032=VERTEX_POINT('',#16419);
#5033=VERTEX_POINT('',#16423);
#5034=VERTEX_POINT('',#16427);
#5035=VERTEX_POINT('',#16431);
#5036=VERTEX_POINT('',#16435);
#5037=VERTEX_POINT('',#16439);
#5038=VERTEX_POINT('',#16443);
#5039=VERTEX_POINT('',#16447);
#5040=VERTEX_POINT('',#16451);
#5041=VERTEX_POINT('',#16455);
#5042=VERTEX_POINT('',#16459);
#5043=VERTEX_POINT('',#16463);
#5044=VERTEX_POINT('',#16467);
#5045=VERTEX_POINT('',#16471);
#5046=VERTEX_POINT('',#16475);
#5047=VERTEX_POINT('',#16479);
#5048=VERTEX_POINT('',#16483);
#5049=VERTEX_POINT('',#16487);
#5050=VERTEX_POINT('',#16491);
#5051=VERTEX_POINT('',#16495);
#5052=VERTEX_POINT('',#16499);
#5053=VERTEX_POINT('',#16501);
#5054=VERTEX_POINT('',#16505);
#5055=VERTEX_POINT('',#16509);
#5056=VERTEX_POINT('',#16513);
#5057=VERTEX_POINT('',#16514);
#5058=VERTEX_POINT('',#16516);
#5059=VERTEX_POINT('',#16518);
#5060=VERTEX_POINT('',#16520);
#5061=VERTEX_POINT('',#16522);
#5062=VERTEX_POINT('',#16524);
#5063=VERTEX_POINT('',#16526);
#5064=VERTEX_POINT('',#16528);
#5065=VERTEX_POINT('',#16530);
#5066=VERTEX_POINT('',#16532);
#5067=VERTEX_POINT('',#16534);
#5068=VERTEX_POINT('',#16536);
#5069=VERTEX_POINT('',#16538);
#5070=VERTEX_POINT('',#16540);
#5071=VERTEX_POINT('',#16542);
#5072=VERTEX_POINT('',#16544);
#5073=VERTEX_POINT('',#16546);
#5074=VERTEX_POINT('',#16548);
#5075=VERTEX_POINT('',#16550);
#5076=VERTEX_POINT('',#16552);
#5077=VERTEX_POINT('',#16554);
#5078=VERTEX_POINT('',#16556);
#5079=VERTEX_POINT('',#16558);
#5080=VERTEX_POINT('',#16560);
#5081=VERTEX_POINT('',#16562);
#5082=VERTEX_POINT('',#16564);
#5083=VERTEX_POINT('',#16566);
#5084=VERTEX_POINT('',#16568);
#5085=VERTEX_POINT('',#16570);
#5086=VERTEX_POINT('',#16572);
#5087=VERTEX_POINT('',#16574);
#5088=VERTEX_POINT('',#16576);
#5089=VERTEX_POINT('',#16578);
#5090=VERTEX_POINT('',#16580);
#5091=VERTEX_POINT('',#16582);
#5092=VERTEX_POINT('',#16584);
#5093=VERTEX_POINT('',#16586);
#5094=VERTEX_POINT('',#16588);
#5095=VERTEX_POINT('',#16590);
#5096=VERTEX_POINT('',#16592);
#5097=VERTEX_POINT('',#16594);
#5098=VERTEX_POINT('',#16596);
#5099=VERTEX_POINT('',#16598);
#5100=VERTEX_POINT('',#16600);
#5101=VERTEX_POINT('',#16602);
#5102=VERTEX_POINT('',#16604);
#5103=VERTEX_POINT('',#16606);
#5104=VERTEX_POINT('',#16608);
#5105=VERTEX_POINT('',#16610);
#5106=VERTEX_POINT('',#16612);
#5107=VERTEX_POINT('',#16614);
#5108=VERTEX_POINT('',#16616);
#5109=VERTEX_POINT('',#16618);
#5110=VERTEX_POINT('',#16620);
#5111=VERTEX_POINT('',#16622);
#5112=VERTEX_POINT('',#16624);
#5113=VERTEX_POINT('',#16626);
#5114=VERTEX_POINT('',#16628);
#5115=VERTEX_POINT('',#16630);
#5116=VERTEX_POINT('',#16632);
#5117=VERTEX_POINT('',#16634);
#5118=VERTEX_POINT('',#16636);
#5119=VERTEX_POINT('',#16638);
#5120=VERTEX_POINT('',#16640);
#5121=VERTEX_POINT('',#16642);
#5122=VERTEX_POINT('',#16644);
#5123=VERTEX_POINT('',#16646);
#5124=VERTEX_POINT('',#16648);
#5125=VERTEX_POINT('',#16650);
#5126=VERTEX_POINT('',#16652);
#5127=VERTEX_POINT('',#16654);
#5128=VERTEX_POINT('',#16656);
#5129=VERTEX_POINT('',#16658);
#5130=VERTEX_POINT('',#16660);
#5131=VERTEX_POINT('',#16662);
#5132=VERTEX_POINT('',#16664);
#5133=VERTEX_POINT('',#16666);
#5134=VERTEX_POINT('',#16668);
#5135=VERTEX_POINT('',#16670);
#5136=VERTEX_POINT('',#16672);
#5137=VERTEX_POINT('',#16674);
#5138=VERTEX_POINT('',#16676);
#5139=VERTEX_POINT('',#16678);
#5140=VERTEX_POINT('',#16680);
#5141=VERTEX_POINT('',#16682);
#5142=VERTEX_POINT('',#16684);
#5143=VERTEX_POINT('',#16686);
#5144=VERTEX_POINT('',#16688);
#5145=VERTEX_POINT('',#16690);
#5146=VERTEX_POINT('',#16692);
#5147=VERTEX_POINT('',#16694);
#5148=VERTEX_POINT('',#16696);
#5149=VERTEX_POINT('',#16698);
#5150=VERTEX_POINT('',#16700);
#5151=VERTEX_POINT('',#16702);
#5152=VERTEX_POINT('',#16704);
#5153=VERTEX_POINT('',#16706);
#5154=VERTEX_POINT('',#16708);
#5155=VERTEX_POINT('',#16710);
#5156=VERTEX_POINT('',#16712);
#5157=VERTEX_POINT('',#16714);
#5158=VERTEX_POINT('',#16716);
#5159=VERTEX_POINT('',#16718);
#5160=VERTEX_POINT('',#16720);
#5161=VERTEX_POINT('',#16722);
#5162=VERTEX_POINT('',#16724);
#5163=VERTEX_POINT('',#16726);
#5164=VERTEX_POINT('',#16728);
#5165=VERTEX_POINT('',#16730);
#5166=VERTEX_POINT('',#16732);
#5167=VERTEX_POINT('',#16734);
#5168=VERTEX_POINT('',#16736);
#5169=VERTEX_POINT('',#16738);
#5170=VERTEX_POINT('',#16740);
#5171=VERTEX_POINT('',#16742);
#5172=VERTEX_POINT('',#16744);
#5173=VERTEX_POINT('',#16746);
#5174=VERTEX_POINT('',#16748);
#5175=VERTEX_POINT('',#16750);
#5176=VERTEX_POINT('',#16752);
#5177=VERTEX_POINT('',#16754);
#5178=VERTEX_POINT('',#16756);
#5179=VERTEX_POINT('',#16758);
#5180=VERTEX_POINT('',#16760);
#5181=VERTEX_POINT('',#16762);
#5182=VERTEX_POINT('',#16764);
#5183=VERTEX_POINT('',#16766);
#5184=VERTEX_POINT('',#16768);
#5185=VERTEX_POINT('',#16770);
#5186=VERTEX_POINT('',#16772);
#5187=VERTEX_POINT('',#16774);
#5188=VERTEX_POINT('',#16777);
#5189=VERTEX_POINT('',#16779);
#5190=VERTEX_POINT('',#16781);
#5191=VERTEX_POINT('',#16783);
#5192=VERTEX_POINT('',#16785);
#5193=VERTEX_POINT('',#16787);
#5194=VERTEX_POINT('',#16789);
#5195=VERTEX_POINT('',#16791);
#5196=VERTEX_POINT('',#16793);
#5197=VERTEX_POINT('',#16795);
#5198=VERTEX_POINT('',#16797);
#5199=VERTEX_POINT('',#16799);
#5200=VERTEX_POINT('',#16801);
#5201=VERTEX_POINT('',#16803);
#5202=VERTEX_POINT('',#16805);
#5203=VERTEX_POINT('',#16807);
#5204=VERTEX_POINT('',#16809);
#5205=VERTEX_POINT('',#16811);
#5206=VERTEX_POINT('',#16813);
#5207=VERTEX_POINT('',#16815);
#5208=VERTEX_POINT('',#16817);
#5209=VERTEX_POINT('',#16819);
#5210=VERTEX_POINT('',#16821);
#5211=VERTEX_POINT('',#16823);
#5212=VERTEX_POINT('',#16825);
#5213=VERTEX_POINT('',#16827);
#5214=VERTEX_POINT('',#16829);
#5215=VERTEX_POINT('',#16831);
#5216=VERTEX_POINT('',#16833);
#5217=VERTEX_POINT('',#16835);
#5218=VERTEX_POINT('',#16837);
#5219=VERTEX_POINT('',#16839);
#5220=VERTEX_POINT('',#16841);
#5221=VERTEX_POINT('',#16843);
#5222=VERTEX_POINT('',#16845);
#5223=VERTEX_POINT('',#16847);
#5224=VERTEX_POINT('',#16849);
#5225=VERTEX_POINT('',#16851);
#5226=VERTEX_POINT('',#16853);
#5227=VERTEX_POINT('',#16855);
#5228=VERTEX_POINT('',#16857);
#5229=VERTEX_POINT('',#16859);
#5230=VERTEX_POINT('',#16861);
#5231=VERTEX_POINT('',#16863);
#5232=VERTEX_POINT('',#16865);
#5233=VERTEX_POINT('',#16867);
#5234=VERTEX_POINT('',#16869);
#5235=VERTEX_POINT('',#16871);
#5236=VERTEX_POINT('',#16873);
#5237=VERTEX_POINT('',#16875);
#5238=VERTEX_POINT('',#16877);
#5239=VERTEX_POINT('',#16879);
#5240=VERTEX_POINT('',#16881);
#5241=VERTEX_POINT('',#16883);
#5242=VERTEX_POINT('',#16885);
#5243=VERTEX_POINT('',#16887);
#5244=VERTEX_POINT('',#16889);
#5245=VERTEX_POINT('',#16891);
#5246=VERTEX_POINT('',#16893);
#5247=VERTEX_POINT('',#16895);
#5248=VERTEX_POINT('',#16897);
#5249=VERTEX_POINT('',#16899);
#5250=VERTEX_POINT('',#16901);
#5251=VERTEX_POINT('',#16903);
#5252=VERTEX_POINT('',#16905);
#5253=VERTEX_POINT('',#16907);
#5254=VERTEX_POINT('',#16909);
#5255=VERTEX_POINT('',#16911);
#5256=VERTEX_POINT('',#16913);
#5257=VERTEX_POINT('',#16915);
#5258=VERTEX_POINT('',#16917);
#5259=VERTEX_POINT('',#16919);
#5260=VERTEX_POINT('',#16921);
#5261=VERTEX_POINT('',#16925);
#5262=VERTEX_POINT('',#16929);
#5263=VERTEX_POINT('',#16933);
#5264=VERTEX_POINT('',#16937);
#5265=VERTEX_POINT('',#16941);
#5266=VERTEX_POINT('',#16945);
#5267=VERTEX_POINT('',#16949);
#5268=VERTEX_POINT('',#16953);
#5269=VERTEX_POINT('',#16957);
#5270=VERTEX_POINT('',#16961);
#5271=VERTEX_POINT('',#16965);
#5272=VERTEX_POINT('',#16969);
#5273=VERTEX_POINT('',#16973);
#5274=VERTEX_POINT('',#16977);
#5275=VERTEX_POINT('',#16981);
#5276=VERTEX_POINT('',#16985);
#5277=VERTEX_POINT('',#16989);
#5278=VERTEX_POINT('',#16993);
#5279=VERTEX_POINT('',#16997);
#5280=VERTEX_POINT('',#17001);
#5281=VERTEX_POINT('',#17005);
#5282=VERTEX_POINT('',#17009);
#5283=VERTEX_POINT('',#17013);
#5284=VERTEX_POINT('',#17017);
#5285=VERTEX_POINT('',#17021);
#5286=VERTEX_POINT('',#17025);
#5287=VERTEX_POINT('',#17029);
#5288=VERTEX_POINT('',#17033);
#5289=VERTEX_POINT('',#17037);
#5290=VERTEX_POINT('',#17041);
#5291=VERTEX_POINT('',#17045);
#5292=VERTEX_POINT('',#17049);
#5293=VERTEX_POINT('',#17053);
#5294=VERTEX_POINT('',#17057);
#5295=VERTEX_POINT('',#17061);
#5296=VERTEX_POINT('',#17065);
#5297=VERTEX_POINT('',#17069);
#5298=VERTEX_POINT('',#17073);
#5299=VERTEX_POINT('',#17077);
#5300=VERTEX_POINT('',#17081);
#5301=VERTEX_POINT('',#17085);
#5302=VERTEX_POINT('',#17089);
#5303=VERTEX_POINT('',#17093);
#5304=VERTEX_POINT('',#17097);
#5305=VERTEX_POINT('',#17101);
#5306=VERTEX_POINT('',#17105);
#5307=VERTEX_POINT('',#17109);
#5308=VERTEX_POINT('',#17113);
#5309=VERTEX_POINT('',#17117);
#5310=VERTEX_POINT('',#17121);
#5311=VERTEX_POINT('',#17125);
#5312=VERTEX_POINT('',#17129);
#5313=VERTEX_POINT('',#17133);
#5314=VERTEX_POINT('',#17137);
#5315=VERTEX_POINT('',#17141);
#5316=VERTEX_POINT('',#17145);
#5317=VERTEX_POINT('',#17149);
#5318=VERTEX_POINT('',#17153);
#5319=VERTEX_POINT('',#17157);
#5320=VERTEX_POINT('',#17161);
#5321=VERTEX_POINT('',#17165);
#5322=VERTEX_POINT('',#17169);
#5323=VERTEX_POINT('',#17173);
#5324=VERTEX_POINT('',#17177);
#5325=VERTEX_POINT('',#17188);
#5326=VERTEX_POINT('',#17192);
#5327=VERTEX_POINT('',#17199);
#5328=VERTEX_POINT('',#17206);
#5329=VERTEX_POINT('',#17213);
#5330=VERTEX_POINT('',#17217);
#5331=VERTEX_POINT('',#17221);
#5332=VERTEX_POINT('',#17225);
#5333=VERTEX_POINT('',#17235);
#5334=VERTEX_POINT('',#17242);
#5335=VERTEX_POINT('',#17246);
#5336=VERTEX_POINT('',#17256);
#5337=VERTEX_POINT('',#17271);
#5338=VERTEX_POINT('',#17275);
#5339=VERTEX_POINT('',#17279);
#5340=VERTEX_POINT('',#17283);
#5341=VERTEX_POINT('',#17287);
#5342=VERTEX_POINT('',#17291);
#5343=VERTEX_POINT('',#17295);
#5344=VERTEX_POINT('',#17299);
#5345=VERTEX_POINT('',#17303);
#5346=VERTEX_POINT('',#17310);
#5347=VERTEX_POINT('',#17317);
#5348=VERTEX_POINT('',#17324);
#5349=VERTEX_POINT('',#17331);
#5350=VERTEX_POINT('',#17338);
#5351=VERTEX_POINT('',#17348);
#5352=VERTEX_POINT('',#17355);
#5353=VERTEX_POINT('',#17362);
#5354=VERTEX_POINT('',#17386);
#5355=VERTEX_POINT('',#17388);
#5356=VERTEX_POINT('',#17395);
#5357=VERTEX_POINT('',#17402);
#5358=VERTEX_POINT('',#17406);
#5359=VERTEX_POINT('',#17410);
#5360=VERTEX_POINT('',#17417);
#5361=VERTEX_POINT('',#17424);
#5362=VERTEX_POINT('',#17431);
#5363=VERTEX_POINT('',#17433);
#5364=VERTEX_POINT('',#17446);
#5365=VERTEX_POINT('',#17448);
#5366=VERTEX_POINT('',#17457);
#5367=VERTEX_POINT('',#17464);
#5368=VERTEX_POINT('',#17471);
#5369=VERTEX_POINT('',#17478);
#5370=VERTEX_POINT('',#17488);
#5371=VERTEX_POINT('',#17506);
#5372=VERTEX_POINT('',#17510);
#5373=VERTEX_POINT('',#17514);
#5374=VERTEX_POINT('',#17518);
#5375=VERTEX_POINT('',#17528);
#5376=VERTEX_POINT('',#17557);
#5377=VERTEX_POINT('',#17595);
#5378=VERTEX_POINT('',#17613);
#5379=VERTEX_POINT('',#17681);
#5380=VERTEX_POINT('',#17841);
#5381=EDGE_CURVE('',#4381,#4382,#3984,.T.);
#5382=EDGE_CURVE('',#4382,#4383,#3985,.T.);
#5383=EDGE_CURVE('',#4383,#4384,#3986,.T.);
#5384=EDGE_CURVE('',#4384,#4381,#3987,.T.);
#5385=EDGE_CURVE('',#4385,#4386,#2753,.F.);
#5386=EDGE_CURVE('',#4386,#4384,#3988,.T.);
#5387=EDGE_CURVE('',#4383,#4385,#3989,.T.);
#5388=EDGE_CURVE('',#4387,#4388,#2754,.T.);
#5389=EDGE_CURVE('',#4387,#4382,#3990,.T.);
#5390=EDGE_CURVE('',#4381,#4388,#3991,.T.);
#5391=EDGE_CURVE('',#4383,#4389,#416,.T.);
#5392=EDGE_CURVE('',#4389,#4390,#3992,.T.);
#5393=EDGE_CURVE('',#4385,#4390,#417,.T.);
#5394=EDGE_CURVE('',#4391,#4382,#418,.T.);
#5395=EDGE_CURVE('',#4389,#4391,#3993,.T.);
#5396=EDGE_CURVE('',#4392,#4392,#3994,.T.);
#5397=EDGE_CURVE('',#4392,#4393,#3995,.T.);
#5398=EDGE_CURVE('',#4393,#4394,#3996,.T.);
#5399=EDGE_CURVE('',#4394,#4393,#3997,.T.);
#5400=EDGE_CURVE('',#4394,#4395,#419,.T.);
#5401=EDGE_CURVE('',#4395,#4395,#3998,.T.);
#5402=EDGE_CURVE('',#4396,#4386,#420,.T.);
#5403=EDGE_CURVE('',#4397,#4396,#3999,.T.);
#5404=EDGE_CURVE('',#4398,#4397,#421,.T.);
#5405=EDGE_CURVE('',#4399,#4398,#4000,.T.);
#5406=EDGE_CURVE('',#4400,#4399,#422,.T.);
#5407=EDGE_CURVE('',#4401,#4400,#4001,.T.);
#5408=EDGE_CURVE('',#4402,#4401,#423,.T.);
#5409=EDGE_CURVE('',#4403,#4402,#4002,.T.);
#5410=EDGE_CURVE('',#4404,#4403,#424,.T.);
#5411=EDGE_CURVE('',#4388,#4404,#4003,.T.);
#5412=EDGE_CURVE('',#4387,#4405,#425,.T.);
#5413=EDGE_CURVE('',#4391,#4405,#4004,.F.);
#5414=EDGE_CURVE('',#4406,#4404,#426,.T.);
#5415=EDGE_CURVE('',#4407,#4406,#4005,.T.);
#5416=EDGE_CURVE('',#4407,#4387,#427,.T.);
#5417=EDGE_CURVE('',#4408,#4385,#428,.T.);
#5418=EDGE_CURVE('',#4409,#4408,#429,.T.);
#5419=EDGE_CURVE('',#4409,#4396,#430,.T.);
#5420=EDGE_CURVE('',#4410,#4399,#431,.T.);
#5421=EDGE_CURVE('',#4411,#4410,#432,.T.);
#5422=EDGE_CURVE('',#4411,#4400,#433,.T.);
#5423=EDGE_CURVE('',#4412,#4398,#434,.T.);
#5424=EDGE_CURVE('',#4410,#4412,#4006,.T.);
#5425=EDGE_CURVE('',#4413,#4397,#435,.T.);
#5426=EDGE_CURVE('',#4412,#4413,#436,.T.);
#5427=EDGE_CURVE('',#4413,#4409,#4007,.T.);
#5428=EDGE_CURVE('',#4414,#4415,#437,.T.);
#5429=EDGE_CURVE('',#4416,#4414,#438,.T.);
#5430=EDGE_CURVE('',#4417,#4416,#439,.T.);
#5431=EDGE_CURVE('',#4417,#4415,#440,.T.);
#5432=EDGE_CURVE('',#4415,#4418,#4008,.T.);
#5433=EDGE_CURVE('',#4419,#4417,#4009,.T.);
#5434=EDGE_CURVE('',#4418,#4419,#441,.T.);
#5435=EDGE_CURVE('',#4420,#4414,#4010,.T.);
#5436=EDGE_CURVE('',#4421,#4420,#442,.T.);
#5437=EDGE_CURVE('',#4416,#4421,#4011,.T.);
#5438=EDGE_CURVE('',#4422,#4418,#443,.T.);
#5439=EDGE_CURVE('',#4422,#4423,#444,.T.);
#5440=EDGE_CURVE('',#4423,#4424,#445,.T.);
#5441=EDGE_CURVE('',#4425,#4424,#446,.T.);
#5442=EDGE_CURVE('',#4420,#4425,#447,.T.);
#5443=EDGE_CURVE('',#4426,#4427,#448,.T.);
#5444=EDGE_CURVE('',#4427,#4428,#449,.T.);
#5445=EDGE_CURVE('',#4428,#4429,#4012,.T.);
#5446=EDGE_CURVE('',#4429,#4430,#450,.T.);
#5447=EDGE_CURVE('',#4430,#4431,#4013,.T.);
#5448=EDGE_CURVE('',#4431,#4432,#451,.T.);
#5449=EDGE_CURVE('',#4432,#4433,#4014,.T.);
#5450=EDGE_CURVE('',#4433,#4434,#452,.T.);
#5451=EDGE_CURVE('',#4434,#4435,#453,.T.);
#5452=EDGE_CURVE('',#4435,#4436,#454,.T.);
#5453=EDGE_CURVE('',#4436,#4437,#4015,.T.);
#5454=EDGE_CURVE('',#4437,#4438,#455,.T.);
#5455=EDGE_CURVE('',#4438,#4439,#456,.T.);
#5456=EDGE_CURVE('',#4439,#4440,#457,.T.);
#5457=EDGE_CURVE('',#4440,#4441,#458,.T.);
#5458=EDGE_CURVE('',#4441,#4442,#459,.T.);
#5459=EDGE_CURVE('',#4442,#4443,#460,.T.);
#5460=EDGE_CURVE('',#4443,#4444,#461,.T.);
#5461=EDGE_CURVE('',#4444,#4445,#462,.T.);
#5462=EDGE_CURVE('',#4445,#4446,#463,.T.);
#5463=EDGE_CURVE('',#4446,#4447,#464,.T.);
#5464=EDGE_CURVE('',#4447,#4448,#465,.T.);
#5465=EDGE_CURVE('',#4448,#4449,#4016,.T.);
#5466=EDGE_CURVE('',#4449,#4450,#466,.T.);
#5467=EDGE_CURVE('',#4450,#4451,#4017,.T.);
#5468=EDGE_CURVE('',#4451,#4452,#467,.T.);
#5469=EDGE_CURVE('',#4452,#4453,#4018,.T.);
#5470=EDGE_CURVE('',#4453,#4454,#468,.T.);
#5471=EDGE_CURVE('',#4454,#4455,#4019,.T.);
#5472=EDGE_CURVE('',#4455,#4456,#469,.T.);
#5473=EDGE_CURVE('',#4456,#4457,#4020,.T.);
#5474=EDGE_CURVE('',#4457,#4458,#470,.T.);
#5475=EDGE_CURVE('',#4458,#4459,#4021,.T.);
#5476=EDGE_CURVE('',#4459,#4460,#471,.T.);
#5477=EDGE_CURVE('',#4460,#4422,#4022,.T.);
#5478=EDGE_CURVE('',#4419,#4461,#472,.T.);
#5479=EDGE_CURVE('',#4461,#4462,#4023,.T.);
#5480=EDGE_CURVE('',#4462,#4463,#473,.T.);
#5481=EDGE_CURVE('',#4463,#4464,#4024,.T.);
#5482=EDGE_CURVE('',#4464,#4465,#474,.T.);
#5483=EDGE_CURVE('',#4465,#4466,#4025,.T.);
#5484=EDGE_CURVE('',#4466,#4467,#475,.T.);
#5485=EDGE_CURVE('',#4467,#4468,#4026,.T.);
#5486=EDGE_CURVE('',#4468,#4469,#476,.T.);
#5487=EDGE_CURVE('',#4469,#4470,#4027,.T.);
#5488=EDGE_CURVE('',#4470,#4471,#477,.T.);
#5489=EDGE_CURVE('',#4471,#4472,#4028,.T.);
#5490=EDGE_CURVE('',#4472,#4473,#478,.T.);
#5491=EDGE_CURVE('',#4473,#4474,#4029,.T.);
#5492=EDGE_CURVE('',#4474,#4475,#479,.T.);
#5493=EDGE_CURVE('',#4475,#4476,#480,.T.);
#5494=EDGE_CURVE('',#4476,#4477,#481,.T.);
#5495=EDGE_CURVE('',#4477,#4478,#482,.T.);
#5496=EDGE_CURVE('',#4478,#4479,#483,.T.);
#5497=EDGE_CURVE('',#4479,#4480,#484,.T.);
#5498=EDGE_CURVE('',#4480,#4481,#485,.T.);
#5499=EDGE_CURVE('',#4481,#4482,#486,.T.);
#5500=EDGE_CURVE('',#4482,#4483,#487,.T.);
#5501=EDGE_CURVE('',#4483,#4484,#488,.T.);
#5502=EDGE_CURVE('',#4484,#4485,#489,.T.);
#5503=EDGE_CURVE('',#4485,#4486,#4030,.T.);
#5504=EDGE_CURVE('',#4486,#4487,#490,.T.);
#5505=EDGE_CURVE('',#4487,#4488,#491,.T.);
#5506=EDGE_CURVE('',#4488,#4489,#492,.T.);
#5507=EDGE_CURVE('',#4489,#4490,#493,.T.);
#5508=EDGE_CURVE('',#4490,#4491,#4031,.T.);
#5509=EDGE_CURVE('',#4491,#4492,#494,.T.);
#5510=EDGE_CURVE('',#4492,#4493,#4032,.T.);
#5511=EDGE_CURVE('',#4493,#4494,#495,.T.);
#5512=EDGE_CURVE('',#4494,#4495,#4033,.T.);
#5513=EDGE_CURVE('',#4495,#4496,#496,.T.);
#5514=EDGE_CURVE('',#4496,#4497,#4034,.T.);
#5515=EDGE_CURVE('',#4497,#4498,#497,.T.);
#5516=EDGE_CURVE('',#4498,#4499,#4035,.T.);
#5517=EDGE_CURVE('',#4499,#4500,#498,.T.);
#5518=EDGE_CURVE('',#4500,#4501,#4036,.T.);
#5519=EDGE_CURVE('',#4501,#4502,#499,.T.);
#5520=EDGE_CURVE('',#4502,#4503,#4037,.T.);
#5521=EDGE_CURVE('',#4503,#4504,#500,.T.);
#5522=EDGE_CURVE('',#4504,#4505,#501,.T.);
#5523=EDGE_CURVE('',#4505,#4506,#502,.T.);
#5524=EDGE_CURVE('',#4506,#4507,#4038,.T.);
#5525=EDGE_CURVE('',#4507,#4508,#503,.T.);
#5526=EDGE_CURVE('',#4508,#4509,#4039,.T.);
#5527=EDGE_CURVE('',#4509,#4510,#504,.T.);
#5528=EDGE_CURVE('',#4510,#4511,#4040,.T.);
#5529=EDGE_CURVE('',#4511,#4512,#505,.T.);
#5530=EDGE_CURVE('',#4512,#4513,#4041,.T.);
#5531=EDGE_CURVE('',#4513,#4514,#506,.T.);
#5532=EDGE_CURVE('',#4514,#4515,#4042,.T.);
#5533=EDGE_CURVE('',#4515,#4516,#507,.T.);
#5534=EDGE_CURVE('',#4516,#4517,#4043,.T.);
#5535=EDGE_CURVE('',#4517,#4518,#508,.T.);
#5536=EDGE_CURVE('',#4518,#4519,#4044,.T.);
#5537=EDGE_CURVE('',#4519,#4520,#509,.T.);
#5538=EDGE_CURVE('',#4520,#4521,#4045,.T.);
#5539=EDGE_CURVE('',#4521,#4522,#510,.T.);
#5540=EDGE_CURVE('',#4522,#4523,#511,.T.);
#5541=EDGE_CURVE('',#4523,#4524,#512,.T.);
#5542=EDGE_CURVE('',#4524,#4525,#4046,.T.);
#5543=EDGE_CURVE('',#4525,#4526,#513,.T.);
#5544=EDGE_CURVE('',#4526,#4527,#4047,.T.);
#5545=EDGE_CURVE('',#4527,#4528,#514,.T.);
#5546=EDGE_CURVE('',#4528,#4529,#4048,.T.);
#5547=EDGE_CURVE('',#4529,#4530,#515,.T.);
#5548=EDGE_CURVE('',#4530,#4531,#4049,.T.);
#5549=EDGE_CURVE('',#4531,#4532,#516,.T.);
#5550=EDGE_CURVE('',#4532,#4533,#4050,.T.);
#5551=EDGE_CURVE('',#4533,#4534,#517,.T.);
#5552=EDGE_CURVE('',#4534,#4535,#4051,.T.);
#5553=EDGE_CURVE('',#4535,#4536,#518,.T.);
#5554=EDGE_CURVE('',#4536,#4537,#4052,.T.);
#5555=EDGE_CURVE('',#4537,#4538,#519,.T.);
#5556=EDGE_CURVE('',#4538,#4539,#4053,.T.);
#5557=EDGE_CURVE('',#4539,#4540,#520,.T.);
#5558=EDGE_CURVE('',#4540,#4541,#4054,.T.);
#5559=EDGE_CURVE('',#4541,#4542,#521,.T.);
#5560=EDGE_CURVE('',#4542,#4543,#522,.T.);
#5561=EDGE_CURVE('',#4543,#4544,#523,.T.);
#5562=EDGE_CURVE('',#4544,#4545,#524,.T.);
#5563=EDGE_CURVE('',#4545,#4546,#4055,.T.);
#5564=EDGE_CURVE('',#4546,#4547,#525,.T.);
#5565=EDGE_CURVE('',#4547,#4548,#4056,.T.);
#5566=EDGE_CURVE('',#4548,#4549,#526,.T.);
#5567=EDGE_CURVE('',#4549,#4550,#4057,.T.);
#5568=EDGE_CURVE('',#4550,#4551,#527,.T.);
#5569=EDGE_CURVE('',#4551,#4552,#4058,.T.);
#5570=EDGE_CURVE('',#4552,#4553,#528,.T.);
#5571=EDGE_CURVE('',#4553,#4554,#4059,.T.);
#5572=EDGE_CURVE('',#4554,#4555,#529,.T.);
#5573=EDGE_CURVE('',#4555,#4556,#530,.T.);
#5574=EDGE_CURVE('',#4556,#4557,#531,.T.);
#5575=EDGE_CURVE('',#4557,#4558,#532,.T.);
#5576=EDGE_CURVE('',#4558,#4559,#4060,.T.);
#5577=EDGE_CURVE('',#4559,#4560,#533,.T.);
#5578=EDGE_CURVE('',#4560,#4561,#4061,.T.);
#5579=EDGE_CURVE('',#4561,#4562,#534,.T.);
#5580=EDGE_CURVE('',#4562,#4563,#535,.T.);
#5581=EDGE_CURVE('',#4563,#4390,#536,.T.);
#5582=EDGE_CURVE('',#4405,#4564,#537,.T.);
#5583=EDGE_CURVE('',#4564,#4565,#538,.T.);
#5584=EDGE_CURVE('',#4565,#4566,#539,.T.);
#5585=EDGE_CURVE('',#4566,#4567,#540,.T.);
#5586=EDGE_CURVE('',#4567,#4568,#4062,.T.);
#5587=EDGE_CURVE('',#4568,#4569,#541,.T.);
#5588=EDGE_CURVE('',#4569,#4570,#4063,.T.);
#5589=EDGE_CURVE('',#4570,#4571,#542,.T.);
#5590=EDGE_CURVE('',#4571,#4572,#4064,.T.);
#5591=EDGE_CURVE('',#4572,#4573,#543,.T.);
#5592=EDGE_CURVE('',#4573,#4574,#4065,.T.);
#5593=EDGE_CURVE('',#4574,#4575,#544,.T.);
#5594=EDGE_CURVE('',#4575,#4576,#4066,.T.);
#5595=EDGE_CURVE('',#4576,#4577,#545,.T.);
#5596=EDGE_CURVE('',#4577,#4578,#4067,.T.);
#5597=EDGE_CURVE('',#4578,#4579,#546,.T.);
#5598=EDGE_CURVE('',#4579,#4580,#4068,.T.);
#5599=EDGE_CURVE('',#4580,#4581,#547,.T.);
#5600=EDGE_CURVE('',#4581,#4421,#548,.T.);
#5601=EDGE_CURVE('',#4425,#4582,#549,.T.);
#5602=EDGE_CURVE('',#4582,#4583,#4069,.T.);
#5603=EDGE_CURVE('',#4583,#4584,#550,.T.);
#5604=EDGE_CURVE('',#4584,#4585,#4070,.T.);
#5605=EDGE_CURVE('',#4585,#4586,#551,.T.);
#5606=EDGE_CURVE('',#4586,#4587,#4071,.T.);
#5607=EDGE_CURVE('',#4587,#4588,#552,.T.);
#5608=EDGE_CURVE('',#4588,#4589,#4072,.T.);
#5609=EDGE_CURVE('',#4589,#4590,#553,.T.);
#5610=EDGE_CURVE('',#4590,#4591,#4073,.T.);
#5611=EDGE_CURVE('',#4591,#4592,#554,.T.);
#5612=EDGE_CURVE('',#4592,#4593,#4074,.T.);
#5613=EDGE_CURVE('',#4593,#4594,#555,.T.);
#5614=EDGE_CURVE('',#4594,#4595,#4075,.T.);
#5615=EDGE_CURVE('',#4595,#4596,#556,.T.);
#5616=EDGE_CURVE('',#4596,#4597,#557,.T.);
#5617=EDGE_CURVE('',#4597,#4598,#558,.T.);
#5618=EDGE_CURVE('',#4598,#4599,#559,.T.);
#5619=EDGE_CURVE('',#4599,#4600,#4076,.T.);
#5620=EDGE_CURVE('',#4600,#4601,#560,.T.);
#5621=EDGE_CURVE('',#4601,#4602,#4077,.T.);
#5622=EDGE_CURVE('',#4602,#4603,#561,.T.);
#5623=EDGE_CURVE('',#4603,#4604,#4078,.T.);
#5624=EDGE_CURVE('',#4604,#4605,#562,.T.);
#5625=EDGE_CURVE('',#4605,#4606,#4079,.T.);
#5626=EDGE_CURVE('',#4606,#4607,#563,.T.);
#5627=EDGE_CURVE('',#4607,#4608,#4080,.T.);
#5628=EDGE_CURVE('',#4608,#4609,#564,.T.);
#5629=EDGE_CURVE('',#4609,#4610,#4081,.T.);
#5630=EDGE_CURVE('',#4610,#4611,#565,.T.);
#5631=EDGE_CURVE('',#4611,#4612,#4082,.T.);
#5632=EDGE_CURVE('',#4612,#4613,#566,.T.);
#5633=EDGE_CURVE('',#4613,#4614,#567,.T.);
#5634=EDGE_CURVE('',#4614,#4615,#568,.T.);
#5635=EDGE_CURVE('',#4615,#4616,#569,.T.);
#5636=EDGE_CURVE('',#4616,#4617,#570,.T.);
#5637=EDGE_CURVE('',#4617,#4618,#4083,.T.);
#5638=EDGE_CURVE('',#4618,#4619,#571,.T.);
#5639=EDGE_CURVE('',#4619,#4620,#4084,.T.);
#5640=EDGE_CURVE('',#4620,#4621,#572,.T.);
#5641=EDGE_CURVE('',#4621,#4622,#573,.T.);
#5642=EDGE_CURVE('',#4622,#4623,#574,.T.);
#5643=EDGE_CURVE('',#4623,#4624,#575,.T.);
#5644=EDGE_CURVE('',#4624,#4625,#4085,.T.);
#5645=EDGE_CURVE('',#4625,#4626,#576,.T.);
#5646=EDGE_CURVE('',#4626,#4627,#4086,.T.);
#5647=EDGE_CURVE('',#4627,#4628,#577,.T.);
#5648=EDGE_CURVE('',#4628,#4629,#4087,.T.);
#5649=EDGE_CURVE('',#4629,#4630,#578,.T.);
#5650=EDGE_CURVE('',#4630,#4631,#4088,.T.);
#5651=EDGE_CURVE('',#4631,#4632,#579,.T.);
#5652=EDGE_CURVE('',#4632,#4633,#4089,.T.);
#5653=EDGE_CURVE('',#4633,#4634,#580,.T.);
#5654=EDGE_CURVE('',#4634,#4635,#581,.T.);
#5655=EDGE_CURVE('',#4635,#4636,#582,.T.);
#5656=EDGE_CURVE('',#4636,#4637,#583,.T.);
#5657=EDGE_CURVE('',#4637,#4638,#4090,.T.);
#5658=EDGE_CURVE('',#4638,#4639,#584,.T.);
#5659=EDGE_CURVE('',#4639,#4640,#4091,.T.);
#5660=EDGE_CURVE('',#4640,#4641,#585,.T.);
#5661=EDGE_CURVE('',#4641,#4642,#4092,.T.);
#5662=EDGE_CURVE('',#4642,#4643,#586,.T.);
#5663=EDGE_CURVE('',#4643,#4644,#4093,.T.);
#5664=EDGE_CURVE('',#4644,#4645,#587,.T.);
#5665=EDGE_CURVE('',#4645,#4646,#4094,.T.);
#5666=EDGE_CURVE('',#4646,#4647,#588,.T.);
#5667=EDGE_CURVE('',#4647,#4648,#4095,.T.);
#5668=EDGE_CURVE('',#4648,#4649,#589,.T.);
#5669=EDGE_CURVE('',#4649,#4650,#4096,.T.);
#5670=EDGE_CURVE('',#4650,#4651,#590,.T.);
#5671=EDGE_CURVE('',#4651,#4652,#4097,.T.);
#5672=EDGE_CURVE('',#4652,#4653,#591,.T.);
#5673=EDGE_CURVE('',#4653,#4654,#4098,.T.);
#5674=EDGE_CURVE('',#4654,#4655,#592,.T.);
#5675=EDGE_CURVE('',#4655,#4656,#593,.T.);
#5676=EDGE_CURVE('',#4656,#4657,#594,.T.);
#5677=EDGE_CURVE('',#4657,#4658,#4099,.T.);
#5678=EDGE_CURVE('',#4658,#4659,#595,.T.);
#5679=EDGE_CURVE('',#4659,#4660,#4100,.T.);
#5680=EDGE_CURVE('',#4660,#4661,#596,.T.);
#5681=EDGE_CURVE('',#4661,#4662,#4101,.T.);
#5682=EDGE_CURVE('',#4662,#4663,#597,.T.);
#5683=EDGE_CURVE('',#4663,#4664,#4102,.T.);
#5684=EDGE_CURVE('',#4664,#4665,#598,.T.);
#5685=EDGE_CURVE('',#4665,#4666,#4103,.T.);
#5686=EDGE_CURVE('',#4666,#4667,#599,.T.);
#5687=EDGE_CURVE('',#4667,#4668,#4104,.T.);
#5688=EDGE_CURVE('',#4668,#4669,#600,.T.);
#5689=EDGE_CURVE('',#4669,#4670,#4105,.T.);
#5690=EDGE_CURVE('',#4670,#4671,#601,.T.);
#5691=EDGE_CURVE('',#4671,#4672,#4106,.T.);
#5692=EDGE_CURVE('',#4672,#4673,#602,.T.);
#5693=EDGE_CURVE('',#4673,#4674,#603,.T.);
#5694=EDGE_CURVE('',#4674,#4675,#604,.T.);
#5695=EDGE_CURVE('',#4675,#4676,#4107,.T.);
#5696=EDGE_CURVE('',#4676,#4677,#605,.T.);
#5697=EDGE_CURVE('',#4677,#4678,#4108,.T.);
#5698=EDGE_CURVE('',#4678,#4679,#606,.T.);
#5699=EDGE_CURVE('',#4679,#4680,#4109,.T.);
#5700=EDGE_CURVE('',#4680,#4681,#607,.T.);
#5701=EDGE_CURVE('',#4681,#4682,#4110,.T.);
#5702=EDGE_CURVE('',#4682,#4683,#608,.T.);
#5703=EDGE_CURVE('',#4683,#4684,#4111,.T.);
#5704=EDGE_CURVE('',#4684,#4685,#609,.T.);
#5705=EDGE_CURVE('',#4685,#4686,#4112,.T.);
#5706=EDGE_CURVE('',#4686,#4687,#610,.T.);
#5707=EDGE_CURVE('',#4687,#4426,#4113,.T.);
#5708=EDGE_CURVE('',#4667,#4688,#611,.T.);
#5709=EDGE_CURVE('',#4688,#4689,#4114,.T.);
#5710=EDGE_CURVE('',#4689,#4668,#612,.T.);
#5711=EDGE_CURVE('',#4666,#4690,#613,.T.);
#5712=EDGE_CURVE('',#4690,#4688,#614,.T.);
#5713=EDGE_CURVE('',#4665,#4691,#615,.T.);
#5714=EDGE_CURVE('',#4691,#4690,#4115,.T.);
#5715=EDGE_CURVE('',#4664,#4692,#616,.T.);
#5716=EDGE_CURVE('',#4692,#4691,#617,.T.);
#5717=EDGE_CURVE('',#4663,#4693,#618,.T.);
#5718=EDGE_CURVE('',#4693,#4692,#4116,.T.);
#5719=EDGE_CURVE('',#4662,#4694,#619,.T.);
#5720=EDGE_CURVE('',#4694,#4693,#620,.T.);
#5721=EDGE_CURVE('',#4661,#4695,#621,.T.);
#5722=EDGE_CURVE('',#4695,#4694,#4117,.T.);
#5723=EDGE_CURVE('',#4660,#4696,#622,.T.);
#5724=EDGE_CURVE('',#4696,#4695,#623,.T.);
#5725=EDGE_CURVE('',#4659,#4697,#624,.T.);
#5726=EDGE_CURVE('',#4697,#4696,#4118,.T.);
#5727=EDGE_CURVE('',#4658,#4698,#625,.T.);
#5728=EDGE_CURVE('',#4698,#4697,#626,.T.);
#5729=EDGE_CURVE('',#4657,#4699,#627,.T.);
#5730=EDGE_CURVE('',#4699,#4698,#4119,.T.);
#5731=EDGE_CURVE('',#4656,#4700,#628,.T.);
#5732=EDGE_CURVE('',#4700,#4699,#629,.T.);
#5733=EDGE_CURVE('',#4655,#4701,#630,.T.);
#5734=EDGE_CURVE('',#4701,#4700,#631,.T.);
#5735=EDGE_CURVE('',#4654,#4702,#632,.T.);
#5736=EDGE_CURVE('',#4702,#4701,#633,.T.);
#5737=EDGE_CURVE('',#4653,#4703,#634,.T.);
#5738=EDGE_CURVE('',#4703,#4702,#4120,.T.);
#5739=EDGE_CURVE('',#4652,#4704,#635,.T.);
#5740=EDGE_CURVE('',#4704,#4703,#636,.T.);
#5741=EDGE_CURVE('',#4651,#4705,#637,.T.);
#5742=EDGE_CURVE('',#4705,#4704,#4121,.T.);
#5743=EDGE_CURVE('',#4650,#4706,#638,.T.);
#5744=EDGE_CURVE('',#4706,#4705,#639,.T.);
#5745=EDGE_CURVE('',#4649,#4707,#640,.T.);
#5746=EDGE_CURVE('',#4707,#4706,#4122,.T.);
#5747=EDGE_CURVE('',#4648,#4708,#641,.T.);
#5748=EDGE_CURVE('',#4708,#4707,#642,.T.);
#5749=EDGE_CURVE('',#4647,#4709,#643,.T.);
#5750=EDGE_CURVE('',#4709,#4708,#4123,.T.);
#5751=EDGE_CURVE('',#4646,#4710,#644,.T.);
#5752=EDGE_CURVE('',#4710,#4709,#645,.T.);
#5753=EDGE_CURVE('',#4645,#4711,#646,.T.);
#5754=EDGE_CURVE('',#4711,#4710,#4124,.T.);
#5755=EDGE_CURVE('',#4644,#4712,#647,.T.);
#5756=EDGE_CURVE('',#4712,#4711,#648,.T.);
#5757=EDGE_CURVE('',#4643,#4713,#649,.T.);
#5758=EDGE_CURVE('',#4713,#4712,#4125,.T.);
#5759=EDGE_CURVE('',#4642,#4714,#650,.T.);
#5760=EDGE_CURVE('',#4714,#4713,#651,.T.);
#5761=EDGE_CURVE('',#4641,#4715,#652,.T.);
#5762=EDGE_CURVE('',#4715,#4714,#4126,.T.);
#5763=EDGE_CURVE('',#4640,#4716,#653,.T.);
#5764=EDGE_CURVE('',#4716,#4715,#654,.T.);
#5765=EDGE_CURVE('',#4639,#4717,#655,.T.);
#5766=EDGE_CURVE('',#4717,#4716,#4127,.T.);
#5767=EDGE_CURVE('',#4638,#4718,#656,.T.);
#5768=EDGE_CURVE('',#4718,#4717,#657,.T.);
#5769=EDGE_CURVE('',#4637,#4719,#658,.T.);
#5770=EDGE_CURVE('',#4719,#4718,#4128,.T.);
#5771=EDGE_CURVE('',#4636,#4720,#659,.T.);
#5772=EDGE_CURVE('',#4720,#4719,#660,.T.);
#5773=EDGE_CURVE('',#4635,#4721,#661,.T.);
#5774=EDGE_CURVE('',#4721,#4720,#662,.T.);
#5775=EDGE_CURVE('',#4634,#4722,#663,.T.);
#5776=EDGE_CURVE('',#4722,#4721,#664,.T.);
#5777=EDGE_CURVE('',#4633,#4723,#665,.T.);
#5778=EDGE_CURVE('',#4723,#4722,#666,.T.);
#5779=EDGE_CURVE('',#4632,#4724,#667,.T.);
#5780=EDGE_CURVE('',#4724,#4723,#4129,.T.);
#5781=EDGE_CURVE('',#4631,#4725,#668,.T.);
#5782=EDGE_CURVE('',#4725,#4724,#669,.T.);
#5783=EDGE_CURVE('',#4630,#4726,#670,.T.);
#5784=EDGE_CURVE('',#4726,#4725,#4130,.T.);
#5785=EDGE_CURVE('',#4629,#4727,#671,.T.);
#5786=EDGE_CURVE('',#4727,#4726,#672,.T.);
#5787=EDGE_CURVE('',#4628,#4728,#673,.T.);
#5788=EDGE_CURVE('',#4728,#4727,#4131,.T.);
#5789=EDGE_CURVE('',#4627,#4729,#674,.T.);
#5790=EDGE_CURVE('',#4729,#4728,#675,.T.);
#5791=EDGE_CURVE('',#4626,#4730,#676,.T.);
#5792=EDGE_CURVE('',#4730,#4729,#4132,.T.);
#5793=EDGE_CURVE('',#4625,#4731,#677,.T.);
#5794=EDGE_CURVE('',#4731,#4730,#678,.T.);
#5795=EDGE_CURVE('',#4624,#4732,#679,.T.);
#5796=EDGE_CURVE('',#4732,#4731,#4133,.T.);
#5797=EDGE_CURVE('',#4623,#4733,#680,.T.);
#5798=EDGE_CURVE('',#4733,#4732,#681,.T.);
#5799=EDGE_CURVE('',#4622,#4734,#682,.T.);
#5800=EDGE_CURVE('',#4734,#4733,#683,.T.);
#5801=EDGE_CURVE('',#4621,#4735,#684,.T.);
#5802=EDGE_CURVE('',#4735,#4734,#685,.T.);
#5803=EDGE_CURVE('',#4620,#4736,#686,.T.);
#5804=EDGE_CURVE('',#4736,#4735,#687,.T.);
#5805=EDGE_CURVE('',#4619,#4737,#688,.T.);
#5806=EDGE_CURVE('',#4737,#4736,#4134,.T.);
#5807=EDGE_CURVE('',#4618,#4738,#689,.T.);
#5808=EDGE_CURVE('',#4738,#4737,#690,.T.);
#5809=EDGE_CURVE('',#4617,#4739,#691,.T.);
#5810=EDGE_CURVE('',#4739,#4738,#4135,.T.);
#5811=EDGE_CURVE('',#4616,#4740,#692,.T.);
#5812=EDGE_CURVE('',#4740,#4739,#693,.T.);
#5813=EDGE_CURVE('',#4615,#4741,#694,.T.);
#5814=EDGE_CURVE('',#4741,#4740,#695,.T.);
#5815=EDGE_CURVE('',#4614,#4742,#696,.T.);
#5816=EDGE_CURVE('',#4742,#4741,#697,.T.);
#5817=EDGE_CURVE('',#4613,#4743,#698,.T.);
#5818=EDGE_CURVE('',#4743,#4742,#699,.T.);
#5819=EDGE_CURVE('',#4612,#4744,#700,.T.);
#5820=EDGE_CURVE('',#4744,#4743,#701,.T.);
#5821=EDGE_CURVE('',#4611,#4745,#702,.T.);
#5822=EDGE_CURVE('',#4745,#4744,#4136,.T.);
#5823=EDGE_CURVE('',#4610,#4746,#703,.T.);
#5824=EDGE_CURVE('',#4746,#4745,#704,.T.);
#5825=EDGE_CURVE('',#4609,#4747,#705,.T.);
#5826=EDGE_CURVE('',#4747,#4746,#4137,.T.);
#5827=EDGE_CURVE('',#4608,#4748,#706,.T.);
#5828=EDGE_CURVE('',#4748,#4747,#707,.T.);
#5829=EDGE_CURVE('',#4607,#4749,#708,.T.);
#5830=EDGE_CURVE('',#4749,#4748,#4138,.T.);
#5831=EDGE_CURVE('',#4606,#4750,#709,.T.);
#5832=EDGE_CURVE('',#4750,#4749,#710,.T.);
#5833=EDGE_CURVE('',#4605,#4751,#711,.T.);
#5834=EDGE_CURVE('',#4751,#4750,#4139,.T.);
#5835=EDGE_CURVE('',#4604,#4752,#712,.T.);
#5836=EDGE_CURVE('',#4752,#4751,#713,.T.);
#5837=EDGE_CURVE('',#4603,#4753,#714,.T.);
#5838=EDGE_CURVE('',#4753,#4752,#4140,.T.);
#5839=EDGE_CURVE('',#4602,#4754,#715,.T.);
#5840=EDGE_CURVE('',#4754,#4753,#716,.T.);
#5841=EDGE_CURVE('',#4601,#4755,#717,.T.);
#5842=EDGE_CURVE('',#4755,#4754,#4141,.T.);
#5843=EDGE_CURVE('',#4600,#4756,#718,.T.);
#5844=EDGE_CURVE('',#4756,#4755,#719,.T.);
#5845=EDGE_CURVE('',#4599,#4757,#720,.T.);
#5846=EDGE_CURVE('',#4757,#4756,#4142,.T.);
#5847=EDGE_CURVE('',#4598,#4758,#721,.T.);
#5848=EDGE_CURVE('',#4758,#4757,#722,.T.);
#5849=EDGE_CURVE('',#4597,#4759,#723,.T.);
#5850=EDGE_CURVE('',#4759,#4758,#724,.T.);
#5851=EDGE_CURVE('',#4596,#4760,#725,.T.);
#5852=EDGE_CURVE('',#4760,#4759,#726,.T.);
#5853=EDGE_CURVE('',#4595,#4761,#727,.T.);
#5854=EDGE_CURVE('',#4761,#4760,#728,.T.);
#5855=EDGE_CURVE('',#4594,#4762,#729,.T.);
#5856=EDGE_CURVE('',#4762,#4761,#4143,.T.);
#5857=EDGE_CURVE('',#4593,#4763,#730,.T.);
#5858=EDGE_CURVE('',#4763,#4762,#731,.T.);
#5859=EDGE_CURVE('',#4592,#4764,#732,.T.);
#5860=EDGE_CURVE('',#4764,#4763,#4144,.T.);
#5861=EDGE_CURVE('',#4591,#4765,#733,.T.);
#5862=EDGE_CURVE('',#4765,#4764,#734,.T.);
#5863=EDGE_CURVE('',#4590,#4766,#735,.T.);
#5864=EDGE_CURVE('',#4766,#4765,#4145,.T.);
#5865=EDGE_CURVE('',#4589,#4767,#736,.T.);
#5866=EDGE_CURVE('',#4767,#4766,#737,.T.);
#5867=EDGE_CURVE('',#4588,#4768,#738,.T.);
#5868=EDGE_CURVE('',#4768,#4767,#4146,.T.);
#5869=EDGE_CURVE('',#4587,#4769,#739,.T.);
#5870=EDGE_CURVE('',#4769,#4768,#740,.T.);
#5871=EDGE_CURVE('',#4586,#4770,#741,.T.);
#5872=EDGE_CURVE('',#4770,#4769,#4147,.T.);
#5873=EDGE_CURVE('',#4585,#4771,#742,.T.);
#5874=EDGE_CURVE('',#4771,#4770,#743,.T.);
#5875=EDGE_CURVE('',#4584,#4772,#744,.T.);
#5876=EDGE_CURVE('',#4772,#4771,#4148,.T.);
#5877=EDGE_CURVE('',#4583,#4773,#745,.T.);
#5878=EDGE_CURVE('',#4773,#4772,#746,.T.);
#5879=EDGE_CURVE('',#4582,#4774,#747,.T.);
#5880=EDGE_CURVE('',#4774,#4773,#4149,.T.);
#5881=EDGE_CURVE('',#4424,#4774,#748,.T.);
#5882=EDGE_CURVE('',#4460,#4775,#749,.T.);
#5883=EDGE_CURVE('',#4775,#4423,#4150,.T.);
#5884=EDGE_CURVE('',#4459,#4776,#750,.T.);
#5885=EDGE_CURVE('',#4776,#4775,#751,.T.);
#5886=EDGE_CURVE('',#4458,#4777,#752,.T.);
#5887=EDGE_CURVE('',#4777,#4776,#4151,.T.);
#5888=EDGE_CURVE('',#4457,#4778,#753,.T.);
#5889=EDGE_CURVE('',#4778,#4777,#754,.T.);
#5890=EDGE_CURVE('',#4456,#4779,#755,.T.);
#5891=EDGE_CURVE('',#4779,#4778,#4152,.T.);
#5892=EDGE_CURVE('',#4455,#4780,#756,.T.);
#5893=EDGE_CURVE('',#4780,#4779,#757,.T.);
#5894=EDGE_CURVE('',#4454,#4781,#758,.T.);
#5895=EDGE_CURVE('',#4781,#4780,#4153,.T.);
#5896=EDGE_CURVE('',#4453,#4782,#759,.T.);
#5897=EDGE_CURVE('',#4782,#4781,#760,.T.);
#5898=EDGE_CURVE('',#4452,#4783,#761,.T.);
#5899=EDGE_CURVE('',#4783,#4782,#4154,.T.);
#5900=EDGE_CURVE('',#4451,#4784,#762,.T.);
#5901=EDGE_CURVE('',#4784,#4783,#763,.T.);
#5902=EDGE_CURVE('',#4450,#4785,#764,.T.);
#5903=EDGE_CURVE('',#4785,#4784,#4155,.T.);
#5904=EDGE_CURVE('',#4449,#4786,#765,.T.);
#5905=EDGE_CURVE('',#4786,#4785,#766,.T.);
#5906=EDGE_CURVE('',#4448,#4787,#767,.T.);
#5907=EDGE_CURVE('',#4787,#4786,#4156,.T.);
#5908=EDGE_CURVE('',#4447,#4788,#768,.T.);
#5909=EDGE_CURVE('',#4788,#4787,#769,.T.);
#5910=EDGE_CURVE('',#4446,#4789,#770,.T.);
#5911=EDGE_CURVE('',#4789,#4788,#771,.T.);
#5912=EDGE_CURVE('',#4445,#4790,#772,.T.);
#5913=EDGE_CURVE('',#4790,#4789,#773,.T.);
#5914=EDGE_CURVE('',#4444,#4791,#774,.T.);
#5915=EDGE_CURVE('',#4791,#4790,#775,.T.);
#5916=EDGE_CURVE('',#4443,#4792,#776,.T.);
#5917=EDGE_CURVE('',#4792,#4791,#777,.T.);
#5918=EDGE_CURVE('',#4442,#4793,#778,.T.);
#5919=EDGE_CURVE('',#4793,#4792,#779,.T.);
#5920=EDGE_CURVE('',#4441,#4794,#780,.T.);
#5921=EDGE_CURVE('',#4794,#4793,#781,.T.);
#5922=EDGE_CURVE('',#4440,#4795,#782,.T.);
#5923=EDGE_CURVE('',#4795,#4794,#783,.T.);
#5924=EDGE_CURVE('',#4439,#4796,#784,.T.);
#5925=EDGE_CURVE('',#4796,#4795,#785,.T.);
#5926=EDGE_CURVE('',#4438,#4797,#786,.T.);
#5927=EDGE_CURVE('',#4797,#4796,#787,.T.);
#5928=EDGE_CURVE('',#4437,#4798,#788,.T.);
#5929=EDGE_CURVE('',#4798,#4797,#789,.T.);
#5930=EDGE_CURVE('',#4436,#4799,#790,.T.);
#5931=EDGE_CURVE('',#4799,#4798,#4157,.T.);
#5932=EDGE_CURVE('',#4435,#4800,#791,.T.);
#5933=EDGE_CURVE('',#4800,#4799,#792,.T.);
#5934=EDGE_CURVE('',#4434,#4801,#793,.T.);
#5935=EDGE_CURVE('',#4801,#4800,#794,.T.);
#5936=EDGE_CURVE('',#4433,#4802,#795,.T.);
#5937=EDGE_CURVE('',#4802,#4801,#796,.T.);
#5938=EDGE_CURVE('',#4432,#4803,#797,.T.);
#5939=EDGE_CURVE('',#4803,#4802,#4158,.T.);
#5940=EDGE_CURVE('',#4431,#4804,#798,.T.);
#5941=EDGE_CURVE('',#4804,#4803,#799,.T.);
#5942=EDGE_CURVE('',#4430,#4805,#800,.T.);
#5943=EDGE_CURVE('',#4805,#4804,#4159,.T.);
#5944=EDGE_CURVE('',#4429,#4806,#801,.T.);
#5945=EDGE_CURVE('',#4806,#4805,#802,.T.);
#5946=EDGE_CURVE('',#4428,#4807,#803,.T.);
#5947=EDGE_CURVE('',#4807,#4806,#4160,.T.);
#5948=EDGE_CURVE('',#4427,#4808,#804,.T.);
#5949=EDGE_CURVE('',#4808,#4807,#805,.T.);
#5950=EDGE_CURVE('',#4426,#4809,#806,.T.);
#5951=EDGE_CURVE('',#4809,#4808,#807,.T.);
#5952=EDGE_CURVE('',#4687,#4810,#808,.T.);
#5953=EDGE_CURVE('',#4810,#4809,#4161,.T.);
#5954=EDGE_CURVE('',#4686,#4811,#809,.T.);
#5955=EDGE_CURVE('',#4811,#4810,#810,.T.);
#5956=EDGE_CURVE('',#4685,#4812,#811,.T.);
#5957=EDGE_CURVE('',#4812,#4811,#4162,.T.);
#5958=EDGE_CURVE('',#4684,#4813,#812,.T.);
#5959=EDGE_CURVE('',#4813,#4812,#813,.T.);
#5960=EDGE_CURVE('',#4683,#4814,#814,.T.);
#5961=EDGE_CURVE('',#4814,#4813,#4163,.T.);
#5962=EDGE_CURVE('',#4682,#4815,#815,.T.);
#5963=EDGE_CURVE('',#4815,#4814,#816,.T.);
#5964=EDGE_CURVE('',#4681,#4816,#817,.T.);
#5965=EDGE_CURVE('',#4816,#4815,#4164,.T.);
#5966=EDGE_CURVE('',#4680,#4817,#818,.T.);
#5967=EDGE_CURVE('',#4817,#4816,#819,.T.);
#5968=EDGE_CURVE('',#4679,#4818,#820,.T.);
#5969=EDGE_CURVE('',#4818,#4817,#4165,.T.);
#5970=EDGE_CURVE('',#4678,#4819,#821,.T.);
#5971=EDGE_CURVE('',#4819,#4818,#822,.T.);
#5972=EDGE_CURVE('',#4677,#4820,#823,.T.);
#5973=EDGE_CURVE('',#4820,#4819,#4166,.T.);
#5974=EDGE_CURVE('',#4676,#4821,#824,.T.);
#5975=EDGE_CURVE('',#4821,#4820,#825,.T.);
#5976=EDGE_CURVE('',#4675,#4822,#826,.T.);
#5977=EDGE_CURVE('',#4822,#4821,#4167,.T.);
#5978=EDGE_CURVE('',#4674,#4823,#827,.T.);
#5979=EDGE_CURVE('',#4823,#4822,#828,.T.);
#5980=EDGE_CURVE('',#4673,#4824,#829,.T.);
#5981=EDGE_CURVE('',#4824,#4823,#830,.T.);
#5982=EDGE_CURVE('',#4672,#4825,#831,.T.);
#5983=EDGE_CURVE('',#4825,#4824,#832,.T.);
#5984=EDGE_CURVE('',#4671,#4826,#833,.T.);
#5985=EDGE_CURVE('',#4826,#4825,#4168,.T.);
#5986=EDGE_CURVE('',#4670,#4827,#834,.T.);
#5987=EDGE_CURVE('',#4827,#4826,#835,.T.);
#5988=EDGE_CURVE('',#4669,#4828,#836,.T.);
#5989=EDGE_CURVE('',#4828,#4827,#4169,.T.);
#5990=EDGE_CURVE('',#4689,#4828,#837,.T.);
#5991=EDGE_CURVE('',#4829,#4830,#838,.T.);
#5992=EDGE_CURVE('',#4831,#4829,#839,.T.);
#5993=EDGE_CURVE('',#4832,#4831,#840,.T.);
#5994=EDGE_CURVE('',#4833,#4832,#841,.T.);
#5995=EDGE_CURVE('',#4834,#4833,#842,.T.);
#5996=EDGE_CURVE('',#4835,#4834,#843,.T.);
#5997=EDGE_CURVE('',#4836,#4835,#844,.T.);
#5998=EDGE_CURVE('',#4837,#4836,#4170,.T.);
#5999=EDGE_CURVE('',#4838,#4837,#845,.T.);
#6000=EDGE_CURVE('',#4839,#4838,#4171,.T.);
#6001=EDGE_CURVE('',#4840,#4839,#846,.T.);
#6002=EDGE_CURVE('',#4841,#4840,#847,.T.);
#6003=EDGE_CURVE('',#4842,#4841,#848,.T.);
#6004=EDGE_CURVE('',#4843,#4842,#849,.T.);
#6005=EDGE_CURVE('',#4844,#4843,#4172,.T.);
#6006=EDGE_CURVE('',#4845,#4844,#850,.T.);
#6007=EDGE_CURVE('',#4846,#4845,#4173,.T.);
#6008=EDGE_CURVE('',#4847,#4846,#851,.T.);
#6009=EDGE_CURVE('',#4848,#4847,#4174,.T.);
#6010=EDGE_CURVE('',#4849,#4848,#852,.T.);
#6011=EDGE_CURVE('',#4850,#4849,#4175,.T.);
#6012=EDGE_CURVE('',#4851,#4850,#853,.T.);
#6013=EDGE_CURVE('',#4852,#4851,#4176,.T.);
#6014=EDGE_CURVE('',#4853,#4852,#854,.T.);
#6015=EDGE_CURVE('',#4854,#4853,#855,.T.);
#6016=EDGE_CURVE('',#4855,#4854,#856,.T.);
#6017=EDGE_CURVE('',#4856,#4855,#857,.T.);
#6018=EDGE_CURVE('',#4857,#4856,#4177,.T.);
#6019=EDGE_CURVE('',#4858,#4857,#858,.T.);
#6020=EDGE_CURVE('',#4859,#4858,#4178,.T.);
#6021=EDGE_CURVE('',#4860,#4859,#859,.T.);
#6022=EDGE_CURVE('',#4861,#4860,#4179,.T.);
#6023=EDGE_CURVE('',#4862,#4861,#860,.T.);
#6024=EDGE_CURVE('',#4863,#4862,#4180,.T.);
#6025=EDGE_CURVE('',#4864,#4863,#861,.T.);
#6026=EDGE_CURVE('',#4865,#4864,#4181,.T.);
#6027=EDGE_CURVE('',#4866,#4865,#862,.T.);
#6028=EDGE_CURVE('',#4867,#4866,#4182,.T.);
#6029=EDGE_CURVE('',#4868,#4867,#863,.T.);
#6030=EDGE_CURVE('',#4869,#4868,#4183,.T.);
#6031=EDGE_CURVE('',#4870,#4869,#864,.T.);
#6032=EDGE_CURVE('',#4871,#4870,#4184,.T.);
#6033=EDGE_CURVE('',#4872,#4871,#865,.T.);
#6034=EDGE_CURVE('',#4873,#4872,#4185,.T.);
#6035=EDGE_CURVE('',#4874,#4873,#866,.T.);
#6036=EDGE_CURVE('',#4875,#4874,#867,.T.);
#6037=EDGE_CURVE('',#4876,#4875,#868,.T.);
#6038=EDGE_CURVE('',#4877,#4876,#4186,.T.);
#6039=EDGE_CURVE('',#4878,#4877,#869,.T.);
#6040=EDGE_CURVE('',#4879,#4878,#4187,.T.);
#6041=EDGE_CURVE('',#4880,#4879,#870,.T.);
#6042=EDGE_CURVE('',#4881,#4880,#4188,.T.);
#6043=EDGE_CURVE('',#4882,#4881,#871,.T.);
#6044=EDGE_CURVE('',#4883,#4882,#4189,.T.);
#6045=EDGE_CURVE('',#4884,#4883,#872,.T.);
#6046=EDGE_CURVE('',#4885,#4884,#4190,.T.);
#6047=EDGE_CURVE('',#4886,#4885,#873,.T.);
#6048=EDGE_CURVE('',#4887,#4886,#4191,.T.);
#6049=EDGE_CURVE('',#4888,#4887,#874,.T.);
#6050=EDGE_CURVE('',#4889,#4888,#4192,.T.);
#6051=EDGE_CURVE('',#4890,#4889,#875,.T.);
#6052=EDGE_CURVE('',#4891,#4890,#4193,.T.);
#6053=EDGE_CURVE('',#4892,#4891,#876,.T.);
#6054=EDGE_CURVE('',#4893,#4892,#877,.T.);
#6055=EDGE_CURVE('',#4894,#4893,#878,.T.);
#6056=EDGE_CURVE('',#4895,#4894,#4194,.T.);
#6057=EDGE_CURVE('',#4896,#4895,#879,.T.);
#6058=EDGE_CURVE('',#4897,#4896,#4195,.T.);
#6059=EDGE_CURVE('',#4898,#4897,#880,.T.);
#6060=EDGE_CURVE('',#4899,#4898,#4196,.T.);
#6061=EDGE_CURVE('',#4900,#4899,#881,.T.);
#6062=EDGE_CURVE('',#4901,#4900,#4197,.T.);
#6063=EDGE_CURVE('',#4902,#4901,#882,.T.);
#6064=EDGE_CURVE('',#4903,#4902,#4198,.T.);
#6065=EDGE_CURVE('',#4904,#4903,#883,.T.);
#6066=EDGE_CURVE('',#4905,#4904,#4199,.T.);
#6067=EDGE_CURVE('',#4906,#4905,#884,.T.);
#6068=EDGE_CURVE('',#4907,#4906,#4200,.T.);
#6069=EDGE_CURVE('',#4908,#4907,#885,.T.);
#6070=EDGE_CURVE('',#4909,#4908,#886,.T.);
#6071=EDGE_CURVE('',#4910,#4909,#887,.T.);
#6072=EDGE_CURVE('',#4911,#4910,#888,.T.);
#6073=EDGE_CURVE('',#4912,#4911,#889,.T.);
#6074=EDGE_CURVE('',#4913,#4912,#4201,.T.);
#6075=EDGE_CURVE('',#4914,#4913,#890,.T.);
#6076=EDGE_CURVE('',#4915,#4914,#4202,.T.);
#6077=EDGE_CURVE('',#4916,#4915,#891,.T.);
#6078=EDGE_CURVE('',#4917,#4916,#4203,.T.);
#6079=EDGE_CURVE('',#4918,#4917,#892,.T.);
#6080=EDGE_CURVE('',#4919,#4918,#893,.T.);
#6081=EDGE_CURVE('',#4920,#4919,#894,.T.);
#6082=EDGE_CURVE('',#4921,#4920,#4204,.T.);
#6083=EDGE_CURVE('',#4922,#4921,#895,.T.);
#6084=EDGE_CURVE('',#4923,#4922,#896,.T.);
#6085=EDGE_CURVE('',#4924,#4923,#897,.T.);
#6086=EDGE_CURVE('',#4925,#4924,#898,.T.);
#6087=EDGE_CURVE('',#4926,#4925,#899,.T.);
#6088=EDGE_CURVE('',#4927,#4926,#900,.T.);
#6089=EDGE_CURVE('',#4928,#4927,#901,.T.);
#6090=EDGE_CURVE('',#4929,#4928,#902,.T.);
#6091=EDGE_CURVE('',#4930,#4929,#903,.T.);
#6092=EDGE_CURVE('',#4931,#4930,#904,.T.);
#6093=EDGE_CURVE('',#4932,#4931,#905,.T.);
#6094=EDGE_CURVE('',#4933,#4932,#4205,.T.);
#6095=EDGE_CURVE('',#4934,#4933,#906,.T.);
#6096=EDGE_CURVE('',#4935,#4934,#4206,.T.);
#6097=EDGE_CURVE('',#4936,#4935,#907,.T.);
#6098=EDGE_CURVE('',#4937,#4936,#4207,.T.);
#6099=EDGE_CURVE('',#4938,#4937,#908,.T.);
#6100=EDGE_CURVE('',#4939,#4938,#4208,.T.);
#6101=EDGE_CURVE('',#4940,#4939,#909,.T.);
#6102=EDGE_CURVE('',#4941,#4940,#4209,.T.);
#6103=EDGE_CURVE('',#4942,#4941,#910,.T.);
#6104=EDGE_CURVE('',#4943,#4942,#4210,.T.);
#6105=EDGE_CURVE('',#4944,#4943,#911,.T.);
#6106=EDGE_CURVE('',#4945,#4944,#4211,.T.);
#6107=EDGE_CURVE('',#4946,#4945,#912,.T.);
#6108=EDGE_CURVE('',#4947,#4946,#913,.T.);
#6109=EDGE_CURVE('',#4948,#4947,#4212,.T.);
#6110=EDGE_CURVE('',#4949,#4948,#914,.T.);
#6111=EDGE_CURVE('',#4950,#4949,#4213,.T.);
#6112=EDGE_CURVE('',#4951,#4950,#915,.T.);
#6113=EDGE_CURVE('',#4952,#4951,#4214,.T.);
#6114=EDGE_CURVE('',#4953,#4952,#916,.T.);
#6115=EDGE_CURVE('',#4954,#4953,#4215,.T.);
#6116=EDGE_CURVE('',#4955,#4954,#917,.T.);
#6117=EDGE_CURVE('',#4956,#4955,#4216,.T.);
#6118=EDGE_CURVE('',#4957,#4956,#918,.T.);
#6119=EDGE_CURVE('',#4958,#4957,#4217,.T.);
#6120=EDGE_CURVE('',#4959,#4958,#919,.T.);
#6121=EDGE_CURVE('',#4960,#4959,#4218,.T.);
#6122=EDGE_CURVE('',#4961,#4960,#920,.T.);
#6123=EDGE_CURVE('',#4962,#4961,#921,.T.);
#6124=EDGE_CURVE('',#4963,#4962,#922,.T.);
#6125=EDGE_CURVE('',#4964,#4963,#923,.T.);
#6126=EDGE_CURVE('',#4965,#4964,#4219,.T.);
#6127=EDGE_CURVE('',#4966,#4965,#924,.T.);
#6128=EDGE_CURVE('',#4967,#4966,#4220,.T.);
#6129=EDGE_CURVE('',#4968,#4967,#925,.T.);
#6130=EDGE_CURVE('',#4969,#4968,#4221,.T.);
#6131=EDGE_CURVE('',#4970,#4969,#926,.T.);
#6132=EDGE_CURVE('',#4971,#4970,#4222,.T.);
#6133=EDGE_CURVE('',#4972,#4971,#927,.T.);
#6134=EDGE_CURVE('',#4973,#4972,#4223,.T.);
#6135=EDGE_CURVE('',#4974,#4973,#928,.T.);
#6136=EDGE_CURVE('',#4975,#4974,#4224,.T.);
#6137=EDGE_CURVE('',#4976,#4975,#929,.T.);
#6138=EDGE_CURVE('',#4830,#4976,#4225,.T.);
#6139=EDGE_CURVE('',#4977,#4903,#930,.T.);
#6140=EDGE_CURVE('',#4978,#4977,#931,.T.);
#6141=EDGE_CURVE('',#4978,#4904,#932,.T.);
#6142=EDGE_CURVE('',#4979,#4902,#933,.T.);
#6143=EDGE_CURVE('',#4977,#4979,#4226,.T.);
#6144=EDGE_CURVE('',#4980,#4901,#934,.T.);
#6145=EDGE_CURVE('',#4979,#4980,#935,.T.);
#6146=EDGE_CURVE('',#4981,#4900,#936,.T.);
#6147=EDGE_CURVE('',#4980,#4981,#4227,.T.);
#6148=EDGE_CURVE('',#4982,#4899,#937,.T.);
#6149=EDGE_CURVE('',#4981,#4982,#938,.T.);
#6150=EDGE_CURVE('',#4983,#4898,#939,.T.);
#6151=EDGE_CURVE('',#4982,#4983,#4228,.T.);
#6152=EDGE_CURVE('',#4984,#4897,#940,.T.);
#6153=EDGE_CURVE('',#4983,#4984,#941,.T.);
#6154=EDGE_CURVE('',#4985,#4896,#942,.T.);
#6155=EDGE_CURVE('',#4984,#4985,#4229,.T.);
#6156=EDGE_CURVE('',#4986,#4895,#943,.T.);
#6157=EDGE_CURVE('',#4985,#4986,#944,.T.);
#6158=EDGE_CURVE('',#4987,#4894,#945,.T.);
#6159=EDGE_CURVE('',#4986,#4987,#4230,.T.);
#6160=EDGE_CURVE('',#4988,#4893,#946,.T.);
#6161=EDGE_CURVE('',#4987,#4988,#947,.T.);
#6162=EDGE_CURVE('',#4989,#4892,#948,.T.);
#6163=EDGE_CURVE('',#4988,#4989,#949,.T.);
#6164=EDGE_CURVE('',#4990,#4891,#950,.T.);
#6165=EDGE_CURVE('',#4989,#4990,#951,.T.);
#6166=EDGE_CURVE('',#4991,#4890,#952,.T.);
#6167=EDGE_CURVE('',#4990,#4991,#4231,.T.);
#6168=EDGE_CURVE('',#4992,#4889,#953,.T.);
#6169=EDGE_CURVE('',#4991,#4992,#954,.T.);
#6170=EDGE_CURVE('',#4993,#4888,#955,.T.);
#6171=EDGE_CURVE('',#4992,#4993,#4232,.T.);
#6172=EDGE_CURVE('',#4994,#4887,#956,.T.);
#6173=EDGE_CURVE('',#4993,#4994,#957,.T.);
#6174=EDGE_CURVE('',#4995,#4886,#958,.T.);
#6175=EDGE_CURVE('',#4994,#4995,#4233,.T.);
#6176=EDGE_CURVE('',#4996,#4885,#959,.T.);
#6177=EDGE_CURVE('',#4995,#4996,#960,.T.);
#6178=EDGE_CURVE('',#4997,#4884,#961,.T.);
#6179=EDGE_CURVE('',#4996,#4997,#4234,.T.);
#6180=EDGE_CURVE('',#4998,#4883,#962,.T.);
#6181=EDGE_CURVE('',#4997,#4998,#963,.T.);
#6182=EDGE_CURVE('',#4999,#4882,#964,.T.);
#6183=EDGE_CURVE('',#4998,#4999,#4235,.T.);
#6184=EDGE_CURVE('',#5000,#4881,#965,.T.);
#6185=EDGE_CURVE('',#4999,#5000,#966,.T.);
#6186=EDGE_CURVE('',#5001,#4880,#967,.T.);
#6187=EDGE_CURVE('',#5000,#5001,#4236,.T.);
#6188=EDGE_CURVE('',#5002,#4879,#968,.T.);
#6189=EDGE_CURVE('',#5001,#5002,#969,.T.);
#6190=EDGE_CURVE('',#5003,#4878,#970,.T.);
#6191=EDGE_CURVE('',#5002,#5003,#4237,.T.);
#6192=EDGE_CURVE('',#5004,#4877,#971,.T.);
#6193=EDGE_CURVE('',#5003,#5004,#972,.T.);
#6194=EDGE_CURVE('',#5005,#4876,#973,.T.);
#6195=EDGE_CURVE('',#5004,#5005,#4238,.T.);
#6196=EDGE_CURVE('',#5006,#4875,#974,.T.);
#6197=EDGE_CURVE('',#5005,#5006,#975,.T.);
#6198=EDGE_CURVE('',#5007,#4874,#976,.T.);
#6199=EDGE_CURVE('',#5006,#5007,#977,.T.);
#6200=EDGE_CURVE('',#5008,#4873,#978,.T.);
#6201=EDGE_CURVE('',#5007,#5008,#979,.T.);
#6202=EDGE_CURVE('',#5009,#4872,#980,.T.);
#6203=EDGE_CURVE('',#5008,#5009,#4239,.T.);
#6204=EDGE_CURVE('',#5010,#4871,#981,.T.);
#6205=EDGE_CURVE('',#5009,#5010,#982,.T.);
#6206=EDGE_CURVE('',#5011,#4870,#983,.T.);
#6207=EDGE_CURVE('',#5010,#5011,#4240,.T.);
#6208=EDGE_CURVE('',#5012,#4869,#984,.T.);
#6209=EDGE_CURVE('',#5011,#5012,#985,.T.);
#6210=EDGE_CURVE('',#5013,#4868,#986,.T.);
#6211=EDGE_CURVE('',#5012,#5013,#4241,.T.);
#6212=EDGE_CURVE('',#5014,#4867,#987,.T.);
#6213=EDGE_CURVE('',#5013,#5014,#988,.T.);
#6214=EDGE_CURVE('',#5015,#4866,#989,.T.);
#6215=EDGE_CURVE('',#5014,#5015,#4242,.T.);
#6216=EDGE_CURVE('',#5016,#4865,#990,.T.);
#6217=EDGE_CURVE('',#5015,#5016,#991,.T.);
#6218=EDGE_CURVE('',#5017,#4864,#992,.T.);
#6219=EDGE_CURVE('',#5016,#5017,#4243,.T.);
#6220=EDGE_CURVE('',#5018,#4863,#993,.T.);
#6221=EDGE_CURVE('',#5017,#5018,#994,.T.);
#6222=EDGE_CURVE('',#5019,#4862,#995,.T.);
#6223=EDGE_CURVE('',#5018,#5019,#4244,.T.);
#6224=EDGE_CURVE('',#5020,#4861,#996,.T.);
#6225=EDGE_CURVE('',#5019,#5020,#997,.T.);
#6226=EDGE_CURVE('',#5021,#4860,#998,.T.);
#6227=EDGE_CURVE('',#5020,#5021,#4245,.T.);
#6228=EDGE_CURVE('',#5022,#4859,#999,.T.);
#6229=EDGE_CURVE('',#5021,#5022,#1000,.T.);
#6230=EDGE_CURVE('',#5023,#4858,#1001,.T.);
#6231=EDGE_CURVE('',#5022,#5023,#4246,.T.);
#6232=EDGE_CURVE('',#5024,#4857,#1002,.T.);
#6233=EDGE_CURVE('',#5023,#5024,#1003,.T.);
#6234=EDGE_CURVE('',#5025,#4856,#1004,.T.);
#6235=EDGE_CURVE('',#5024,#5025,#4247,.T.);
#6236=EDGE_CURVE('',#5026,#4855,#1005,.T.);
#6237=EDGE_CURVE('',#5025,#5026,#1006,.T.);
#6238=EDGE_CURVE('',#5027,#4854,#1007,.T.);
#6239=EDGE_CURVE('',#5026,#5027,#1008,.T.);
#6240=EDGE_CURVE('',#5028,#4853,#1009,.T.);
#6241=EDGE_CURVE('',#5027,#5028,#1010,.T.);
#6242=EDGE_CURVE('',#5029,#4852,#1011,.T.);
#6243=EDGE_CURVE('',#5028,#5029,#1012,.T.);
#6244=EDGE_CURVE('',#5030,#4851,#1013,.T.);
#6245=EDGE_CURVE('',#5029,#5030,#4248,.T.);
#6246=EDGE_CURVE('',#5031,#4850,#1014,.T.);
#6247=EDGE_CURVE('',#5030,#5031,#1015,.T.);
#6248=EDGE_CURVE('',#5032,#4849,#1016,.T.);
#6249=EDGE_CURVE('',#5031,#5032,#4249,.T.);
#6250=EDGE_CURVE('',#5033,#4848,#1017,.T.);
#6251=EDGE_CURVE('',#5032,#5033,#1018,.T.);
#6252=EDGE_CURVE('',#5034,#4847,#1019,.T.);
#6253=EDGE_CURVE('',#5033,#5034,#4250,.T.);
#6254=EDGE_CURVE('',#5035,#4846,#1020,.T.);
#6255=EDGE_CURVE('',#5034,#5035,#1021,.T.);
#6256=EDGE_CURVE('',#5036,#4845,#1022,.T.);
#6257=EDGE_CURVE('',#5035,#5036,#4251,.T.);
#6258=EDGE_CURVE('',#5037,#4844,#1023,.T.);
#6259=EDGE_CURVE('',#5036,#5037,#1024,.T.);
#6260=EDGE_CURVE('',#5038,#4843,#1025,.T.);
#6261=EDGE_CURVE('',#5037,#5038,#4252,.T.);
#6262=EDGE_CURVE('',#5039,#4842,#1026,.T.);
#6263=EDGE_CURVE('',#5038,#5039,#1027,.T.);
#6264=EDGE_CURVE('',#5040,#4841,#1028,.T.);
#6265=EDGE_CURVE('',#5039,#5040,#1029,.T.);
#6266=EDGE_CURVE('',#5041,#4840,#1030,.T.);
#6267=EDGE_CURVE('',#5040,#5041,#1031,.T.);
#6268=EDGE_CURVE('',#5042,#4839,#1032,.T.);
#6269=EDGE_CURVE('',#5041,#5042,#1033,.T.);
#6270=EDGE_CURVE('',#5043,#4838,#1034,.T.);
#6271=EDGE_CURVE('',#5042,#5043,#4253,.T.);
#6272=EDGE_CURVE('',#5044,#4837,#1035,.T.);
#6273=EDGE_CURVE('',#5043,#5044,#1036,.T.);
#6274=EDGE_CURVE('',#5045,#4836,#1037,.T.);
#6275=EDGE_CURVE('',#5044,#5045,#4254,.T.);
#6276=EDGE_CURVE('',#5046,#4835,#1038,.T.);
#6277=EDGE_CURVE('',#5045,#5046,#1039,.T.);
#6278=EDGE_CURVE('',#5047,#4834,#1040,.T.);
#6279=EDGE_CURVE('',#5046,#5047,#1041,.T.);
#6280=EDGE_CURVE('',#5048,#4833,#1042,.T.);
#6281=EDGE_CURVE('',#5047,#5048,#1043,.T.);
#6282=EDGE_CURVE('',#5049,#4832,#1044,.T.);
#6283=EDGE_CURVE('',#5048,#5049,#1045,.T.);
#6284=EDGE_CURVE('',#5050,#4831,#1046,.T.);
#6285=EDGE_CURVE('',#5049,#5050,#1047,.T.);
#6286=EDGE_CURVE('',#5051,#4829,#1048,.T.);
#6287=EDGE_CURVE('',#5050,#5051,#1049,.T.);
#6288=EDGE_CURVE('',#5052,#4561,#1050,.T.);
#6289=EDGE_CURVE('',#5053,#5052,#1051,.T.);
#6290=EDGE_CURVE('',#5053,#4562,#1052,.T.);
#6291=EDGE_CURVE('',#5054,#4560,#1053,.T.);
#6292=EDGE_CURVE('',#5052,#5054,#4255,.T.);
#6293=EDGE_CURVE('',#5055,#4559,#1054,.T.);
#6294=EDGE_CURVE('',#5054,#5055,#1055,.T.);
#6295=EDGE_CURVE('',#5056,#5057,#4256,.T.);
#6296=EDGE_CURVE('',#5058,#5056,#1056,.T.);
#6297=EDGE_CURVE('',#5059,#5058,#1057,.T.);
#6298=EDGE_CURVE('',#5060,#5059,#1058,.T.);
#6299=EDGE_CURVE('',#5061,#5060,#1059,.T.);
#6300=EDGE_CURVE('',#5062,#5061,#4257,.T.);
#6301=EDGE_CURVE('',#5063,#5062,#1060,.T.);
#6302=EDGE_CURVE('',#5064,#5063,#4258,.T.);
#6303=EDGE_CURVE('',#5065,#5064,#1061,.T.);
#6304=EDGE_CURVE('',#5066,#5065,#4259,.T.);
#6305=EDGE_CURVE('',#5067,#5066,#1062,.T.);
#6306=EDGE_CURVE('',#5068,#5067,#4260,.T.);
#6307=EDGE_CURVE('',#5069,#5068,#1063,.T.);
#6308=EDGE_CURVE('',#5070,#5069,#4261,.T.);
#6309=EDGE_CURVE('',#5071,#5070,#1064,.T.);
#6310=EDGE_CURVE('',#5072,#5071,#1065,.T.);
#6311=EDGE_CURVE('',#5073,#5072,#1066,.T.);
#6312=EDGE_CURVE('',#5074,#5073,#1067,.T.);
#6313=EDGE_CURVE('',#5075,#5074,#4262,.T.);
#6314=EDGE_CURVE('',#5076,#5075,#1068,.T.);
#6315=EDGE_CURVE('',#5077,#5076,#4263,.T.);
#6316=EDGE_CURVE('',#5078,#5077,#1069,.T.);
#6317=EDGE_CURVE('',#5079,#5078,#4264,.T.);
#6318=EDGE_CURVE('',#5080,#5079,#1070,.T.);
#6319=EDGE_CURVE('',#5081,#5080,#4265,.T.);
#6320=EDGE_CURVE('',#5082,#5081,#1071,.T.);
#6321=EDGE_CURVE('',#5083,#5082,#4266,.T.);
#6322=EDGE_CURVE('',#5084,#5083,#1072,.T.);
#6323=EDGE_CURVE('',#5085,#5084,#4267,.T.);
#6324=EDGE_CURVE('',#5086,#5085,#1073,.T.);
#6325=EDGE_CURVE('',#5087,#5086,#4268,.T.);
#6326=EDGE_CURVE('',#5088,#5087,#1074,.T.);
#6327=EDGE_CURVE('',#5089,#5088,#4269,.T.);
#6328=EDGE_CURVE('',#5090,#5089,#1075,.T.);
#6329=EDGE_CURVE('',#5091,#5090,#4270,.T.);
#6330=EDGE_CURVE('',#5092,#5091,#1076,.T.);
#6331=EDGE_CURVE('',#5093,#5092,#1077,.T.);
#6332=EDGE_CURVE('',#5094,#5093,#1078,.T.);
#6333=EDGE_CURVE('',#5095,#5094,#4271,.T.);
#6334=EDGE_CURVE('',#5096,#5095,#1079,.T.);
#6335=EDGE_CURVE('',#5097,#5096,#4272,.T.);
#6336=EDGE_CURVE('',#5098,#5097,#1080,.T.);
#6337=EDGE_CURVE('',#5099,#5098,#4273,.T.);
#6338=EDGE_CURVE('',#5100,#5099,#1081,.T.);
#6339=EDGE_CURVE('',#5101,#5100,#4274,.T.);
#6340=EDGE_CURVE('',#5102,#5101,#1082,.T.);
#6341=EDGE_CURVE('',#5103,#5102,#4275,.T.);
#6342=EDGE_CURVE('',#5104,#5103,#1083,.T.);
#6343=EDGE_CURVE('',#5105,#5104,#4276,.T.);
#6344=EDGE_CURVE('',#5106,#5105,#1084,.T.);
#6345=EDGE_CURVE('',#5107,#5106,#4277,.T.);
#6346=EDGE_CURVE('',#5108,#5107,#1085,.T.);
#6347=EDGE_CURVE('',#5109,#5108,#4278,.T.);
#6348=EDGE_CURVE('',#5110,#5109,#1086,.T.);
#6349=EDGE_CURVE('',#5111,#5110,#1087,.T.);
#6350=EDGE_CURVE('',#5112,#5111,#1088,.T.);
#6351=EDGE_CURVE('',#5113,#5112,#4279,.T.);
#6352=EDGE_CURVE('',#5114,#5113,#1089,.T.);
#6353=EDGE_CURVE('',#5115,#5114,#4280,.T.);
#6354=EDGE_CURVE('',#5116,#5115,#1090,.T.);
#6355=EDGE_CURVE('',#5117,#5116,#4281,.T.);
#6356=EDGE_CURVE('',#5118,#5117,#1091,.T.);
#6357=EDGE_CURVE('',#5119,#5118,#4282,.T.);
#6358=EDGE_CURVE('',#5120,#5119,#1092,.T.);
#6359=EDGE_CURVE('',#5121,#5120,#4283,.T.);
#6360=EDGE_CURVE('',#5122,#5121,#1093,.T.);
#6361=EDGE_CURVE('',#5123,#5122,#4284,.T.);
#6362=EDGE_CURVE('',#5124,#5123,#1094,.T.);
#6363=EDGE_CURVE('',#5125,#5124,#4285,.T.);
#6364=EDGE_CURVE('',#5126,#5125,#1095,.T.);
#6365=EDGE_CURVE('',#5127,#5126,#1096,.T.);
#6366=EDGE_CURVE('',#5128,#5127,#1097,.T.);
#6367=EDGE_CURVE('',#5129,#5128,#1098,.T.);
#6368=EDGE_CURVE('',#5130,#5129,#4286,.T.);
#6369=EDGE_CURVE('',#5131,#5130,#1099,.T.);
#6370=EDGE_CURVE('',#5132,#5131,#1100,.T.);
#6371=EDGE_CURVE('',#5133,#5132,#1101,.T.);
#6372=EDGE_CURVE('',#5134,#5133,#1102,.T.);
#6373=EDGE_CURVE('',#5135,#5134,#1103,.T.);
#6374=EDGE_CURVE('',#5136,#5135,#1104,.T.);
#6375=EDGE_CURVE('',#5137,#5136,#1105,.T.);
#6376=EDGE_CURVE('',#5138,#5137,#1106,.T.);
#6377=EDGE_CURVE('',#5139,#5138,#1107,.T.);
#6378=EDGE_CURVE('',#5140,#5139,#1108,.T.);
#6379=EDGE_CURVE('',#5141,#5140,#1109,.T.);
#6380=EDGE_CURVE('',#5142,#5141,#4287,.T.);
#6381=EDGE_CURVE('',#5143,#5142,#1110,.T.);
#6382=EDGE_CURVE('',#5144,#5143,#4288,.T.);
#6383=EDGE_CURVE('',#5145,#5144,#1111,.T.);
#6384=EDGE_CURVE('',#5146,#5145,#4289,.T.);
#6385=EDGE_CURVE('',#5147,#5146,#1112,.T.);
#6386=EDGE_CURVE('',#5148,#5147,#4290,.T.);
#6387=EDGE_CURVE('',#5149,#5148,#1113,.T.);
#6388=EDGE_CURVE('',#5150,#5149,#4291,.T.);
#6389=EDGE_CURVE('',#5151,#5150,#1114,.T.);
#6390=EDGE_CURVE('',#5152,#5151,#4292,.T.);
#6391=EDGE_CURVE('',#5153,#5152,#1115,.T.);
#6392=EDGE_CURVE('',#5154,#5153,#4293,.T.);
#6393=EDGE_CURVE('',#5155,#5154,#1116,.T.);
#6394=EDGE_CURVE('',#5156,#5155,#1117,.T.);
#6395=EDGE_CURVE('',#5157,#5156,#4294,.T.);
#6396=EDGE_CURVE('',#5158,#5157,#1118,.T.);
#6397=EDGE_CURVE('',#5159,#5158,#4295,.T.);
#6398=EDGE_CURVE('',#5160,#5159,#1119,.T.);
#6399=EDGE_CURVE('',#5161,#5160,#4296,.T.);
#6400=EDGE_CURVE('',#5162,#5161,#1120,.T.);
#6401=EDGE_CURVE('',#5163,#5162,#4297,.T.);
#6402=EDGE_CURVE('',#5164,#5163,#1121,.T.);
#6403=EDGE_CURVE('',#5165,#5164,#4298,.T.);
#6404=EDGE_CURVE('',#5166,#5165,#1122,.T.);
#6405=EDGE_CURVE('',#5167,#5166,#4299,.T.);
#6406=EDGE_CURVE('',#5168,#5167,#1123,.T.);
#6407=EDGE_CURVE('',#5169,#5168,#4300,.T.);
#6408=EDGE_CURVE('',#5170,#5169,#1124,.T.);
#6409=EDGE_CURVE('',#5171,#5170,#1125,.T.);
#6410=EDGE_CURVE('',#5172,#5171,#1126,.T.);
#6411=EDGE_CURVE('',#5173,#5172,#1127,.T.);
#6412=EDGE_CURVE('',#5174,#5173,#4301,.T.);
#6413=EDGE_CURVE('',#5175,#5174,#1128,.T.);
#6414=EDGE_CURVE('',#5176,#5175,#4302,.T.);
#6415=EDGE_CURVE('',#5177,#5176,#1129,.T.);
#6416=EDGE_CURVE('',#5178,#5177,#4303,.T.);
#6417=EDGE_CURVE('',#5179,#5178,#1130,.T.);
#6418=EDGE_CURVE('',#5180,#5179,#4304,.T.);
#6419=EDGE_CURVE('',#5181,#5180,#1131,.T.);
#6420=EDGE_CURVE('',#5182,#5181,#4305,.T.);
#6421=EDGE_CURVE('',#5183,#5182,#1132,.T.);
#6422=EDGE_CURVE('',#5184,#5183,#1133,.T.);
#6423=EDGE_CURVE('',#5185,#5184,#1134,.T.);
#6424=EDGE_CURVE('',#5186,#5185,#1135,.T.);
#6425=EDGE_CURVE('',#5187,#5186,#4306,.T.);
#6426=EDGE_CURVE('',#5057,#5187,#1136,.T.);
#6427=EDGE_CURVE('',#5051,#5188,#1137,.T.);
#6428=EDGE_CURVE('',#5188,#5189,#4307,.T.);
#6429=EDGE_CURVE('',#5189,#5190,#1138,.T.);
#6430=EDGE_CURVE('',#5190,#5191,#4308,.T.);
#6431=EDGE_CURVE('',#5191,#5192,#1139,.T.);
#6432=EDGE_CURVE('',#5192,#5193,#4309,.T.);
#6433=EDGE_CURVE('',#5193,#5194,#1140,.T.);
#6434=EDGE_CURVE('',#5194,#5195,#4310,.T.);
#6435=EDGE_CURVE('',#5195,#5196,#1141,.T.);
#6436=EDGE_CURVE('',#5196,#5197,#4311,.T.);
#6437=EDGE_CURVE('',#5197,#5198,#1142,.T.);
#6438=EDGE_CURVE('',#5198,#5199,#4312,.T.);
#6439=EDGE_CURVE('',#5199,#5200,#1143,.T.);
#6440=EDGE_CURVE('',#5200,#5201,#4313,.T.);
#6441=EDGE_CURVE('',#5201,#5202,#1144,.T.);
#6442=EDGE_CURVE('',#5202,#5203,#1145,.T.);
#6443=EDGE_CURVE('',#5203,#5204,#1146,.T.);
#6444=EDGE_CURVE('',#5204,#5205,#1147,.T.);
#6445=EDGE_CURVE('',#5205,#5206,#4314,.T.);
#6446=EDGE_CURVE('',#5206,#5207,#1148,.T.);
#6447=EDGE_CURVE('',#5207,#5208,#4315,.T.);
#6448=EDGE_CURVE('',#5208,#5209,#1149,.T.);
#6449=EDGE_CURVE('',#5209,#5210,#4316,.T.);
#6450=EDGE_CURVE('',#5210,#5211,#1150,.T.);
#6451=EDGE_CURVE('',#5211,#5212,#4317,.T.);
#6452=EDGE_CURVE('',#5212,#5213,#1151,.T.);
#6453=EDGE_CURVE('',#5213,#5214,#4318,.T.);
#6454=EDGE_CURVE('',#5214,#5215,#1152,.T.);
#6455=EDGE_CURVE('',#5215,#5216,#4319,.T.);
#6456=EDGE_CURVE('',#5216,#5217,#1153,.T.);
#6457=EDGE_CURVE('',#5217,#5218,#4320,.T.);
#6458=EDGE_CURVE('',#5218,#5219,#1154,.T.);
#6459=EDGE_CURVE('',#5219,#5220,#1155,.T.);
#6460=EDGE_CURVE('',#5220,#5221,#4321,.T.);
#6461=EDGE_CURVE('',#5221,#5222,#1156,.T.);
#6462=EDGE_CURVE('',#5222,#5223,#4322,.T.);
#6463=EDGE_CURVE('',#5223,#5224,#1157,.T.);
#6464=EDGE_CURVE('',#5224,#5225,#4323,.T.);
#6465=EDGE_CURVE('',#5225,#5226,#1158,.T.);
#6466=EDGE_CURVE('',#5226,#5227,#4324,.T.);
#6467=EDGE_CURVE('',#5227,#5228,#1159,.T.);
#6468=EDGE_CURVE('',#5228,#5229,#4325,.T.);
#6469=EDGE_CURVE('',#5229,#5230,#1160,.T.);
#6470=EDGE_CURVE('',#5230,#5231,#4326,.T.);
#6471=EDGE_CURVE('',#5231,#5232,#1161,.T.);
#6472=EDGE_CURVE('',#5232,#5233,#4327,.T.);
#6473=EDGE_CURVE('',#5233,#5234,#1162,.T.);
#6474=EDGE_CURVE('',#5234,#5235,#1163,.T.);
#6475=EDGE_CURVE('',#5235,#5236,#1164,.T.);
#6476=EDGE_CURVE('',#5236,#5237,#1165,.T.);
#6477=EDGE_CURVE('',#5237,#5238,#1166,.T.);
#6478=EDGE_CURVE('',#5238,#5239,#1167,.T.);
#6479=EDGE_CURVE('',#5239,#5240,#1168,.T.);
#6480=EDGE_CURVE('',#5240,#5241,#1169,.T.);
#6481=EDGE_CURVE('',#5241,#5242,#1170,.T.);
#6482=EDGE_CURVE('',#5242,#5243,#1171,.T.);
#6483=EDGE_CURVE('',#5243,#5244,#1172,.T.);
#6484=EDGE_CURVE('',#5244,#5245,#4328,.T.);
#6485=EDGE_CURVE('',#5245,#5246,#1173,.T.);
#6486=EDGE_CURVE('',#5246,#5247,#1174,.T.);
#6487=EDGE_CURVE('',#5247,#5248,#1175,.T.);
#6488=EDGE_CURVE('',#5248,#5249,#4329,.T.);
#6489=EDGE_CURVE('',#5249,#5250,#1176,.T.);
#6490=EDGE_CURVE('',#5250,#5251,#4330,.T.);
#6491=EDGE_CURVE('',#5251,#5252,#1177,.T.);
#6492=EDGE_CURVE('',#5252,#5253,#4331,.T.);
#6493=EDGE_CURVE('',#5253,#5254,#1178,.T.);
#6494=EDGE_CURVE('',#5254,#5255,#1179,.T.);
#6495=EDGE_CURVE('',#5255,#5256,#1180,.T.);
#6496=EDGE_CURVE('',#5256,#5257,#1181,.T.);
#6497=EDGE_CURVE('',#5257,#5258,#1182,.T.);
#6498=EDGE_CURVE('',#5258,#5259,#4332,.T.);
#6499=EDGE_CURVE('',#5259,#5260,#1183,.T.);
#6500=EDGE_CURVE('',#5260,#4978,#4333,.T.);
#6501=EDGE_CURVE('',#5261,#4558,#1184,.T.);
#6502=EDGE_CURVE('',#5055,#5261,#4334,.T.);
#6503=EDGE_CURVE('',#5262,#4557,#1185,.T.);
#6504=EDGE_CURVE('',#5261,#5262,#1186,.T.);
#6505=EDGE_CURVE('',#5263,#4556,#1187,.T.);
#6506=EDGE_CURVE('',#5262,#5263,#1188,.T.);
#6507=EDGE_CURVE('',#5264,#4555,#1189,.T.);
#6508=EDGE_CURVE('',#5263,#5264,#1190,.T.);
#6509=EDGE_CURVE('',#5265,#4554,#1191,.T.);
#6510=EDGE_CURVE('',#5264,#5265,#1192,.T.);
#6511=EDGE_CURVE('',#5266,#4553,#1193,.T.);
#6512=EDGE_CURVE('',#5265,#5266,#4335,.T.);
#6513=EDGE_CURVE('',#5267,#4552,#1194,.T.);
#6514=EDGE_CURVE('',#5266,#5267,#1195,.T.);
#6515=EDGE_CURVE('',#5268,#4551,#1196,.T.);
#6516=EDGE_CURVE('',#5267,#5268,#4336,.T.);
#6517=EDGE_CURVE('',#5269,#4550,#1197,.T.);
#6518=EDGE_CURVE('',#5268,#5269,#1198,.T.);
#6519=EDGE_CURVE('',#5270,#4549,#1199,.T.);
#6520=EDGE_CURVE('',#5269,#5270,#4337,.T.);
#6521=EDGE_CURVE('',#5271,#4548,#1200,.T.);
#6522=EDGE_CURVE('',#5270,#5271,#1201,.T.);
#6523=EDGE_CURVE('',#5272,#4547,#1202,.T.);
#6524=EDGE_CURVE('',#5271,#5272,#4338,.T.);
#6525=EDGE_CURVE('',#5273,#4546,#1203,.T.);
#6526=EDGE_CURVE('',#5272,#5273,#1204,.T.);
#6527=EDGE_CURVE('',#5274,#4545,#1205,.T.);
#6528=EDGE_CURVE('',#5273,#5274,#4339,.T.);
#6529=EDGE_CURVE('',#5275,#4544,#1206,.T.);
#6530=EDGE_CURVE('',#5274,#5275,#1207,.T.);
#6531=EDGE_CURVE('',#5276,#4543,#1208,.T.);
#6532=EDGE_CURVE('',#5275,#5276,#1209,.T.);
#6533=EDGE_CURVE('',#5277,#4542,#1210,.T.);
#6534=EDGE_CURVE('',#5276,#5277,#1211,.T.);
#6535=EDGE_CURVE('',#5278,#4541,#1212,.T.);
#6536=EDGE_CURVE('',#5277,#5278,#1213,.T.);
#6537=EDGE_CURVE('',#5279,#4540,#1214,.T.);
#6538=EDGE_CURVE('',#5278,#5279,#4340,.T.);
#6539=EDGE_CURVE('',#5280,#4539,#1215,.T.);
#6540=EDGE_CURVE('',#5279,#5280,#1216,.T.);
#6541=EDGE_CURVE('',#5281,#4538,#1217,.T.);
#6542=EDGE_CURVE('',#5280,#5281,#4341,.T.);
#6543=EDGE_CURVE('',#5282,#4537,#1218,.T.);
#6544=EDGE_CURVE('',#5281,#5282,#1219,.T.);
#6545=EDGE_CURVE('',#5283,#4536,#1220,.T.);
#6546=EDGE_CURVE('',#5282,#5283,#4342,.T.);
#6547=EDGE_CURVE('',#5284,#4535,#1221,.T.);
#6548=EDGE_CURVE('',#5283,#5284,#1222,.T.);
#6549=EDGE_CURVE('',#5285,#4534,#1223,.T.);
#6550=EDGE_CURVE('',#5284,#5285,#4343,.T.);
#6551=EDGE_CURVE('',#5286,#4533,#1224,.T.);
#6552=EDGE_CURVE('',#5285,#5286,#1225,.T.);
#6553=EDGE_CURVE('',#5287,#4532,#1226,.T.);
#6554=EDGE_CURVE('',#5286,#5287,#4344,.T.);
#6555=EDGE_CURVE('',#5288,#4531,#1227,.T.);
#6556=EDGE_CURVE('',#5287,#5288,#1228,.T.);
#6557=EDGE_CURVE('',#5289,#4530,#1229,.T.);
#6558=EDGE_CURVE('',#5288,#5289,#4345,.T.);
#6559=EDGE_CURVE('',#5290,#4529,#1230,.T.);
#6560=EDGE_CURVE('',#5289,#5290,#1231,.T.);
#6561=EDGE_CURVE('',#5291,#4528,#1232,.T.);
#6562=EDGE_CURVE('',#5290,#5291,#4346,.T.);
#6563=EDGE_CURVE('',#5292,#4527,#1233,.T.);
#6564=EDGE_CURVE('',#5291,#5292,#1234,.T.);
#6565=EDGE_CURVE('',#5293,#4526,#1235,.T.);
#6566=EDGE_CURVE('',#5292,#5293,#4347,.T.);
#6567=EDGE_CURVE('',#5294,#4525,#1236,.T.);
#6568=EDGE_CURVE('',#5293,#5294,#1237,.T.);
#6569=EDGE_CURVE('',#5295,#4524,#1238,.T.);
#6570=EDGE_CURVE('',#5294,#5295,#4348,.T.);
#6571=EDGE_CURVE('',#5296,#4523,#1239,.T.);
#6572=EDGE_CURVE('',#5295,#5296,#1240,.T.);
#6573=EDGE_CURVE('',#5297,#4522,#1241,.T.);
#6574=EDGE_CURVE('',#5296,#5297,#1242,.T.);
#6575=EDGE_CURVE('',#5298,#4521,#1243,.T.);
#6576=EDGE_CURVE('',#5297,#5298,#1244,.T.);
#6577=EDGE_CURVE('',#5299,#4520,#1245,.T.);
#6578=EDGE_CURVE('',#5298,#5299,#4349,.T.);
#6579=EDGE_CURVE('',#5300,#4519,#1246,.T.);
#6580=EDGE_CURVE('',#5299,#5300,#1247,.T.);
#6581=EDGE_CURVE('',#5301,#4518,#1248,.T.);
#6582=EDGE_CURVE('',#5300,#5301,#4350,.T.);
#6583=EDGE_CURVE('',#5302,#4517,#1249,.T.);
#6584=EDGE_CURVE('',#5301,#5302,#1250,.T.);
#6585=EDGE_CURVE('',#5303,#4516,#1251,.T.);
#6586=EDGE_CURVE('',#5302,#5303,#4351,.T.);
#6587=EDGE_CURVE('',#5304,#4515,#1252,.T.);
#6588=EDGE_CURVE('',#5303,#5304,#1253,.T.);
#6589=EDGE_CURVE('',#5305,#4514,#1254,.T.);
#6590=EDGE_CURVE('',#5304,#5305,#4352,.T.);
#6591=EDGE_CURVE('',#5306,#4513,#1255,.T.);
#6592=EDGE_CURVE('',#5305,#5306,#1256,.T.);
#6593=EDGE_CURVE('',#5307,#4512,#1257,.T.);
#6594=EDGE_CURVE('',#5306,#5307,#4353,.T.);
#6595=EDGE_CURVE('',#5308,#4511,#1258,.T.);
#6596=EDGE_CURVE('',#5307,#5308,#1259,.T.);
#6597=EDGE_CURVE('',#5309,#4510,#1260,.T.);
#6598=EDGE_CURVE('',#5308,#5309,#4354,.T.);
#6599=EDGE_CURVE('',#5310,#4509,#1261,.T.);
#6600=EDGE_CURVE('',#5309,#5310,#1262,.T.);
#6601=EDGE_CURVE('',#5311,#4508,#1263,.T.);
#6602=EDGE_CURVE('',#5310,#5311,#4355,.T.);
#6603=EDGE_CURVE('',#5312,#4507,#1264,.T.);
#6604=EDGE_CURVE('',#5311,#5312,#1265,.T.);
#6605=EDGE_CURVE('',#5313,#4506,#1266,.T.);
#6606=EDGE_CURVE('',#5312,#5313,#4356,.T.);
#6607=EDGE_CURVE('',#5314,#4505,#1267,.T.);
#6608=EDGE_CURVE('',#5313,#5314,#1268,.T.);
#6609=EDGE_CURVE('',#5315,#4504,#1269,.T.);
#6610=EDGE_CURVE('',#5314,#5315,#1270,.T.);
#6611=EDGE_CURVE('',#5316,#4503,#1271,.T.);
#6612=EDGE_CURVE('',#5315,#5316,#1272,.T.);
#6613=EDGE_CURVE('',#5317,#4502,#1273,.T.);
#6614=EDGE_CURVE('',#5316,#5317,#4357,.T.);
#6615=EDGE_CURVE('',#5318,#4501,#1274,.T.);
#6616=EDGE_CURVE('',#5317,#5318,#1275,.T.);
#6617=EDGE_CURVE('',#5319,#4500,#1276,.T.);
#6618=EDGE_CURVE('',#5318,#5319,#4358,.T.);
#6619=EDGE_CURVE('',#5320,#4499,#1277,.T.);
#6620=EDGE_CURVE('',#5319,#5320,#1278,.T.);
#6621=EDGE_CURVE('',#5321,#4498,#1279,.T.);
#6622=EDGE_CURVE('',#5320,#5321,#4359,.T.);
#6623=EDGE_CURVE('',#5322,#4497,#1280,.T.);
#6624=EDGE_CURVE('',#5321,#5322,#1281,.T.);
#6625=EDGE_CURVE('',#5323,#4496,#1282,.T.);
#6626=EDGE_CURVE('',#5322,#5323,#4360,.T.);
#6627=EDGE_CURVE('',#5324,#5121,#2755,.T.);
#6628=EDGE_CURVE('',#5324,#5325,#1283,.T.);
#6629=EDGE_CURVE('',#5122,#5325,#1284,.T.);
#6630=EDGE_CURVE('',#5325,#5326,#4361,.T.);
#6631=EDGE_CURVE('',#5123,#5326,#2756,.T.);
#6632=EDGE_CURVE('',#5326,#5327,#1285,.T.);
#6633=EDGE_CURVE('',#5124,#5327,#2757,.T.);
#6634=EDGE_CURVE('',#5327,#5328,#4362,.T.);
#6635=EDGE_CURVE('',#5125,#5328,#2758,.T.);
#6636=EDGE_CURVE('',#5328,#5329,#1286,.T.);
#6637=EDGE_CURVE('',#5126,#5329,#1287,.T.);
#6638=EDGE_CURVE('',#5329,#5330,#1288,.T.);
#6639=EDGE_CURVE('',#5127,#5330,#1289,.T.);
#6640=EDGE_CURVE('',#5330,#5331,#1290,.T.);
#6641=EDGE_CURVE('',#5128,#5331,#1291,.T.);
#6642=EDGE_CURVE('',#5331,#5332,#1292,.T.);
#6643=EDGE_CURVE('',#5129,#5332,#2759,.T.);
#6644=EDGE_CURVE('',#5313,#5109,#1293,.T.);
#6645=EDGE_CURVE('',#5110,#5314,#1294,.T.);
#6646=EDGE_CURVE('',#5332,#5333,#4363,.T.);
#6647=EDGE_CURVE('',#5130,#5333,#2760,.T.);
#6648=EDGE_CURVE('',#5333,#5334,#1295,.T.);
#6649=EDGE_CURVE('',#5131,#5334,#1296,.T.);
#6650=EDGE_CURVE('',#5334,#5335,#1297,.T.);
#6651=EDGE_CURVE('',#5132,#5335,#1298,.T.);
#6652=EDGE_CURVE('',#5310,#5106,#1299,.T.);
#6653=EDGE_CURVE('',#5107,#5311,#2761,.T.);
#6654=EDGE_CURVE('',#5335,#5336,#1300,.T.);
#6655=EDGE_CURVE('',#5133,#5336,#1301,.T.);
#6656=EDGE_CURVE('',#5309,#5105,#2762,.T.);
#6657=EDGE_CURVE('',#5336,#5337,#1302,.T.);
#6658=EDGE_CURVE('',#5134,#5337,#1303,.T.);
#6659=EDGE_CURVE('',#5337,#5338,#1304,.T.);
#6660=EDGE_CURVE('',#5135,#5338,#1305,.T.);
#6661=EDGE_CURVE('',#5338,#5339,#1306,.T.);
#6662=EDGE_CURVE('',#5136,#5339,#1307,.T.);
#6663=EDGE_CURVE('',#5339,#5340,#1308,.T.);
#6664=EDGE_CURVE('',#5137,#5340,#1309,.T.);
#6665=EDGE_CURVE('',#5340,#5341,#1310,.T.);
#6666=EDGE_CURVE('',#5138,#5341,#1311,.T.);
#6667=EDGE_CURVE('',#5341,#5342,#1312,.T.);
#6668=EDGE_CURVE('',#5139,#5342,#1313,.T.);
#6669=EDGE_CURVE('',#5342,#5343,#1314,.T.);
#6670=EDGE_CURVE('',#5140,#5343,#1315,.T.);
#6671=EDGE_CURVE('',#5343,#5344,#1316,.T.);
#6672=EDGE_CURVE('',#5141,#5344,#1317,.T.);
#6673=EDGE_CURVE('',#5344,#5345,#4364,.T.);
#6674=EDGE_CURVE('',#5142,#5345,#2763,.T.);
#6675=EDGE_CURVE('',#5345,#5346,#1318,.T.);
#6676=EDGE_CURVE('',#5143,#5346,#2764,.T.);
#6677=EDGE_CURVE('',#5346,#5347,#4365,.T.);
#6678=EDGE_CURVE('',#5144,#5347,#2765,.T.);
#6679=EDGE_CURVE('',#5347,#5348,#1319,.T.);
#6680=EDGE_CURVE('',#5145,#5348,#2766,.T.);
#6681=EDGE_CURVE('',#5348,#5349,#4366,.T.);
#6682=EDGE_CURVE('',#5146,#5349,#2767,.T.);
#6683=EDGE_CURVE('',#5349,#5350,#1320,.T.);
#6684=EDGE_CURVE('',#5147,#5350,#2768,.T.);
#6685=EDGE_CURVE('',#5295,#5091,#1321,.T.);
#6686=EDGE_CURVE('',#5092,#5296,#1322,.T.);
#6687=EDGE_CURVE('',#5350,#5351,#4367,.T.);
#6688=EDGE_CURVE('',#5148,#5351,#2769,.T.);
#6689=EDGE_CURVE('',#5351,#5352,#1323,.T.);
#6690=EDGE_CURVE('',#5149,#5352,#2770,.T.);
#6691=EDGE_CURVE('',#5352,#5353,#4368,.T.);
#6692=EDGE_CURVE('',#5150,#5353,#2771,.T.);
#6693=EDGE_CURVE('',#5292,#5088,#1324,.T.);
#6694=EDGE_CURVE('',#5089,#5293,#2772,.T.);
#6695=EDGE_CURVE('',#5291,#5087,#2773,.T.);
#6696=EDGE_CURVE('',#5354,#5151,#1325,.T.);
#6697=EDGE_CURVE('',#5354,#5355,#4369,.T.);
#6698=EDGE_CURVE('',#5152,#5355,#2774,.T.);
#6699=EDGE_CURVE('',#5355,#5356,#1326,.T.);
#6700=EDGE_CURVE('',#5153,#5356,#2775,.T.);
#6701=EDGE_CURVE('',#5356,#5357,#4370,.T.);
#6702=EDGE_CURVE('',#5154,#5357,#1327,.T.);
#6703=EDGE_CURVE('',#5357,#5358,#1328,.T.);
#6704=EDGE_CURVE('',#5155,#5358,#1329,.T.);
#6705=EDGE_CURVE('',#5358,#5359,#1330,.T.);
#6706=EDGE_CURVE('',#5156,#5359,#2776,.T.);
#6707=EDGE_CURVE('',#5359,#5360,#4371,.T.);
#6708=EDGE_CURVE('',#5157,#5360,#2777,.T.);
#6709=EDGE_CURVE('',#5360,#5361,#1331,.T.);
#6710=EDGE_CURVE('',#5158,#5361,#2778,.T.);
#6711=EDGE_CURVE('',#5362,#5160,#1332,.T.);
#6712=EDGE_CURVE('',#5362,#5363,#4372,.T.);
#6713=EDGE_CURVE('',#5161,#5363,#2779,.T.);
#6714=EDGE_CURVE('',#5280,#5076,#1333,.T.);
#6715=EDGE_CURVE('',#5077,#5281,#2780,.T.);
#6716=EDGE_CURVE('',#5364,#5162,#1334,.T.);
#6717=EDGE_CURVE('',#5364,#5365,#4373,.T.);
#6718=EDGE_CURVE('',#5163,#5365,#2781,.T.);
#6719=EDGE_CURVE('',#5279,#5075,#1335,.T.);
#6720=EDGE_CURVE('',#5365,#5366,#1336,.T.);
#6721=EDGE_CURVE('',#5164,#5366,#2782,.T.);
#6722=EDGE_CURVE('',#5366,#5367,#4374,.T.);
#6723=EDGE_CURVE('',#5165,#5367,#2783,.T.);
#6724=EDGE_CURVE('',#5367,#5368,#1337,.T.);
#6725=EDGE_CURVE('',#5166,#5368,#2784,.T.);
#6726=EDGE_CURVE('',#5368,#5369,#4375,.T.);
#6727=EDGE_CURVE('',#5167,#5369,#2785,.T.);
#6728=EDGE_CURVE('',#5275,#5071,#1338,.T.);
#6729=EDGE_CURVE('',#5072,#5276,#1339,.T.);
#6730=EDGE_CURVE('',#5369,#5370,#1340,.T.);
#6731=EDGE_CURVE('',#5168,#5370,#2786,.T.);
#6732=EDGE_CURVE('',#5274,#5070,#2787,.T.);
#6733=EDGE_CURVE('',#5370,#5371,#4376,.T.);
#6734=EDGE_CURVE('',#5169,#5371,#1341,.T.);
#6735=EDGE_CURVE('',#5371,#5372,#1342,.T.);
#6736=EDGE_CURVE('',#5170,#5372,#1343,.T.);
#6737=EDGE_CURVE('',#5372,#5373,#1344,.T.);
#6738=EDGE_CURVE('',#5171,#5373,#1345,.T.);
#6739=EDGE_CURVE('',#5373,#5374,#1346,.T.);
#6740=EDGE_CURVE('',#5172,#5374,#1347,.T.);
#6741=EDGE_CURVE('',#5374,#4407,#1348,.T.);
#6742=EDGE_CURVE('',#5173,#4407,#2788,.T.);
#6743=EDGE_CURVE('',#5375,#5177,#1349,.T.);
#6744=EDGE_CURVE('',#5375,#4411,#4377,.T.);
#6745=EDGE_CURVE('',#5178,#4411,#2789,.T.);
#6746=EDGE_CURVE('',#4410,#5179,#1350,.T.);
#6747=EDGE_CURVE('',#5180,#4412,#2790,.T.);
#6748=EDGE_CURVE('',#5181,#4413,#2791,.T.);
#6749=EDGE_CURVE('',#5261,#5056,#1351,.T.);
#6750=EDGE_CURVE('',#5058,#5262,#1352,.T.);
#6751=EDGE_CURVE('',#5182,#4409,#2792,.T.);
#6752=EDGE_CURVE('',#5183,#4408,#1353,.T.);
#6753=EDGE_CURVE('',#4408,#5376,#1354,.T.);
#6754=EDGE_CURVE('',#5184,#5376,#1355,.T.);
#6755=EDGE_CURVE('',#5376,#5053,#1356,.T.);
#6756=EDGE_CURVE('',#5185,#5053,#1357,.T.);
#6757=EDGE_CURVE('',#5186,#5052,#2793,.T.);
#6758=EDGE_CURVE('',#5187,#5054,#2794,.T.);
#6759=EDGE_CURVE('',#5057,#5055,#2795,.T.);
#6760=EDGE_CURVE('',#5059,#5263,#1358,.T.);
#6761=EDGE_CURVE('',#5060,#5264,#1359,.T.);
#6762=EDGE_CURVE('',#5061,#5265,#2796,.T.);
#6763=EDGE_CURVE('',#5062,#5266,#2797,.T.);
#6764=EDGE_CURVE('',#5377,#5176,#2798,.T.);
#6765=EDGE_CURVE('',#5377,#5375,#1360,.T.);
#6766=EDGE_CURVE('',#5063,#5267,#2799,.T.);
#6767=EDGE_CURVE('',#5378,#5175,#1361,.T.);
#6768=EDGE_CURVE('',#5378,#5377,#4378,.T.);
#6769=EDGE_CURVE('',#5064,#5268,#2800,.T.);
#6770=EDGE_CURVE('',#4406,#5174,#2801,.T.);
#6771=EDGE_CURVE('',#4406,#5378,#1362,.T.);
#6772=EDGE_CURVE('',#5065,#5269,#2802,.T.);
#6773=EDGE_CURVE('',#5066,#5270,#2803,.T.);
#6774=EDGE_CURVE('',#5067,#5271,#2804,.T.);
#6775=EDGE_CURVE('',#5068,#5272,#2805,.T.);
#6776=EDGE_CURVE('',#5069,#5273,#2806,.T.);
#6777=EDGE_CURVE('',#5073,#5277,#1363,.T.);
#6778=EDGE_CURVE('',#5074,#5278,#2807,.T.);
#6779=EDGE_CURVE('',#5363,#5364,#1364,.T.);
#6780=EDGE_CURVE('',#5078,#5282,#2808,.T.);
#6781=EDGE_CURVE('',#5079,#5283,#2809,.T.);
#6782=EDGE_CURVE('',#5379,#5159,#2810,.T.);
#6783=EDGE_CURVE('',#5379,#5362,#1365,.T.);
#6784=EDGE_CURVE('',#5080,#5284,#2811,.T.);
#6785=EDGE_CURVE('',#5361,#5379,#4379,.T.);
#6786=EDGE_CURVE('',#5081,#5285,#2812,.T.);
#6787=EDGE_CURVE('',#5082,#5286,#2813,.T.);
#6788=EDGE_CURVE('',#5083,#5287,#2814,.T.);
#6789=EDGE_CURVE('',#5084,#5288,#2815,.T.);
#6790=EDGE_CURVE('',#5085,#5289,#2816,.T.);
#6791=EDGE_CURVE('',#5086,#5290,#2817,.T.);
#6792=EDGE_CURVE('',#5353,#5354,#1366,.T.);
#6793=EDGE_CURVE('',#5090,#5294,#2818,.T.);
#6794=EDGE_CURVE('',#5093,#5297,#1367,.T.);
#6795=EDGE_CURVE('',#5094,#5298,#2819,.T.);
#6796=EDGE_CURVE('',#5095,#5299,#2820,.T.);
#6797=EDGE_CURVE('',#5096,#5300,#2821,.T.);
#6798=EDGE_CURVE('',#5097,#5301,#2822,.T.);
#6799=EDGE_CURVE('',#5098,#5302,#2823,.T.);
#6800=EDGE_CURVE('',#5099,#5303,#2824,.T.);
#6801=EDGE_CURVE('',#5100,#5304,#2825,.T.);
#6802=EDGE_CURVE('',#5101,#5305,#2826,.T.);
#6803=EDGE_CURVE('',#5102,#5306,#2827,.T.);
#6804=EDGE_CURVE('',#5103,#5307,#2828,.T.);
#6805=EDGE_CURVE('',#5104,#5308,#2829,.T.);
#6806=EDGE_CURVE('',#5108,#5312,#2830,.T.);
#6807=EDGE_CURVE('',#5111,#5315,#1368,.T.);
#6808=EDGE_CURVE('',#5112,#5316,#2831,.T.);
#6809=EDGE_CURVE('',#5113,#5317,#2832,.T.);
#6810=EDGE_CURVE('',#5114,#5318,#2833,.T.);
#6811=EDGE_CURVE('',#5115,#5319,#2834,.T.);
#6812=EDGE_CURVE('',#5116,#5320,#2835,.T.);
#6813=EDGE_CURVE('',#5117,#5321,#2836,.T.);
#6814=EDGE_CURVE('',#5118,#5322,#2837,.T.);
#6815=EDGE_CURVE('',#5380,#5324,#4380,.T.);
#6816=EDGE_CURVE('',#5120,#5380,#2838,.T.);
#6817=EDGE_CURVE('',#5119,#5323,#2839,.T.);
#6818=EDGE_CURVE('',#5323,#5380,#1369,.T.);
#6819=EDGE_CURVE('',#5188,#4830,#1370,.T.);
#6820=EDGE_CURVE('',#5189,#4976,#1371,.T.);
#6821=EDGE_CURVE('',#5190,#4975,#1372,.T.);
#6822=EDGE_CURVE('',#5191,#4974,#1373,.T.);
#6823=EDGE_CURVE('',#5192,#4973,#1374,.T.);
#6824=EDGE_CURVE('',#5193,#4972,#1375,.T.);
#6825=EDGE_CURVE('',#5194,#4971,#1376,.T.);
#6826=EDGE_CURVE('',#5195,#4970,#1377,.T.);
#6827=EDGE_CURVE('',#5196,#4969,#1378,.T.);
#6828=EDGE_CURVE('',#5197,#4968,#1379,.T.);
#6829=EDGE_CURVE('',#5198,#4967,#1380,.T.);
#6830=EDGE_CURVE('',#5199,#4966,#1381,.T.);
#6831=EDGE_CURVE('',#5200,#4965,#1382,.T.);
#6832=EDGE_CURVE('',#5201,#4964,#1383,.T.);
#6833=EDGE_CURVE('',#5202,#4963,#1384,.T.);
#6834=EDGE_CURVE('',#5203,#4962,#1385,.T.);
#6835=EDGE_CURVE('',#5204,#4961,#1386,.T.);
#6836=EDGE_CURVE('',#5205,#4960,#1387,.T.);
#6837=EDGE_CURVE('',#5206,#4959,#1388,.T.);
#6838=EDGE_CURVE('',#5207,#4958,#1389,.T.);
#6839=EDGE_CURVE('',#5208,#4957,#1390,.T.);
#6840=EDGE_CURVE('',#5209,#4956,#1391,.T.);
#6841=EDGE_CURVE('',#5210,#4955,#1392,.T.);
#6842=EDGE_CURVE('',#5211,#4954,#1393,.T.);
#6843=EDGE_CURVE('',#5212,#4953,#1394,.T.);
#6844=EDGE_CURVE('',#5213,#4952,#1395,.T.);
#6845=EDGE_CURVE('',#5214,#4951,#1396,.T.);
#6846=EDGE_CURVE('',#5215,#4950,#1397,.T.);
#6847=EDGE_CURVE('',#5216,#4949,#1398,.T.);
#6848=EDGE_CURVE('',#5217,#4948,#1399,.T.);
#6849=EDGE_CURVE('',#5218,#4947,#1400,.T.);
#6850=EDGE_CURVE('',#5219,#4946,#1401,.T.);
#6851=EDGE_CURVE('',#5220,#4945,#1402,.T.);
#6852=EDGE_CURVE('',#5221,#4944,#1403,.T.);
#6853=EDGE_CURVE('',#5222,#4943,#1404,.T.);
#6854=EDGE_CURVE('',#5223,#4942,#1405,.T.);
#6855=EDGE_CURVE('',#5224,#4941,#1406,.T.);
#6856=EDGE_CURVE('',#5225,#4940,#1407,.T.);
#6857=EDGE_CURVE('',#5226,#4939,#1408,.T.);
#6858=EDGE_CURVE('',#5227,#4938,#1409,.T.);
#6859=EDGE_CURVE('',#5228,#4937,#1410,.T.);
#6860=EDGE_CURVE('',#5229,#4936,#1411,.T.);
#6861=EDGE_CURVE('',#5230,#4935,#1412,.T.);
#6862=EDGE_CURVE('',#5231,#4934,#1413,.T.);
#6863=EDGE_CURVE('',#5232,#4933,#1414,.T.);
#6864=EDGE_CURVE('',#5233,#4932,#1415,.T.);
#6865=EDGE_CURVE('',#5234,#4931,#1416,.T.);
#6866=EDGE_CURVE('',#5235,#4930,#1417,.T.);
#6867=EDGE_CURVE('',#5236,#4929,#1418,.T.);
#6868=EDGE_CURVE('',#5237,#4928,#1419,.T.);
#6869=EDGE_CURVE('',#5238,#4927,#1420,.T.);
#6870=EDGE_CURVE('',#5239,#4926,#1421,.T.);
#6871=EDGE_CURVE('',#5240,#4925,#1422,.T.);
#6872=EDGE_CURVE('',#5241,#4924,#1423,.T.);
#6873=EDGE_CURVE('',#5242,#4923,#1424,.T.);
#6874=EDGE_CURVE('',#5243,#4922,#1425,.T.);
#6875=EDGE_CURVE('',#5244,#4921,#1426,.T.);
#6876=EDGE_CURVE('',#5245,#4920,#1427,.T.);
#6877=EDGE_CURVE('',#5246,#4919,#1428,.T.);
#6878=EDGE_CURVE('',#5247,#4918,#1429,.T.);
#6879=EDGE_CURVE('',#5248,#4917,#1430,.T.);
#6880=EDGE_CURVE('',#5249,#4916,#1431,.T.);
#6881=EDGE_CURVE('',#5250,#4915,#1432,.T.);
#6882=EDGE_CURVE('',#5251,#4914,#1433,.T.);
#6883=EDGE_CURVE('',#5252,#4913,#1434,.T.);
#6884=EDGE_CURVE('',#5253,#4912,#1435,.T.);
#6885=EDGE_CURVE('',#5254,#4911,#1436,.T.);
#6886=EDGE_CURVE('',#5255,#4910,#1437,.T.);
#6887=EDGE_CURVE('',#5256,#4909,#1438,.T.);
#6888=EDGE_CURVE('',#5257,#4908,#1439,.T.);
#6889=EDGE_CURVE('',#5258,#4907,#1440,.T.);
#6890=EDGE_CURVE('',#5259,#4906,#1441,.T.);
#6891=EDGE_CURVE('',#5260,#4905,#1442,.T.);
#6892=EDGE_CURVE('',#5376,#4563,#1443,.T.);
#6893=EDGE_CURVE('',#5375,#4401,#1444,.T.);
#6894=EDGE_CURVE('',#5377,#4402,#1445,.T.);
#6895=EDGE_CURVE('',#5378,#4403,#1446,.T.);
#6896=EDGE_CURVE('',#5374,#4564,#1447,.T.);
#6897=EDGE_CURVE('',#5373,#4565,#1448,.T.);
#6898=EDGE_CURVE('',#5372,#4566,#1449,.T.);
#6899=EDGE_CURVE('',#5371,#4567,#1450,.T.);
#6900=EDGE_CURVE('',#5370,#4568,#1451,.T.);
#6901=EDGE_CURVE('',#5369,#4569,#1452,.T.);
#6902=EDGE_CURVE('',#5368,#4570,#1453,.T.);
#6903=EDGE_CURVE('',#5367,#4571,#1454,.T.);
#6904=EDGE_CURVE('',#5366,#4572,#1455,.T.);
#6905=EDGE_CURVE('',#5365,#4573,#1456,.T.);
#6906=EDGE_CURVE('',#5364,#4574,#1457,.T.);
#6907=EDGE_CURVE('',#5363,#4575,#1458,.T.);
#6908=EDGE_CURVE('',#5362,#4576,#1459,.T.);
#6909=EDGE_CURVE('',#5379,#4577,#1460,.T.);
#6910=EDGE_CURVE('',#5361,#4578,#1461,.T.);
#6911=EDGE_CURVE('',#5360,#4579,#1462,.T.);
#6912=EDGE_CURVE('',#5359,#4580,#1463,.T.);
#6913=EDGE_CURVE('',#5358,#4581,#1464,.T.);
#6914=EDGE_CURVE('',#5357,#4461,#1465,.T.);
#6915=EDGE_CURVE('',#5356,#4462,#1466,.T.);
#6916=EDGE_CURVE('',#5355,#4463,#1467,.T.);
#6917=EDGE_CURVE('',#5354,#4464,#1468,.T.);
#6918=EDGE_CURVE('',#5353,#4465,#1469,.T.);
#6919=EDGE_CURVE('',#5352,#4466,#1470,.T.);
#6920=EDGE_CURVE('',#5351,#4467,#1471,.T.);
#6921=EDGE_CURVE('',#5350,#4468,#1472,.T.);
#6922=EDGE_CURVE('',#5349,#4469,#1473,.T.);
#6923=EDGE_CURVE('',#5348,#4470,#1474,.T.);
#6924=EDGE_CURVE('',#5347,#4471,#1475,.T.);
#6925=EDGE_CURVE('',#5346,#4472,#1476,.T.);
#6926=EDGE_CURVE('',#5345,#4473,#1477,.T.);
#6927=EDGE_CURVE('',#5344,#4474,#1478,.T.);
#6928=EDGE_CURVE('',#5343,#4475,#1479,.T.);
#6929=EDGE_CURVE('',#5342,#4476,#1480,.T.);
#6930=EDGE_CURVE('',#5341,#4477,#1481,.T.);
#6931=EDGE_CURVE('',#5340,#4478,#1482,.T.);
#6932=EDGE_CURVE('',#5339,#4479,#1483,.T.);
#6933=EDGE_CURVE('',#5338,#4480,#1484,.T.);
#6934=EDGE_CURVE('',#5337,#4481,#1485,.T.);
#6935=EDGE_CURVE('',#5336,#4482,#1486,.T.);
#6936=EDGE_CURVE('',#5335,#4483,#1487,.T.);
#6937=EDGE_CURVE('',#5334,#4484,#1488,.T.);
#6938=EDGE_CURVE('',#5333,#4485,#1489,.T.);
#6939=EDGE_CURVE('',#5332,#4486,#1490,.T.);
#6940=EDGE_CURVE('',#5331,#4487,#1491,.T.);
#6941=EDGE_CURVE('',#5330,#4488,#1492,.T.);
#6942=EDGE_CURVE('',#5329,#4489,#1493,.T.);
#6943=EDGE_CURVE('',#5328,#4490,#1494,.T.);
#6944=EDGE_CURVE('',#5327,#4491,#1495,.T.);
#6945=EDGE_CURVE('',#5326,#4492,#1496,.T.);
#6946=EDGE_CURVE('',#5325,#4493,#1497,.T.);
#6947=EDGE_CURVE('',#5324,#4494,#1498,.T.);
#6948=EDGE_CURVE('',#5380,#4495,#1499,.T.);
#6949=ORIENTED_EDGE('',*,*,#5381,.T.);
#6950=ORIENTED_EDGE('',*,*,#5382,.T.);
#6951=ORIENTED_EDGE('',*,*,#5383,.T.);
#6952=ORIENTED_EDGE('',*,*,#5384,.T.);
#6953=ORIENTED_EDGE('',*,*,#5385,.T.);
#6954=ORIENTED_EDGE('',*,*,#5386,.T.);
#6955=ORIENTED_EDGE('',*,*,#5383,.F.);
#6956=ORIENTED_EDGE('',*,*,#5387,.T.);
#6957=ORIENTED_EDGE('',*,*,#5388,.F.);
#6958=ORIENTED_EDGE('',*,*,#5389,.T.);
#6959=ORIENTED_EDGE('',*,*,#5381,.F.);
#6960=ORIENTED_EDGE('',*,*,#5390,.T.);
#6961=ORIENTED_EDGE('',*,*,#5387,.F.);
#6962=ORIENTED_EDGE('',*,*,#5391,.T.);
#6963=ORIENTED_EDGE('',*,*,#5392,.T.);
#6964=ORIENTED_EDGE('',*,*,#5393,.F.);
#6965=ORIENTED_EDGE('',*,*,#5382,.F.);
#6966=ORIENTED_EDGE('',*,*,#5394,.F.);
#6967=ORIENTED_EDGE('',*,*,#5395,.F.);
#6968=ORIENTED_EDGE('',*,*,#5391,.F.);
#6969=ORIENTED_EDGE('',*,*,#5396,.T.);
#6970=ORIENTED_EDGE('',*,*,#5397,.T.);
#6971=ORIENTED_EDGE('',*,*,#5398,.T.);
#6972=ORIENTED_EDGE('',*,*,#5399,.T.);
#6973=ORIENTED_EDGE('',*,*,#5397,.F.);
#6974=ORIENTED_EDGE('',*,*,#5399,.F.);
#6975=ORIENTED_EDGE('',*,*,#5400,.T.);
#6976=ORIENTED_EDGE('',*,*,#5401,.F.);
#6977=ORIENTED_EDGE('',*,*,#5400,.F.);
#6978=ORIENTED_EDGE('',*,*,#5398,.F.);
#6979=ORIENTED_EDGE('',*,*,#5386,.F.);
#6980=ORIENTED_EDGE('',*,*,#5402,.F.);
#6981=ORIENTED_EDGE('',*,*,#5403,.F.);
#6982=ORIENTED_EDGE('',*,*,#5404,.F.);
#6983=ORIENTED_EDGE('',*,*,#5405,.F.);
#6984=ORIENTED_EDGE('',*,*,#5406,.F.);
#6985=ORIENTED_EDGE('',*,*,#5407,.F.);
#6986=ORIENTED_EDGE('',*,*,#5408,.F.);
#6987=ORIENTED_EDGE('',*,*,#5409,.F.);
#6988=ORIENTED_EDGE('',*,*,#5410,.F.);
#6989=ORIENTED_EDGE('',*,*,#5411,.F.);
#6990=ORIENTED_EDGE('',*,*,#5390,.F.);
#6991=ORIENTED_EDGE('',*,*,#5384,.F.);
#6992=ORIENTED_EDGE('',*,*,#5396,.F.);
#6993=ORIENTED_EDGE('',*,*,#5389,.F.);
#6994=ORIENTED_EDGE('',*,*,#5412,.T.);
#6995=ORIENTED_EDGE('',*,*,#5413,.F.);
#6996=ORIENTED_EDGE('',*,*,#5394,.T.);
#6997=ORIENTED_EDGE('',*,*,#5411,.T.);
#6998=ORIENTED_EDGE('',*,*,#5414,.F.);
#6999=ORIENTED_EDGE('',*,*,#5415,.F.);
#7000=ORIENTED_EDGE('',*,*,#5416,.T.);
#7001=ORIENTED_EDGE('',*,*,#5388,.T.);
#7002=ORIENTED_EDGE('',*,*,#5402,.T.);
#7003=ORIENTED_EDGE('',*,*,#5385,.F.);
#7004=ORIENTED_EDGE('',*,*,#5417,.F.);
#7005=ORIENTED_EDGE('',*,*,#5418,.F.);
#7006=ORIENTED_EDGE('',*,*,#5419,.T.);
#7007=ORIENTED_EDGE('',*,*,#5406,.T.);
#7008=ORIENTED_EDGE('',*,*,#5420,.F.);
#7009=ORIENTED_EDGE('',*,*,#5421,.F.);
#7010=ORIENTED_EDGE('',*,*,#5422,.T.);
#7011=ORIENTED_EDGE('',*,*,#5405,.T.);
#7012=ORIENTED_EDGE('',*,*,#5423,.F.);
#7013=ORIENTED_EDGE('',*,*,#5424,.F.);
#7014=ORIENTED_EDGE('',*,*,#5420,.T.);
#7015=ORIENTED_EDGE('',*,*,#5404,.T.);
#7016=ORIENTED_EDGE('',*,*,#5425,.F.);
#7017=ORIENTED_EDGE('',*,*,#5426,.F.);
#7018=ORIENTED_EDGE('',*,*,#5423,.T.);
#7019=ORIENTED_EDGE('',*,*,#5403,.T.);
#7020=ORIENTED_EDGE('',*,*,#5419,.F.);
#7021=ORIENTED_EDGE('',*,*,#5427,.F.);
#7022=ORIENTED_EDGE('',*,*,#5425,.T.);
#7023=ORIENTED_EDGE('',*,*,#5428,.F.);
#7024=ORIENTED_EDGE('',*,*,#5429,.F.);
#7025=ORIENTED_EDGE('',*,*,#5430,.F.);
#7026=ORIENTED_EDGE('',*,*,#5431,.T.);
#7027=ORIENTED_EDGE('',*,*,#5432,.F.);
#7028=ORIENTED_EDGE('',*,*,#5431,.F.);
#7029=ORIENTED_EDGE('',*,*,#5433,.F.);
#7030=ORIENTED_EDGE('',*,*,#5434,.F.);
#7031=ORIENTED_EDGE('',*,*,#5435,.F.);
#7032=ORIENTED_EDGE('',*,*,#5436,.F.);
#7033=ORIENTED_EDGE('',*,*,#5437,.F.);
#7034=ORIENTED_EDGE('',*,*,#5429,.T.);
#7035=ORIENTED_EDGE('',*,*,#5435,.T.);
#7036=ORIENTED_EDGE('',*,*,#5428,.T.);
#7037=ORIENTED_EDGE('',*,*,#5432,.T.);
#7038=ORIENTED_EDGE('',*,*,#5438,.F.);
#7039=ORIENTED_EDGE('',*,*,#5439,.T.);
#7040=ORIENTED_EDGE('',*,*,#5440,.T.);
#7041=ORIENTED_EDGE('',*,*,#5441,.F.);
#7042=ORIENTED_EDGE('',*,*,#5442,.F.);
#7043=ORIENTED_EDGE('',*,*,#5443,.T.);
#7044=ORIENTED_EDGE('',*,*,#5444,.T.);
#7045=ORIENTED_EDGE('',*,*,#5445,.T.);
#7046=ORIENTED_EDGE('',*,*,#5446,.T.);
#7047=ORIENTED_EDGE('',*,*,#5447,.T.);
#7048=ORIENTED_EDGE('',*,*,#5448,.T.);
#7049=ORIENTED_EDGE('',*,*,#5449,.T.);
#7050=ORIENTED_EDGE('',*,*,#5450,.T.);
#7051=ORIENTED_EDGE('',*,*,#5451,.T.);
#7052=ORIENTED_EDGE('',*,*,#5452,.T.);
#7053=ORIENTED_EDGE('',*,*,#5453,.T.);
#7054=ORIENTED_EDGE('',*,*,#5454,.T.);
#7055=ORIENTED_EDGE('',*,*,#5455,.T.);
#7056=ORIENTED_EDGE('',*,*,#5456,.T.);
#7057=ORIENTED_EDGE('',*,*,#5457,.T.);
#7058=ORIENTED_EDGE('',*,*,#5458,.T.);
#7059=ORIENTED_EDGE('',*,*,#5459,.T.);
#7060=ORIENTED_EDGE('',*,*,#5460,.T.);
#7061=ORIENTED_EDGE('',*,*,#5461,.T.);
#7062=ORIENTED_EDGE('',*,*,#5462,.T.);
#7063=ORIENTED_EDGE('',*,*,#5463,.T.);
#7064=ORIENTED_EDGE('',*,*,#5464,.T.);
#7065=ORIENTED_EDGE('',*,*,#5465,.T.);
#7066=ORIENTED_EDGE('',*,*,#5466,.T.);
#7067=ORIENTED_EDGE('',*,*,#5467,.T.);
#7068=ORIENTED_EDGE('',*,*,#5468,.T.);
#7069=ORIENTED_EDGE('',*,*,#5469,.T.);
#7070=ORIENTED_EDGE('',*,*,#5470,.T.);
#7071=ORIENTED_EDGE('',*,*,#5471,.T.);
#7072=ORIENTED_EDGE('',*,*,#5472,.T.);
#7073=ORIENTED_EDGE('',*,*,#5473,.T.);
#7074=ORIENTED_EDGE('',*,*,#5474,.T.);
#7075=ORIENTED_EDGE('',*,*,#5475,.T.);
#7076=ORIENTED_EDGE('',*,*,#5476,.T.);
#7077=ORIENTED_EDGE('',*,*,#5477,.T.);
#7078=ORIENTED_EDGE('',*,*,#5438,.T.);
#7079=ORIENTED_EDGE('',*,*,#5434,.T.);
#7080=ORIENTED_EDGE('',*,*,#5478,.T.);
#7081=ORIENTED_EDGE('',*,*,#5479,.T.);
#7082=ORIENTED_EDGE('',*,*,#5480,.T.);
#7083=ORIENTED_EDGE('',*,*,#5481,.T.);
#7084=ORIENTED_EDGE('',*,*,#5482,.T.);
#7085=ORIENTED_EDGE('',*,*,#5483,.T.);
#7086=ORIENTED_EDGE('',*,*,#5484,.T.);
#7087=ORIENTED_EDGE('',*,*,#5485,.T.);
#7088=ORIENTED_EDGE('',*,*,#5486,.T.);
#7089=ORIENTED_EDGE('',*,*,#5487,.T.);
#7090=ORIENTED_EDGE('',*,*,#5488,.T.);
#7091=ORIENTED_EDGE('',*,*,#5489,.T.);
#7092=ORIENTED_EDGE('',*,*,#5490,.T.);
#7093=ORIENTED_EDGE('',*,*,#5491,.T.);
#7094=ORIENTED_EDGE('',*,*,#5492,.T.);
#7095=ORIENTED_EDGE('',*,*,#5493,.T.);
#7096=ORIENTED_EDGE('',*,*,#5494,.T.);
#7097=ORIENTED_EDGE('',*,*,#5495,.T.);
#7098=ORIENTED_EDGE('',*,*,#5496,.T.);
#7099=ORIENTED_EDGE('',*,*,#5497,.T.);
#7100=ORIENTED_EDGE('',*,*,#5498,.T.);
#7101=ORIENTED_EDGE('',*,*,#5499,.T.);
#7102=ORIENTED_EDGE('',*,*,#5500,.T.);
#7103=ORIENTED_EDGE('',*,*,#5501,.T.);
#7104=ORIENTED_EDGE('',*,*,#5502,.T.);
#7105=ORIENTED_EDGE('',*,*,#5503,.T.);
#7106=ORIENTED_EDGE('',*,*,#5504,.T.);
#7107=ORIENTED_EDGE('',*,*,#5505,.T.);
#7108=ORIENTED_EDGE('',*,*,#5506,.T.);
#7109=ORIENTED_EDGE('',*,*,#5507,.T.);
#7110=ORIENTED_EDGE('',*,*,#5508,.T.);
#7111=ORIENTED_EDGE('',*,*,#5509,.T.);
#7112=ORIENTED_EDGE('',*,*,#5510,.T.);
#7113=ORIENTED_EDGE('',*,*,#5511,.T.);
#7114=ORIENTED_EDGE('',*,*,#5512,.T.);
#7115=ORIENTED_EDGE('',*,*,#5513,.T.);
#7116=ORIENTED_EDGE('',*,*,#5514,.T.);
#7117=ORIENTED_EDGE('',*,*,#5515,.T.);
#7118=ORIENTED_EDGE('',*,*,#5516,.T.);
#7119=ORIENTED_EDGE('',*,*,#5517,.T.);
#7120=ORIENTED_EDGE('',*,*,#5518,.T.);
#7121=ORIENTED_EDGE('',*,*,#5519,.T.);
#7122=ORIENTED_EDGE('',*,*,#5520,.T.);
#7123=ORIENTED_EDGE('',*,*,#5521,.T.);
#7124=ORIENTED_EDGE('',*,*,#5522,.T.);
#7125=ORIENTED_EDGE('',*,*,#5523,.T.);
#7126=ORIENTED_EDGE('',*,*,#5524,.T.);
#7127=ORIENTED_EDGE('',*,*,#5525,.T.);
#7128=ORIENTED_EDGE('',*,*,#5526,.T.);
#7129=ORIENTED_EDGE('',*,*,#5527,.T.);
#7130=ORIENTED_EDGE('',*,*,#5528,.T.);
#7131=ORIENTED_EDGE('',*,*,#5529,.T.);
#7132=ORIENTED_EDGE('',*,*,#5530,.T.);
#7133=ORIENTED_EDGE('',*,*,#5531,.T.);
#7134=ORIENTED_EDGE('',*,*,#5532,.T.);
#7135=ORIENTED_EDGE('',*,*,#5533,.T.);
#7136=ORIENTED_EDGE('',*,*,#5534,.T.);
#7137=ORIENTED_EDGE('',*,*,#5535,.T.);
#7138=ORIENTED_EDGE('',*,*,#5536,.T.);
#7139=ORIENTED_EDGE('',*,*,#5537,.T.);
#7140=ORIENTED_EDGE('',*,*,#5538,.T.);
#7141=ORIENTED_EDGE('',*,*,#5539,.T.);
#7142=ORIENTED_EDGE('',*,*,#5540,.T.);
#7143=ORIENTED_EDGE('',*,*,#5541,.T.);
#7144=ORIENTED_EDGE('',*,*,#5542,.T.);
#7145=ORIENTED_EDGE('',*,*,#5543,.T.);
#7146=ORIENTED_EDGE('',*,*,#5544,.T.);
#7147=ORIENTED_EDGE('',*,*,#5545,.T.);
#7148=ORIENTED_EDGE('',*,*,#5546,.T.);
#7149=ORIENTED_EDGE('',*,*,#5547,.T.);
#7150=ORIENTED_EDGE('',*,*,#5548,.T.);
#7151=ORIENTED_EDGE('',*,*,#5549,.T.);
#7152=ORIENTED_EDGE('',*,*,#5550,.T.);
#7153=ORIENTED_EDGE('',*,*,#5551,.T.);
#7154=ORIENTED_EDGE('',*,*,#5552,.T.);
#7155=ORIENTED_EDGE('',*,*,#5553,.T.);
#7156=ORIENTED_EDGE('',*,*,#5554,.T.);
#7157=ORIENTED_EDGE('',*,*,#5555,.T.);
#7158=ORIENTED_EDGE('',*,*,#5556,.T.);
#7159=ORIENTED_EDGE('',*,*,#5557,.T.);
#7160=ORIENTED_EDGE('',*,*,#5558,.T.);
#7161=ORIENTED_EDGE('',*,*,#5559,.T.);
#7162=ORIENTED_EDGE('',*,*,#5560,.T.);
#7163=ORIENTED_EDGE('',*,*,#5561,.T.);
#7164=ORIENTED_EDGE('',*,*,#5562,.T.);
#7165=ORIENTED_EDGE('',*,*,#5563,.T.);
#7166=ORIENTED_EDGE('',*,*,#5564,.T.);
#7167=ORIENTED_EDGE('',*,*,#5565,.T.);
#7168=ORIENTED_EDGE('',*,*,#5566,.T.);
#7169=ORIENTED_EDGE('',*,*,#5567,.T.);
#7170=ORIENTED_EDGE('',*,*,#5568,.T.);
#7171=ORIENTED_EDGE('',*,*,#5569,.T.);
#7172=ORIENTED_EDGE('',*,*,#5570,.T.);
#7173=ORIENTED_EDGE('',*,*,#5571,.T.);
#7174=ORIENTED_EDGE('',*,*,#5572,.T.);
#7175=ORIENTED_EDGE('',*,*,#5573,.T.);
#7176=ORIENTED_EDGE('',*,*,#5574,.T.);
#7177=ORIENTED_EDGE('',*,*,#5575,.T.);
#7178=ORIENTED_EDGE('',*,*,#5576,.T.);
#7179=ORIENTED_EDGE('',*,*,#5577,.T.);
#7180=ORIENTED_EDGE('',*,*,#5578,.T.);
#7181=ORIENTED_EDGE('',*,*,#5579,.T.);
#7182=ORIENTED_EDGE('',*,*,#5580,.T.);
#7183=ORIENTED_EDGE('',*,*,#5581,.T.);
#7184=ORIENTED_EDGE('',*,*,#5392,.F.);
#7185=ORIENTED_EDGE('',*,*,#5395,.T.);
#7186=ORIENTED_EDGE('',*,*,#5413,.T.);
#7187=ORIENTED_EDGE('',*,*,#5582,.T.);
#7188=ORIENTED_EDGE('',*,*,#5583,.T.);
#7189=ORIENTED_EDGE('',*,*,#5584,.T.);
#7190=ORIENTED_EDGE('',*,*,#5585,.T.);
#7191=ORIENTED_EDGE('',*,*,#5586,.T.);
#7192=ORIENTED_EDGE('',*,*,#5587,.T.);
#7193=ORIENTED_EDGE('',*,*,#5588,.T.);
#7194=ORIENTED_EDGE('',*,*,#5589,.T.);
#7195=ORIENTED_EDGE('',*,*,#5590,.T.);
#7196=ORIENTED_EDGE('',*,*,#5591,.T.);
#7197=ORIENTED_EDGE('',*,*,#5592,.T.);
#7198=ORIENTED_EDGE('',*,*,#5593,.T.);
#7199=ORIENTED_EDGE('',*,*,#5594,.T.);
#7200=ORIENTED_EDGE('',*,*,#5595,.T.);
#7201=ORIENTED_EDGE('',*,*,#5596,.T.);
#7202=ORIENTED_EDGE('',*,*,#5597,.T.);
#7203=ORIENTED_EDGE('',*,*,#5598,.T.);
#7204=ORIENTED_EDGE('',*,*,#5599,.T.);
#7205=ORIENTED_EDGE('',*,*,#5600,.T.);
#7206=ORIENTED_EDGE('',*,*,#5436,.T.);
#7207=ORIENTED_EDGE('',*,*,#5442,.T.);
#7208=ORIENTED_EDGE('',*,*,#5601,.T.);
#7209=ORIENTED_EDGE('',*,*,#5602,.T.);
#7210=ORIENTED_EDGE('',*,*,#5603,.T.);
#7211=ORIENTED_EDGE('',*,*,#5604,.T.);
#7212=ORIENTED_EDGE('',*,*,#5605,.T.);
#7213=ORIENTED_EDGE('',*,*,#5606,.T.);
#7214=ORIENTED_EDGE('',*,*,#5607,.T.);
#7215=ORIENTED_EDGE('',*,*,#5608,.T.);
#7216=ORIENTED_EDGE('',*,*,#5609,.T.);
#7217=ORIENTED_EDGE('',*,*,#5610,.T.);
#7218=ORIENTED_EDGE('',*,*,#5611,.T.);
#7219=ORIENTED_EDGE('',*,*,#5612,.T.);
#7220=ORIENTED_EDGE('',*,*,#5613,.T.);
#7221=ORIENTED_EDGE('',*,*,#5614,.T.);
#7222=ORIENTED_EDGE('',*,*,#5615,.T.);
#7223=ORIENTED_EDGE('',*,*,#5616,.T.);
#7224=ORIENTED_EDGE('',*,*,#5617,.T.);
#7225=ORIENTED_EDGE('',*,*,#5618,.T.);
#7226=ORIENTED_EDGE('',*,*,#5619,.T.);
#7227=ORIENTED_EDGE('',*,*,#5620,.T.);
#7228=ORIENTED_EDGE('',*,*,#5621,.T.);
#7229=ORIENTED_EDGE('',*,*,#5622,.T.);
#7230=ORIENTED_EDGE('',*,*,#5623,.T.);
#7231=ORIENTED_EDGE('',*,*,#5624,.T.);
#7232=ORIENTED_EDGE('',*,*,#5625,.T.);
#7233=ORIENTED_EDGE('',*,*,#5626,.T.);
#7234=ORIENTED_EDGE('',*,*,#5627,.T.);
#7235=ORIENTED_EDGE('',*,*,#5628,.T.);
#7236=ORIENTED_EDGE('',*,*,#5629,.T.);
#7237=ORIENTED_EDGE('',*,*,#5630,.T.);
#7238=ORIENTED_EDGE('',*,*,#5631,.T.);
#7239=ORIENTED_EDGE('',*,*,#5632,.T.);
#7240=ORIENTED_EDGE('',*,*,#5633,.T.);
#7241=ORIENTED_EDGE('',*,*,#5634,.T.);
#7242=ORIENTED_EDGE('',*,*,#5635,.T.);
#7243=ORIENTED_EDGE('',*,*,#5636,.T.);
#7244=ORIENTED_EDGE('',*,*,#5637,.T.);
#7245=ORIENTED_EDGE('',*,*,#5638,.T.);
#7246=ORIENTED_EDGE('',*,*,#5639,.T.);
#7247=ORIENTED_EDGE('',*,*,#5640,.T.);
#7248=ORIENTED_EDGE('',*,*,#5641,.T.);
#7249=ORIENTED_EDGE('',*,*,#5642,.T.);
#7250=ORIENTED_EDGE('',*,*,#5643,.T.);
#7251=ORIENTED_EDGE('',*,*,#5644,.T.);
#7252=ORIENTED_EDGE('',*,*,#5645,.T.);
#7253=ORIENTED_EDGE('',*,*,#5646,.T.);
#7254=ORIENTED_EDGE('',*,*,#5647,.T.);
#7255=ORIENTED_EDGE('',*,*,#5648,.T.);
#7256=ORIENTED_EDGE('',*,*,#5649,.T.);
#7257=ORIENTED_EDGE('',*,*,#5650,.T.);
#7258=ORIENTED_EDGE('',*,*,#5651,.T.);
#7259=ORIENTED_EDGE('',*,*,#5652,.T.);
#7260=ORIENTED_EDGE('',*,*,#5653,.T.);
#7261=ORIENTED_EDGE('',*,*,#5654,.T.);
#7262=ORIENTED_EDGE('',*,*,#5655,.T.);
#7263=ORIENTED_EDGE('',*,*,#5656,.T.);
#7264=ORIENTED_EDGE('',*,*,#5657,.T.);
#7265=ORIENTED_EDGE('',*,*,#5658,.T.);
#7266=ORIENTED_EDGE('',*,*,#5659,.T.);
#7267=ORIENTED_EDGE('',*,*,#5660,.T.);
#7268=ORIENTED_EDGE('',*,*,#5661,.T.);
#7269=ORIENTED_EDGE('',*,*,#5662,.T.);
#7270=ORIENTED_EDGE('',*,*,#5663,.T.);
#7271=ORIENTED_EDGE('',*,*,#5664,.T.);
#7272=ORIENTED_EDGE('',*,*,#5665,.T.);
#7273=ORIENTED_EDGE('',*,*,#5666,.T.);
#7274=ORIENTED_EDGE('',*,*,#5667,.T.);
#7275=ORIENTED_EDGE('',*,*,#5668,.T.);
#7276=ORIENTED_EDGE('',*,*,#5669,.T.);
#7277=ORIENTED_EDGE('',*,*,#5670,.T.);
#7278=ORIENTED_EDGE('',*,*,#5671,.T.);
#7279=ORIENTED_EDGE('',*,*,#5672,.T.);
#7280=ORIENTED_EDGE('',*,*,#5673,.T.);
#7281=ORIENTED_EDGE('',*,*,#5674,.T.);
#7282=ORIENTED_EDGE('',*,*,#5675,.T.);
#7283=ORIENTED_EDGE('',*,*,#5676,.T.);
#7284=ORIENTED_EDGE('',*,*,#5677,.T.);
#7285=ORIENTED_EDGE('',*,*,#5678,.T.);
#7286=ORIENTED_EDGE('',*,*,#5679,.T.);
#7287=ORIENTED_EDGE('',*,*,#5680,.T.);
#7288=ORIENTED_EDGE('',*,*,#5681,.T.);
#7289=ORIENTED_EDGE('',*,*,#5682,.T.);
#7290=ORIENTED_EDGE('',*,*,#5683,.T.);
#7291=ORIENTED_EDGE('',*,*,#5684,.T.);
#7292=ORIENTED_EDGE('',*,*,#5685,.T.);
#7293=ORIENTED_EDGE('',*,*,#5686,.T.);
#7294=ORIENTED_EDGE('',*,*,#5687,.T.);
#7295=ORIENTED_EDGE('',*,*,#5688,.T.);
#7296=ORIENTED_EDGE('',*,*,#5689,.T.);
#7297=ORIENTED_EDGE('',*,*,#5690,.T.);
#7298=ORIENTED_EDGE('',*,*,#5691,.T.);
#7299=ORIENTED_EDGE('',*,*,#5692,.T.);
#7300=ORIENTED_EDGE('',*,*,#5693,.T.);
#7301=ORIENTED_EDGE('',*,*,#5694,.T.);
#7302=ORIENTED_EDGE('',*,*,#5695,.T.);
#7303=ORIENTED_EDGE('',*,*,#5696,.T.);
#7304=ORIENTED_EDGE('',*,*,#5697,.T.);
#7305=ORIENTED_EDGE('',*,*,#5698,.T.);
#7306=ORIENTED_EDGE('',*,*,#5699,.T.);
#7307=ORIENTED_EDGE('',*,*,#5700,.T.);
#7308=ORIENTED_EDGE('',*,*,#5701,.T.);
#7309=ORIENTED_EDGE('',*,*,#5702,.T.);
#7310=ORIENTED_EDGE('',*,*,#5703,.T.);
#7311=ORIENTED_EDGE('',*,*,#5704,.T.);
#7312=ORIENTED_EDGE('',*,*,#5705,.T.);
#7313=ORIENTED_EDGE('',*,*,#5706,.T.);
#7314=ORIENTED_EDGE('',*,*,#5707,.T.);
#7315=ORIENTED_EDGE('',*,*,#5401,.T.);
#7316=ORIENTED_EDGE('',*,*,#5708,.T.);
#7317=ORIENTED_EDGE('',*,*,#5709,.T.);
#7318=ORIENTED_EDGE('',*,*,#5710,.T.);
#7319=ORIENTED_EDGE('',*,*,#5687,.F.);
#7320=ORIENTED_EDGE('',*,*,#5711,.T.);
#7321=ORIENTED_EDGE('',*,*,#5712,.T.);
#7322=ORIENTED_EDGE('',*,*,#5708,.F.);
#7323=ORIENTED_EDGE('',*,*,#5686,.F.);
#7324=ORIENTED_EDGE('',*,*,#5713,.T.);
#7325=ORIENTED_EDGE('',*,*,#5714,.T.);
#7326=ORIENTED_EDGE('',*,*,#5711,.F.);
#7327=ORIENTED_EDGE('',*,*,#5685,.F.);
#7328=ORIENTED_EDGE('',*,*,#5715,.T.);
#7329=ORIENTED_EDGE('',*,*,#5716,.T.);
#7330=ORIENTED_EDGE('',*,*,#5713,.F.);
#7331=ORIENTED_EDGE('',*,*,#5684,.F.);
#7332=ORIENTED_EDGE('',*,*,#5717,.T.);
#7333=ORIENTED_EDGE('',*,*,#5718,.T.);
#7334=ORIENTED_EDGE('',*,*,#5715,.F.);
#7335=ORIENTED_EDGE('',*,*,#5683,.F.);
#7336=ORIENTED_EDGE('',*,*,#5719,.T.);
#7337=ORIENTED_EDGE('',*,*,#5720,.T.);
#7338=ORIENTED_EDGE('',*,*,#5717,.F.);
#7339=ORIENTED_EDGE('',*,*,#5682,.F.);
#7340=ORIENTED_EDGE('',*,*,#5721,.T.);
#7341=ORIENTED_EDGE('',*,*,#5722,.T.);
#7342=ORIENTED_EDGE('',*,*,#5719,.F.);
#7343=ORIENTED_EDGE('',*,*,#5681,.F.);
#7344=ORIENTED_EDGE('',*,*,#5723,.T.);
#7345=ORIENTED_EDGE('',*,*,#5724,.T.);
#7346=ORIENTED_EDGE('',*,*,#5721,.F.);
#7347=ORIENTED_EDGE('',*,*,#5680,.F.);
#7348=ORIENTED_EDGE('',*,*,#5725,.T.);
#7349=ORIENTED_EDGE('',*,*,#5726,.T.);
#7350=ORIENTED_EDGE('',*,*,#5723,.F.);
#7351=ORIENTED_EDGE('',*,*,#5679,.F.);
#7352=ORIENTED_EDGE('',*,*,#5727,.T.);
#7353=ORIENTED_EDGE('',*,*,#5728,.T.);
#7354=ORIENTED_EDGE('',*,*,#5725,.F.);
#7355=ORIENTED_EDGE('',*,*,#5678,.F.);
#7356=ORIENTED_EDGE('',*,*,#5729,.T.);
#7357=ORIENTED_EDGE('',*,*,#5730,.T.);
#7358=ORIENTED_EDGE('',*,*,#5727,.F.);
#7359=ORIENTED_EDGE('',*,*,#5677,.F.);
#7360=ORIENTED_EDGE('',*,*,#5731,.T.);
#7361=ORIENTED_EDGE('',*,*,#5732,.T.);
#7362=ORIENTED_EDGE('',*,*,#5729,.F.);
#7363=ORIENTED_EDGE('',*,*,#5676,.F.);
#7364=ORIENTED_EDGE('',*,*,#5733,.T.);
#7365=ORIENTED_EDGE('',*,*,#5734,.T.);
#7366=ORIENTED_EDGE('',*,*,#5731,.F.);
#7367=ORIENTED_EDGE('',*,*,#5675,.F.);
#7368=ORIENTED_EDGE('',*,*,#5735,.T.);
#7369=ORIENTED_EDGE('',*,*,#5736,.T.);
#7370=ORIENTED_EDGE('',*,*,#5733,.F.);
#7371=ORIENTED_EDGE('',*,*,#5674,.F.);
#7372=ORIENTED_EDGE('',*,*,#5737,.T.);
#7373=ORIENTED_EDGE('',*,*,#5738,.T.);
#7374=ORIENTED_EDGE('',*,*,#5735,.F.);
#7375=ORIENTED_EDGE('',*,*,#5673,.F.);
#7376=ORIENTED_EDGE('',*,*,#5739,.T.);
#7377=ORIENTED_EDGE('',*,*,#5740,.T.);
#7378=ORIENTED_EDGE('',*,*,#5737,.F.);
#7379=ORIENTED_EDGE('',*,*,#5672,.F.);
#7380=ORIENTED_EDGE('',*,*,#5741,.T.);
#7381=ORIENTED_EDGE('',*,*,#5742,.T.);
#7382=ORIENTED_EDGE('',*,*,#5739,.F.);
#7383=ORIENTED_EDGE('',*,*,#5671,.F.);
#7384=ORIENTED_EDGE('',*,*,#5743,.T.);
#7385=ORIENTED_EDGE('',*,*,#5744,.T.);
#7386=ORIENTED_EDGE('',*,*,#5741,.F.);
#7387=ORIENTED_EDGE('',*,*,#5670,.F.);
#7388=ORIENTED_EDGE('',*,*,#5745,.T.);
#7389=ORIENTED_EDGE('',*,*,#5746,.T.);
#7390=ORIENTED_EDGE('',*,*,#5743,.F.);
#7391=ORIENTED_EDGE('',*,*,#5669,.F.);
#7392=ORIENTED_EDGE('',*,*,#5747,.T.);
#7393=ORIENTED_EDGE('',*,*,#5748,.T.);
#7394=ORIENTED_EDGE('',*,*,#5745,.F.);
#7395=ORIENTED_EDGE('',*,*,#5668,.F.);
#7396=ORIENTED_EDGE('',*,*,#5749,.T.);
#7397=ORIENTED_EDGE('',*,*,#5750,.T.);
#7398=ORIENTED_EDGE('',*,*,#5747,.F.);
#7399=ORIENTED_EDGE('',*,*,#5667,.F.);
#7400=ORIENTED_EDGE('',*,*,#5751,.T.);
#7401=ORIENTED_EDGE('',*,*,#5752,.T.);
#7402=ORIENTED_EDGE('',*,*,#5749,.F.);
#7403=ORIENTED_EDGE('',*,*,#5666,.F.);
#7404=ORIENTED_EDGE('',*,*,#5753,.T.);
#7405=ORIENTED_EDGE('',*,*,#5754,.T.);
#7406=ORIENTED_EDGE('',*,*,#5751,.F.);
#7407=ORIENTED_EDGE('',*,*,#5665,.F.);
#7408=ORIENTED_EDGE('',*,*,#5755,.T.);
#7409=ORIENTED_EDGE('',*,*,#5756,.T.);
#7410=ORIENTED_EDGE('',*,*,#5753,.F.);
#7411=ORIENTED_EDGE('',*,*,#5664,.F.);
#7412=ORIENTED_EDGE('',*,*,#5757,.T.);
#7413=ORIENTED_EDGE('',*,*,#5758,.T.);
#7414=ORIENTED_EDGE('',*,*,#5755,.F.);
#7415=ORIENTED_EDGE('',*,*,#5663,.F.);
#7416=ORIENTED_EDGE('',*,*,#5759,.T.);
#7417=ORIENTED_EDGE('',*,*,#5760,.T.);
#7418=ORIENTED_EDGE('',*,*,#5757,.F.);
#7419=ORIENTED_EDGE('',*,*,#5662,.F.);
#7420=ORIENTED_EDGE('',*,*,#5761,.T.);
#7421=ORIENTED_EDGE('',*,*,#5762,.T.);
#7422=ORIENTED_EDGE('',*,*,#5759,.F.);
#7423=ORIENTED_EDGE('',*,*,#5661,.F.);
#7424=ORIENTED_EDGE('',*,*,#5763,.T.);
#7425=ORIENTED_EDGE('',*,*,#5764,.T.);
#7426=ORIENTED_EDGE('',*,*,#5761,.F.);
#7427=ORIENTED_EDGE('',*,*,#5660,.F.);
#7428=ORIENTED_EDGE('',*,*,#5765,.T.);
#7429=ORIENTED_EDGE('',*,*,#5766,.T.);
#7430=ORIENTED_EDGE('',*,*,#5763,.F.);
#7431=ORIENTED_EDGE('',*,*,#5659,.F.);
#7432=ORIENTED_EDGE('',*,*,#5767,.T.);
#7433=ORIENTED_EDGE('',*,*,#5768,.T.);
#7434=ORIENTED_EDGE('',*,*,#5765,.F.);
#7435=ORIENTED_EDGE('',*,*,#5658,.F.);
#7436=ORIENTED_EDGE('',*,*,#5769,.T.);
#7437=ORIENTED_EDGE('',*,*,#5770,.T.);
#7438=ORIENTED_EDGE('',*,*,#5767,.F.);
#7439=ORIENTED_EDGE('',*,*,#5657,.F.);
#7440=ORIENTED_EDGE('',*,*,#5771,.T.);
#7441=ORIENTED_EDGE('',*,*,#5772,.T.);
#7442=ORIENTED_EDGE('',*,*,#5769,.F.);
#7443=ORIENTED_EDGE('',*,*,#5656,.F.);
#7444=ORIENTED_EDGE('',*,*,#5773,.T.);
#7445=ORIENTED_EDGE('',*,*,#5774,.T.);
#7446=ORIENTED_EDGE('',*,*,#5771,.F.);
#7447=ORIENTED_EDGE('',*,*,#5655,.F.);
#7448=ORIENTED_EDGE('',*,*,#5775,.T.);
#7449=ORIENTED_EDGE('',*,*,#5776,.T.);
#7450=ORIENTED_EDGE('',*,*,#5773,.F.);
#7451=ORIENTED_EDGE('',*,*,#5654,.F.);
#7452=ORIENTED_EDGE('',*,*,#5777,.T.);
#7453=ORIENTED_EDGE('',*,*,#5778,.T.);
#7454=ORIENTED_EDGE('',*,*,#5775,.F.);
#7455=ORIENTED_EDGE('',*,*,#5653,.F.);
#7456=ORIENTED_EDGE('',*,*,#5779,.T.);
#7457=ORIENTED_EDGE('',*,*,#5780,.T.);
#7458=ORIENTED_EDGE('',*,*,#5777,.F.);
#7459=ORIENTED_EDGE('',*,*,#5652,.F.);
#7460=ORIENTED_EDGE('',*,*,#5781,.T.);
#7461=ORIENTED_EDGE('',*,*,#5782,.T.);
#7462=ORIENTED_EDGE('',*,*,#5779,.F.);
#7463=ORIENTED_EDGE('',*,*,#5651,.F.);
#7464=ORIENTED_EDGE('',*,*,#5783,.T.);
#7465=ORIENTED_EDGE('',*,*,#5784,.T.);
#7466=ORIENTED_EDGE('',*,*,#5781,.F.);
#7467=ORIENTED_EDGE('',*,*,#5650,.F.);
#7468=ORIENTED_EDGE('',*,*,#5785,.T.);
#7469=ORIENTED_EDGE('',*,*,#5786,.T.);
#7470=ORIENTED_EDGE('',*,*,#5783,.F.);
#7471=ORIENTED_EDGE('',*,*,#5649,.F.);
#7472=ORIENTED_EDGE('',*,*,#5787,.T.);
#7473=ORIENTED_EDGE('',*,*,#5788,.T.);
#7474=ORIENTED_EDGE('',*,*,#5785,.F.);
#7475=ORIENTED_EDGE('',*,*,#5648,.F.);
#7476=ORIENTED_EDGE('',*,*,#5789,.T.);
#7477=ORIENTED_EDGE('',*,*,#5790,.T.);
#7478=ORIENTED_EDGE('',*,*,#5787,.F.);
#7479=ORIENTED_EDGE('',*,*,#5647,.F.);
#7480=ORIENTED_EDGE('',*,*,#5791,.T.);
#7481=ORIENTED_EDGE('',*,*,#5792,.T.);
#7482=ORIENTED_EDGE('',*,*,#5789,.F.);
#7483=ORIENTED_EDGE('',*,*,#5646,.F.);
#7484=ORIENTED_EDGE('',*,*,#5793,.T.);
#7485=ORIENTED_EDGE('',*,*,#5794,.T.);
#7486=ORIENTED_EDGE('',*,*,#5791,.F.);
#7487=ORIENTED_EDGE('',*,*,#5645,.F.);
#7488=ORIENTED_EDGE('',*,*,#5795,.T.);
#7489=ORIENTED_EDGE('',*,*,#5796,.T.);
#7490=ORIENTED_EDGE('',*,*,#5793,.F.);
#7491=ORIENTED_EDGE('',*,*,#5644,.F.);
#7492=ORIENTED_EDGE('',*,*,#5797,.T.);
#7493=ORIENTED_EDGE('',*,*,#5798,.T.);
#7494=ORIENTED_EDGE('',*,*,#5795,.F.);
#7495=ORIENTED_EDGE('',*,*,#5643,.F.);
#7496=ORIENTED_EDGE('',*,*,#5799,.T.);
#7497=ORIENTED_EDGE('',*,*,#5800,.T.);
#7498=ORIENTED_EDGE('',*,*,#5797,.F.);
#7499=ORIENTED_EDGE('',*,*,#5642,.F.);
#7500=ORIENTED_EDGE('',*,*,#5801,.T.);
#7501=ORIENTED_EDGE('',*,*,#5802,.T.);
#7502=ORIENTED_EDGE('',*,*,#5799,.F.);
#7503=ORIENTED_EDGE('',*,*,#5641,.F.);
#7504=ORIENTED_EDGE('',*,*,#5803,.T.);
#7505=ORIENTED_EDGE('',*,*,#5804,.T.);
#7506=ORIENTED_EDGE('',*,*,#5801,.F.);
#7507=ORIENTED_EDGE('',*,*,#5640,.F.);
#7508=ORIENTED_EDGE('',*,*,#5805,.T.);
#7509=ORIENTED_EDGE('',*,*,#5806,.T.);
#7510=ORIENTED_EDGE('',*,*,#5803,.F.);
#7511=ORIENTED_EDGE('',*,*,#5639,.F.);
#7512=ORIENTED_EDGE('',*,*,#5807,.T.);
#7513=ORIENTED_EDGE('',*,*,#5808,.T.);
#7514=ORIENTED_EDGE('',*,*,#5805,.F.);
#7515=ORIENTED_EDGE('',*,*,#5638,.F.);
#7516=ORIENTED_EDGE('',*,*,#5809,.T.);
#7517=ORIENTED_EDGE('',*,*,#5810,.T.);
#7518=ORIENTED_EDGE('',*,*,#5807,.F.);
#7519=ORIENTED_EDGE('',*,*,#5637,.F.);
#7520=ORIENTED_EDGE('',*,*,#5811,.T.);
#7521=ORIENTED_EDGE('',*,*,#5812,.T.);
#7522=ORIENTED_EDGE('',*,*,#5809,.F.);
#7523=ORIENTED_EDGE('',*,*,#5636,.F.);
#7524=ORIENTED_EDGE('',*,*,#5813,.T.);
#7525=ORIENTED_EDGE('',*,*,#5814,.T.);
#7526=ORIENTED_EDGE('',*,*,#5811,.F.);
#7527=ORIENTED_EDGE('',*,*,#5635,.F.);
#7528=ORIENTED_EDGE('',*,*,#5815,.T.);
#7529=ORIENTED_EDGE('',*,*,#5816,.T.);
#7530=ORIENTED_EDGE('',*,*,#5813,.F.);
#7531=ORIENTED_EDGE('',*,*,#5634,.F.);
#7532=ORIENTED_EDGE('',*,*,#5817,.T.);
#7533=ORIENTED_EDGE('',*,*,#5818,.T.);
#7534=ORIENTED_EDGE('',*,*,#5815,.F.);
#7535=ORIENTED_EDGE('',*,*,#5633,.F.);
#7536=ORIENTED_EDGE('',*,*,#5819,.T.);
#7537=ORIENTED_EDGE('',*,*,#5820,.T.);
#7538=ORIENTED_EDGE('',*,*,#5817,.F.);
#7539=ORIENTED_EDGE('',*,*,#5632,.F.);
#7540=ORIENTED_EDGE('',*,*,#5821,.T.);
#7541=ORIENTED_EDGE('',*,*,#5822,.T.);
#7542=ORIENTED_EDGE('',*,*,#5819,.F.);
#7543=ORIENTED_EDGE('',*,*,#5631,.F.);
#7544=ORIENTED_EDGE('',*,*,#5823,.T.);
#7545=ORIENTED_EDGE('',*,*,#5824,.T.);
#7546=ORIENTED_EDGE('',*,*,#5821,.F.);
#7547=ORIENTED_EDGE('',*,*,#5630,.F.);
#7548=ORIENTED_EDGE('',*,*,#5825,.T.);
#7549=ORIENTED_EDGE('',*,*,#5826,.T.);
#7550=ORIENTED_EDGE('',*,*,#5823,.F.);
#7551=ORIENTED_EDGE('',*,*,#5629,.F.);
#7552=ORIENTED_EDGE('',*,*,#5827,.T.);
#7553=ORIENTED_EDGE('',*,*,#5828,.T.);
#7554=ORIENTED_EDGE('',*,*,#5825,.F.);
#7555=ORIENTED_EDGE('',*,*,#5628,.F.);
#7556=ORIENTED_EDGE('',*,*,#5829,.T.);
#7557=ORIENTED_EDGE('',*,*,#5830,.T.);
#7558=ORIENTED_EDGE('',*,*,#5827,.F.);
#7559=ORIENTED_EDGE('',*,*,#5627,.F.);
#7560=ORIENTED_EDGE('',*,*,#5831,.T.);
#7561=ORIENTED_EDGE('',*,*,#5832,.T.);
#7562=ORIENTED_EDGE('',*,*,#5829,.F.);
#7563=ORIENTED_EDGE('',*,*,#5626,.F.);
#7564=ORIENTED_EDGE('',*,*,#5833,.T.);
#7565=ORIENTED_EDGE('',*,*,#5834,.T.);
#7566=ORIENTED_EDGE('',*,*,#5831,.F.);
#7567=ORIENTED_EDGE('',*,*,#5625,.F.);
#7568=ORIENTED_EDGE('',*,*,#5835,.T.);
#7569=ORIENTED_EDGE('',*,*,#5836,.T.);
#7570=ORIENTED_EDGE('',*,*,#5833,.F.);
#7571=ORIENTED_EDGE('',*,*,#5624,.F.);
#7572=ORIENTED_EDGE('',*,*,#5837,.T.);
#7573=ORIENTED_EDGE('',*,*,#5838,.T.);
#7574=ORIENTED_EDGE('',*,*,#5835,.F.);
#7575=ORIENTED_EDGE('',*,*,#5623,.F.);
#7576=ORIENTED_EDGE('',*,*,#5839,.T.);
#7577=ORIENTED_EDGE('',*,*,#5840,.T.);
#7578=ORIENTED_EDGE('',*,*,#5837,.F.);
#7579=ORIENTED_EDGE('',*,*,#5622,.F.);
#7580=ORIENTED_EDGE('',*,*,#5841,.T.);
#7581=ORIENTED_EDGE('',*,*,#5842,.T.);
#7582=ORIENTED_EDGE('',*,*,#5839,.F.);
#7583=ORIENTED_EDGE('',*,*,#5621,.F.);
#7584=ORIENTED_EDGE('',*,*,#5843,.T.);
#7585=ORIENTED_EDGE('',*,*,#5844,.T.);
#7586=ORIENTED_EDGE('',*,*,#5841,.F.);
#7587=ORIENTED_EDGE('',*,*,#5620,.F.);
#7588=ORIENTED_EDGE('',*,*,#5845,.T.);
#7589=ORIENTED_EDGE('',*,*,#5846,.T.);
#7590=ORIENTED_EDGE('',*,*,#5843,.F.);
#7591=ORIENTED_EDGE('',*,*,#5619,.F.);
#7592=ORIENTED_EDGE('',*,*,#5847,.T.);
#7593=ORIENTED_EDGE('',*,*,#5848,.T.);
#7594=ORIENTED_EDGE('',*,*,#5845,.F.);
#7595=ORIENTED_EDGE('',*,*,#5618,.F.);
#7596=ORIENTED_EDGE('',*,*,#5849,.T.);
#7597=ORIENTED_EDGE('',*,*,#5850,.T.);
#7598=ORIENTED_EDGE('',*,*,#5847,.F.);
#7599=ORIENTED_EDGE('',*,*,#5617,.F.);
#7600=ORIENTED_EDGE('',*,*,#5851,.T.);
#7601=ORIENTED_EDGE('',*,*,#5852,.T.);
#7602=ORIENTED_EDGE('',*,*,#5849,.F.);
#7603=ORIENTED_EDGE('',*,*,#5616,.F.);
#7604=ORIENTED_EDGE('',*,*,#5853,.T.);
#7605=ORIENTED_EDGE('',*,*,#5854,.T.);
#7606=ORIENTED_EDGE('',*,*,#5851,.F.);
#7607=ORIENTED_EDGE('',*,*,#5615,.F.);
#7608=ORIENTED_EDGE('',*,*,#5855,.T.);
#7609=ORIENTED_EDGE('',*,*,#5856,.T.);
#7610=ORIENTED_EDGE('',*,*,#5853,.F.);
#7611=ORIENTED_EDGE('',*,*,#5614,.F.);
#7612=ORIENTED_EDGE('',*,*,#5857,.T.);
#7613=ORIENTED_EDGE('',*,*,#5858,.T.);
#7614=ORIENTED_EDGE('',*,*,#5855,.F.);
#7615=ORIENTED_EDGE('',*,*,#5613,.F.);
#7616=ORIENTED_EDGE('',*,*,#5859,.T.);
#7617=ORIENTED_EDGE('',*,*,#5860,.T.);
#7618=ORIENTED_EDGE('',*,*,#5857,.F.);
#7619=ORIENTED_EDGE('',*,*,#5612,.F.);
#7620=ORIENTED_EDGE('',*,*,#5861,.T.);
#7621=ORIENTED_EDGE('',*,*,#5862,.T.);
#7622=ORIENTED_EDGE('',*,*,#5859,.F.);
#7623=ORIENTED_EDGE('',*,*,#5611,.F.);
#7624=ORIENTED_EDGE('',*,*,#5863,.T.);
#7625=ORIENTED_EDGE('',*,*,#5864,.T.);
#7626=ORIENTED_EDGE('',*,*,#5861,.F.);
#7627=ORIENTED_EDGE('',*,*,#5610,.F.);
#7628=ORIENTED_EDGE('',*,*,#5865,.T.);
#7629=ORIENTED_EDGE('',*,*,#5866,.T.);
#7630=ORIENTED_EDGE('',*,*,#5863,.F.);
#7631=ORIENTED_EDGE('',*,*,#5609,.F.);
#7632=ORIENTED_EDGE('',*,*,#5867,.T.);
#7633=ORIENTED_EDGE('',*,*,#5868,.T.);
#7634=ORIENTED_EDGE('',*,*,#5865,.F.);
#7635=ORIENTED_EDGE('',*,*,#5608,.F.);
#7636=ORIENTED_EDGE('',*,*,#5869,.T.);
#7637=ORIENTED_EDGE('',*,*,#5870,.T.);
#7638=ORIENTED_EDGE('',*,*,#5867,.F.);
#7639=ORIENTED_EDGE('',*,*,#5607,.F.);
#7640=ORIENTED_EDGE('',*,*,#5871,.T.);
#7641=ORIENTED_EDGE('',*,*,#5872,.T.);
#7642=ORIENTED_EDGE('',*,*,#5869,.F.);
#7643=ORIENTED_EDGE('',*,*,#5606,.F.);
#7644=ORIENTED_EDGE('',*,*,#5873,.T.);
#7645=ORIENTED_EDGE('',*,*,#5874,.T.);
#7646=ORIENTED_EDGE('',*,*,#5871,.F.);
#7647=ORIENTED_EDGE('',*,*,#5605,.F.);
#7648=ORIENTED_EDGE('',*,*,#5875,.T.);
#7649=ORIENTED_EDGE('',*,*,#5876,.T.);
#7650=ORIENTED_EDGE('',*,*,#5873,.F.);
#7651=ORIENTED_EDGE('',*,*,#5604,.F.);
#7652=ORIENTED_EDGE('',*,*,#5877,.T.);
#7653=ORIENTED_EDGE('',*,*,#5878,.T.);
#7654=ORIENTED_EDGE('',*,*,#5875,.F.);
#7655=ORIENTED_EDGE('',*,*,#5603,.F.);
#7656=ORIENTED_EDGE('',*,*,#5879,.T.);
#7657=ORIENTED_EDGE('',*,*,#5880,.T.);
#7658=ORIENTED_EDGE('',*,*,#5877,.F.);
#7659=ORIENTED_EDGE('',*,*,#5602,.F.);
#7660=ORIENTED_EDGE('',*,*,#5441,.T.);
#7661=ORIENTED_EDGE('',*,*,#5881,.T.);
#7662=ORIENTED_EDGE('',*,*,#5879,.F.);
#7663=ORIENTED_EDGE('',*,*,#5601,.F.);
#7664=ORIENTED_EDGE('',*,*,#5882,.T.);
#7665=ORIENTED_EDGE('',*,*,#5883,.T.);
#7666=ORIENTED_EDGE('',*,*,#5439,.F.);
#7667=ORIENTED_EDGE('',*,*,#5477,.F.);
#7668=ORIENTED_EDGE('',*,*,#5884,.T.);
#7669=ORIENTED_EDGE('',*,*,#5885,.T.);
#7670=ORIENTED_EDGE('',*,*,#5882,.F.);
#7671=ORIENTED_EDGE('',*,*,#5476,.F.);
#7672=ORIENTED_EDGE('',*,*,#5886,.T.);
#7673=ORIENTED_EDGE('',*,*,#5887,.T.);
#7674=ORIENTED_EDGE('',*,*,#5884,.F.);
#7675=ORIENTED_EDGE('',*,*,#5475,.F.);
#7676=ORIENTED_EDGE('',*,*,#5888,.T.);
#7677=ORIENTED_EDGE('',*,*,#5889,.T.);
#7678=ORIENTED_EDGE('',*,*,#5886,.F.);
#7679=ORIENTED_EDGE('',*,*,#5474,.F.);
#7680=ORIENTED_EDGE('',*,*,#5890,.T.);
#7681=ORIENTED_EDGE('',*,*,#5891,.T.);
#7682=ORIENTED_EDGE('',*,*,#5888,.F.);
#7683=ORIENTED_EDGE('',*,*,#5473,.F.);
#7684=ORIENTED_EDGE('',*,*,#5892,.T.);
#7685=ORIENTED_EDGE('',*,*,#5893,.T.);
#7686=ORIENTED_EDGE('',*,*,#5890,.F.);
#7687=ORIENTED_EDGE('',*,*,#5472,.F.);
#7688=ORIENTED_EDGE('',*,*,#5894,.T.);
#7689=ORIENTED_EDGE('',*,*,#5895,.T.);
#7690=ORIENTED_EDGE('',*,*,#5892,.F.);
#7691=ORIENTED_EDGE('',*,*,#5471,.F.);
#7692=ORIENTED_EDGE('',*,*,#5896,.T.);
#7693=ORIENTED_EDGE('',*,*,#5897,.T.);
#7694=ORIENTED_EDGE('',*,*,#5894,.F.);
#7695=ORIENTED_EDGE('',*,*,#5470,.F.);
#7696=ORIENTED_EDGE('',*,*,#5898,.T.);
#7697=ORIENTED_EDGE('',*,*,#5899,.T.);
#7698=ORIENTED_EDGE('',*,*,#5896,.F.);
#7699=ORIENTED_EDGE('',*,*,#5469,.F.);
#7700=ORIENTED_EDGE('',*,*,#5900,.T.);
#7701=ORIENTED_EDGE('',*,*,#5901,.T.);
#7702=ORIENTED_EDGE('',*,*,#5898,.F.);
#7703=ORIENTED_EDGE('',*,*,#5468,.F.);
#7704=ORIENTED_EDGE('',*,*,#5902,.T.);
#7705=ORIENTED_EDGE('',*,*,#5903,.T.);
#7706=ORIENTED_EDGE('',*,*,#5900,.F.);
#7707=ORIENTED_EDGE('',*,*,#5467,.F.);
#7708=ORIENTED_EDGE('',*,*,#5904,.T.);
#7709=ORIENTED_EDGE('',*,*,#5905,.T.);
#7710=ORIENTED_EDGE('',*,*,#5902,.F.);
#7711=ORIENTED_EDGE('',*,*,#5466,.F.);
#7712=ORIENTED_EDGE('',*,*,#5906,.T.);
#7713=ORIENTED_EDGE('',*,*,#5907,.T.);
#7714=ORIENTED_EDGE('',*,*,#5904,.F.);
#7715=ORIENTED_EDGE('',*,*,#5465,.F.);
#7716=ORIENTED_EDGE('',*,*,#5908,.T.);
#7717=ORIENTED_EDGE('',*,*,#5909,.T.);
#7718=ORIENTED_EDGE('',*,*,#5906,.F.);
#7719=ORIENTED_EDGE('',*,*,#5464,.F.);
#7720=ORIENTED_EDGE('',*,*,#5910,.T.);
#7721=ORIENTED_EDGE('',*,*,#5911,.T.);
#7722=ORIENTED_EDGE('',*,*,#5908,.F.);
#7723=ORIENTED_EDGE('',*,*,#5463,.F.);
#7724=ORIENTED_EDGE('',*,*,#5912,.T.);
#7725=ORIENTED_EDGE('',*,*,#5913,.T.);
#7726=ORIENTED_EDGE('',*,*,#5910,.F.);
#7727=ORIENTED_EDGE('',*,*,#5462,.F.);
#7728=ORIENTED_EDGE('',*,*,#5914,.T.);
#7729=ORIENTED_EDGE('',*,*,#5915,.T.);
#7730=ORIENTED_EDGE('',*,*,#5912,.F.);
#7731=ORIENTED_EDGE('',*,*,#5461,.F.);
#7732=ORIENTED_EDGE('',*,*,#5916,.T.);
#7733=ORIENTED_EDGE('',*,*,#5917,.T.);
#7734=ORIENTED_EDGE('',*,*,#5914,.F.);
#7735=ORIENTED_EDGE('',*,*,#5460,.F.);
#7736=ORIENTED_EDGE('',*,*,#5918,.T.);
#7737=ORIENTED_EDGE('',*,*,#5919,.T.);
#7738=ORIENTED_EDGE('',*,*,#5916,.F.);
#7739=ORIENTED_EDGE('',*,*,#5459,.F.);
#7740=ORIENTED_EDGE('',*,*,#5920,.T.);
#7741=ORIENTED_EDGE('',*,*,#5921,.T.);
#7742=ORIENTED_EDGE('',*,*,#5918,.F.);
#7743=ORIENTED_EDGE('',*,*,#5458,.F.);
#7744=ORIENTED_EDGE('',*,*,#5922,.T.);
#7745=ORIENTED_EDGE('',*,*,#5923,.T.);
#7746=ORIENTED_EDGE('',*,*,#5920,.F.);
#7747=ORIENTED_EDGE('',*,*,#5457,.F.);
#7748=ORIENTED_EDGE('',*,*,#5924,.T.);
#7749=ORIENTED_EDGE('',*,*,#5925,.T.);
#7750=ORIENTED_EDGE('',*,*,#5922,.F.);
#7751=ORIENTED_EDGE('',*,*,#5456,.F.);
#7752=ORIENTED_EDGE('',*,*,#5926,.T.);
#7753=ORIENTED_EDGE('',*,*,#5927,.T.);
#7754=ORIENTED_EDGE('',*,*,#5924,.F.);
#7755=ORIENTED_EDGE('',*,*,#5455,.F.);
#7756=ORIENTED_EDGE('',*,*,#5928,.T.);
#7757=ORIENTED_EDGE('',*,*,#5929,.T.);
#7758=ORIENTED_EDGE('',*,*,#5926,.F.);
#7759=ORIENTED_EDGE('',*,*,#5454,.F.);
#7760=ORIENTED_EDGE('',*,*,#5930,.T.);
#7761=ORIENTED_EDGE('',*,*,#5931,.T.);
#7762=ORIENTED_EDGE('',*,*,#5928,.F.);
#7763=ORIENTED_EDGE('',*,*,#5453,.F.);
#7764=ORIENTED_EDGE('',*,*,#5932,.T.);
#7765=ORIENTED_EDGE('',*,*,#5933,.T.);
#7766=ORIENTED_EDGE('',*,*,#5930,.F.);
#7767=ORIENTED_EDGE('',*,*,#5452,.F.);
#7768=ORIENTED_EDGE('',*,*,#5934,.T.);
#7769=ORIENTED_EDGE('',*,*,#5935,.T.);
#7770=ORIENTED_EDGE('',*,*,#5932,.F.);
#7771=ORIENTED_EDGE('',*,*,#5451,.F.);
#7772=ORIENTED_EDGE('',*,*,#5936,.T.);
#7773=ORIENTED_EDGE('',*,*,#5937,.T.);
#7774=ORIENTED_EDGE('',*,*,#5934,.F.);
#7775=ORIENTED_EDGE('',*,*,#5450,.F.);
#7776=ORIENTED_EDGE('',*,*,#5938,.T.);
#7777=ORIENTED_EDGE('',*,*,#5939,.T.);
#7778=ORIENTED_EDGE('',*,*,#5936,.F.);
#7779=ORIENTED_EDGE('',*,*,#5449,.F.);
#7780=ORIENTED_EDGE('',*,*,#5940,.T.);
#7781=ORIENTED_EDGE('',*,*,#5941,.T.);
#7782=ORIENTED_EDGE('',*,*,#5938,.F.);
#7783=ORIENTED_EDGE('',*,*,#5448,.F.);
#7784=ORIENTED_EDGE('',*,*,#5942,.T.);
#7785=ORIENTED_EDGE('',*,*,#5943,.T.);
#7786=ORIENTED_EDGE('',*,*,#5940,.F.);
#7787=ORIENTED_EDGE('',*,*,#5447,.F.);
#7788=ORIENTED_EDGE('',*,*,#5944,.T.);
#7789=ORIENTED_EDGE('',*,*,#5945,.T.);
#7790=ORIENTED_EDGE('',*,*,#5942,.F.);
#7791=ORIENTED_EDGE('',*,*,#5446,.F.);
#7792=ORIENTED_EDGE('',*,*,#5946,.T.);
#7793=ORIENTED_EDGE('',*,*,#5947,.T.);
#7794=ORIENTED_EDGE('',*,*,#5944,.F.);
#7795=ORIENTED_EDGE('',*,*,#5445,.F.);
#7796=ORIENTED_EDGE('',*,*,#5948,.T.);
#7797=ORIENTED_EDGE('',*,*,#5949,.T.);
#7798=ORIENTED_EDGE('',*,*,#5946,.F.);
#7799=ORIENTED_EDGE('',*,*,#5444,.F.);
#7800=ORIENTED_EDGE('',*,*,#5950,.T.);
#7801=ORIENTED_EDGE('',*,*,#5951,.T.);
#7802=ORIENTED_EDGE('',*,*,#5948,.F.);
#7803=ORIENTED_EDGE('',*,*,#5443,.F.);
#7804=ORIENTED_EDGE('',*,*,#5952,.T.);
#7805=ORIENTED_EDGE('',*,*,#5953,.T.);
#7806=ORIENTED_EDGE('',*,*,#5950,.F.);
#7807=ORIENTED_EDGE('',*,*,#5707,.F.);
#7808=ORIENTED_EDGE('',*,*,#5954,.T.);
#7809=ORIENTED_EDGE('',*,*,#5955,.T.);
#7810=ORIENTED_EDGE('',*,*,#5952,.F.);
#7811=ORIENTED_EDGE('',*,*,#5706,.F.);
#7812=ORIENTED_EDGE('',*,*,#5956,.T.);
#7813=ORIENTED_EDGE('',*,*,#5957,.T.);
#7814=ORIENTED_EDGE('',*,*,#5954,.F.);
#7815=ORIENTED_EDGE('',*,*,#5705,.F.);
#7816=ORIENTED_EDGE('',*,*,#5958,.T.);
#7817=ORIENTED_EDGE('',*,*,#5959,.T.);
#7818=ORIENTED_EDGE('',*,*,#5956,.F.);
#7819=ORIENTED_EDGE('',*,*,#5704,.F.);
#7820=ORIENTED_EDGE('',*,*,#5960,.T.);
#7821=ORIENTED_EDGE('',*,*,#5961,.T.);
#7822=ORIENTED_EDGE('',*,*,#5958,.F.);
#7823=ORIENTED_EDGE('',*,*,#5703,.F.);
#7824=ORIENTED_EDGE('',*,*,#5962,.T.);
#7825=ORIENTED_EDGE('',*,*,#5963,.T.);
#7826=ORIENTED_EDGE('',*,*,#5960,.F.);
#7827=ORIENTED_EDGE('',*,*,#5702,.F.);
#7828=ORIENTED_EDGE('',*,*,#5964,.T.);
#7829=ORIENTED_EDGE('',*,*,#5965,.T.);
#7830=ORIENTED_EDGE('',*,*,#5962,.F.);
#7831=ORIENTED_EDGE('',*,*,#5701,.F.);
#7832=ORIENTED_EDGE('',*,*,#5966,.T.);
#7833=ORIENTED_EDGE('',*,*,#5967,.T.);
#7834=ORIENTED_EDGE('',*,*,#5964,.F.);
#7835=ORIENTED_EDGE('',*,*,#5700,.F.);
#7836=ORIENTED_EDGE('',*,*,#5968,.T.);
#7837=ORIENTED_EDGE('',*,*,#5969,.T.);
#7838=ORIENTED_EDGE('',*,*,#5966,.F.);
#7839=ORIENTED_EDGE('',*,*,#5699,.F.);
#7840=ORIENTED_EDGE('',*,*,#5970,.T.);
#7841=ORIENTED_EDGE('',*,*,#5971,.T.);
#7842=ORIENTED_EDGE('',*,*,#5968,.F.);
#7843=ORIENTED_EDGE('',*,*,#5698,.F.);
#7844=ORIENTED_EDGE('',*,*,#5972,.T.);
#7845=ORIENTED_EDGE('',*,*,#5973,.T.);
#7846=ORIENTED_EDGE('',*,*,#5970,.F.);
#7847=ORIENTED_EDGE('',*,*,#5697,.F.);
#7848=ORIENTED_EDGE('',*,*,#5974,.T.);
#7849=ORIENTED_EDGE('',*,*,#5975,.T.);
#7850=ORIENTED_EDGE('',*,*,#5972,.F.);
#7851=ORIENTED_EDGE('',*,*,#5696,.F.);
#7852=ORIENTED_EDGE('',*,*,#5976,.T.);
#7853=ORIENTED_EDGE('',*,*,#5977,.T.);
#7854=ORIENTED_EDGE('',*,*,#5974,.F.);
#7855=ORIENTED_EDGE('',*,*,#5695,.F.);
#7856=ORIENTED_EDGE('',*,*,#5978,.T.);
#7857=ORIENTED_EDGE('',*,*,#5979,.T.);
#7858=ORIENTED_EDGE('',*,*,#5976,.F.);
#7859=ORIENTED_EDGE('',*,*,#5694,.F.);
#7860=ORIENTED_EDGE('',*,*,#5980,.T.);
#7861=ORIENTED_EDGE('',*,*,#5981,.T.);
#7862=ORIENTED_EDGE('',*,*,#5978,.F.);
#7863=ORIENTED_EDGE('',*,*,#5693,.F.);
#7864=ORIENTED_EDGE('',*,*,#5982,.T.);
#7865=ORIENTED_EDGE('',*,*,#5983,.T.);
#7866=ORIENTED_EDGE('',*,*,#5980,.F.);
#7867=ORIENTED_EDGE('',*,*,#5692,.F.);
#7868=ORIENTED_EDGE('',*,*,#5984,.T.);
#7869=ORIENTED_EDGE('',*,*,#5985,.T.);
#7870=ORIENTED_EDGE('',*,*,#5982,.F.);
#7871=ORIENTED_EDGE('',*,*,#5691,.F.);
#7872=ORIENTED_EDGE('',*,*,#5986,.T.);
#7873=ORIENTED_EDGE('',*,*,#5987,.T.);
#7874=ORIENTED_EDGE('',*,*,#5984,.F.);
#7875=ORIENTED_EDGE('',*,*,#5690,.F.);
#7876=ORIENTED_EDGE('',*,*,#5988,.T.);
#7877=ORIENTED_EDGE('',*,*,#5989,.T.);
#7878=ORIENTED_EDGE('',*,*,#5986,.F.);
#7879=ORIENTED_EDGE('',*,*,#5689,.F.);
#7880=ORIENTED_EDGE('',*,*,#5710,.F.);
#7881=ORIENTED_EDGE('',*,*,#5990,.T.);
#7882=ORIENTED_EDGE('',*,*,#5988,.F.);
#7883=ORIENTED_EDGE('',*,*,#5688,.F.);
#7884=ORIENTED_EDGE('',*,*,#5953,.F.);
#7885=ORIENTED_EDGE('',*,*,#5955,.F.);
#7886=ORIENTED_EDGE('',*,*,#5957,.F.);
#7887=ORIENTED_EDGE('',*,*,#5959,.F.);
#7888=ORIENTED_EDGE('',*,*,#5961,.F.);
#7889=ORIENTED_EDGE('',*,*,#5963,.F.);
#7890=ORIENTED_EDGE('',*,*,#5965,.F.);
#7891=ORIENTED_EDGE('',*,*,#5967,.F.);
#7892=ORIENTED_EDGE('',*,*,#5969,.F.);
#7893=ORIENTED_EDGE('',*,*,#5971,.F.);
#7894=ORIENTED_EDGE('',*,*,#5973,.F.);
#7895=ORIENTED_EDGE('',*,*,#5975,.F.);
#7896=ORIENTED_EDGE('',*,*,#5977,.F.);
#7897=ORIENTED_EDGE('',*,*,#5979,.F.);
#7898=ORIENTED_EDGE('',*,*,#5981,.F.);
#7899=ORIENTED_EDGE('',*,*,#5983,.F.);
#7900=ORIENTED_EDGE('',*,*,#5985,.F.);
#7901=ORIENTED_EDGE('',*,*,#5987,.F.);
#7902=ORIENTED_EDGE('',*,*,#5989,.F.);
#7903=ORIENTED_EDGE('',*,*,#5990,.F.);
#7904=ORIENTED_EDGE('',*,*,#5709,.F.);
#7905=ORIENTED_EDGE('',*,*,#5712,.F.);
#7906=ORIENTED_EDGE('',*,*,#5714,.F.);
#7907=ORIENTED_EDGE('',*,*,#5716,.F.);
#7908=ORIENTED_EDGE('',*,*,#5718,.F.);
#7909=ORIENTED_EDGE('',*,*,#5720,.F.);
#7910=ORIENTED_EDGE('',*,*,#5722,.F.);
#7911=ORIENTED_EDGE('',*,*,#5724,.F.);
#7912=ORIENTED_EDGE('',*,*,#5726,.F.);
#7913=ORIENTED_EDGE('',*,*,#5728,.F.);
#7914=ORIENTED_EDGE('',*,*,#5730,.F.);
#7915=ORIENTED_EDGE('',*,*,#5732,.F.);
#7916=ORIENTED_EDGE('',*,*,#5734,.F.);
#7917=ORIENTED_EDGE('',*,*,#5736,.F.);
#7918=ORIENTED_EDGE('',*,*,#5738,.F.);
#7919=ORIENTED_EDGE('',*,*,#5740,.F.);
#7920=ORIENTED_EDGE('',*,*,#5742,.F.);
#7921=ORIENTED_EDGE('',*,*,#5744,.F.);
#7922=ORIENTED_EDGE('',*,*,#5746,.F.);
#7923=ORIENTED_EDGE('',*,*,#5748,.F.);
#7924=ORIENTED_EDGE('',*,*,#5750,.F.);
#7925=ORIENTED_EDGE('',*,*,#5752,.F.);
#7926=ORIENTED_EDGE('',*,*,#5754,.F.);
#7927=ORIENTED_EDGE('',*,*,#5756,.F.);
#7928=ORIENTED_EDGE('',*,*,#5758,.F.);
#7929=ORIENTED_EDGE('',*,*,#5760,.F.);
#7930=ORIENTED_EDGE('',*,*,#5762,.F.);
#7931=ORIENTED_EDGE('',*,*,#5764,.F.);
#7932=ORIENTED_EDGE('',*,*,#5766,.F.);
#7933=ORIENTED_EDGE('',*,*,#5768,.F.);
#7934=ORIENTED_EDGE('',*,*,#5770,.F.);
#7935=ORIENTED_EDGE('',*,*,#5772,.F.);
#7936=ORIENTED_EDGE('',*,*,#5774,.F.);
#7937=ORIENTED_EDGE('',*,*,#5776,.F.);
#7938=ORIENTED_EDGE('',*,*,#5778,.F.);
#7939=ORIENTED_EDGE('',*,*,#5780,.F.);
#7940=ORIENTED_EDGE('',*,*,#5782,.F.);
#7941=ORIENTED_EDGE('',*,*,#5784,.F.);
#7942=ORIENTED_EDGE('',*,*,#5786,.F.);
#7943=ORIENTED_EDGE('',*,*,#5788,.F.);
#7944=ORIENTED_EDGE('',*,*,#5790,.F.);
#7945=ORIENTED_EDGE('',*,*,#5792,.F.);
#7946=ORIENTED_EDGE('',*,*,#5794,.F.);
#7947=ORIENTED_EDGE('',*,*,#5796,.F.);
#7948=ORIENTED_EDGE('',*,*,#5798,.F.);
#7949=ORIENTED_EDGE('',*,*,#5800,.F.);
#7950=ORIENTED_EDGE('',*,*,#5802,.F.);
#7951=ORIENTED_EDGE('',*,*,#5804,.F.);
#7952=ORIENTED_EDGE('',*,*,#5806,.F.);
#7953=ORIENTED_EDGE('',*,*,#5808,.F.);
#7954=ORIENTED_EDGE('',*,*,#5810,.F.);
#7955=ORIENTED_EDGE('',*,*,#5812,.F.);
#7956=ORIENTED_EDGE('',*,*,#5814,.F.);
#7957=ORIENTED_EDGE('',*,*,#5816,.F.);
#7958=ORIENTED_EDGE('',*,*,#5818,.F.);
#7959=ORIENTED_EDGE('',*,*,#5820,.F.);
#7960=ORIENTED_EDGE('',*,*,#5822,.F.);
#7961=ORIENTED_EDGE('',*,*,#5824,.F.);
#7962=ORIENTED_EDGE('',*,*,#5826,.F.);
#7963=ORIENTED_EDGE('',*,*,#5828,.F.);
#7964=ORIENTED_EDGE('',*,*,#5830,.F.);
#7965=ORIENTED_EDGE('',*,*,#5832,.F.);
#7966=ORIENTED_EDGE('',*,*,#5834,.F.);
#7967=ORIENTED_EDGE('',*,*,#5836,.F.);
#7968=ORIENTED_EDGE('',*,*,#5838,.F.);
#7969=ORIENTED_EDGE('',*,*,#5840,.F.);
#7970=ORIENTED_EDGE('',*,*,#5842,.F.);
#7971=ORIENTED_EDGE('',*,*,#5844,.F.);
#7972=ORIENTED_EDGE('',*,*,#5846,.F.);
#7973=ORIENTED_EDGE('',*,*,#5848,.F.);
#7974=ORIENTED_EDGE('',*,*,#5850,.F.);
#7975=ORIENTED_EDGE('',*,*,#5852,.F.);
#7976=ORIENTED_EDGE('',*,*,#5854,.F.);
#7977=ORIENTED_EDGE('',*,*,#5856,.F.);
#7978=ORIENTED_EDGE('',*,*,#5858,.F.);
#7979=ORIENTED_EDGE('',*,*,#5860,.F.);
#7980=ORIENTED_EDGE('',*,*,#5862,.F.);
#7981=ORIENTED_EDGE('',*,*,#5864,.F.);
#7982=ORIENTED_EDGE('',*,*,#5866,.F.);
#7983=ORIENTED_EDGE('',*,*,#5868,.F.);
#7984=ORIENTED_EDGE('',*,*,#5870,.F.);
#7985=ORIENTED_EDGE('',*,*,#5872,.F.);
#7986=ORIENTED_EDGE('',*,*,#5874,.F.);
#7987=ORIENTED_EDGE('',*,*,#5876,.F.);
#7988=ORIENTED_EDGE('',*,*,#5878,.F.);
#7989=ORIENTED_EDGE('',*,*,#5880,.F.);
#7990=ORIENTED_EDGE('',*,*,#5881,.F.);
#7991=ORIENTED_EDGE('',*,*,#5440,.F.);
#7992=ORIENTED_EDGE('',*,*,#5883,.F.);
#7993=ORIENTED_EDGE('',*,*,#5885,.F.);
#7994=ORIENTED_EDGE('',*,*,#5887,.F.);
#7995=ORIENTED_EDGE('',*,*,#5889,.F.);
#7996=ORIENTED_EDGE('',*,*,#5891,.F.);
#7997=ORIENTED_EDGE('',*,*,#5893,.F.);
#7998=ORIENTED_EDGE('',*,*,#5895,.F.);
#7999=ORIENTED_EDGE('',*,*,#5897,.F.);
#8000=ORIENTED_EDGE('',*,*,#5899,.F.);
#8001=ORIENTED_EDGE('',*,*,#5901,.F.);
#8002=ORIENTED_EDGE('',*,*,#5903,.F.);
#8003=ORIENTED_EDGE('',*,*,#5905,.F.);
#8004=ORIENTED_EDGE('',*,*,#5907,.F.);
#8005=ORIENTED_EDGE('',*,*,#5909,.F.);
#8006=ORIENTED_EDGE('',*,*,#5911,.F.);
#8007=ORIENTED_EDGE('',*,*,#5913,.F.);
#8008=ORIENTED_EDGE('',*,*,#5915,.F.);
#8009=ORIENTED_EDGE('',*,*,#5917,.F.);
#8010=ORIENTED_EDGE('',*,*,#5919,.F.);
#8011=ORIENTED_EDGE('',*,*,#5921,.F.);
#8012=ORIENTED_EDGE('',*,*,#5923,.F.);
#8013=ORIENTED_EDGE('',*,*,#5925,.F.);
#8014=ORIENTED_EDGE('',*,*,#5927,.F.);
#8015=ORIENTED_EDGE('',*,*,#5929,.F.);
#8016=ORIENTED_EDGE('',*,*,#5931,.F.);
#8017=ORIENTED_EDGE('',*,*,#5933,.F.);
#8018=ORIENTED_EDGE('',*,*,#5935,.F.);
#8019=ORIENTED_EDGE('',*,*,#5937,.F.);
#8020=ORIENTED_EDGE('',*,*,#5939,.F.);
#8021=ORIENTED_EDGE('',*,*,#5941,.F.);
#8022=ORIENTED_EDGE('',*,*,#5943,.F.);
#8023=ORIENTED_EDGE('',*,*,#5945,.F.);
#8024=ORIENTED_EDGE('',*,*,#5947,.F.);
#8025=ORIENTED_EDGE('',*,*,#5949,.F.);
#8026=ORIENTED_EDGE('',*,*,#5951,.F.);
#8027=ORIENTED_EDGE('',*,*,#5991,.F.);
#8028=ORIENTED_EDGE('',*,*,#5992,.F.);
#8029=ORIENTED_EDGE('',*,*,#5993,.F.);
#8030=ORIENTED_EDGE('',*,*,#5994,.F.);
#8031=ORIENTED_EDGE('',*,*,#5995,.F.);
#8032=ORIENTED_EDGE('',*,*,#5996,.F.);
#8033=ORIENTED_EDGE('',*,*,#5997,.F.);
#8034=ORIENTED_EDGE('',*,*,#5998,.F.);
#8035=ORIENTED_EDGE('',*,*,#5999,.F.);
#8036=ORIENTED_EDGE('',*,*,#6000,.F.);
#8037=ORIENTED_EDGE('',*,*,#6001,.F.);
#8038=ORIENTED_EDGE('',*,*,#6002,.F.);
#8039=ORIENTED_EDGE('',*,*,#6003,.F.);
#8040=ORIENTED_EDGE('',*,*,#6004,.F.);
#8041=ORIENTED_EDGE('',*,*,#6005,.F.);
#8042=ORIENTED_EDGE('',*,*,#6006,.F.);
#8043=ORIENTED_EDGE('',*,*,#6007,.F.);
#8044=ORIENTED_EDGE('',*,*,#6008,.F.);
#8045=ORIENTED_EDGE('',*,*,#6009,.F.);
#8046=ORIENTED_EDGE('',*,*,#6010,.F.);
#8047=ORIENTED_EDGE('',*,*,#6011,.F.);
#8048=ORIENTED_EDGE('',*,*,#6012,.F.);
#8049=ORIENTED_EDGE('',*,*,#6013,.F.);
#8050=ORIENTED_EDGE('',*,*,#6014,.F.);
#8051=ORIENTED_EDGE('',*,*,#6015,.F.);
#8052=ORIENTED_EDGE('',*,*,#6016,.F.);
#8053=ORIENTED_EDGE('',*,*,#6017,.F.);
#8054=ORIENTED_EDGE('',*,*,#6018,.F.);
#8055=ORIENTED_EDGE('',*,*,#6019,.F.);
#8056=ORIENTED_EDGE('',*,*,#6020,.F.);
#8057=ORIENTED_EDGE('',*,*,#6021,.F.);
#8058=ORIENTED_EDGE('',*,*,#6022,.F.);
#8059=ORIENTED_EDGE('',*,*,#6023,.F.);
#8060=ORIENTED_EDGE('',*,*,#6024,.F.);
#8061=ORIENTED_EDGE('',*,*,#6025,.F.);
#8062=ORIENTED_EDGE('',*,*,#6026,.F.);
#8063=ORIENTED_EDGE('',*,*,#6027,.F.);
#8064=ORIENTED_EDGE('',*,*,#6028,.F.);
#8065=ORIENTED_EDGE('',*,*,#6029,.F.);
#8066=ORIENTED_EDGE('',*,*,#6030,.F.);
#8067=ORIENTED_EDGE('',*,*,#6031,.F.);
#8068=ORIENTED_EDGE('',*,*,#6032,.F.);
#8069=ORIENTED_EDGE('',*,*,#6033,.F.);
#8070=ORIENTED_EDGE('',*,*,#6034,.F.);
#8071=ORIENTED_EDGE('',*,*,#6035,.F.);
#8072=ORIENTED_EDGE('',*,*,#6036,.F.);
#8073=ORIENTED_EDGE('',*,*,#6037,.F.);
#8074=ORIENTED_EDGE('',*,*,#6038,.F.);
#8075=ORIENTED_EDGE('',*,*,#6039,.F.);
#8076=ORIENTED_EDGE('',*,*,#6040,.F.);
#8077=ORIENTED_EDGE('',*,*,#6041,.F.);
#8078=ORIENTED_EDGE('',*,*,#6042,.F.);
#8079=ORIENTED_EDGE('',*,*,#6043,.F.);
#8080=ORIENTED_EDGE('',*,*,#6044,.F.);
#8081=ORIENTED_EDGE('',*,*,#6045,.F.);
#8082=ORIENTED_EDGE('',*,*,#6046,.F.);
#8083=ORIENTED_EDGE('',*,*,#6047,.F.);
#8084=ORIENTED_EDGE('',*,*,#6048,.F.);
#8085=ORIENTED_EDGE('',*,*,#6049,.F.);
#8086=ORIENTED_EDGE('',*,*,#6050,.F.);
#8087=ORIENTED_EDGE('',*,*,#6051,.F.);
#8088=ORIENTED_EDGE('',*,*,#6052,.F.);
#8089=ORIENTED_EDGE('',*,*,#6053,.F.);
#8090=ORIENTED_EDGE('',*,*,#6054,.F.);
#8091=ORIENTED_EDGE('',*,*,#6055,.F.);
#8092=ORIENTED_EDGE('',*,*,#6056,.F.);
#8093=ORIENTED_EDGE('',*,*,#6057,.F.);
#8094=ORIENTED_EDGE('',*,*,#6058,.F.);
#8095=ORIENTED_EDGE('',*,*,#6059,.F.);
#8096=ORIENTED_EDGE('',*,*,#6060,.F.);
#8097=ORIENTED_EDGE('',*,*,#6061,.F.);
#8098=ORIENTED_EDGE('',*,*,#6062,.F.);
#8099=ORIENTED_EDGE('',*,*,#6063,.F.);
#8100=ORIENTED_EDGE('',*,*,#6064,.F.);
#8101=ORIENTED_EDGE('',*,*,#6065,.F.);
#8102=ORIENTED_EDGE('',*,*,#6066,.F.);
#8103=ORIENTED_EDGE('',*,*,#6067,.F.);
#8104=ORIENTED_EDGE('',*,*,#6068,.F.);
#8105=ORIENTED_EDGE('',*,*,#6069,.F.);
#8106=ORIENTED_EDGE('',*,*,#6070,.F.);
#8107=ORIENTED_EDGE('',*,*,#6071,.F.);
#8108=ORIENTED_EDGE('',*,*,#6072,.F.);
#8109=ORIENTED_EDGE('',*,*,#6073,.F.);
#8110=ORIENTED_EDGE('',*,*,#6074,.F.);
#8111=ORIENTED_EDGE('',*,*,#6075,.F.);
#8112=ORIENTED_EDGE('',*,*,#6076,.F.);
#8113=ORIENTED_EDGE('',*,*,#6077,.F.);
#8114=ORIENTED_EDGE('',*,*,#6078,.F.);
#8115=ORIENTED_EDGE('',*,*,#6079,.F.);
#8116=ORIENTED_EDGE('',*,*,#6080,.F.);
#8117=ORIENTED_EDGE('',*,*,#6081,.F.);
#8118=ORIENTED_EDGE('',*,*,#6082,.F.);
#8119=ORIENTED_EDGE('',*,*,#6083,.F.);
#8120=ORIENTED_EDGE('',*,*,#6084,.F.);
#8121=ORIENTED_EDGE('',*,*,#6085,.F.);
#8122=ORIENTED_EDGE('',*,*,#6086,.F.);
#8123=ORIENTED_EDGE('',*,*,#6087,.F.);
#8124=ORIENTED_EDGE('',*,*,#6088,.F.);
#8125=ORIENTED_EDGE('',*,*,#6089,.F.);
#8126=ORIENTED_EDGE('',*,*,#6090,.F.);
#8127=ORIENTED_EDGE('',*,*,#6091,.F.);
#8128=ORIENTED_EDGE('',*,*,#6092,.F.);
#8129=ORIENTED_EDGE('',*,*,#6093,.F.);
#8130=ORIENTED_EDGE('',*,*,#6094,.F.);
#8131=ORIENTED_EDGE('',*,*,#6095,.F.);
#8132=ORIENTED_EDGE('',*,*,#6096,.F.);
#8133=ORIENTED_EDGE('',*,*,#6097,.F.);
#8134=ORIENTED_EDGE('',*,*,#6098,.F.);
#8135=ORIENTED_EDGE('',*,*,#6099,.F.);
#8136=ORIENTED_EDGE('',*,*,#6100,.F.);
#8137=ORIENTED_EDGE('',*,*,#6101,.F.);
#8138=ORIENTED_EDGE('',*,*,#6102,.F.);
#8139=ORIENTED_EDGE('',*,*,#6103,.F.);
#8140=ORIENTED_EDGE('',*,*,#6104,.F.);
#8141=ORIENTED_EDGE('',*,*,#6105,.F.);
#8142=ORIENTED_EDGE('',*,*,#6106,.F.);
#8143=ORIENTED_EDGE('',*,*,#6107,.F.);
#8144=ORIENTED_EDGE('',*,*,#6108,.F.);
#8145=ORIENTED_EDGE('',*,*,#6109,.F.);
#8146=ORIENTED_EDGE('',*,*,#6110,.F.);
#8147=ORIENTED_EDGE('',*,*,#6111,.F.);
#8148=ORIENTED_EDGE('',*,*,#6112,.F.);
#8149=ORIENTED_EDGE('',*,*,#6113,.F.);
#8150=ORIENTED_EDGE('',*,*,#6114,.F.);
#8151=ORIENTED_EDGE('',*,*,#6115,.F.);
#8152=ORIENTED_EDGE('',*,*,#6116,.F.);
#8153=ORIENTED_EDGE('',*,*,#6117,.F.);
#8154=ORIENTED_EDGE('',*,*,#6118,.F.);
#8155=ORIENTED_EDGE('',*,*,#6119,.F.);
#8156=ORIENTED_EDGE('',*,*,#6120,.F.);
#8157=ORIENTED_EDGE('',*,*,#6121,.F.);
#8158=ORIENTED_EDGE('',*,*,#6122,.F.);
#8159=ORIENTED_EDGE('',*,*,#6123,.F.);
#8160=ORIENTED_EDGE('',*,*,#6124,.F.);
#8161=ORIENTED_EDGE('',*,*,#6125,.F.);
#8162=ORIENTED_EDGE('',*,*,#6126,.F.);
#8163=ORIENTED_EDGE('',*,*,#6127,.F.);
#8164=ORIENTED_EDGE('',*,*,#6128,.F.);
#8165=ORIENTED_EDGE('',*,*,#6129,.F.);
#8166=ORIENTED_EDGE('',*,*,#6130,.F.);
#8167=ORIENTED_EDGE('',*,*,#6131,.F.);
#8168=ORIENTED_EDGE('',*,*,#6132,.F.);
#8169=ORIENTED_EDGE('',*,*,#6133,.F.);
#8170=ORIENTED_EDGE('',*,*,#6134,.F.);
#8171=ORIENTED_EDGE('',*,*,#6135,.F.);
#8172=ORIENTED_EDGE('',*,*,#6136,.F.);
#8173=ORIENTED_EDGE('',*,*,#6137,.F.);
#8174=ORIENTED_EDGE('',*,*,#6138,.F.);
#8175=ORIENTED_EDGE('',*,*,#6065,.T.);
#8176=ORIENTED_EDGE('',*,*,#6139,.F.);
#8177=ORIENTED_EDGE('',*,*,#6140,.F.);
#8178=ORIENTED_EDGE('',*,*,#6141,.T.);
#8179=ORIENTED_EDGE('',*,*,#6064,.T.);
#8180=ORIENTED_EDGE('',*,*,#6142,.F.);
#8181=ORIENTED_EDGE('',*,*,#6143,.F.);
#8182=ORIENTED_EDGE('',*,*,#6139,.T.);
#8183=ORIENTED_EDGE('',*,*,#6063,.T.);
#8184=ORIENTED_EDGE('',*,*,#6144,.F.);
#8185=ORIENTED_EDGE('',*,*,#6145,.F.);
#8186=ORIENTED_EDGE('',*,*,#6142,.T.);
#8187=ORIENTED_EDGE('',*,*,#6062,.T.);
#8188=ORIENTED_EDGE('',*,*,#6146,.F.);
#8189=ORIENTED_EDGE('',*,*,#6147,.F.);
#8190=ORIENTED_EDGE('',*,*,#6144,.T.);
#8191=ORIENTED_EDGE('',*,*,#6061,.T.);
#8192=ORIENTED_EDGE('',*,*,#6148,.F.);
#8193=ORIENTED_EDGE('',*,*,#6149,.F.);
#8194=ORIENTED_EDGE('',*,*,#6146,.T.);
#8195=ORIENTED_EDGE('',*,*,#6060,.T.);
#8196=ORIENTED_EDGE('',*,*,#6150,.F.);
#8197=ORIENTED_EDGE('',*,*,#6151,.F.);
#8198=ORIENTED_EDGE('',*,*,#6148,.T.);
#8199=ORIENTED_EDGE('',*,*,#6059,.T.);
#8200=ORIENTED_EDGE('',*,*,#6152,.F.);
#8201=ORIENTED_EDGE('',*,*,#6153,.F.);
#8202=ORIENTED_EDGE('',*,*,#6150,.T.);
#8203=ORIENTED_EDGE('',*,*,#6058,.T.);
#8204=ORIENTED_EDGE('',*,*,#6154,.F.);
#8205=ORIENTED_EDGE('',*,*,#6155,.F.);
#8206=ORIENTED_EDGE('',*,*,#6152,.T.);
#8207=ORIENTED_EDGE('',*,*,#6057,.T.);
#8208=ORIENTED_EDGE('',*,*,#6156,.F.);
#8209=ORIENTED_EDGE('',*,*,#6157,.F.);
#8210=ORIENTED_EDGE('',*,*,#6154,.T.);
#8211=ORIENTED_EDGE('',*,*,#6056,.T.);
#8212=ORIENTED_EDGE('',*,*,#6158,.F.);
#8213=ORIENTED_EDGE('',*,*,#6159,.F.);
#8214=ORIENTED_EDGE('',*,*,#6156,.T.);
#8215=ORIENTED_EDGE('',*,*,#6055,.T.);
#8216=ORIENTED_EDGE('',*,*,#6160,.F.);
#8217=ORIENTED_EDGE('',*,*,#6161,.F.);
#8218=ORIENTED_EDGE('',*,*,#6158,.T.);
#8219=ORIENTED_EDGE('',*,*,#6054,.T.);
#8220=ORIENTED_EDGE('',*,*,#6162,.F.);
#8221=ORIENTED_EDGE('',*,*,#6163,.F.);
#8222=ORIENTED_EDGE('',*,*,#6160,.T.);
#8223=ORIENTED_EDGE('',*,*,#6053,.T.);
#8224=ORIENTED_EDGE('',*,*,#6164,.F.);
#8225=ORIENTED_EDGE('',*,*,#6165,.F.);
#8226=ORIENTED_EDGE('',*,*,#6162,.T.);
#8227=ORIENTED_EDGE('',*,*,#6052,.T.);
#8228=ORIENTED_EDGE('',*,*,#6166,.F.);
#8229=ORIENTED_EDGE('',*,*,#6167,.F.);
#8230=ORIENTED_EDGE('',*,*,#6164,.T.);
#8231=ORIENTED_EDGE('',*,*,#6051,.T.);
#8232=ORIENTED_EDGE('',*,*,#6168,.F.);
#8233=ORIENTED_EDGE('',*,*,#6169,.F.);
#8234=ORIENTED_EDGE('',*,*,#6166,.T.);
#8235=ORIENTED_EDGE('',*,*,#6050,.T.);
#8236=ORIENTED_EDGE('',*,*,#6170,.F.);
#8237=ORIENTED_EDGE('',*,*,#6171,.F.);
#8238=ORIENTED_EDGE('',*,*,#6168,.T.);
#8239=ORIENTED_EDGE('',*,*,#6049,.T.);
#8240=ORIENTED_EDGE('',*,*,#6172,.F.);
#8241=ORIENTED_EDGE('',*,*,#6173,.F.);
#8242=ORIENTED_EDGE('',*,*,#6170,.T.);
#8243=ORIENTED_EDGE('',*,*,#6048,.T.);
#8244=ORIENTED_EDGE('',*,*,#6174,.F.);
#8245=ORIENTED_EDGE('',*,*,#6175,.F.);
#8246=ORIENTED_EDGE('',*,*,#6172,.T.);
#8247=ORIENTED_EDGE('',*,*,#6047,.T.);
#8248=ORIENTED_EDGE('',*,*,#6176,.F.);
#8249=ORIENTED_EDGE('',*,*,#6177,.F.);
#8250=ORIENTED_EDGE('',*,*,#6174,.T.);
#8251=ORIENTED_EDGE('',*,*,#6046,.T.);
#8252=ORIENTED_EDGE('',*,*,#6178,.F.);
#8253=ORIENTED_EDGE('',*,*,#6179,.F.);
#8254=ORIENTED_EDGE('',*,*,#6176,.T.);
#8255=ORIENTED_EDGE('',*,*,#6045,.T.);
#8256=ORIENTED_EDGE('',*,*,#6180,.F.);
#8257=ORIENTED_EDGE('',*,*,#6181,.F.);
#8258=ORIENTED_EDGE('',*,*,#6178,.T.);
#8259=ORIENTED_EDGE('',*,*,#6044,.T.);
#8260=ORIENTED_EDGE('',*,*,#6182,.F.);
#8261=ORIENTED_EDGE('',*,*,#6183,.F.);
#8262=ORIENTED_EDGE('',*,*,#6180,.T.);
#8263=ORIENTED_EDGE('',*,*,#6043,.T.);
#8264=ORIENTED_EDGE('',*,*,#6184,.F.);
#8265=ORIENTED_EDGE('',*,*,#6185,.F.);
#8266=ORIENTED_EDGE('',*,*,#6182,.T.);
#8267=ORIENTED_EDGE('',*,*,#6042,.T.);
#8268=ORIENTED_EDGE('',*,*,#6186,.F.);
#8269=ORIENTED_EDGE('',*,*,#6187,.F.);
#8270=ORIENTED_EDGE('',*,*,#6184,.T.);
#8271=ORIENTED_EDGE('',*,*,#6041,.T.);
#8272=ORIENTED_EDGE('',*,*,#6188,.F.);
#8273=ORIENTED_EDGE('',*,*,#6189,.F.);
#8274=ORIENTED_EDGE('',*,*,#6186,.T.);
#8275=ORIENTED_EDGE('',*,*,#6040,.T.);
#8276=ORIENTED_EDGE('',*,*,#6190,.F.);
#8277=ORIENTED_EDGE('',*,*,#6191,.F.);
#8278=ORIENTED_EDGE('',*,*,#6188,.T.);
#8279=ORIENTED_EDGE('',*,*,#6039,.T.);
#8280=ORIENTED_EDGE('',*,*,#6192,.F.);
#8281=ORIENTED_EDGE('',*,*,#6193,.F.);
#8282=ORIENTED_EDGE('',*,*,#6190,.T.);
#8283=ORIENTED_EDGE('',*,*,#6038,.T.);
#8284=ORIENTED_EDGE('',*,*,#6194,.F.);
#8285=ORIENTED_EDGE('',*,*,#6195,.F.);
#8286=ORIENTED_EDGE('',*,*,#6192,.T.);
#8287=ORIENTED_EDGE('',*,*,#6037,.T.);
#8288=ORIENTED_EDGE('',*,*,#6196,.F.);
#8289=ORIENTED_EDGE('',*,*,#6197,.F.);
#8290=ORIENTED_EDGE('',*,*,#6194,.T.);
#8291=ORIENTED_EDGE('',*,*,#6036,.T.);
#8292=ORIENTED_EDGE('',*,*,#6198,.F.);
#8293=ORIENTED_EDGE('',*,*,#6199,.F.);
#8294=ORIENTED_EDGE('',*,*,#6196,.T.);
#8295=ORIENTED_EDGE('',*,*,#6035,.T.);
#8296=ORIENTED_EDGE('',*,*,#6200,.F.);
#8297=ORIENTED_EDGE('',*,*,#6201,.F.);
#8298=ORIENTED_EDGE('',*,*,#6198,.T.);
#8299=ORIENTED_EDGE('',*,*,#6034,.T.);
#8300=ORIENTED_EDGE('',*,*,#6202,.F.);
#8301=ORIENTED_EDGE('',*,*,#6203,.F.);
#8302=ORIENTED_EDGE('',*,*,#6200,.T.);
#8303=ORIENTED_EDGE('',*,*,#6033,.T.);
#8304=ORIENTED_EDGE('',*,*,#6204,.F.);
#8305=ORIENTED_EDGE('',*,*,#6205,.F.);
#8306=ORIENTED_EDGE('',*,*,#6202,.T.);
#8307=ORIENTED_EDGE('',*,*,#6032,.T.);
#8308=ORIENTED_EDGE('',*,*,#6206,.F.);
#8309=ORIENTED_EDGE('',*,*,#6207,.F.);
#8310=ORIENTED_EDGE('',*,*,#6204,.T.);
#8311=ORIENTED_EDGE('',*,*,#6031,.T.);
#8312=ORIENTED_EDGE('',*,*,#6208,.F.);
#8313=ORIENTED_EDGE('',*,*,#6209,.F.);
#8314=ORIENTED_EDGE('',*,*,#6206,.T.);
#8315=ORIENTED_EDGE('',*,*,#6030,.T.);
#8316=ORIENTED_EDGE('',*,*,#6210,.F.);
#8317=ORIENTED_EDGE('',*,*,#6211,.F.);
#8318=ORIENTED_EDGE('',*,*,#6208,.T.);
#8319=ORIENTED_EDGE('',*,*,#6029,.T.);
#8320=ORIENTED_EDGE('',*,*,#6212,.F.);
#8321=ORIENTED_EDGE('',*,*,#6213,.F.);
#8322=ORIENTED_EDGE('',*,*,#6210,.T.);
#8323=ORIENTED_EDGE('',*,*,#6028,.T.);
#8324=ORIENTED_EDGE('',*,*,#6214,.F.);
#8325=ORIENTED_EDGE('',*,*,#6215,.F.);
#8326=ORIENTED_EDGE('',*,*,#6212,.T.);
#8327=ORIENTED_EDGE('',*,*,#6027,.T.);
#8328=ORIENTED_EDGE('',*,*,#6216,.F.);
#8329=ORIENTED_EDGE('',*,*,#6217,.F.);
#8330=ORIENTED_EDGE('',*,*,#6214,.T.);
#8331=ORIENTED_EDGE('',*,*,#6026,.T.);
#8332=ORIENTED_EDGE('',*,*,#6218,.F.);
#8333=ORIENTED_EDGE('',*,*,#6219,.F.);
#8334=ORIENTED_EDGE('',*,*,#6216,.T.);
#8335=ORIENTED_EDGE('',*,*,#6025,.T.);
#8336=ORIENTED_EDGE('',*,*,#6220,.F.);
#8337=ORIENTED_EDGE('',*,*,#6221,.F.);
#8338=ORIENTED_EDGE('',*,*,#6218,.T.);
#8339=ORIENTED_EDGE('',*,*,#6024,.T.);
#8340=ORIENTED_EDGE('',*,*,#6222,.F.);
#8341=ORIENTED_EDGE('',*,*,#6223,.F.);
#8342=ORIENTED_EDGE('',*,*,#6220,.T.);
#8343=ORIENTED_EDGE('',*,*,#6023,.T.);
#8344=ORIENTED_EDGE('',*,*,#6224,.F.);
#8345=ORIENTED_EDGE('',*,*,#6225,.F.);
#8346=ORIENTED_EDGE('',*,*,#6222,.T.);
#8347=ORIENTED_EDGE('',*,*,#6022,.T.);
#8348=ORIENTED_EDGE('',*,*,#6226,.F.);
#8349=ORIENTED_EDGE('',*,*,#6227,.F.);
#8350=ORIENTED_EDGE('',*,*,#6224,.T.);
#8351=ORIENTED_EDGE('',*,*,#6021,.T.);
#8352=ORIENTED_EDGE('',*,*,#6228,.F.);
#8353=ORIENTED_EDGE('',*,*,#6229,.F.);
#8354=ORIENTED_EDGE('',*,*,#6226,.T.);
#8355=ORIENTED_EDGE('',*,*,#6020,.T.);
#8356=ORIENTED_EDGE('',*,*,#6230,.F.);
#8357=ORIENTED_EDGE('',*,*,#6231,.F.);
#8358=ORIENTED_EDGE('',*,*,#6228,.T.);
#8359=ORIENTED_EDGE('',*,*,#6019,.T.);
#8360=ORIENTED_EDGE('',*,*,#6232,.F.);
#8361=ORIENTED_EDGE('',*,*,#6233,.F.);
#8362=ORIENTED_EDGE('',*,*,#6230,.T.);
#8363=ORIENTED_EDGE('',*,*,#6018,.T.);
#8364=ORIENTED_EDGE('',*,*,#6234,.F.);
#8365=ORIENTED_EDGE('',*,*,#6235,.F.);
#8366=ORIENTED_EDGE('',*,*,#6232,.T.);
#8367=ORIENTED_EDGE('',*,*,#6017,.T.);
#8368=ORIENTED_EDGE('',*,*,#6236,.F.);
#8369=ORIENTED_EDGE('',*,*,#6237,.F.);
#8370=ORIENTED_EDGE('',*,*,#6234,.T.);
#8371=ORIENTED_EDGE('',*,*,#6016,.T.);
#8372=ORIENTED_EDGE('',*,*,#6238,.F.);
#8373=ORIENTED_EDGE('',*,*,#6239,.F.);
#8374=ORIENTED_EDGE('',*,*,#6236,.T.);
#8375=ORIENTED_EDGE('',*,*,#6015,.T.);
#8376=ORIENTED_EDGE('',*,*,#6240,.F.);
#8377=ORIENTED_EDGE('',*,*,#6241,.F.);
#8378=ORIENTED_EDGE('',*,*,#6238,.T.);
#8379=ORIENTED_EDGE('',*,*,#6014,.T.);
#8380=ORIENTED_EDGE('',*,*,#6242,.F.);
#8381=ORIENTED_EDGE('',*,*,#6243,.F.);
#8382=ORIENTED_EDGE('',*,*,#6240,.T.);
#8383=ORIENTED_EDGE('',*,*,#6013,.T.);
#8384=ORIENTED_EDGE('',*,*,#6244,.F.);
#8385=ORIENTED_EDGE('',*,*,#6245,.F.);
#8386=ORIENTED_EDGE('',*,*,#6242,.T.);
#8387=ORIENTED_EDGE('',*,*,#6012,.T.);
#8388=ORIENTED_EDGE('',*,*,#6246,.F.);
#8389=ORIENTED_EDGE('',*,*,#6247,.F.);
#8390=ORIENTED_EDGE('',*,*,#6244,.T.);
#8391=ORIENTED_EDGE('',*,*,#6011,.T.);
#8392=ORIENTED_EDGE('',*,*,#6248,.F.);
#8393=ORIENTED_EDGE('',*,*,#6249,.F.);
#8394=ORIENTED_EDGE('',*,*,#6246,.T.);
#8395=ORIENTED_EDGE('',*,*,#6010,.T.);
#8396=ORIENTED_EDGE('',*,*,#6250,.F.);
#8397=ORIENTED_EDGE('',*,*,#6251,.F.);
#8398=ORIENTED_EDGE('',*,*,#6248,.T.);
#8399=ORIENTED_EDGE('',*,*,#6009,.T.);
#8400=ORIENTED_EDGE('',*,*,#6252,.F.);
#8401=ORIENTED_EDGE('',*,*,#6253,.F.);
#8402=ORIENTED_EDGE('',*,*,#6250,.T.);
#8403=ORIENTED_EDGE('',*,*,#6008,.T.);
#8404=ORIENTED_EDGE('',*,*,#6254,.F.);
#8405=ORIENTED_EDGE('',*,*,#6255,.F.);
#8406=ORIENTED_EDGE('',*,*,#6252,.T.);
#8407=ORIENTED_EDGE('',*,*,#6007,.T.);
#8408=ORIENTED_EDGE('',*,*,#6256,.F.);
#8409=ORIENTED_EDGE('',*,*,#6257,.F.);
#8410=ORIENTED_EDGE('',*,*,#6254,.T.);
#8411=ORIENTED_EDGE('',*,*,#6006,.T.);
#8412=ORIENTED_EDGE('',*,*,#6258,.F.);
#8413=ORIENTED_EDGE('',*,*,#6259,.F.);
#8414=ORIENTED_EDGE('',*,*,#6256,.T.);
#8415=ORIENTED_EDGE('',*,*,#6005,.T.);
#8416=ORIENTED_EDGE('',*,*,#6260,.F.);
#8417=ORIENTED_EDGE('',*,*,#6261,.F.);
#8418=ORIENTED_EDGE('',*,*,#6258,.T.);
#8419=ORIENTED_EDGE('',*,*,#6004,.T.);
#8420=ORIENTED_EDGE('',*,*,#6262,.F.);
#8421=ORIENTED_EDGE('',*,*,#6263,.F.);
#8422=ORIENTED_EDGE('',*,*,#6260,.T.);
#8423=ORIENTED_EDGE('',*,*,#6003,.T.);
#8424=ORIENTED_EDGE('',*,*,#6264,.F.);
#8425=ORIENTED_EDGE('',*,*,#6265,.F.);
#8426=ORIENTED_EDGE('',*,*,#6262,.T.);
#8427=ORIENTED_EDGE('',*,*,#6002,.T.);
#8428=ORIENTED_EDGE('',*,*,#6266,.F.);
#8429=ORIENTED_EDGE('',*,*,#6267,.F.);
#8430=ORIENTED_EDGE('',*,*,#6264,.T.);
#8431=ORIENTED_EDGE('',*,*,#6001,.T.);
#8432=ORIENTED_EDGE('',*,*,#6268,.F.);
#8433=ORIENTED_EDGE('',*,*,#6269,.F.);
#8434=ORIENTED_EDGE('',*,*,#6266,.T.);
#8435=ORIENTED_EDGE('',*,*,#6000,.T.);
#8436=ORIENTED_EDGE('',*,*,#6270,.F.);
#8437=ORIENTED_EDGE('',*,*,#6271,.F.);
#8438=ORIENTED_EDGE('',*,*,#6268,.T.);
#8439=ORIENTED_EDGE('',*,*,#5999,.T.);
#8440=ORIENTED_EDGE('',*,*,#6272,.F.);
#8441=ORIENTED_EDGE('',*,*,#6273,.F.);
#8442=ORIENTED_EDGE('',*,*,#6270,.T.);
#8443=ORIENTED_EDGE('',*,*,#5998,.T.);
#8444=ORIENTED_EDGE('',*,*,#6274,.F.);
#8445=ORIENTED_EDGE('',*,*,#6275,.F.);
#8446=ORIENTED_EDGE('',*,*,#6272,.T.);
#8447=ORIENTED_EDGE('',*,*,#5997,.T.);
#8448=ORIENTED_EDGE('',*,*,#6276,.F.);
#8449=ORIENTED_EDGE('',*,*,#6277,.F.);
#8450=ORIENTED_EDGE('',*,*,#6274,.T.);
#8451=ORIENTED_EDGE('',*,*,#5996,.T.);
#8452=ORIENTED_EDGE('',*,*,#6278,.F.);
#8453=ORIENTED_EDGE('',*,*,#6279,.F.);
#8454=ORIENTED_EDGE('',*,*,#6276,.T.);
#8455=ORIENTED_EDGE('',*,*,#5995,.T.);
#8456=ORIENTED_EDGE('',*,*,#6280,.F.);
#8457=ORIENTED_EDGE('',*,*,#6281,.F.);
#8458=ORIENTED_EDGE('',*,*,#6278,.T.);
#8459=ORIENTED_EDGE('',*,*,#5994,.T.);
#8460=ORIENTED_EDGE('',*,*,#6282,.F.);
#8461=ORIENTED_EDGE('',*,*,#6283,.F.);
#8462=ORIENTED_EDGE('',*,*,#6280,.T.);
#8463=ORIENTED_EDGE('',*,*,#5993,.T.);
#8464=ORIENTED_EDGE('',*,*,#6284,.F.);
#8465=ORIENTED_EDGE('',*,*,#6285,.F.);
#8466=ORIENTED_EDGE('',*,*,#6282,.T.);
#8467=ORIENTED_EDGE('',*,*,#5992,.T.);
#8468=ORIENTED_EDGE('',*,*,#6286,.F.);
#8469=ORIENTED_EDGE('',*,*,#6287,.F.);
#8470=ORIENTED_EDGE('',*,*,#6284,.T.);
#8471=ORIENTED_EDGE('',*,*,#6288,.F.);
#8472=ORIENTED_EDGE('',*,*,#6289,.F.);
#8473=ORIENTED_EDGE('',*,*,#6290,.T.);
#8474=ORIENTED_EDGE('',*,*,#5579,.F.);
#8475=ORIENTED_EDGE('',*,*,#6291,.F.);
#8476=ORIENTED_EDGE('',*,*,#6292,.F.);
#8477=ORIENTED_EDGE('',*,*,#6288,.T.);
#8478=ORIENTED_EDGE('',*,*,#5578,.F.);
#8479=ORIENTED_EDGE('',*,*,#6293,.F.);
#8480=ORIENTED_EDGE('',*,*,#6294,.F.);
#8481=ORIENTED_EDGE('',*,*,#6291,.T.);
#8482=ORIENTED_EDGE('',*,*,#5577,.F.);
#8483=ORIENTED_EDGE('',*,*,#6295,.F.);
#8484=ORIENTED_EDGE('',*,*,#6296,.F.);
#8485=ORIENTED_EDGE('',*,*,#6297,.F.);
#8486=ORIENTED_EDGE('',*,*,#6298,.F.);
#8487=ORIENTED_EDGE('',*,*,#6299,.F.);
#8488=ORIENTED_EDGE('',*,*,#6300,.F.);
#8489=ORIENTED_EDGE('',*,*,#6301,.F.);
#8490=ORIENTED_EDGE('',*,*,#6302,.F.);
#8491=ORIENTED_EDGE('',*,*,#6303,.F.);
#8492=ORIENTED_EDGE('',*,*,#6304,.F.);
#8493=ORIENTED_EDGE('',*,*,#6305,.F.);
#8494=ORIENTED_EDGE('',*,*,#6306,.F.);
#8495=ORIENTED_EDGE('',*,*,#6307,.F.);
#8496=ORIENTED_EDGE('',*,*,#6308,.F.);
#8497=ORIENTED_EDGE('',*,*,#6309,.F.);
#8498=ORIENTED_EDGE('',*,*,#6310,.F.);
#8499=ORIENTED_EDGE('',*,*,#6311,.F.);
#8500=ORIENTED_EDGE('',*,*,#6312,.F.);
#8501=ORIENTED_EDGE('',*,*,#6313,.F.);
#8502=ORIENTED_EDGE('',*,*,#6314,.F.);
#8503=ORIENTED_EDGE('',*,*,#6315,.F.);
#8504=ORIENTED_EDGE('',*,*,#6316,.F.);
#8505=ORIENTED_EDGE('',*,*,#6317,.F.);
#8506=ORIENTED_EDGE('',*,*,#6318,.F.);
#8507=ORIENTED_EDGE('',*,*,#6319,.F.);
#8508=ORIENTED_EDGE('',*,*,#6320,.F.);
#8509=ORIENTED_EDGE('',*,*,#6321,.F.);
#8510=ORIENTED_EDGE('',*,*,#6322,.F.);
#8511=ORIENTED_EDGE('',*,*,#6323,.F.);
#8512=ORIENTED_EDGE('',*,*,#6324,.F.);
#8513=ORIENTED_EDGE('',*,*,#6325,.F.);
#8514=ORIENTED_EDGE('',*,*,#6326,.F.);
#8515=ORIENTED_EDGE('',*,*,#6327,.F.);
#8516=ORIENTED_EDGE('',*,*,#6328,.F.);
#8517=ORIENTED_EDGE('',*,*,#6329,.F.);
#8518=ORIENTED_EDGE('',*,*,#6330,.F.);
#8519=ORIENTED_EDGE('',*,*,#6331,.F.);
#8520=ORIENTED_EDGE('',*,*,#6332,.F.);
#8521=ORIENTED_EDGE('',*,*,#6333,.F.);
#8522=ORIENTED_EDGE('',*,*,#6334,.F.);
#8523=ORIENTED_EDGE('',*,*,#6335,.F.);
#8524=ORIENTED_EDGE('',*,*,#6336,.F.);
#8525=ORIENTED_EDGE('',*,*,#6337,.F.);
#8526=ORIENTED_EDGE('',*,*,#6338,.F.);
#8527=ORIENTED_EDGE('',*,*,#6339,.F.);
#8528=ORIENTED_EDGE('',*,*,#6340,.F.);
#8529=ORIENTED_EDGE('',*,*,#6341,.F.);
#8530=ORIENTED_EDGE('',*,*,#6342,.F.);
#8531=ORIENTED_EDGE('',*,*,#6343,.F.);
#8532=ORIENTED_EDGE('',*,*,#6344,.F.);
#8533=ORIENTED_EDGE('',*,*,#6345,.F.);
#8534=ORIENTED_EDGE('',*,*,#6346,.F.);
#8535=ORIENTED_EDGE('',*,*,#6347,.F.);
#8536=ORIENTED_EDGE('',*,*,#6348,.F.);
#8537=ORIENTED_EDGE('',*,*,#6349,.F.);
#8538=ORIENTED_EDGE('',*,*,#6350,.F.);
#8539=ORIENTED_EDGE('',*,*,#6351,.F.);
#8540=ORIENTED_EDGE('',*,*,#6352,.F.);
#8541=ORIENTED_EDGE('',*,*,#6353,.F.);
#8542=ORIENTED_EDGE('',*,*,#6354,.F.);
#8543=ORIENTED_EDGE('',*,*,#6355,.F.);
#8544=ORIENTED_EDGE('',*,*,#6356,.F.);
#8545=ORIENTED_EDGE('',*,*,#6357,.F.);
#8546=ORIENTED_EDGE('',*,*,#6358,.F.);
#8547=ORIENTED_EDGE('',*,*,#6359,.F.);
#8548=ORIENTED_EDGE('',*,*,#6360,.F.);
#8549=ORIENTED_EDGE('',*,*,#6361,.F.);
#8550=ORIENTED_EDGE('',*,*,#6362,.F.);
#8551=ORIENTED_EDGE('',*,*,#6363,.F.);
#8552=ORIENTED_EDGE('',*,*,#6364,.F.);
#8553=ORIENTED_EDGE('',*,*,#6365,.F.);
#8554=ORIENTED_EDGE('',*,*,#6366,.F.);
#8555=ORIENTED_EDGE('',*,*,#6367,.F.);
#8556=ORIENTED_EDGE('',*,*,#6368,.F.);
#8557=ORIENTED_EDGE('',*,*,#6369,.F.);
#8558=ORIENTED_EDGE('',*,*,#6370,.F.);
#8559=ORIENTED_EDGE('',*,*,#6371,.F.);
#8560=ORIENTED_EDGE('',*,*,#6372,.F.);
#8561=ORIENTED_EDGE('',*,*,#6373,.F.);
#8562=ORIENTED_EDGE('',*,*,#6374,.F.);
#8563=ORIENTED_EDGE('',*,*,#6375,.F.);
#8564=ORIENTED_EDGE('',*,*,#6376,.F.);
#8565=ORIENTED_EDGE('',*,*,#6377,.F.);
#8566=ORIENTED_EDGE('',*,*,#6378,.F.);
#8567=ORIENTED_EDGE('',*,*,#6379,.F.);
#8568=ORIENTED_EDGE('',*,*,#6380,.F.);
#8569=ORIENTED_EDGE('',*,*,#6381,.F.);
#8570=ORIENTED_EDGE('',*,*,#6382,.F.);
#8571=ORIENTED_EDGE('',*,*,#6383,.F.);
#8572=ORIENTED_EDGE('',*,*,#6384,.F.);
#8573=ORIENTED_EDGE('',*,*,#6385,.F.);
#8574=ORIENTED_EDGE('',*,*,#6386,.F.);
#8575=ORIENTED_EDGE('',*,*,#6387,.F.);
#8576=ORIENTED_EDGE('',*,*,#6388,.F.);
#8577=ORIENTED_EDGE('',*,*,#6389,.F.);
#8578=ORIENTED_EDGE('',*,*,#6390,.F.);
#8579=ORIENTED_EDGE('',*,*,#6391,.F.);
#8580=ORIENTED_EDGE('',*,*,#6392,.F.);
#8581=ORIENTED_EDGE('',*,*,#6393,.F.);
#8582=ORIENTED_EDGE('',*,*,#6394,.F.);
#8583=ORIENTED_EDGE('',*,*,#6395,.F.);
#8584=ORIENTED_EDGE('',*,*,#6396,.F.);
#8585=ORIENTED_EDGE('',*,*,#6397,.F.);
#8586=ORIENTED_EDGE('',*,*,#6398,.F.);
#8587=ORIENTED_EDGE('',*,*,#6399,.F.);
#8588=ORIENTED_EDGE('',*,*,#6400,.F.);
#8589=ORIENTED_EDGE('',*,*,#6401,.F.);
#8590=ORIENTED_EDGE('',*,*,#6402,.F.);
#8591=ORIENTED_EDGE('',*,*,#6403,.F.);
#8592=ORIENTED_EDGE('',*,*,#6404,.F.);
#8593=ORIENTED_EDGE('',*,*,#6405,.F.);
#8594=ORIENTED_EDGE('',*,*,#6406,.F.);
#8595=ORIENTED_EDGE('',*,*,#6407,.F.);
#8596=ORIENTED_EDGE('',*,*,#6408,.F.);
#8597=ORIENTED_EDGE('',*,*,#6409,.F.);
#8598=ORIENTED_EDGE('',*,*,#6410,.F.);
#8599=ORIENTED_EDGE('',*,*,#6411,.F.);
#8600=ORIENTED_EDGE('',*,*,#6412,.F.);
#8601=ORIENTED_EDGE('',*,*,#6413,.F.);
#8602=ORIENTED_EDGE('',*,*,#6414,.F.);
#8603=ORIENTED_EDGE('',*,*,#6415,.F.);
#8604=ORIENTED_EDGE('',*,*,#6416,.F.);
#8605=ORIENTED_EDGE('',*,*,#6417,.F.);
#8606=ORIENTED_EDGE('',*,*,#6418,.F.);
#8607=ORIENTED_EDGE('',*,*,#6419,.F.);
#8608=ORIENTED_EDGE('',*,*,#6420,.F.);
#8609=ORIENTED_EDGE('',*,*,#6421,.F.);
#8610=ORIENTED_EDGE('',*,*,#6422,.F.);
#8611=ORIENTED_EDGE('',*,*,#6423,.F.);
#8612=ORIENTED_EDGE('',*,*,#6424,.F.);
#8613=ORIENTED_EDGE('',*,*,#6425,.F.);
#8614=ORIENTED_EDGE('',*,*,#6426,.F.);
#8615=ORIENTED_EDGE('',*,*,#6287,.T.);
#8616=ORIENTED_EDGE('',*,*,#6427,.T.);
#8617=ORIENTED_EDGE('',*,*,#6428,.T.);
#8618=ORIENTED_EDGE('',*,*,#6429,.T.);
#8619=ORIENTED_EDGE('',*,*,#6430,.T.);
#8620=ORIENTED_EDGE('',*,*,#6431,.T.);
#8621=ORIENTED_EDGE('',*,*,#6432,.T.);
#8622=ORIENTED_EDGE('',*,*,#6433,.T.);
#8623=ORIENTED_EDGE('',*,*,#6434,.T.);
#8624=ORIENTED_EDGE('',*,*,#6435,.T.);
#8625=ORIENTED_EDGE('',*,*,#6436,.T.);
#8626=ORIENTED_EDGE('',*,*,#6437,.T.);
#8627=ORIENTED_EDGE('',*,*,#6438,.T.);
#8628=ORIENTED_EDGE('',*,*,#6439,.T.);
#8629=ORIENTED_EDGE('',*,*,#6440,.T.);
#8630=ORIENTED_EDGE('',*,*,#6441,.T.);
#8631=ORIENTED_EDGE('',*,*,#6442,.T.);
#8632=ORIENTED_EDGE('',*,*,#6443,.T.);
#8633=ORIENTED_EDGE('',*,*,#6444,.T.);
#8634=ORIENTED_EDGE('',*,*,#6445,.T.);
#8635=ORIENTED_EDGE('',*,*,#6446,.T.);
#8636=ORIENTED_EDGE('',*,*,#6447,.T.);
#8637=ORIENTED_EDGE('',*,*,#6448,.T.);
#8638=ORIENTED_EDGE('',*,*,#6449,.T.);
#8639=ORIENTED_EDGE('',*,*,#6450,.T.);
#8640=ORIENTED_EDGE('',*,*,#6451,.T.);
#8641=ORIENTED_EDGE('',*,*,#6452,.T.);
#8642=ORIENTED_EDGE('',*,*,#6453,.T.);
#8643=ORIENTED_EDGE('',*,*,#6454,.T.);
#8644=ORIENTED_EDGE('',*,*,#6455,.T.);
#8645=ORIENTED_EDGE('',*,*,#6456,.T.);
#8646=ORIENTED_EDGE('',*,*,#6457,.T.);
#8647=ORIENTED_EDGE('',*,*,#6458,.T.);
#8648=ORIENTED_EDGE('',*,*,#6459,.T.);
#8649=ORIENTED_EDGE('',*,*,#6460,.T.);
#8650=ORIENTED_EDGE('',*,*,#6461,.T.);
#8651=ORIENTED_EDGE('',*,*,#6462,.T.);
#8652=ORIENTED_EDGE('',*,*,#6463,.T.);
#8653=ORIENTED_EDGE('',*,*,#6464,.T.);
#8654=ORIENTED_EDGE('',*,*,#6465,.T.);
#8655=ORIENTED_EDGE('',*,*,#6466,.T.);
#8656=ORIENTED_EDGE('',*,*,#6467,.T.);
#8657=ORIENTED_EDGE('',*,*,#6468,.T.);
#8658=ORIENTED_EDGE('',*,*,#6469,.T.);
#8659=ORIENTED_EDGE('',*,*,#6470,.T.);
#8660=ORIENTED_EDGE('',*,*,#6471,.T.);
#8661=ORIENTED_EDGE('',*,*,#6472,.T.);
#8662=ORIENTED_EDGE('',*,*,#6473,.T.);
#8663=ORIENTED_EDGE('',*,*,#6474,.T.);
#8664=ORIENTED_EDGE('',*,*,#6475,.T.);
#8665=ORIENTED_EDGE('',*,*,#6476,.T.);
#8666=ORIENTED_EDGE('',*,*,#6477,.T.);
#8667=ORIENTED_EDGE('',*,*,#6478,.T.);
#8668=ORIENTED_EDGE('',*,*,#6479,.T.);
#8669=ORIENTED_EDGE('',*,*,#6480,.T.);
#8670=ORIENTED_EDGE('',*,*,#6481,.T.);
#8671=ORIENTED_EDGE('',*,*,#6482,.T.);
#8672=ORIENTED_EDGE('',*,*,#6483,.T.);
#8673=ORIENTED_EDGE('',*,*,#6484,.T.);
#8674=ORIENTED_EDGE('',*,*,#6485,.T.);
#8675=ORIENTED_EDGE('',*,*,#6486,.T.);
#8676=ORIENTED_EDGE('',*,*,#6487,.T.);
#8677=ORIENTED_EDGE('',*,*,#6488,.T.);
#8678=ORIENTED_EDGE('',*,*,#6489,.T.);
#8679=ORIENTED_EDGE('',*,*,#6490,.T.);
#8680=ORIENTED_EDGE('',*,*,#6491,.T.);
#8681=ORIENTED_EDGE('',*,*,#6492,.T.);
#8682=ORIENTED_EDGE('',*,*,#6493,.T.);
#8683=ORIENTED_EDGE('',*,*,#6494,.T.);
#8684=ORIENTED_EDGE('',*,*,#6495,.T.);
#8685=ORIENTED_EDGE('',*,*,#6496,.T.);
#8686=ORIENTED_EDGE('',*,*,#6497,.T.);
#8687=ORIENTED_EDGE('',*,*,#6498,.T.);
#8688=ORIENTED_EDGE('',*,*,#6499,.T.);
#8689=ORIENTED_EDGE('',*,*,#6500,.T.);
#8690=ORIENTED_EDGE('',*,*,#6140,.T.);
#8691=ORIENTED_EDGE('',*,*,#6143,.T.);
#8692=ORIENTED_EDGE('',*,*,#6145,.T.);
#8693=ORIENTED_EDGE('',*,*,#6147,.T.);
#8694=ORIENTED_EDGE('',*,*,#6149,.T.);
#8695=ORIENTED_EDGE('',*,*,#6151,.T.);
#8696=ORIENTED_EDGE('',*,*,#6153,.T.);
#8697=ORIENTED_EDGE('',*,*,#6155,.T.);
#8698=ORIENTED_EDGE('',*,*,#6157,.T.);
#8699=ORIENTED_EDGE('',*,*,#6159,.T.);
#8700=ORIENTED_EDGE('',*,*,#6161,.T.);
#8701=ORIENTED_EDGE('',*,*,#6163,.T.);
#8702=ORIENTED_EDGE('',*,*,#6165,.T.);
#8703=ORIENTED_EDGE('',*,*,#6167,.T.);
#8704=ORIENTED_EDGE('',*,*,#6169,.T.);
#8705=ORIENTED_EDGE('',*,*,#6171,.T.);
#8706=ORIENTED_EDGE('',*,*,#6173,.T.);
#8707=ORIENTED_EDGE('',*,*,#6175,.T.);
#8708=ORIENTED_EDGE('',*,*,#6177,.T.);
#8709=ORIENTED_EDGE('',*,*,#6179,.T.);
#8710=ORIENTED_EDGE('',*,*,#6181,.T.);
#8711=ORIENTED_EDGE('',*,*,#6183,.T.);
#8712=ORIENTED_EDGE('',*,*,#6185,.T.);
#8713=ORIENTED_EDGE('',*,*,#6187,.T.);
#8714=ORIENTED_EDGE('',*,*,#6189,.T.);
#8715=ORIENTED_EDGE('',*,*,#6191,.T.);
#8716=ORIENTED_EDGE('',*,*,#6193,.T.);
#8717=ORIENTED_EDGE('',*,*,#6195,.T.);
#8718=ORIENTED_EDGE('',*,*,#6197,.T.);
#8719=ORIENTED_EDGE('',*,*,#6199,.T.);
#8720=ORIENTED_EDGE('',*,*,#6201,.T.);
#8721=ORIENTED_EDGE('',*,*,#6203,.T.);
#8722=ORIENTED_EDGE('',*,*,#6205,.T.);
#8723=ORIENTED_EDGE('',*,*,#6207,.T.);
#8724=ORIENTED_EDGE('',*,*,#6209,.T.);
#8725=ORIENTED_EDGE('',*,*,#6211,.T.);
#8726=ORIENTED_EDGE('',*,*,#6213,.T.);
#8727=ORIENTED_EDGE('',*,*,#6215,.T.);
#8728=ORIENTED_EDGE('',*,*,#6217,.T.);
#8729=ORIENTED_EDGE('',*,*,#6219,.T.);
#8730=ORIENTED_EDGE('',*,*,#6221,.T.);
#8731=ORIENTED_EDGE('',*,*,#6223,.T.);
#8732=ORIENTED_EDGE('',*,*,#6225,.T.);
#8733=ORIENTED_EDGE('',*,*,#6227,.T.);
#8734=ORIENTED_EDGE('',*,*,#6229,.T.);
#8735=ORIENTED_EDGE('',*,*,#6231,.T.);
#8736=ORIENTED_EDGE('',*,*,#6233,.T.);
#8737=ORIENTED_EDGE('',*,*,#6235,.T.);
#8738=ORIENTED_EDGE('',*,*,#6237,.T.);
#8739=ORIENTED_EDGE('',*,*,#6239,.T.);
#8740=ORIENTED_EDGE('',*,*,#6241,.T.);
#8741=ORIENTED_EDGE('',*,*,#6243,.T.);
#8742=ORIENTED_EDGE('',*,*,#6245,.T.);
#8743=ORIENTED_EDGE('',*,*,#6247,.T.);
#8744=ORIENTED_EDGE('',*,*,#6249,.T.);
#8745=ORIENTED_EDGE('',*,*,#6251,.T.);
#8746=ORIENTED_EDGE('',*,*,#6253,.T.);
#8747=ORIENTED_EDGE('',*,*,#6255,.T.);
#8748=ORIENTED_EDGE('',*,*,#6257,.T.);
#8749=ORIENTED_EDGE('',*,*,#6259,.T.);
#8750=ORIENTED_EDGE('',*,*,#6261,.T.);
#8751=ORIENTED_EDGE('',*,*,#6263,.T.);
#8752=ORIENTED_EDGE('',*,*,#6265,.T.);
#8753=ORIENTED_EDGE('',*,*,#6267,.T.);
#8754=ORIENTED_EDGE('',*,*,#6269,.T.);
#8755=ORIENTED_EDGE('',*,*,#6271,.T.);
#8756=ORIENTED_EDGE('',*,*,#6273,.T.);
#8757=ORIENTED_EDGE('',*,*,#6275,.T.);
#8758=ORIENTED_EDGE('',*,*,#6277,.T.);
#8759=ORIENTED_EDGE('',*,*,#6279,.T.);
#8760=ORIENTED_EDGE('',*,*,#6281,.T.);
#8761=ORIENTED_EDGE('',*,*,#6283,.T.);
#8762=ORIENTED_EDGE('',*,*,#6285,.T.);
#8763=ORIENTED_EDGE('',*,*,#6501,.F.);
#8764=ORIENTED_EDGE('',*,*,#6502,.F.);
#8765=ORIENTED_EDGE('',*,*,#6293,.T.);
#8766=ORIENTED_EDGE('',*,*,#5576,.F.);
#8767=ORIENTED_EDGE('',*,*,#6503,.F.);
#8768=ORIENTED_EDGE('',*,*,#6504,.F.);
#8769=ORIENTED_EDGE('',*,*,#6501,.T.);
#8770=ORIENTED_EDGE('',*,*,#5575,.F.);
#8771=ORIENTED_EDGE('',*,*,#6505,.F.);
#8772=ORIENTED_EDGE('',*,*,#6506,.F.);
#8773=ORIENTED_EDGE('',*,*,#6503,.T.);
#8774=ORIENTED_EDGE('',*,*,#5574,.F.);
#8775=ORIENTED_EDGE('',*,*,#6507,.F.);
#8776=ORIENTED_EDGE('',*,*,#6508,.F.);
#8777=ORIENTED_EDGE('',*,*,#6505,.T.);
#8778=ORIENTED_EDGE('',*,*,#5573,.F.);
#8779=ORIENTED_EDGE('',*,*,#6509,.F.);
#8780=ORIENTED_EDGE('',*,*,#6510,.F.);
#8781=ORIENTED_EDGE('',*,*,#6507,.T.);
#8782=ORIENTED_EDGE('',*,*,#5572,.F.);
#8783=ORIENTED_EDGE('',*,*,#6511,.F.);
#8784=ORIENTED_EDGE('',*,*,#6512,.F.);
#8785=ORIENTED_EDGE('',*,*,#6509,.T.);
#8786=ORIENTED_EDGE('',*,*,#5571,.F.);
#8787=ORIENTED_EDGE('',*,*,#6513,.F.);
#8788=ORIENTED_EDGE('',*,*,#6514,.F.);
#8789=ORIENTED_EDGE('',*,*,#6511,.T.);
#8790=ORIENTED_EDGE('',*,*,#5570,.F.);
#8791=ORIENTED_EDGE('',*,*,#6515,.F.);
#8792=ORIENTED_EDGE('',*,*,#6516,.F.);
#8793=ORIENTED_EDGE('',*,*,#6513,.T.);
#8794=ORIENTED_EDGE('',*,*,#5569,.F.);
#8795=ORIENTED_EDGE('',*,*,#6517,.F.);
#8796=ORIENTED_EDGE('',*,*,#6518,.F.);
#8797=ORIENTED_EDGE('',*,*,#6515,.T.);
#8798=ORIENTED_EDGE('',*,*,#5568,.F.);
#8799=ORIENTED_EDGE('',*,*,#6519,.F.);
#8800=ORIENTED_EDGE('',*,*,#6520,.F.);
#8801=ORIENTED_EDGE('',*,*,#6517,.T.);
#8802=ORIENTED_EDGE('',*,*,#5567,.F.);
#8803=ORIENTED_EDGE('',*,*,#6521,.F.);
#8804=ORIENTED_EDGE('',*,*,#6522,.F.);
#8805=ORIENTED_EDGE('',*,*,#6519,.T.);
#8806=ORIENTED_EDGE('',*,*,#5566,.F.);
#8807=ORIENTED_EDGE('',*,*,#6523,.F.);
#8808=ORIENTED_EDGE('',*,*,#6524,.F.);
#8809=ORIENTED_EDGE('',*,*,#6521,.T.);
#8810=ORIENTED_EDGE('',*,*,#5565,.F.);
#8811=ORIENTED_EDGE('',*,*,#6525,.F.);
#8812=ORIENTED_EDGE('',*,*,#6526,.F.);
#8813=ORIENTED_EDGE('',*,*,#6523,.T.);
#8814=ORIENTED_EDGE('',*,*,#5564,.F.);
#8815=ORIENTED_EDGE('',*,*,#6527,.F.);
#8816=ORIENTED_EDGE('',*,*,#6528,.F.);
#8817=ORIENTED_EDGE('',*,*,#6525,.T.);
#8818=ORIENTED_EDGE('',*,*,#5563,.F.);
#8819=ORIENTED_EDGE('',*,*,#6529,.F.);
#8820=ORIENTED_EDGE('',*,*,#6530,.F.);
#8821=ORIENTED_EDGE('',*,*,#6527,.T.);
#8822=ORIENTED_EDGE('',*,*,#5562,.F.);
#8823=ORIENTED_EDGE('',*,*,#6531,.F.);
#8824=ORIENTED_EDGE('',*,*,#6532,.F.);
#8825=ORIENTED_EDGE('',*,*,#6529,.T.);
#8826=ORIENTED_EDGE('',*,*,#5561,.F.);
#8827=ORIENTED_EDGE('',*,*,#6533,.F.);
#8828=ORIENTED_EDGE('',*,*,#6534,.F.);
#8829=ORIENTED_EDGE('',*,*,#6531,.T.);
#8830=ORIENTED_EDGE('',*,*,#5560,.F.);
#8831=ORIENTED_EDGE('',*,*,#6535,.F.);
#8832=ORIENTED_EDGE('',*,*,#6536,.F.);
#8833=ORIENTED_EDGE('',*,*,#6533,.T.);
#8834=ORIENTED_EDGE('',*,*,#5559,.F.);
#8835=ORIENTED_EDGE('',*,*,#6537,.F.);
#8836=ORIENTED_EDGE('',*,*,#6538,.F.);
#8837=ORIENTED_EDGE('',*,*,#6535,.T.);
#8838=ORIENTED_EDGE('',*,*,#5558,.F.);
#8839=ORIENTED_EDGE('',*,*,#6539,.F.);
#8840=ORIENTED_EDGE('',*,*,#6540,.F.);
#8841=ORIENTED_EDGE('',*,*,#6537,.T.);
#8842=ORIENTED_EDGE('',*,*,#5557,.F.);
#8843=ORIENTED_EDGE('',*,*,#6541,.F.);
#8844=ORIENTED_EDGE('',*,*,#6542,.F.);
#8845=ORIENTED_EDGE('',*,*,#6539,.T.);
#8846=ORIENTED_EDGE('',*,*,#5556,.F.);
#8847=ORIENTED_EDGE('',*,*,#6543,.F.);
#8848=ORIENTED_EDGE('',*,*,#6544,.F.);
#8849=ORIENTED_EDGE('',*,*,#6541,.T.);
#8850=ORIENTED_EDGE('',*,*,#5555,.F.);
#8851=ORIENTED_EDGE('',*,*,#6545,.F.);
#8852=ORIENTED_EDGE('',*,*,#6546,.F.);
#8853=ORIENTED_EDGE('',*,*,#6543,.T.);
#8854=ORIENTED_EDGE('',*,*,#5554,.F.);
#8855=ORIENTED_EDGE('',*,*,#6547,.F.);
#8856=ORIENTED_EDGE('',*,*,#6548,.F.);
#8857=ORIENTED_EDGE('',*,*,#6545,.T.);
#8858=ORIENTED_EDGE('',*,*,#5553,.F.);
#8859=ORIENTED_EDGE('',*,*,#6549,.F.);
#8860=ORIENTED_EDGE('',*,*,#6550,.F.);
#8861=ORIENTED_EDGE('',*,*,#6547,.T.);
#8862=ORIENTED_EDGE('',*,*,#5552,.F.);
#8863=ORIENTED_EDGE('',*,*,#6551,.F.);
#8864=ORIENTED_EDGE('',*,*,#6552,.F.);
#8865=ORIENTED_EDGE('',*,*,#6549,.T.);
#8866=ORIENTED_EDGE('',*,*,#5551,.F.);
#8867=ORIENTED_EDGE('',*,*,#6553,.F.);
#8868=ORIENTED_EDGE('',*,*,#6554,.F.);
#8869=ORIENTED_EDGE('',*,*,#6551,.T.);
#8870=ORIENTED_EDGE('',*,*,#5550,.F.);
#8871=ORIENTED_EDGE('',*,*,#6555,.F.);
#8872=ORIENTED_EDGE('',*,*,#6556,.F.);
#8873=ORIENTED_EDGE('',*,*,#6553,.T.);
#8874=ORIENTED_EDGE('',*,*,#5549,.F.);
#8875=ORIENTED_EDGE('',*,*,#6557,.F.);
#8876=ORIENTED_EDGE('',*,*,#6558,.F.);
#8877=ORIENTED_EDGE('',*,*,#6555,.T.);
#8878=ORIENTED_EDGE('',*,*,#5548,.F.);
#8879=ORIENTED_EDGE('',*,*,#6559,.F.);
#8880=ORIENTED_EDGE('',*,*,#6560,.F.);
#8881=ORIENTED_EDGE('',*,*,#6557,.T.);
#8882=ORIENTED_EDGE('',*,*,#5547,.F.);
#8883=ORIENTED_EDGE('',*,*,#6561,.F.);
#8884=ORIENTED_EDGE('',*,*,#6562,.F.);
#8885=ORIENTED_EDGE('',*,*,#6559,.T.);
#8886=ORIENTED_EDGE('',*,*,#5546,.F.);
#8887=ORIENTED_EDGE('',*,*,#6563,.F.);
#8888=ORIENTED_EDGE('',*,*,#6564,.F.);
#8889=ORIENTED_EDGE('',*,*,#6561,.T.);
#8890=ORIENTED_EDGE('',*,*,#5545,.F.);
#8891=ORIENTED_EDGE('',*,*,#6565,.F.);
#8892=ORIENTED_EDGE('',*,*,#6566,.F.);
#8893=ORIENTED_EDGE('',*,*,#6563,.T.);
#8894=ORIENTED_EDGE('',*,*,#5544,.F.);
#8895=ORIENTED_EDGE('',*,*,#6567,.F.);
#8896=ORIENTED_EDGE('',*,*,#6568,.F.);
#8897=ORIENTED_EDGE('',*,*,#6565,.T.);
#8898=ORIENTED_EDGE('',*,*,#5543,.F.);
#8899=ORIENTED_EDGE('',*,*,#6569,.F.);
#8900=ORIENTED_EDGE('',*,*,#6570,.F.);
#8901=ORIENTED_EDGE('',*,*,#6567,.T.);
#8902=ORIENTED_EDGE('',*,*,#5542,.F.);
#8903=ORIENTED_EDGE('',*,*,#6571,.F.);
#8904=ORIENTED_EDGE('',*,*,#6572,.F.);
#8905=ORIENTED_EDGE('',*,*,#6569,.T.);
#8906=ORIENTED_EDGE('',*,*,#5541,.F.);
#8907=ORIENTED_EDGE('',*,*,#6573,.F.);
#8908=ORIENTED_EDGE('',*,*,#6574,.F.);
#8909=ORIENTED_EDGE('',*,*,#6571,.T.);
#8910=ORIENTED_EDGE('',*,*,#5540,.F.);
#8911=ORIENTED_EDGE('',*,*,#6575,.F.);
#8912=ORIENTED_EDGE('',*,*,#6576,.F.);
#8913=ORIENTED_EDGE('',*,*,#6573,.T.);
#8914=ORIENTED_EDGE('',*,*,#5539,.F.);
#8915=ORIENTED_EDGE('',*,*,#6577,.F.);
#8916=ORIENTED_EDGE('',*,*,#6578,.F.);
#8917=ORIENTED_EDGE('',*,*,#6575,.T.);
#8918=ORIENTED_EDGE('',*,*,#5538,.F.);
#8919=ORIENTED_EDGE('',*,*,#6579,.F.);
#8920=ORIENTED_EDGE('',*,*,#6580,.F.);
#8921=ORIENTED_EDGE('',*,*,#6577,.T.);
#8922=ORIENTED_EDGE('',*,*,#5537,.F.);
#8923=ORIENTED_EDGE('',*,*,#6581,.F.);
#8924=ORIENTED_EDGE('',*,*,#6582,.F.);
#8925=ORIENTED_EDGE('',*,*,#6579,.T.);
#8926=ORIENTED_EDGE('',*,*,#5536,.F.);
#8927=ORIENTED_EDGE('',*,*,#6583,.F.);
#8928=ORIENTED_EDGE('',*,*,#6584,.F.);
#8929=ORIENTED_EDGE('',*,*,#6581,.T.);
#8930=ORIENTED_EDGE('',*,*,#5535,.F.);
#8931=ORIENTED_EDGE('',*,*,#6585,.F.);
#8932=ORIENTED_EDGE('',*,*,#6586,.F.);
#8933=ORIENTED_EDGE('',*,*,#6583,.T.);
#8934=ORIENTED_EDGE('',*,*,#5534,.F.);
#8935=ORIENTED_EDGE('',*,*,#6587,.F.);
#8936=ORIENTED_EDGE('',*,*,#6588,.F.);
#8937=ORIENTED_EDGE('',*,*,#6585,.T.);
#8938=ORIENTED_EDGE('',*,*,#5533,.F.);
#8939=ORIENTED_EDGE('',*,*,#6589,.F.);
#8940=ORIENTED_EDGE('',*,*,#6590,.F.);
#8941=ORIENTED_EDGE('',*,*,#6587,.T.);
#8942=ORIENTED_EDGE('',*,*,#5532,.F.);
#8943=ORIENTED_EDGE('',*,*,#6591,.F.);
#8944=ORIENTED_EDGE('',*,*,#6592,.F.);
#8945=ORIENTED_EDGE('',*,*,#6589,.T.);
#8946=ORIENTED_EDGE('',*,*,#5531,.F.);
#8947=ORIENTED_EDGE('',*,*,#6593,.F.);
#8948=ORIENTED_EDGE('',*,*,#6594,.F.);
#8949=ORIENTED_EDGE('',*,*,#6591,.T.);
#8950=ORIENTED_EDGE('',*,*,#5530,.F.);
#8951=ORIENTED_EDGE('',*,*,#6595,.F.);
#8952=ORIENTED_EDGE('',*,*,#6596,.F.);
#8953=ORIENTED_EDGE('',*,*,#6593,.T.);
#8954=ORIENTED_EDGE('',*,*,#5529,.F.);
#8955=ORIENTED_EDGE('',*,*,#6597,.F.);
#8956=ORIENTED_EDGE('',*,*,#6598,.F.);
#8957=ORIENTED_EDGE('',*,*,#6595,.T.);
#8958=ORIENTED_EDGE('',*,*,#5528,.F.);
#8959=ORIENTED_EDGE('',*,*,#6599,.F.);
#8960=ORIENTED_EDGE('',*,*,#6600,.F.);
#8961=ORIENTED_EDGE('',*,*,#6597,.T.);
#8962=ORIENTED_EDGE('',*,*,#5527,.F.);
#8963=ORIENTED_EDGE('',*,*,#6601,.F.);
#8964=ORIENTED_EDGE('',*,*,#6602,.F.);
#8965=ORIENTED_EDGE('',*,*,#6599,.T.);
#8966=ORIENTED_EDGE('',*,*,#5526,.F.);
#8967=ORIENTED_EDGE('',*,*,#6603,.F.);
#8968=ORIENTED_EDGE('',*,*,#6604,.F.);
#8969=ORIENTED_EDGE('',*,*,#6601,.T.);
#8970=ORIENTED_EDGE('',*,*,#5525,.F.);
#8971=ORIENTED_EDGE('',*,*,#6605,.F.);
#8972=ORIENTED_EDGE('',*,*,#6606,.F.);
#8973=ORIENTED_EDGE('',*,*,#6603,.T.);
#8974=ORIENTED_EDGE('',*,*,#5524,.F.);
#8975=ORIENTED_EDGE('',*,*,#6607,.F.);
#8976=ORIENTED_EDGE('',*,*,#6608,.F.);
#8977=ORIENTED_EDGE('',*,*,#6605,.T.);
#8978=ORIENTED_EDGE('',*,*,#5523,.F.);
#8979=ORIENTED_EDGE('',*,*,#6609,.F.);
#8980=ORIENTED_EDGE('',*,*,#6610,.F.);
#8981=ORIENTED_EDGE('',*,*,#6607,.T.);
#8982=ORIENTED_EDGE('',*,*,#5522,.F.);
#8983=ORIENTED_EDGE('',*,*,#6611,.F.);
#8984=ORIENTED_EDGE('',*,*,#6612,.F.);
#8985=ORIENTED_EDGE('',*,*,#6609,.T.);
#8986=ORIENTED_EDGE('',*,*,#5521,.F.);
#8987=ORIENTED_EDGE('',*,*,#6613,.F.);
#8988=ORIENTED_EDGE('',*,*,#6614,.F.);
#8989=ORIENTED_EDGE('',*,*,#6611,.T.);
#8990=ORIENTED_EDGE('',*,*,#5520,.F.);
#8991=ORIENTED_EDGE('',*,*,#6615,.F.);
#8992=ORIENTED_EDGE('',*,*,#6616,.F.);
#8993=ORIENTED_EDGE('',*,*,#6613,.T.);
#8994=ORIENTED_EDGE('',*,*,#5519,.F.);
#8995=ORIENTED_EDGE('',*,*,#6617,.F.);
#8996=ORIENTED_EDGE('',*,*,#6618,.F.);
#8997=ORIENTED_EDGE('',*,*,#6615,.T.);
#8998=ORIENTED_EDGE('',*,*,#5518,.F.);
#8999=ORIENTED_EDGE('',*,*,#6619,.F.);
#9000=ORIENTED_EDGE('',*,*,#6620,.F.);
#9001=ORIENTED_EDGE('',*,*,#6617,.T.);
#9002=ORIENTED_EDGE('',*,*,#5517,.F.);
#9003=ORIENTED_EDGE('',*,*,#6621,.F.);
#9004=ORIENTED_EDGE('',*,*,#6622,.F.);
#9005=ORIENTED_EDGE('',*,*,#6619,.T.);
#9006=ORIENTED_EDGE('',*,*,#5516,.F.);
#9007=ORIENTED_EDGE('',*,*,#6623,.F.);
#9008=ORIENTED_EDGE('',*,*,#6624,.F.);
#9009=ORIENTED_EDGE('',*,*,#6621,.T.);
#9010=ORIENTED_EDGE('',*,*,#5515,.F.);
#9011=ORIENTED_EDGE('',*,*,#6625,.F.);
#9012=ORIENTED_EDGE('',*,*,#6626,.F.);
#9013=ORIENTED_EDGE('',*,*,#6623,.T.);
#9014=ORIENTED_EDGE('',*,*,#5514,.F.);
#9015=ORIENTED_EDGE('',*,*,#6627,.F.);
#9016=ORIENTED_EDGE('',*,*,#6628,.T.);
#9017=ORIENTED_EDGE('',*,*,#6629,.F.);
#9018=ORIENTED_EDGE('',*,*,#6360,.T.);
#9019=ORIENTED_EDGE('',*,*,#6361,.T.);
#9020=ORIENTED_EDGE('',*,*,#6629,.T.);
#9021=ORIENTED_EDGE('',*,*,#6630,.T.);
#9022=ORIENTED_EDGE('',*,*,#6631,.F.);
#9023=ORIENTED_EDGE('',*,*,#6632,.T.);
#9024=ORIENTED_EDGE('',*,*,#6633,.F.);
#9025=ORIENTED_EDGE('',*,*,#6362,.T.);
#9026=ORIENTED_EDGE('',*,*,#6631,.T.);
#9027=ORIENTED_EDGE('',*,*,#6634,.T.);
#9028=ORIENTED_EDGE('',*,*,#6635,.F.);
#9029=ORIENTED_EDGE('',*,*,#6363,.T.);
#9030=ORIENTED_EDGE('',*,*,#6633,.T.);
#9031=ORIENTED_EDGE('',*,*,#6636,.T.);
#9032=ORIENTED_EDGE('',*,*,#6637,.F.);
#9033=ORIENTED_EDGE('',*,*,#6364,.T.);
#9034=ORIENTED_EDGE('',*,*,#6635,.T.);
#9035=ORIENTED_EDGE('',*,*,#6638,.T.);
#9036=ORIENTED_EDGE('',*,*,#6639,.F.);
#9037=ORIENTED_EDGE('',*,*,#6365,.T.);
#9038=ORIENTED_EDGE('',*,*,#6637,.T.);
#9039=ORIENTED_EDGE('',*,*,#6640,.T.);
#9040=ORIENTED_EDGE('',*,*,#6641,.F.);
#9041=ORIENTED_EDGE('',*,*,#6366,.T.);
#9042=ORIENTED_EDGE('',*,*,#6639,.T.);
#9043=ORIENTED_EDGE('',*,*,#6642,.T.);
#9044=ORIENTED_EDGE('',*,*,#6643,.F.);
#9045=ORIENTED_EDGE('',*,*,#6367,.T.);
#9046=ORIENTED_EDGE('',*,*,#6641,.T.);
#9047=ORIENTED_EDGE('',*,*,#6348,.T.);
#9048=ORIENTED_EDGE('',*,*,#6644,.F.);
#9049=ORIENTED_EDGE('',*,*,#6608,.T.);
#9050=ORIENTED_EDGE('',*,*,#6645,.F.);
#9051=ORIENTED_EDGE('',*,*,#6646,.T.);
#9052=ORIENTED_EDGE('',*,*,#6647,.F.);
#9053=ORIENTED_EDGE('',*,*,#6368,.T.);
#9054=ORIENTED_EDGE('',*,*,#6643,.T.);
#9055=ORIENTED_EDGE('',*,*,#6648,.T.);
#9056=ORIENTED_EDGE('',*,*,#6649,.F.);
#9057=ORIENTED_EDGE('',*,*,#6369,.T.);
#9058=ORIENTED_EDGE('',*,*,#6647,.T.);
#9059=ORIENTED_EDGE('',*,*,#6650,.T.);
#9060=ORIENTED_EDGE('',*,*,#6651,.F.);
#9061=ORIENTED_EDGE('',*,*,#6370,.T.);
#9062=ORIENTED_EDGE('',*,*,#6649,.T.);
#9063=ORIENTED_EDGE('',*,*,#6345,.T.);
#9064=ORIENTED_EDGE('',*,*,#6652,.F.);
#9065=ORIENTED_EDGE('',*,*,#6602,.T.);
#9066=ORIENTED_EDGE('',*,*,#6653,.F.);
#9067=ORIENTED_EDGE('',*,*,#6654,.T.);
#9068=ORIENTED_EDGE('',*,*,#6655,.F.);
#9069=ORIENTED_EDGE('',*,*,#6371,.T.);
#9070=ORIENTED_EDGE('',*,*,#6651,.T.);
#9071=ORIENTED_EDGE('',*,*,#6656,.F.);
#9072=ORIENTED_EDGE('',*,*,#6600,.T.);
#9073=ORIENTED_EDGE('',*,*,#6652,.T.);
#9074=ORIENTED_EDGE('',*,*,#6344,.T.);
#9075=ORIENTED_EDGE('',*,*,#6657,.T.);
#9076=ORIENTED_EDGE('',*,*,#6658,.F.);
#9077=ORIENTED_EDGE('',*,*,#6372,.T.);
#9078=ORIENTED_EDGE('',*,*,#6655,.T.);
#9079=ORIENTED_EDGE('',*,*,#6659,.T.);
#9080=ORIENTED_EDGE('',*,*,#6660,.F.);
#9081=ORIENTED_EDGE('',*,*,#6373,.T.);
#9082=ORIENTED_EDGE('',*,*,#6658,.T.);
#9083=ORIENTED_EDGE('',*,*,#6661,.T.);
#9084=ORIENTED_EDGE('',*,*,#6662,.F.);
#9085=ORIENTED_EDGE('',*,*,#6374,.T.);
#9086=ORIENTED_EDGE('',*,*,#6660,.T.);
#9087=ORIENTED_EDGE('',*,*,#6663,.T.);
#9088=ORIENTED_EDGE('',*,*,#6664,.F.);
#9089=ORIENTED_EDGE('',*,*,#6375,.T.);
#9090=ORIENTED_EDGE('',*,*,#6662,.T.);
#9091=ORIENTED_EDGE('',*,*,#6665,.T.);
#9092=ORIENTED_EDGE('',*,*,#6666,.F.);
#9093=ORIENTED_EDGE('',*,*,#6376,.T.);
#9094=ORIENTED_EDGE('',*,*,#6664,.T.);
#9095=ORIENTED_EDGE('',*,*,#6667,.T.);
#9096=ORIENTED_EDGE('',*,*,#6668,.F.);
#9097=ORIENTED_EDGE('',*,*,#6377,.T.);
#9098=ORIENTED_EDGE('',*,*,#6666,.T.);
#9099=ORIENTED_EDGE('',*,*,#6669,.T.);
#9100=ORIENTED_EDGE('',*,*,#6670,.F.);
#9101=ORIENTED_EDGE('',*,*,#6378,.T.);
#9102=ORIENTED_EDGE('',*,*,#6668,.T.);
#9103=ORIENTED_EDGE('',*,*,#6671,.T.);
#9104=ORIENTED_EDGE('',*,*,#6672,.F.);
#9105=ORIENTED_EDGE('',*,*,#6379,.T.);
#9106=ORIENTED_EDGE('',*,*,#6670,.T.);
#9107=ORIENTED_EDGE('',*,*,#6380,.T.);
#9108=ORIENTED_EDGE('',*,*,#6672,.T.);
#9109=ORIENTED_EDGE('',*,*,#6673,.T.);
#9110=ORIENTED_EDGE('',*,*,#6674,.F.);
#9111=ORIENTED_EDGE('',*,*,#6675,.T.);
#9112=ORIENTED_EDGE('',*,*,#6676,.F.);
#9113=ORIENTED_EDGE('',*,*,#6381,.T.);
#9114=ORIENTED_EDGE('',*,*,#6674,.T.);
#9115=ORIENTED_EDGE('',*,*,#6677,.T.);
#9116=ORIENTED_EDGE('',*,*,#6678,.F.);
#9117=ORIENTED_EDGE('',*,*,#6382,.T.);
#9118=ORIENTED_EDGE('',*,*,#6676,.T.);
#9119=ORIENTED_EDGE('',*,*,#6679,.T.);
#9120=ORIENTED_EDGE('',*,*,#6680,.F.);
#9121=ORIENTED_EDGE('',*,*,#6383,.T.);
#9122=ORIENTED_EDGE('',*,*,#6678,.T.);
#9123=ORIENTED_EDGE('',*,*,#6681,.T.);
#9124=ORIENTED_EDGE('',*,*,#6682,.F.);
#9125=ORIENTED_EDGE('',*,*,#6384,.T.);
#9126=ORIENTED_EDGE('',*,*,#6680,.T.);
#9127=ORIENTED_EDGE('',*,*,#6683,.T.);
#9128=ORIENTED_EDGE('',*,*,#6684,.F.);
#9129=ORIENTED_EDGE('',*,*,#6385,.T.);
#9130=ORIENTED_EDGE('',*,*,#6682,.T.);
#9131=ORIENTED_EDGE('',*,*,#6330,.T.);
#9132=ORIENTED_EDGE('',*,*,#6685,.F.);
#9133=ORIENTED_EDGE('',*,*,#6572,.T.);
#9134=ORIENTED_EDGE('',*,*,#6686,.F.);
#9135=ORIENTED_EDGE('',*,*,#6687,.T.);
#9136=ORIENTED_EDGE('',*,*,#6688,.F.);
#9137=ORIENTED_EDGE('',*,*,#6386,.T.);
#9138=ORIENTED_EDGE('',*,*,#6684,.T.);
#9139=ORIENTED_EDGE('',*,*,#6689,.T.);
#9140=ORIENTED_EDGE('',*,*,#6690,.F.);
#9141=ORIENTED_EDGE('',*,*,#6387,.T.);
#9142=ORIENTED_EDGE('',*,*,#6688,.T.);
#9143=ORIENTED_EDGE('',*,*,#6691,.T.);
#9144=ORIENTED_EDGE('',*,*,#6692,.F.);
#9145=ORIENTED_EDGE('',*,*,#6388,.T.);
#9146=ORIENTED_EDGE('',*,*,#6690,.T.);
#9147=ORIENTED_EDGE('',*,*,#6327,.T.);
#9148=ORIENTED_EDGE('',*,*,#6693,.F.);
#9149=ORIENTED_EDGE('',*,*,#6566,.T.);
#9150=ORIENTED_EDGE('',*,*,#6694,.F.);
#9151=ORIENTED_EDGE('',*,*,#6695,.F.);
#9152=ORIENTED_EDGE('',*,*,#6564,.T.);
#9153=ORIENTED_EDGE('',*,*,#6693,.T.);
#9154=ORIENTED_EDGE('',*,*,#6326,.T.);
#9155=ORIENTED_EDGE('',*,*,#6696,.F.);
#9156=ORIENTED_EDGE('',*,*,#6697,.T.);
#9157=ORIENTED_EDGE('',*,*,#6698,.F.);
#9158=ORIENTED_EDGE('',*,*,#6390,.T.);
#9159=ORIENTED_EDGE('',*,*,#6699,.T.);
#9160=ORIENTED_EDGE('',*,*,#6700,.F.);
#9161=ORIENTED_EDGE('',*,*,#6391,.T.);
#9162=ORIENTED_EDGE('',*,*,#6698,.T.);
#9163=ORIENTED_EDGE('',*,*,#6701,.T.);
#9164=ORIENTED_EDGE('',*,*,#6702,.F.);
#9165=ORIENTED_EDGE('',*,*,#6392,.T.);
#9166=ORIENTED_EDGE('',*,*,#6700,.T.);
#9167=ORIENTED_EDGE('',*,*,#6393,.T.);
#9168=ORIENTED_EDGE('',*,*,#6702,.T.);
#9169=ORIENTED_EDGE('',*,*,#6703,.T.);
#9170=ORIENTED_EDGE('',*,*,#6704,.F.);
#9171=ORIENTED_EDGE('',*,*,#6705,.T.);
#9172=ORIENTED_EDGE('',*,*,#6706,.F.);
#9173=ORIENTED_EDGE('',*,*,#6394,.T.);
#9174=ORIENTED_EDGE('',*,*,#6704,.T.);
#9175=ORIENTED_EDGE('',*,*,#6707,.T.);
#9176=ORIENTED_EDGE('',*,*,#6708,.F.);
#9177=ORIENTED_EDGE('',*,*,#6395,.T.);
#9178=ORIENTED_EDGE('',*,*,#6706,.T.);
#9179=ORIENTED_EDGE('',*,*,#6709,.T.);
#9180=ORIENTED_EDGE('',*,*,#6710,.F.);
#9181=ORIENTED_EDGE('',*,*,#6396,.T.);
#9182=ORIENTED_EDGE('',*,*,#6708,.T.);
#9183=ORIENTED_EDGE('',*,*,#6711,.F.);
#9184=ORIENTED_EDGE('',*,*,#6712,.T.);
#9185=ORIENTED_EDGE('',*,*,#6713,.F.);
#9186=ORIENTED_EDGE('',*,*,#6399,.T.);
#9187=ORIENTED_EDGE('',*,*,#6315,.T.);
#9188=ORIENTED_EDGE('',*,*,#6714,.F.);
#9189=ORIENTED_EDGE('',*,*,#6542,.T.);
#9190=ORIENTED_EDGE('',*,*,#6715,.F.);
#9191=ORIENTED_EDGE('',*,*,#6716,.F.);
#9192=ORIENTED_EDGE('',*,*,#6717,.T.);
#9193=ORIENTED_EDGE('',*,*,#6718,.F.);
#9194=ORIENTED_EDGE('',*,*,#6401,.T.);
#9195=ORIENTED_EDGE('',*,*,#6714,.T.);
#9196=ORIENTED_EDGE('',*,*,#6314,.T.);
#9197=ORIENTED_EDGE('',*,*,#6719,.F.);
#9198=ORIENTED_EDGE('',*,*,#6540,.T.);
#9199=ORIENTED_EDGE('',*,*,#6720,.T.);
#9200=ORIENTED_EDGE('',*,*,#6721,.F.);
#9201=ORIENTED_EDGE('',*,*,#6402,.T.);
#9202=ORIENTED_EDGE('',*,*,#6718,.T.);
#9203=ORIENTED_EDGE('',*,*,#6722,.T.);
#9204=ORIENTED_EDGE('',*,*,#6723,.F.);
#9205=ORIENTED_EDGE('',*,*,#6403,.T.);
#9206=ORIENTED_EDGE('',*,*,#6721,.T.);
#9207=ORIENTED_EDGE('',*,*,#6724,.T.);
#9208=ORIENTED_EDGE('',*,*,#6725,.F.);
#9209=ORIENTED_EDGE('',*,*,#6404,.T.);
#9210=ORIENTED_EDGE('',*,*,#6723,.T.);
#9211=ORIENTED_EDGE('',*,*,#6726,.T.);
#9212=ORIENTED_EDGE('',*,*,#6727,.F.);
#9213=ORIENTED_EDGE('',*,*,#6405,.T.);
#9214=ORIENTED_EDGE('',*,*,#6725,.T.);
#9215=ORIENTED_EDGE('',*,*,#6310,.T.);
#9216=ORIENTED_EDGE('',*,*,#6728,.F.);
#9217=ORIENTED_EDGE('',*,*,#6532,.T.);
#9218=ORIENTED_EDGE('',*,*,#6729,.F.);
#9219=ORIENTED_EDGE('',*,*,#6730,.T.);
#9220=ORIENTED_EDGE('',*,*,#6731,.F.);
#9221=ORIENTED_EDGE('',*,*,#6406,.T.);
#9222=ORIENTED_EDGE('',*,*,#6727,.T.);
#9223=ORIENTED_EDGE('',*,*,#6728,.T.);
#9224=ORIENTED_EDGE('',*,*,#6309,.T.);
#9225=ORIENTED_EDGE('',*,*,#6732,.F.);
#9226=ORIENTED_EDGE('',*,*,#6530,.T.);
#9227=ORIENTED_EDGE('',*,*,#6733,.T.);
#9228=ORIENTED_EDGE('',*,*,#6734,.F.);
#9229=ORIENTED_EDGE('',*,*,#6407,.T.);
#9230=ORIENTED_EDGE('',*,*,#6731,.T.);
#9231=ORIENTED_EDGE('',*,*,#6408,.T.);
#9232=ORIENTED_EDGE('',*,*,#6734,.T.);
#9233=ORIENTED_EDGE('',*,*,#6735,.T.);
#9234=ORIENTED_EDGE('',*,*,#6736,.F.);
#9235=ORIENTED_EDGE('',*,*,#6737,.T.);
#9236=ORIENTED_EDGE('',*,*,#6738,.F.);
#9237=ORIENTED_EDGE('',*,*,#6409,.T.);
#9238=ORIENTED_EDGE('',*,*,#6736,.T.);
#9239=ORIENTED_EDGE('',*,*,#6739,.T.);
#9240=ORIENTED_EDGE('',*,*,#6740,.F.);
#9241=ORIENTED_EDGE('',*,*,#6410,.T.);
#9242=ORIENTED_EDGE('',*,*,#6738,.T.);
#9243=ORIENTED_EDGE('',*,*,#6741,.T.);
#9244=ORIENTED_EDGE('',*,*,#6742,.F.);
#9245=ORIENTED_EDGE('',*,*,#6411,.T.);
#9246=ORIENTED_EDGE('',*,*,#6740,.T.);
#9247=ORIENTED_EDGE('',*,*,#6743,.F.);
#9248=ORIENTED_EDGE('',*,*,#6744,.T.);
#9249=ORIENTED_EDGE('',*,*,#6745,.F.);
#9250=ORIENTED_EDGE('',*,*,#6416,.T.);
#9251=ORIENTED_EDGE('',*,*,#6746,.F.);
#9252=ORIENTED_EDGE('',*,*,#5424,.T.);
#9253=ORIENTED_EDGE('',*,*,#6747,.F.);
#9254=ORIENTED_EDGE('',*,*,#6418,.T.);
#9255=ORIENTED_EDGE('',*,*,#5426,.T.);
#9256=ORIENTED_EDGE('',*,*,#6748,.F.);
#9257=ORIENTED_EDGE('',*,*,#6419,.T.);
#9258=ORIENTED_EDGE('',*,*,#6747,.T.);
#9259=ORIENTED_EDGE('',*,*,#6296,.T.);
#9260=ORIENTED_EDGE('',*,*,#6749,.F.);
#9261=ORIENTED_EDGE('',*,*,#6504,.T.);
#9262=ORIENTED_EDGE('',*,*,#6750,.F.);
#9263=ORIENTED_EDGE('',*,*,#5427,.T.);
#9264=ORIENTED_EDGE('',*,*,#6751,.F.);
#9265=ORIENTED_EDGE('',*,*,#6420,.T.);
#9266=ORIENTED_EDGE('',*,*,#6748,.T.);
#9267=ORIENTED_EDGE('',*,*,#5418,.T.);
#9268=ORIENTED_EDGE('',*,*,#6752,.F.);
#9269=ORIENTED_EDGE('',*,*,#6421,.T.);
#9270=ORIENTED_EDGE('',*,*,#6751,.T.);
#9271=ORIENTED_EDGE('',*,*,#6753,.T.);
#9272=ORIENTED_EDGE('',*,*,#6754,.F.);
#9273=ORIENTED_EDGE('',*,*,#6422,.T.);
#9274=ORIENTED_EDGE('',*,*,#6752,.T.);
#9275=ORIENTED_EDGE('',*,*,#6755,.T.);
#9276=ORIENTED_EDGE('',*,*,#6756,.F.);
#9277=ORIENTED_EDGE('',*,*,#6423,.T.);
#9278=ORIENTED_EDGE('',*,*,#6754,.T.);
#9279=ORIENTED_EDGE('',*,*,#6424,.T.);
#9280=ORIENTED_EDGE('',*,*,#6756,.T.);
#9281=ORIENTED_EDGE('',*,*,#6289,.T.);
#9282=ORIENTED_EDGE('',*,*,#6757,.F.);
#9283=ORIENTED_EDGE('',*,*,#6425,.T.);
#9284=ORIENTED_EDGE('',*,*,#6757,.T.);
#9285=ORIENTED_EDGE('',*,*,#6292,.T.);
#9286=ORIENTED_EDGE('',*,*,#6758,.F.);
#9287=ORIENTED_EDGE('',*,*,#6426,.T.);
#9288=ORIENTED_EDGE('',*,*,#6758,.T.);
#9289=ORIENTED_EDGE('',*,*,#6294,.T.);
#9290=ORIENTED_EDGE('',*,*,#6759,.F.);
#9291=ORIENTED_EDGE('',*,*,#6502,.T.);
#9292=ORIENTED_EDGE('',*,*,#6749,.T.);
#9293=ORIENTED_EDGE('',*,*,#6295,.T.);
#9294=ORIENTED_EDGE('',*,*,#6759,.T.);
#9295=ORIENTED_EDGE('',*,*,#6297,.T.);
#9296=ORIENTED_EDGE('',*,*,#6750,.T.);
#9297=ORIENTED_EDGE('',*,*,#6506,.T.);
#9298=ORIENTED_EDGE('',*,*,#6760,.F.);
#9299=ORIENTED_EDGE('',*,*,#6298,.T.);
#9300=ORIENTED_EDGE('',*,*,#6760,.T.);
#9301=ORIENTED_EDGE('',*,*,#6508,.T.);
#9302=ORIENTED_EDGE('',*,*,#6761,.F.);
#9303=ORIENTED_EDGE('',*,*,#5421,.T.);
#9304=ORIENTED_EDGE('',*,*,#6746,.T.);
#9305=ORIENTED_EDGE('',*,*,#6417,.T.);
#9306=ORIENTED_EDGE('',*,*,#6745,.T.);
#9307=ORIENTED_EDGE('',*,*,#6299,.T.);
#9308=ORIENTED_EDGE('',*,*,#6761,.T.);
#9309=ORIENTED_EDGE('',*,*,#6510,.T.);
#9310=ORIENTED_EDGE('',*,*,#6762,.F.);
#9311=ORIENTED_EDGE('',*,*,#6300,.T.);
#9312=ORIENTED_EDGE('',*,*,#6762,.T.);
#9313=ORIENTED_EDGE('',*,*,#6512,.T.);
#9314=ORIENTED_EDGE('',*,*,#6763,.F.);
#9315=ORIENTED_EDGE('',*,*,#6764,.F.);
#9316=ORIENTED_EDGE('',*,*,#6765,.T.);
#9317=ORIENTED_EDGE('',*,*,#6743,.T.);
#9318=ORIENTED_EDGE('',*,*,#6415,.T.);
#9319=ORIENTED_EDGE('',*,*,#6301,.T.);
#9320=ORIENTED_EDGE('',*,*,#6763,.T.);
#9321=ORIENTED_EDGE('',*,*,#6514,.T.);
#9322=ORIENTED_EDGE('',*,*,#6766,.F.);
#9323=ORIENTED_EDGE('',*,*,#6767,.F.);
#9324=ORIENTED_EDGE('',*,*,#6768,.T.);
#9325=ORIENTED_EDGE('',*,*,#6764,.T.);
#9326=ORIENTED_EDGE('',*,*,#6414,.T.);
#9327=ORIENTED_EDGE('',*,*,#6302,.T.);
#9328=ORIENTED_EDGE('',*,*,#6766,.T.);
#9329=ORIENTED_EDGE('',*,*,#6516,.T.);
#9330=ORIENTED_EDGE('',*,*,#6769,.F.);
#9331=ORIENTED_EDGE('',*,*,#6770,.F.);
#9332=ORIENTED_EDGE('',*,*,#6771,.T.);
#9333=ORIENTED_EDGE('',*,*,#6767,.T.);
#9334=ORIENTED_EDGE('',*,*,#6413,.T.);
#9335=ORIENTED_EDGE('',*,*,#6303,.T.);
#9336=ORIENTED_EDGE('',*,*,#6769,.T.);
#9337=ORIENTED_EDGE('',*,*,#6518,.T.);
#9338=ORIENTED_EDGE('',*,*,#6772,.F.);
#9339=ORIENTED_EDGE('',*,*,#5415,.T.);
#9340=ORIENTED_EDGE('',*,*,#6770,.T.);
#9341=ORIENTED_EDGE('',*,*,#6412,.T.);
#9342=ORIENTED_EDGE('',*,*,#6742,.T.);
#9343=ORIENTED_EDGE('',*,*,#6304,.T.);
#9344=ORIENTED_EDGE('',*,*,#6772,.T.);
#9345=ORIENTED_EDGE('',*,*,#6520,.T.);
#9346=ORIENTED_EDGE('',*,*,#6773,.F.);
#9347=ORIENTED_EDGE('',*,*,#6305,.T.);
#9348=ORIENTED_EDGE('',*,*,#6773,.T.);
#9349=ORIENTED_EDGE('',*,*,#6522,.T.);
#9350=ORIENTED_EDGE('',*,*,#6774,.F.);
#9351=ORIENTED_EDGE('',*,*,#6306,.T.);
#9352=ORIENTED_EDGE('',*,*,#6774,.T.);
#9353=ORIENTED_EDGE('',*,*,#6524,.T.);
#9354=ORIENTED_EDGE('',*,*,#6775,.F.);
#9355=ORIENTED_EDGE('',*,*,#6307,.T.);
#9356=ORIENTED_EDGE('',*,*,#6775,.T.);
#9357=ORIENTED_EDGE('',*,*,#6526,.T.);
#9358=ORIENTED_EDGE('',*,*,#6776,.F.);
#9359=ORIENTED_EDGE('',*,*,#6732,.T.);
#9360=ORIENTED_EDGE('',*,*,#6308,.T.);
#9361=ORIENTED_EDGE('',*,*,#6776,.T.);
#9362=ORIENTED_EDGE('',*,*,#6528,.T.);
#9363=ORIENTED_EDGE('',*,*,#6311,.T.);
#9364=ORIENTED_EDGE('',*,*,#6729,.T.);
#9365=ORIENTED_EDGE('',*,*,#6534,.T.);
#9366=ORIENTED_EDGE('',*,*,#6777,.F.);
#9367=ORIENTED_EDGE('',*,*,#6312,.T.);
#9368=ORIENTED_EDGE('',*,*,#6777,.T.);
#9369=ORIENTED_EDGE('',*,*,#6536,.T.);
#9370=ORIENTED_EDGE('',*,*,#6778,.F.);
#9371=ORIENTED_EDGE('',*,*,#6538,.T.);
#9372=ORIENTED_EDGE('',*,*,#6719,.T.);
#9373=ORIENTED_EDGE('',*,*,#6313,.T.);
#9374=ORIENTED_EDGE('',*,*,#6778,.T.);
#9375=ORIENTED_EDGE('',*,*,#6779,.T.);
#9376=ORIENTED_EDGE('',*,*,#6716,.T.);
#9377=ORIENTED_EDGE('',*,*,#6400,.T.);
#9378=ORIENTED_EDGE('',*,*,#6713,.T.);
#9379=ORIENTED_EDGE('',*,*,#6316,.T.);
#9380=ORIENTED_EDGE('',*,*,#6715,.T.);
#9381=ORIENTED_EDGE('',*,*,#6544,.T.);
#9382=ORIENTED_EDGE('',*,*,#6780,.F.);
#9383=ORIENTED_EDGE('',*,*,#6317,.T.);
#9384=ORIENTED_EDGE('',*,*,#6780,.T.);
#9385=ORIENTED_EDGE('',*,*,#6546,.T.);
#9386=ORIENTED_EDGE('',*,*,#6781,.F.);
#9387=ORIENTED_EDGE('',*,*,#6782,.F.);
#9388=ORIENTED_EDGE('',*,*,#6783,.T.);
#9389=ORIENTED_EDGE('',*,*,#6711,.T.);
#9390=ORIENTED_EDGE('',*,*,#6398,.T.);
#9391=ORIENTED_EDGE('',*,*,#6318,.T.);
#9392=ORIENTED_EDGE('',*,*,#6781,.T.);
#9393=ORIENTED_EDGE('',*,*,#6548,.T.);
#9394=ORIENTED_EDGE('',*,*,#6784,.F.);
#9395=ORIENTED_EDGE('',*,*,#6785,.T.);
#9396=ORIENTED_EDGE('',*,*,#6782,.T.);
#9397=ORIENTED_EDGE('',*,*,#6397,.T.);
#9398=ORIENTED_EDGE('',*,*,#6710,.T.);
#9399=ORIENTED_EDGE('',*,*,#6319,.T.);
#9400=ORIENTED_EDGE('',*,*,#6784,.T.);
#9401=ORIENTED_EDGE('',*,*,#6550,.T.);
#9402=ORIENTED_EDGE('',*,*,#6786,.F.);
#9403=ORIENTED_EDGE('',*,*,#6320,.T.);
#9404=ORIENTED_EDGE('',*,*,#6786,.T.);
#9405=ORIENTED_EDGE('',*,*,#6552,.T.);
#9406=ORIENTED_EDGE('',*,*,#6787,.F.);
#9407=ORIENTED_EDGE('',*,*,#6321,.T.);
#9408=ORIENTED_EDGE('',*,*,#6787,.T.);
#9409=ORIENTED_EDGE('',*,*,#6554,.T.);
#9410=ORIENTED_EDGE('',*,*,#6788,.F.);
#9411=ORIENTED_EDGE('',*,*,#6322,.T.);
#9412=ORIENTED_EDGE('',*,*,#6788,.T.);
#9413=ORIENTED_EDGE('',*,*,#6556,.T.);
#9414=ORIENTED_EDGE('',*,*,#6789,.F.);
#9415=ORIENTED_EDGE('',*,*,#6323,.T.);
#9416=ORIENTED_EDGE('',*,*,#6789,.T.);
#9417=ORIENTED_EDGE('',*,*,#6558,.T.);
#9418=ORIENTED_EDGE('',*,*,#6790,.F.);
#9419=ORIENTED_EDGE('',*,*,#6324,.T.);
#9420=ORIENTED_EDGE('',*,*,#6790,.T.);
#9421=ORIENTED_EDGE('',*,*,#6560,.T.);
#9422=ORIENTED_EDGE('',*,*,#6791,.F.);
#9423=ORIENTED_EDGE('',*,*,#6695,.T.);
#9424=ORIENTED_EDGE('',*,*,#6325,.T.);
#9425=ORIENTED_EDGE('',*,*,#6791,.T.);
#9426=ORIENTED_EDGE('',*,*,#6562,.T.);
#9427=ORIENTED_EDGE('',*,*,#6792,.T.);
#9428=ORIENTED_EDGE('',*,*,#6696,.T.);
#9429=ORIENTED_EDGE('',*,*,#6389,.T.);
#9430=ORIENTED_EDGE('',*,*,#6692,.T.);
#9431=ORIENTED_EDGE('',*,*,#6328,.T.);
#9432=ORIENTED_EDGE('',*,*,#6694,.T.);
#9433=ORIENTED_EDGE('',*,*,#6568,.T.);
#9434=ORIENTED_EDGE('',*,*,#6793,.F.);
#9435=ORIENTED_EDGE('',*,*,#6570,.T.);
#9436=ORIENTED_EDGE('',*,*,#6685,.T.);
#9437=ORIENTED_EDGE('',*,*,#6329,.T.);
#9438=ORIENTED_EDGE('',*,*,#6793,.T.);
#9439=ORIENTED_EDGE('',*,*,#6331,.T.);
#9440=ORIENTED_EDGE('',*,*,#6686,.T.);
#9441=ORIENTED_EDGE('',*,*,#6574,.T.);
#9442=ORIENTED_EDGE('',*,*,#6794,.F.);
#9443=ORIENTED_EDGE('',*,*,#6332,.T.);
#9444=ORIENTED_EDGE('',*,*,#6794,.T.);
#9445=ORIENTED_EDGE('',*,*,#6576,.T.);
#9446=ORIENTED_EDGE('',*,*,#6795,.F.);
#9447=ORIENTED_EDGE('',*,*,#6333,.T.);
#9448=ORIENTED_EDGE('',*,*,#6795,.T.);
#9449=ORIENTED_EDGE('',*,*,#6578,.T.);
#9450=ORIENTED_EDGE('',*,*,#6796,.F.);
#9451=ORIENTED_EDGE('',*,*,#6334,.T.);
#9452=ORIENTED_EDGE('',*,*,#6796,.T.);
#9453=ORIENTED_EDGE('',*,*,#6580,.T.);
#9454=ORIENTED_EDGE('',*,*,#6797,.F.);
#9455=ORIENTED_EDGE('',*,*,#6335,.T.);
#9456=ORIENTED_EDGE('',*,*,#6797,.T.);
#9457=ORIENTED_EDGE('',*,*,#6582,.T.);
#9458=ORIENTED_EDGE('',*,*,#6798,.F.);
#9459=ORIENTED_EDGE('',*,*,#6336,.T.);
#9460=ORIENTED_EDGE('',*,*,#6798,.T.);
#9461=ORIENTED_EDGE('',*,*,#6584,.T.);
#9462=ORIENTED_EDGE('',*,*,#6799,.F.);
#9463=ORIENTED_EDGE('',*,*,#6337,.T.);
#9464=ORIENTED_EDGE('',*,*,#6799,.T.);
#9465=ORIENTED_EDGE('',*,*,#6586,.T.);
#9466=ORIENTED_EDGE('',*,*,#6800,.F.);
#9467=ORIENTED_EDGE('',*,*,#6338,.T.);
#9468=ORIENTED_EDGE('',*,*,#6800,.T.);
#9469=ORIENTED_EDGE('',*,*,#6588,.T.);
#9470=ORIENTED_EDGE('',*,*,#6801,.F.);
#9471=ORIENTED_EDGE('',*,*,#6339,.T.);
#9472=ORIENTED_EDGE('',*,*,#6801,.T.);
#9473=ORIENTED_EDGE('',*,*,#6590,.T.);
#9474=ORIENTED_EDGE('',*,*,#6802,.F.);
#9475=ORIENTED_EDGE('',*,*,#6340,.T.);
#9476=ORIENTED_EDGE('',*,*,#6802,.T.);
#9477=ORIENTED_EDGE('',*,*,#6592,.T.);
#9478=ORIENTED_EDGE('',*,*,#6803,.F.);
#9479=ORIENTED_EDGE('',*,*,#6341,.T.);
#9480=ORIENTED_EDGE('',*,*,#6803,.T.);
#9481=ORIENTED_EDGE('',*,*,#6594,.T.);
#9482=ORIENTED_EDGE('',*,*,#6804,.F.);
#9483=ORIENTED_EDGE('',*,*,#6342,.T.);
#9484=ORIENTED_EDGE('',*,*,#6804,.T.);
#9485=ORIENTED_EDGE('',*,*,#6596,.T.);
#9486=ORIENTED_EDGE('',*,*,#6805,.F.);
#9487=ORIENTED_EDGE('',*,*,#6656,.T.);
#9488=ORIENTED_EDGE('',*,*,#6343,.T.);
#9489=ORIENTED_EDGE('',*,*,#6805,.T.);
#9490=ORIENTED_EDGE('',*,*,#6598,.T.);
#9491=ORIENTED_EDGE('',*,*,#6346,.T.);
#9492=ORIENTED_EDGE('',*,*,#6653,.T.);
#9493=ORIENTED_EDGE('',*,*,#6604,.T.);
#9494=ORIENTED_EDGE('',*,*,#6806,.F.);
#9495=ORIENTED_EDGE('',*,*,#6606,.T.);
#9496=ORIENTED_EDGE('',*,*,#6644,.T.);
#9497=ORIENTED_EDGE('',*,*,#6347,.T.);
#9498=ORIENTED_EDGE('',*,*,#6806,.T.);
#9499=ORIENTED_EDGE('',*,*,#6349,.T.);
#9500=ORIENTED_EDGE('',*,*,#6645,.T.);
#9501=ORIENTED_EDGE('',*,*,#6610,.T.);
#9502=ORIENTED_EDGE('',*,*,#6807,.F.);
#9503=ORIENTED_EDGE('',*,*,#6350,.T.);
#9504=ORIENTED_EDGE('',*,*,#6807,.T.);
#9505=ORIENTED_EDGE('',*,*,#6612,.T.);
#9506=ORIENTED_EDGE('',*,*,#6808,.F.);
#9507=ORIENTED_EDGE('',*,*,#6351,.T.);
#9508=ORIENTED_EDGE('',*,*,#6808,.T.);
#9509=ORIENTED_EDGE('',*,*,#6614,.T.);
#9510=ORIENTED_EDGE('',*,*,#6809,.F.);
#9511=ORIENTED_EDGE('',*,*,#6352,.T.);
#9512=ORIENTED_EDGE('',*,*,#6809,.T.);
#9513=ORIENTED_EDGE('',*,*,#6616,.T.);
#9514=ORIENTED_EDGE('',*,*,#6810,.F.);
#9515=ORIENTED_EDGE('',*,*,#6353,.T.);
#9516=ORIENTED_EDGE('',*,*,#6810,.T.);
#9517=ORIENTED_EDGE('',*,*,#6618,.T.);
#9518=ORIENTED_EDGE('',*,*,#6811,.F.);
#9519=ORIENTED_EDGE('',*,*,#6354,.T.);
#9520=ORIENTED_EDGE('',*,*,#6811,.T.);
#9521=ORIENTED_EDGE('',*,*,#6620,.T.);
#9522=ORIENTED_EDGE('',*,*,#6812,.F.);
#9523=ORIENTED_EDGE('',*,*,#6355,.T.);
#9524=ORIENTED_EDGE('',*,*,#6812,.T.);
#9525=ORIENTED_EDGE('',*,*,#6622,.T.);
#9526=ORIENTED_EDGE('',*,*,#6813,.F.);
#9527=ORIENTED_EDGE('',*,*,#6356,.T.);
#9528=ORIENTED_EDGE('',*,*,#6813,.T.);
#9529=ORIENTED_EDGE('',*,*,#6624,.T.);
#9530=ORIENTED_EDGE('',*,*,#6814,.F.);
#9531=ORIENTED_EDGE('',*,*,#6815,.T.);
#9532=ORIENTED_EDGE('',*,*,#6627,.T.);
#9533=ORIENTED_EDGE('',*,*,#6359,.T.);
#9534=ORIENTED_EDGE('',*,*,#6816,.T.);
#9535=ORIENTED_EDGE('',*,*,#6357,.T.);
#9536=ORIENTED_EDGE('',*,*,#6814,.T.);
#9537=ORIENTED_EDGE('',*,*,#6626,.T.);
#9538=ORIENTED_EDGE('',*,*,#6817,.F.);
#9539=ORIENTED_EDGE('',*,*,#6358,.T.);
#9540=ORIENTED_EDGE('',*,*,#6817,.T.);
#9541=ORIENTED_EDGE('',*,*,#6818,.T.);
#9542=ORIENTED_EDGE('',*,*,#6816,.F.);
#9543=ORIENTED_EDGE('',*,*,#5991,.T.);
#9544=ORIENTED_EDGE('',*,*,#6819,.F.);
#9545=ORIENTED_EDGE('',*,*,#6427,.F.);
#9546=ORIENTED_EDGE('',*,*,#6286,.T.);
#9547=ORIENTED_EDGE('',*,*,#6138,.T.);
#9548=ORIENTED_EDGE('',*,*,#6820,.F.);
#9549=ORIENTED_EDGE('',*,*,#6428,.F.);
#9550=ORIENTED_EDGE('',*,*,#6819,.T.);
#9551=ORIENTED_EDGE('',*,*,#6137,.T.);
#9552=ORIENTED_EDGE('',*,*,#6821,.F.);
#9553=ORIENTED_EDGE('',*,*,#6429,.F.);
#9554=ORIENTED_EDGE('',*,*,#6820,.T.);
#9555=ORIENTED_EDGE('',*,*,#6136,.T.);
#9556=ORIENTED_EDGE('',*,*,#6822,.F.);
#9557=ORIENTED_EDGE('',*,*,#6430,.F.);
#9558=ORIENTED_EDGE('',*,*,#6821,.T.);
#9559=ORIENTED_EDGE('',*,*,#6135,.T.);
#9560=ORIENTED_EDGE('',*,*,#6823,.F.);
#9561=ORIENTED_EDGE('',*,*,#6431,.F.);
#9562=ORIENTED_EDGE('',*,*,#6822,.T.);
#9563=ORIENTED_EDGE('',*,*,#6134,.T.);
#9564=ORIENTED_EDGE('',*,*,#6824,.F.);
#9565=ORIENTED_EDGE('',*,*,#6432,.F.);
#9566=ORIENTED_EDGE('',*,*,#6823,.T.);
#9567=ORIENTED_EDGE('',*,*,#6133,.T.);
#9568=ORIENTED_EDGE('',*,*,#6825,.F.);
#9569=ORIENTED_EDGE('',*,*,#6433,.F.);
#9570=ORIENTED_EDGE('',*,*,#6824,.T.);
#9571=ORIENTED_EDGE('',*,*,#6132,.T.);
#9572=ORIENTED_EDGE('',*,*,#6826,.F.);
#9573=ORIENTED_EDGE('',*,*,#6434,.F.);
#9574=ORIENTED_EDGE('',*,*,#6825,.T.);
#9575=ORIENTED_EDGE('',*,*,#6131,.T.);
#9576=ORIENTED_EDGE('',*,*,#6827,.F.);
#9577=ORIENTED_EDGE('',*,*,#6435,.F.);
#9578=ORIENTED_EDGE('',*,*,#6826,.T.);
#9579=ORIENTED_EDGE('',*,*,#6130,.T.);
#9580=ORIENTED_EDGE('',*,*,#6828,.F.);
#9581=ORIENTED_EDGE('',*,*,#6436,.F.);
#9582=ORIENTED_EDGE('',*,*,#6827,.T.);
#9583=ORIENTED_EDGE('',*,*,#6129,.T.);
#9584=ORIENTED_EDGE('',*,*,#6829,.F.);
#9585=ORIENTED_EDGE('',*,*,#6437,.F.);
#9586=ORIENTED_EDGE('',*,*,#6828,.T.);
#9587=ORIENTED_EDGE('',*,*,#6128,.T.);
#9588=ORIENTED_EDGE('',*,*,#6830,.F.);
#9589=ORIENTED_EDGE('',*,*,#6438,.F.);
#9590=ORIENTED_EDGE('',*,*,#6829,.T.);
#9591=ORIENTED_EDGE('',*,*,#6127,.T.);
#9592=ORIENTED_EDGE('',*,*,#6831,.F.);
#9593=ORIENTED_EDGE('',*,*,#6439,.F.);
#9594=ORIENTED_EDGE('',*,*,#6830,.T.);
#9595=ORIENTED_EDGE('',*,*,#6126,.T.);
#9596=ORIENTED_EDGE('',*,*,#6832,.F.);
#9597=ORIENTED_EDGE('',*,*,#6440,.F.);
#9598=ORIENTED_EDGE('',*,*,#6831,.T.);
#9599=ORIENTED_EDGE('',*,*,#6125,.T.);
#9600=ORIENTED_EDGE('',*,*,#6833,.F.);
#9601=ORIENTED_EDGE('',*,*,#6441,.F.);
#9602=ORIENTED_EDGE('',*,*,#6832,.T.);
#9603=ORIENTED_EDGE('',*,*,#6124,.T.);
#9604=ORIENTED_EDGE('',*,*,#6834,.F.);
#9605=ORIENTED_EDGE('',*,*,#6442,.F.);
#9606=ORIENTED_EDGE('',*,*,#6833,.T.);
#9607=ORIENTED_EDGE('',*,*,#6123,.T.);
#9608=ORIENTED_EDGE('',*,*,#6835,.F.);
#9609=ORIENTED_EDGE('',*,*,#6443,.F.);
#9610=ORIENTED_EDGE('',*,*,#6834,.T.);
#9611=ORIENTED_EDGE('',*,*,#6122,.T.);
#9612=ORIENTED_EDGE('',*,*,#6836,.F.);
#9613=ORIENTED_EDGE('',*,*,#6444,.F.);
#9614=ORIENTED_EDGE('',*,*,#6835,.T.);
#9615=ORIENTED_EDGE('',*,*,#6121,.T.);
#9616=ORIENTED_EDGE('',*,*,#6837,.F.);
#9617=ORIENTED_EDGE('',*,*,#6445,.F.);
#9618=ORIENTED_EDGE('',*,*,#6836,.T.);
#9619=ORIENTED_EDGE('',*,*,#6120,.T.);
#9620=ORIENTED_EDGE('',*,*,#6838,.F.);
#9621=ORIENTED_EDGE('',*,*,#6446,.F.);
#9622=ORIENTED_EDGE('',*,*,#6837,.T.);
#9623=ORIENTED_EDGE('',*,*,#6119,.T.);
#9624=ORIENTED_EDGE('',*,*,#6839,.F.);
#9625=ORIENTED_EDGE('',*,*,#6447,.F.);
#9626=ORIENTED_EDGE('',*,*,#6838,.T.);
#9627=ORIENTED_EDGE('',*,*,#6118,.T.);
#9628=ORIENTED_EDGE('',*,*,#6840,.F.);
#9629=ORIENTED_EDGE('',*,*,#6448,.F.);
#9630=ORIENTED_EDGE('',*,*,#6839,.T.);
#9631=ORIENTED_EDGE('',*,*,#6117,.T.);
#9632=ORIENTED_EDGE('',*,*,#6841,.F.);
#9633=ORIENTED_EDGE('',*,*,#6449,.F.);
#9634=ORIENTED_EDGE('',*,*,#6840,.T.);
#9635=ORIENTED_EDGE('',*,*,#6116,.T.);
#9636=ORIENTED_EDGE('',*,*,#6842,.F.);
#9637=ORIENTED_EDGE('',*,*,#6450,.F.);
#9638=ORIENTED_EDGE('',*,*,#6841,.T.);
#9639=ORIENTED_EDGE('',*,*,#6115,.T.);
#9640=ORIENTED_EDGE('',*,*,#6843,.F.);
#9641=ORIENTED_EDGE('',*,*,#6451,.F.);
#9642=ORIENTED_EDGE('',*,*,#6842,.T.);
#9643=ORIENTED_EDGE('',*,*,#6114,.T.);
#9644=ORIENTED_EDGE('',*,*,#6844,.F.);
#9645=ORIENTED_EDGE('',*,*,#6452,.F.);
#9646=ORIENTED_EDGE('',*,*,#6843,.T.);
#9647=ORIENTED_EDGE('',*,*,#6113,.T.);
#9648=ORIENTED_EDGE('',*,*,#6845,.F.);
#9649=ORIENTED_EDGE('',*,*,#6453,.F.);
#9650=ORIENTED_EDGE('',*,*,#6844,.T.);
#9651=ORIENTED_EDGE('',*,*,#6112,.T.);
#9652=ORIENTED_EDGE('',*,*,#6846,.F.);
#9653=ORIENTED_EDGE('',*,*,#6454,.F.);
#9654=ORIENTED_EDGE('',*,*,#6845,.T.);
#9655=ORIENTED_EDGE('',*,*,#6111,.T.);
#9656=ORIENTED_EDGE('',*,*,#6847,.F.);
#9657=ORIENTED_EDGE('',*,*,#6455,.F.);
#9658=ORIENTED_EDGE('',*,*,#6846,.T.);
#9659=ORIENTED_EDGE('',*,*,#6110,.T.);
#9660=ORIENTED_EDGE('',*,*,#6848,.F.);
#9661=ORIENTED_EDGE('',*,*,#6456,.F.);
#9662=ORIENTED_EDGE('',*,*,#6847,.T.);
#9663=ORIENTED_EDGE('',*,*,#6109,.T.);
#9664=ORIENTED_EDGE('',*,*,#6849,.F.);
#9665=ORIENTED_EDGE('',*,*,#6457,.F.);
#9666=ORIENTED_EDGE('',*,*,#6848,.T.);
#9667=ORIENTED_EDGE('',*,*,#6108,.T.);
#9668=ORIENTED_EDGE('',*,*,#6850,.F.);
#9669=ORIENTED_EDGE('',*,*,#6458,.F.);
#9670=ORIENTED_EDGE('',*,*,#6849,.T.);
#9671=ORIENTED_EDGE('',*,*,#6107,.T.);
#9672=ORIENTED_EDGE('',*,*,#6851,.F.);
#9673=ORIENTED_EDGE('',*,*,#6459,.F.);
#9674=ORIENTED_EDGE('',*,*,#6850,.T.);
#9675=ORIENTED_EDGE('',*,*,#6106,.T.);
#9676=ORIENTED_EDGE('',*,*,#6852,.F.);
#9677=ORIENTED_EDGE('',*,*,#6460,.F.);
#9678=ORIENTED_EDGE('',*,*,#6851,.T.);
#9679=ORIENTED_EDGE('',*,*,#6105,.T.);
#9680=ORIENTED_EDGE('',*,*,#6853,.F.);
#9681=ORIENTED_EDGE('',*,*,#6461,.F.);
#9682=ORIENTED_EDGE('',*,*,#6852,.T.);
#9683=ORIENTED_EDGE('',*,*,#6104,.T.);
#9684=ORIENTED_EDGE('',*,*,#6854,.F.);
#9685=ORIENTED_EDGE('',*,*,#6462,.F.);
#9686=ORIENTED_EDGE('',*,*,#6853,.T.);
#9687=ORIENTED_EDGE('',*,*,#6103,.T.);
#9688=ORIENTED_EDGE('',*,*,#6855,.F.);
#9689=ORIENTED_EDGE('',*,*,#6463,.F.);
#9690=ORIENTED_EDGE('',*,*,#6854,.T.);
#9691=ORIENTED_EDGE('',*,*,#6102,.T.);
#9692=ORIENTED_EDGE('',*,*,#6856,.F.);
#9693=ORIENTED_EDGE('',*,*,#6464,.F.);
#9694=ORIENTED_EDGE('',*,*,#6855,.T.);
#9695=ORIENTED_EDGE('',*,*,#6101,.T.);
#9696=ORIENTED_EDGE('',*,*,#6857,.F.);
#9697=ORIENTED_EDGE('',*,*,#6465,.F.);
#9698=ORIENTED_EDGE('',*,*,#6856,.T.);
#9699=ORIENTED_EDGE('',*,*,#6100,.T.);
#9700=ORIENTED_EDGE('',*,*,#6858,.F.);
#9701=ORIENTED_EDGE('',*,*,#6466,.F.);
#9702=ORIENTED_EDGE('',*,*,#6857,.T.);
#9703=ORIENTED_EDGE('',*,*,#6099,.T.);
#9704=ORIENTED_EDGE('',*,*,#6859,.F.);
#9705=ORIENTED_EDGE('',*,*,#6467,.F.);
#9706=ORIENTED_EDGE('',*,*,#6858,.T.);
#9707=ORIENTED_EDGE('',*,*,#6098,.T.);
#9708=ORIENTED_EDGE('',*,*,#6860,.F.);
#9709=ORIENTED_EDGE('',*,*,#6468,.F.);
#9710=ORIENTED_EDGE('',*,*,#6859,.T.);
#9711=ORIENTED_EDGE('',*,*,#6097,.T.);
#9712=ORIENTED_EDGE('',*,*,#6861,.F.);
#9713=ORIENTED_EDGE('',*,*,#6469,.F.);
#9714=ORIENTED_EDGE('',*,*,#6860,.T.);
#9715=ORIENTED_EDGE('',*,*,#6096,.T.);
#9716=ORIENTED_EDGE('',*,*,#6862,.F.);
#9717=ORIENTED_EDGE('',*,*,#6470,.F.);
#9718=ORIENTED_EDGE('',*,*,#6861,.T.);
#9719=ORIENTED_EDGE('',*,*,#6095,.T.);
#9720=ORIENTED_EDGE('',*,*,#6863,.F.);
#9721=ORIENTED_EDGE('',*,*,#6471,.F.);
#9722=ORIENTED_EDGE('',*,*,#6862,.T.);
#9723=ORIENTED_EDGE('',*,*,#6094,.T.);
#9724=ORIENTED_EDGE('',*,*,#6864,.F.);
#9725=ORIENTED_EDGE('',*,*,#6472,.F.);
#9726=ORIENTED_EDGE('',*,*,#6863,.T.);
#9727=ORIENTED_EDGE('',*,*,#6093,.T.);
#9728=ORIENTED_EDGE('',*,*,#6865,.F.);
#9729=ORIENTED_EDGE('',*,*,#6473,.F.);
#9730=ORIENTED_EDGE('',*,*,#6864,.T.);
#9731=ORIENTED_EDGE('',*,*,#6092,.T.);
#9732=ORIENTED_EDGE('',*,*,#6866,.F.);
#9733=ORIENTED_EDGE('',*,*,#6474,.F.);
#9734=ORIENTED_EDGE('',*,*,#6865,.T.);
#9735=ORIENTED_EDGE('',*,*,#6091,.T.);
#9736=ORIENTED_EDGE('',*,*,#6867,.F.);
#9737=ORIENTED_EDGE('',*,*,#6475,.F.);
#9738=ORIENTED_EDGE('',*,*,#6866,.T.);
#9739=ORIENTED_EDGE('',*,*,#6090,.T.);
#9740=ORIENTED_EDGE('',*,*,#6868,.F.);
#9741=ORIENTED_EDGE('',*,*,#6476,.F.);
#9742=ORIENTED_EDGE('',*,*,#6867,.T.);
#9743=ORIENTED_EDGE('',*,*,#6089,.T.);
#9744=ORIENTED_EDGE('',*,*,#6869,.F.);
#9745=ORIENTED_EDGE('',*,*,#6477,.F.);
#9746=ORIENTED_EDGE('',*,*,#6868,.T.);
#9747=ORIENTED_EDGE('',*,*,#6088,.T.);
#9748=ORIENTED_EDGE('',*,*,#6870,.F.);
#9749=ORIENTED_EDGE('',*,*,#6478,.F.);
#9750=ORIENTED_EDGE('',*,*,#6869,.T.);
#9751=ORIENTED_EDGE('',*,*,#6087,.T.);
#9752=ORIENTED_EDGE('',*,*,#6871,.F.);
#9753=ORIENTED_EDGE('',*,*,#6479,.F.);
#9754=ORIENTED_EDGE('',*,*,#6870,.T.);
#9755=ORIENTED_EDGE('',*,*,#6086,.T.);
#9756=ORIENTED_EDGE('',*,*,#6872,.F.);
#9757=ORIENTED_EDGE('',*,*,#6480,.F.);
#9758=ORIENTED_EDGE('',*,*,#6871,.T.);
#9759=ORIENTED_EDGE('',*,*,#6085,.T.);
#9760=ORIENTED_EDGE('',*,*,#6873,.F.);
#9761=ORIENTED_EDGE('',*,*,#6481,.F.);
#9762=ORIENTED_EDGE('',*,*,#6872,.T.);
#9763=ORIENTED_EDGE('',*,*,#6084,.T.);
#9764=ORIENTED_EDGE('',*,*,#6874,.F.);
#9765=ORIENTED_EDGE('',*,*,#6482,.F.);
#9766=ORIENTED_EDGE('',*,*,#6873,.T.);
#9767=ORIENTED_EDGE('',*,*,#6083,.T.);
#9768=ORIENTED_EDGE('',*,*,#6875,.F.);
#9769=ORIENTED_EDGE('',*,*,#6483,.F.);
#9770=ORIENTED_EDGE('',*,*,#6874,.T.);
#9771=ORIENTED_EDGE('',*,*,#6082,.T.);
#9772=ORIENTED_EDGE('',*,*,#6876,.F.);
#9773=ORIENTED_EDGE('',*,*,#6484,.F.);
#9774=ORIENTED_EDGE('',*,*,#6875,.T.);
#9775=ORIENTED_EDGE('',*,*,#6081,.T.);
#9776=ORIENTED_EDGE('',*,*,#6877,.F.);
#9777=ORIENTED_EDGE('',*,*,#6485,.F.);
#9778=ORIENTED_EDGE('',*,*,#6876,.T.);
#9779=ORIENTED_EDGE('',*,*,#6080,.T.);
#9780=ORIENTED_EDGE('',*,*,#6878,.F.);
#9781=ORIENTED_EDGE('',*,*,#6486,.F.);
#9782=ORIENTED_EDGE('',*,*,#6877,.T.);
#9783=ORIENTED_EDGE('',*,*,#6079,.T.);
#9784=ORIENTED_EDGE('',*,*,#6879,.F.);
#9785=ORIENTED_EDGE('',*,*,#6487,.F.);
#9786=ORIENTED_EDGE('',*,*,#6878,.T.);
#9787=ORIENTED_EDGE('',*,*,#6078,.T.);
#9788=ORIENTED_EDGE('',*,*,#6880,.F.);
#9789=ORIENTED_EDGE('',*,*,#6488,.F.);
#9790=ORIENTED_EDGE('',*,*,#6879,.T.);
#9791=ORIENTED_EDGE('',*,*,#6077,.T.);
#9792=ORIENTED_EDGE('',*,*,#6881,.F.);
#9793=ORIENTED_EDGE('',*,*,#6489,.F.);
#9794=ORIENTED_EDGE('',*,*,#6880,.T.);
#9795=ORIENTED_EDGE('',*,*,#6076,.T.);
#9796=ORIENTED_EDGE('',*,*,#6882,.F.);
#9797=ORIENTED_EDGE('',*,*,#6490,.F.);
#9798=ORIENTED_EDGE('',*,*,#6881,.T.);
#9799=ORIENTED_EDGE('',*,*,#6075,.T.);
#9800=ORIENTED_EDGE('',*,*,#6883,.F.);
#9801=ORIENTED_EDGE('',*,*,#6491,.F.);
#9802=ORIENTED_EDGE('',*,*,#6882,.T.);
#9803=ORIENTED_EDGE('',*,*,#6074,.T.);
#9804=ORIENTED_EDGE('',*,*,#6884,.F.);
#9805=ORIENTED_EDGE('',*,*,#6492,.F.);
#9806=ORIENTED_EDGE('',*,*,#6883,.T.);
#9807=ORIENTED_EDGE('',*,*,#6073,.T.);
#9808=ORIENTED_EDGE('',*,*,#6885,.F.);
#9809=ORIENTED_EDGE('',*,*,#6493,.F.);
#9810=ORIENTED_EDGE('',*,*,#6884,.T.);
#9811=ORIENTED_EDGE('',*,*,#6072,.T.);
#9812=ORIENTED_EDGE('',*,*,#6886,.F.);
#9813=ORIENTED_EDGE('',*,*,#6494,.F.);
#9814=ORIENTED_EDGE('',*,*,#6885,.T.);
#9815=ORIENTED_EDGE('',*,*,#6071,.T.);
#9816=ORIENTED_EDGE('',*,*,#6887,.F.);
#9817=ORIENTED_EDGE('',*,*,#6495,.F.);
#9818=ORIENTED_EDGE('',*,*,#6886,.T.);
#9819=ORIENTED_EDGE('',*,*,#6070,.T.);
#9820=ORIENTED_EDGE('',*,*,#6888,.F.);
#9821=ORIENTED_EDGE('',*,*,#6496,.F.);
#9822=ORIENTED_EDGE('',*,*,#6887,.T.);
#9823=ORIENTED_EDGE('',*,*,#6069,.T.);
#9824=ORIENTED_EDGE('',*,*,#6889,.F.);
#9825=ORIENTED_EDGE('',*,*,#6497,.F.);
#9826=ORIENTED_EDGE('',*,*,#6888,.T.);
#9827=ORIENTED_EDGE('',*,*,#6068,.T.);
#9828=ORIENTED_EDGE('',*,*,#6890,.F.);
#9829=ORIENTED_EDGE('',*,*,#6498,.F.);
#9830=ORIENTED_EDGE('',*,*,#6889,.T.);
#9831=ORIENTED_EDGE('',*,*,#6067,.T.);
#9832=ORIENTED_EDGE('',*,*,#6891,.F.);
#9833=ORIENTED_EDGE('',*,*,#6499,.F.);
#9834=ORIENTED_EDGE('',*,*,#6890,.T.);
#9835=ORIENTED_EDGE('',*,*,#6066,.T.);
#9836=ORIENTED_EDGE('',*,*,#6141,.F.);
#9837=ORIENTED_EDGE('',*,*,#6500,.F.);
#9838=ORIENTED_EDGE('',*,*,#6891,.T.);
#9839=ORIENTED_EDGE('',*,*,#6290,.F.);
#9840=ORIENTED_EDGE('',*,*,#6755,.F.);
#9841=ORIENTED_EDGE('',*,*,#6892,.T.);
#9842=ORIENTED_EDGE('',*,*,#5580,.F.);
#9843=ORIENTED_EDGE('',*,*,#6892,.F.);
#9844=ORIENTED_EDGE('',*,*,#6753,.F.);
#9845=ORIENTED_EDGE('',*,*,#5417,.T.);
#9846=ORIENTED_EDGE('',*,*,#5393,.T.);
#9847=ORIENTED_EDGE('',*,*,#5581,.F.);
#9848=ORIENTED_EDGE('',*,*,#5407,.T.);
#9849=ORIENTED_EDGE('',*,*,#5422,.F.);
#9850=ORIENTED_EDGE('',*,*,#6744,.F.);
#9851=ORIENTED_EDGE('',*,*,#6893,.T.);
#9852=ORIENTED_EDGE('',*,*,#5408,.T.);
#9853=ORIENTED_EDGE('',*,*,#6893,.F.);
#9854=ORIENTED_EDGE('',*,*,#6765,.F.);
#9855=ORIENTED_EDGE('',*,*,#6894,.T.);
#9856=ORIENTED_EDGE('',*,*,#5409,.T.);
#9857=ORIENTED_EDGE('',*,*,#6894,.F.);
#9858=ORIENTED_EDGE('',*,*,#6768,.F.);
#9859=ORIENTED_EDGE('',*,*,#6895,.T.);
#9860=ORIENTED_EDGE('',*,*,#5410,.T.);
#9861=ORIENTED_EDGE('',*,*,#6895,.F.);
#9862=ORIENTED_EDGE('',*,*,#6771,.F.);
#9863=ORIENTED_EDGE('',*,*,#5414,.T.);
#9864=ORIENTED_EDGE('',*,*,#5416,.F.);
#9865=ORIENTED_EDGE('',*,*,#6741,.F.);
#9866=ORIENTED_EDGE('',*,*,#6896,.T.);
#9867=ORIENTED_EDGE('',*,*,#5582,.F.);
#9868=ORIENTED_EDGE('',*,*,#5412,.F.);
#9869=ORIENTED_EDGE('',*,*,#6896,.F.);
#9870=ORIENTED_EDGE('',*,*,#6739,.F.);
#9871=ORIENTED_EDGE('',*,*,#6897,.T.);
#9872=ORIENTED_EDGE('',*,*,#5583,.F.);
#9873=ORIENTED_EDGE('',*,*,#6897,.F.);
#9874=ORIENTED_EDGE('',*,*,#6737,.F.);
#9875=ORIENTED_EDGE('',*,*,#6898,.T.);
#9876=ORIENTED_EDGE('',*,*,#5584,.F.);
#9877=ORIENTED_EDGE('',*,*,#6898,.F.);
#9878=ORIENTED_EDGE('',*,*,#6735,.F.);
#9879=ORIENTED_EDGE('',*,*,#6899,.T.);
#9880=ORIENTED_EDGE('',*,*,#5585,.F.);
#9881=ORIENTED_EDGE('',*,*,#6899,.F.);
#9882=ORIENTED_EDGE('',*,*,#6733,.F.);
#9883=ORIENTED_EDGE('',*,*,#6900,.T.);
#9884=ORIENTED_EDGE('',*,*,#5586,.F.);
#9885=ORIENTED_EDGE('',*,*,#6900,.F.);
#9886=ORIENTED_EDGE('',*,*,#6730,.F.);
#9887=ORIENTED_EDGE('',*,*,#6901,.T.);
#9888=ORIENTED_EDGE('',*,*,#5587,.F.);
#9889=ORIENTED_EDGE('',*,*,#6901,.F.);
#9890=ORIENTED_EDGE('',*,*,#6726,.F.);
#9891=ORIENTED_EDGE('',*,*,#6902,.T.);
#9892=ORIENTED_EDGE('',*,*,#5588,.F.);
#9893=ORIENTED_EDGE('',*,*,#6902,.F.);
#9894=ORIENTED_EDGE('',*,*,#6724,.F.);
#9895=ORIENTED_EDGE('',*,*,#6903,.T.);
#9896=ORIENTED_EDGE('',*,*,#5589,.F.);
#9897=ORIENTED_EDGE('',*,*,#6903,.F.);
#9898=ORIENTED_EDGE('',*,*,#6722,.F.);
#9899=ORIENTED_EDGE('',*,*,#6904,.T.);
#9900=ORIENTED_EDGE('',*,*,#5590,.F.);
#9901=ORIENTED_EDGE('',*,*,#6904,.F.);
#9902=ORIENTED_EDGE('',*,*,#6720,.F.);
#9903=ORIENTED_EDGE('',*,*,#6905,.T.);
#9904=ORIENTED_EDGE('',*,*,#5591,.F.);
#9905=ORIENTED_EDGE('',*,*,#6905,.F.);
#9906=ORIENTED_EDGE('',*,*,#6717,.F.);
#9907=ORIENTED_EDGE('',*,*,#6906,.T.);
#9908=ORIENTED_EDGE('',*,*,#5592,.F.);
#9909=ORIENTED_EDGE('',*,*,#6906,.F.);
#9910=ORIENTED_EDGE('',*,*,#6779,.F.);
#9911=ORIENTED_EDGE('',*,*,#6907,.T.);
#9912=ORIENTED_EDGE('',*,*,#5593,.F.);
#9913=ORIENTED_EDGE('',*,*,#6907,.F.);
#9914=ORIENTED_EDGE('',*,*,#6712,.F.);
#9915=ORIENTED_EDGE('',*,*,#6908,.T.);
#9916=ORIENTED_EDGE('',*,*,#5594,.F.);
#9917=ORIENTED_EDGE('',*,*,#6908,.F.);
#9918=ORIENTED_EDGE('',*,*,#6783,.F.);
#9919=ORIENTED_EDGE('',*,*,#6909,.T.);
#9920=ORIENTED_EDGE('',*,*,#5595,.F.);
#9921=ORIENTED_EDGE('',*,*,#6909,.F.);
#9922=ORIENTED_EDGE('',*,*,#6785,.F.);
#9923=ORIENTED_EDGE('',*,*,#6910,.T.);
#9924=ORIENTED_EDGE('',*,*,#5596,.F.);
#9925=ORIENTED_EDGE('',*,*,#6910,.F.);
#9926=ORIENTED_EDGE('',*,*,#6709,.F.);
#9927=ORIENTED_EDGE('',*,*,#6911,.T.);
#9928=ORIENTED_EDGE('',*,*,#5597,.F.);
#9929=ORIENTED_EDGE('',*,*,#6911,.F.);
#9930=ORIENTED_EDGE('',*,*,#6707,.F.);
#9931=ORIENTED_EDGE('',*,*,#6912,.T.);
#9932=ORIENTED_EDGE('',*,*,#5598,.F.);
#9933=ORIENTED_EDGE('',*,*,#6912,.F.);
#9934=ORIENTED_EDGE('',*,*,#6705,.F.);
#9935=ORIENTED_EDGE('',*,*,#6913,.T.);
#9936=ORIENTED_EDGE('',*,*,#5599,.F.);
#9937=ORIENTED_EDGE('',*,*,#5437,.T.);
#9938=ORIENTED_EDGE('',*,*,#5600,.F.);
#9939=ORIENTED_EDGE('',*,*,#6913,.F.);
#9940=ORIENTED_EDGE('',*,*,#6703,.F.);
#9941=ORIENTED_EDGE('',*,*,#6914,.T.);
#9942=ORIENTED_EDGE('',*,*,#5478,.F.);
#9943=ORIENTED_EDGE('',*,*,#5433,.T.);
#9944=ORIENTED_EDGE('',*,*,#5430,.T.);
#9945=ORIENTED_EDGE('',*,*,#6914,.F.);
#9946=ORIENTED_EDGE('',*,*,#6701,.F.);
#9947=ORIENTED_EDGE('',*,*,#6915,.T.);
#9948=ORIENTED_EDGE('',*,*,#5479,.F.);
#9949=ORIENTED_EDGE('',*,*,#6915,.F.);
#9950=ORIENTED_EDGE('',*,*,#6699,.F.);
#9951=ORIENTED_EDGE('',*,*,#6916,.T.);
#9952=ORIENTED_EDGE('',*,*,#5480,.F.);
#9953=ORIENTED_EDGE('',*,*,#6916,.F.);
#9954=ORIENTED_EDGE('',*,*,#6697,.F.);
#9955=ORIENTED_EDGE('',*,*,#6917,.T.);
#9956=ORIENTED_EDGE('',*,*,#5481,.F.);
#9957=ORIENTED_EDGE('',*,*,#6917,.F.);
#9958=ORIENTED_EDGE('',*,*,#6792,.F.);
#9959=ORIENTED_EDGE('',*,*,#6918,.T.);
#9960=ORIENTED_EDGE('',*,*,#5482,.F.);
#9961=ORIENTED_EDGE('',*,*,#6918,.F.);
#9962=ORIENTED_EDGE('',*,*,#6691,.F.);
#9963=ORIENTED_EDGE('',*,*,#6919,.T.);
#9964=ORIENTED_EDGE('',*,*,#5483,.F.);
#9965=ORIENTED_EDGE('',*,*,#6919,.F.);
#9966=ORIENTED_EDGE('',*,*,#6689,.F.);
#9967=ORIENTED_EDGE('',*,*,#6920,.T.);
#9968=ORIENTED_EDGE('',*,*,#5484,.F.);
#9969=ORIENTED_EDGE('',*,*,#6920,.F.);
#9970=ORIENTED_EDGE('',*,*,#6687,.F.);
#9971=ORIENTED_EDGE('',*,*,#6921,.T.);
#9972=ORIENTED_EDGE('',*,*,#5485,.F.);
#9973=ORIENTED_EDGE('',*,*,#6921,.F.);
#9974=ORIENTED_EDGE('',*,*,#6683,.F.);
#9975=ORIENTED_EDGE('',*,*,#6922,.T.);
#9976=ORIENTED_EDGE('',*,*,#5486,.F.);
#9977=ORIENTED_EDGE('',*,*,#6922,.F.);
#9978=ORIENTED_EDGE('',*,*,#6681,.F.);
#9979=ORIENTED_EDGE('',*,*,#6923,.T.);
#9980=ORIENTED_EDGE('',*,*,#5487,.F.);
#9981=ORIENTED_EDGE('',*,*,#6923,.F.);
#9982=ORIENTED_EDGE('',*,*,#6679,.F.);
#9983=ORIENTED_EDGE('',*,*,#6924,.T.);
#9984=ORIENTED_EDGE('',*,*,#5488,.F.);
#9985=ORIENTED_EDGE('',*,*,#6924,.F.);
#9986=ORIENTED_EDGE('',*,*,#6677,.F.);
#9987=ORIENTED_EDGE('',*,*,#6925,.T.);
#9988=ORIENTED_EDGE('',*,*,#5489,.F.);
#9989=ORIENTED_EDGE('',*,*,#6925,.F.);
#9990=ORIENTED_EDGE('',*,*,#6675,.F.);
#9991=ORIENTED_EDGE('',*,*,#6926,.T.);
#9992=ORIENTED_EDGE('',*,*,#5490,.F.);
#9993=ORIENTED_EDGE('',*,*,#6926,.F.);
#9994=ORIENTED_EDGE('',*,*,#6673,.F.);
#9995=ORIENTED_EDGE('',*,*,#6927,.T.);
#9996=ORIENTED_EDGE('',*,*,#5491,.F.);
#9997=ORIENTED_EDGE('',*,*,#6927,.F.);
#9998=ORIENTED_EDGE('',*,*,#6671,.F.);
#9999=ORIENTED_EDGE('',*,*,#6928,.T.);
#10000=ORIENTED_EDGE('',*,*,#5492,.F.);
#10001=ORIENTED_EDGE('',*,*,#6928,.F.);
#10002=ORIENTED_EDGE('',*,*,#6669,.F.);
#10003=ORIENTED_EDGE('',*,*,#6929,.T.);
#10004=ORIENTED_EDGE('',*,*,#5493,.F.);
#10005=ORIENTED_EDGE('',*,*,#6929,.F.);
#10006=ORIENTED_EDGE('',*,*,#6667,.F.);
#10007=ORIENTED_EDGE('',*,*,#6930,.T.);
#10008=ORIENTED_EDGE('',*,*,#5494,.F.);
#10009=ORIENTED_EDGE('',*,*,#6930,.F.);
#10010=ORIENTED_EDGE('',*,*,#6665,.F.);
#10011=ORIENTED_EDGE('',*,*,#6931,.T.);
#10012=ORIENTED_EDGE('',*,*,#5495,.F.);
#10013=ORIENTED_EDGE('',*,*,#6931,.F.);
#10014=ORIENTED_EDGE('',*,*,#6663,.F.);
#10015=ORIENTED_EDGE('',*,*,#6932,.T.);
#10016=ORIENTED_EDGE('',*,*,#5496,.F.);
#10017=ORIENTED_EDGE('',*,*,#6932,.F.);
#10018=ORIENTED_EDGE('',*,*,#6661,.F.);
#10019=ORIENTED_EDGE('',*,*,#6933,.T.);
#10020=ORIENTED_EDGE('',*,*,#5497,.F.);
#10021=ORIENTED_EDGE('',*,*,#6933,.F.);
#10022=ORIENTED_EDGE('',*,*,#6659,.F.);
#10023=ORIENTED_EDGE('',*,*,#6934,.T.);
#10024=ORIENTED_EDGE('',*,*,#5498,.F.);
#10025=ORIENTED_EDGE('',*,*,#6934,.F.);
#10026=ORIENTED_EDGE('',*,*,#6657,.F.);
#10027=ORIENTED_EDGE('',*,*,#6935,.T.);
#10028=ORIENTED_EDGE('',*,*,#5499,.F.);
#10029=ORIENTED_EDGE('',*,*,#6935,.F.);
#10030=ORIENTED_EDGE('',*,*,#6654,.F.);
#10031=ORIENTED_EDGE('',*,*,#6936,.T.);
#10032=ORIENTED_EDGE('',*,*,#5500,.F.);
#10033=ORIENTED_EDGE('',*,*,#6936,.F.);
#10034=ORIENTED_EDGE('',*,*,#6650,.F.);
#10035=ORIENTED_EDGE('',*,*,#6937,.T.);
#10036=ORIENTED_EDGE('',*,*,#5501,.F.);
#10037=ORIENTED_EDGE('',*,*,#6937,.F.);
#10038=ORIENTED_EDGE('',*,*,#6648,.F.);
#10039=ORIENTED_EDGE('',*,*,#6938,.T.);
#10040=ORIENTED_EDGE('',*,*,#5502,.F.);
#10041=ORIENTED_EDGE('',*,*,#6938,.F.);
#10042=ORIENTED_EDGE('',*,*,#6646,.F.);
#10043=ORIENTED_EDGE('',*,*,#6939,.T.);
#10044=ORIENTED_EDGE('',*,*,#5503,.F.);
#10045=ORIENTED_EDGE('',*,*,#6939,.F.);
#10046=ORIENTED_EDGE('',*,*,#6642,.F.);
#10047=ORIENTED_EDGE('',*,*,#6940,.T.);
#10048=ORIENTED_EDGE('',*,*,#5504,.F.);
#10049=ORIENTED_EDGE('',*,*,#6940,.F.);
#10050=ORIENTED_EDGE('',*,*,#6640,.F.);
#10051=ORIENTED_EDGE('',*,*,#6941,.T.);
#10052=ORIENTED_EDGE('',*,*,#5505,.F.);
#10053=ORIENTED_EDGE('',*,*,#6941,.F.);
#10054=ORIENTED_EDGE('',*,*,#6638,.F.);
#10055=ORIENTED_EDGE('',*,*,#6942,.T.);
#10056=ORIENTED_EDGE('',*,*,#5506,.F.);
#10057=ORIENTED_EDGE('',*,*,#6942,.F.);
#10058=ORIENTED_EDGE('',*,*,#6636,.F.);
#10059=ORIENTED_EDGE('',*,*,#6943,.T.);
#10060=ORIENTED_EDGE('',*,*,#5507,.F.);
#10061=ORIENTED_EDGE('',*,*,#6943,.F.);
#10062=ORIENTED_EDGE('',*,*,#6634,.F.);
#10063=ORIENTED_EDGE('',*,*,#6944,.T.);
#10064=ORIENTED_EDGE('',*,*,#5508,.F.);
#10065=ORIENTED_EDGE('',*,*,#6944,.F.);
#10066=ORIENTED_EDGE('',*,*,#6632,.F.);
#10067=ORIENTED_EDGE('',*,*,#6945,.T.);
#10068=ORIENTED_EDGE('',*,*,#5509,.F.);
#10069=ORIENTED_EDGE('',*,*,#6945,.F.);
#10070=ORIENTED_EDGE('',*,*,#6630,.F.);
#10071=ORIENTED_EDGE('',*,*,#6946,.T.);
#10072=ORIENTED_EDGE('',*,*,#5510,.F.);
#10073=ORIENTED_EDGE('',*,*,#6946,.F.);
#10074=ORIENTED_EDGE('',*,*,#6628,.F.);
#10075=ORIENTED_EDGE('',*,*,#6947,.T.);
#10076=ORIENTED_EDGE('',*,*,#5511,.F.);
#10077=ORIENTED_EDGE('',*,*,#6947,.F.);
#10078=ORIENTED_EDGE('',*,*,#6815,.F.);
#10079=ORIENTED_EDGE('',*,*,#6948,.T.);
#10080=ORIENTED_EDGE('',*,*,#5512,.F.);
#10081=ORIENTED_EDGE('',*,*,#6948,.F.);
#10082=ORIENTED_EDGE('',*,*,#6818,.F.);
#10083=ORIENTED_EDGE('',*,*,#6625,.T.);
#10084=ORIENTED_EDGE('',*,*,#5513,.F.);
#10085=TOROIDAL_SURFACE('',#10673,6.1,0.4);
#10086=TOROIDAL_SURFACE('',#10678,2.4,0.4);
#10087=TOROIDAL_SURFACE('',#10681,1.65,0.4);
#10088=TOROIDAL_SURFACE('',#10688,4.4,0.4);
#10089=ADVANCED_FACE('',(#2840),#10085,.T.);
#10090=ADVANCED_FACE('',(#2841),#10086,.T.);
#10091=ADVANCED_FACE('',(#2842),#10087,.T.);
#10092=ADVANCED_FACE('',(#2843),#2584,.F.);
#10093=ADVANCED_FACE('',(#2844),#2585,.T.);
#10094=ADVANCED_FACE('',(#2845),#10088,.T.);
#10095=ADVANCED_FACE('',(#2846),#2586,.F.);
#10096=ADVANCED_FACE('',(#2847,#66),#70,.F.);
#10097=ADVANCED_FACE('',(#2848),#2587,.F.);
#10098=ADVANCED_FACE('',(#2849),#2588,.T.);
#10099=ADVANCED_FACE('',(#2850),#71,.T.);
#10100=ADVANCED_FACE('',(#2851),#72,.T.);
#10101=ADVANCED_FACE('',(#2852),#2589,.T.);
#10102=ADVANCED_FACE('',(#2853),#73,.T.);
#10103=ADVANCED_FACE('',(#2854),#2590,.T.);
#10104=ADVANCED_FACE('',(#2855),#74,.F.);
#10105=ADVANCED_FACE('',(#2856),#2591,.F.);
#10106=ADVANCED_FACE('',(#2857),#2592,.F.);
#10107=ADVANCED_FACE('',(#2858),#75,.F.);
#10108=ADVANCED_FACE('',(#2859,#67),#76,.T.);
#10109=ADVANCED_FACE('',(#2860),#2593,.F.);
#10110=ADVANCED_FACE('',(#2861),#77,.F.);
#10111=ADVANCED_FACE('',(#2862),#2594,.F.);
#10112=ADVANCED_FACE('',(#2863),#78,.F.);
#10113=ADVANCED_FACE('',(#2864),#2595,.F.);
#10114=ADVANCED_FACE('',(#2865),#79,.F.);
#10115=ADVANCED_FACE('',(#2866),#2596,.F.);
#10116=ADVANCED_FACE('',(#2867),#80,.F.);
#10117=ADVANCED_FACE('',(#2868),#2597,.F.);
#10118=ADVANCED_FACE('',(#2869),#81,.F.);
#10119=ADVANCED_FACE('',(#2870),#2598,.F.);
#10120=ADVANCED_FACE('',(#2871),#82,.F.);
#10121=ADVANCED_FACE('',(#2872),#83,.F.);
#10122=ADVANCED_FACE('',(#2873),#84,.F.);
#10123=ADVANCED_FACE('',(#2874),#2599,.T.);
#10124=ADVANCED_FACE('',(#2875),#85,.F.);
#10125=ADVANCED_FACE('',(#2876),#2600,.T.);
#10126=ADVANCED_FACE('',(#2877),#86,.F.);
#10127=ADVANCED_FACE('',(#2878),#2601,.F.);
#10128=ADVANCED_FACE('',(#2879),#87,.F.);
#10129=ADVANCED_FACE('',(#2880),#2602,.F.);
#10130=ADVANCED_FACE('',(#2881),#88,.F.);
#10131=ADVANCED_FACE('',(#2882),#2603,.F.);
#10132=ADVANCED_FACE('',(#2883),#89,.F.);
#10133=ADVANCED_FACE('',(#2884),#2604,.F.);
#10134=ADVANCED_FACE('',(#2885),#90,.F.);
#10135=ADVANCED_FACE('',(#2886),#2605,.F.);
#10136=ADVANCED_FACE('',(#2887),#91,.F.);
#10137=ADVANCED_FACE('',(#2888),#2606,.F.);
#10138=ADVANCED_FACE('',(#2889),#92,.F.);
#10139=ADVANCED_FACE('',(#2890),#2607,.T.);
#10140=ADVANCED_FACE('',(#2891),#93,.F.);
#10141=ADVANCED_FACE('',(#2892),#94,.F.);
#10142=ADVANCED_FACE('',(#2893),#95,.F.);
#10143=ADVANCED_FACE('',(#2894),#96,.F.);
#10144=ADVANCED_FACE('',(#2895),#2608,.F.);
#10145=ADVANCED_FACE('',(#2896),#97,.F.);
#10146=ADVANCED_FACE('',(#2897),#2609,.F.);
#10147=ADVANCED_FACE('',(#2898),#98,.F.);
#10148=ADVANCED_FACE('',(#2899),#2610,.F.);
#10149=ADVANCED_FACE('',(#2900),#99,.F.);
#10150=ADVANCED_FACE('',(#2901),#2611,.F.);
#10151=ADVANCED_FACE('',(#2902),#100,.F.);
#10152=ADVANCED_FACE('',(#2903),#2612,.F.);
#10153=ADVANCED_FACE('',(#2904),#101,.F.);
#10154=ADVANCED_FACE('',(#2905),#102,.F.);
#10155=ADVANCED_FACE('',(#2906),#103,.F.);
#10156=ADVANCED_FACE('',(#2907),#104,.F.);
#10157=ADVANCED_FACE('',(#2908),#2613,.T.);
#10158=ADVANCED_FACE('',(#2909),#105,.F.);
#10159=ADVANCED_FACE('',(#2910),#2614,.T.);
#10160=ADVANCED_FACE('',(#2911),#106,.F.);
#10161=ADVANCED_FACE('',(#2912),#107,.F.);
#10162=ADVANCED_FACE('',(#2913),#108,.F.);
#10163=ADVANCED_FACE('',(#2914),#109,.F.);
#10164=ADVANCED_FACE('',(#2915),#110,.F.);
#10165=ADVANCED_FACE('',(#2916),#2615,.T.);
#10166=ADVANCED_FACE('',(#2917),#111,.F.);
#10167=ADVANCED_FACE('',(#2918),#2616,.T.);
#10168=ADVANCED_FACE('',(#2919),#112,.F.);
#10169=ADVANCED_FACE('',(#2920),#2617,.F.);
#10170=ADVANCED_FACE('',(#2921),#113,.F.);
#10171=ADVANCED_FACE('',(#2922),#2618,.F.);
#10172=ADVANCED_FACE('',(#2923),#114,.F.);
#10173=ADVANCED_FACE('',(#2924),#2619,.F.);
#10174=ADVANCED_FACE('',(#2925),#115,.F.);
#10175=ADVANCED_FACE('',(#2926),#2620,.F.);
#10176=ADVANCED_FACE('',(#2927),#116,.F.);
#10177=ADVANCED_FACE('',(#2928),#2621,.F.);
#10178=ADVANCED_FACE('',(#2929),#117,.F.);
#10179=ADVANCED_FACE('',(#2930),#118,.F.);
#10180=ADVANCED_FACE('',(#2931),#119,.F.);
#10181=ADVANCED_FACE('',(#2932),#120,.F.);
#10182=ADVANCED_FACE('',(#2933),#2622,.F.);
#10183=ADVANCED_FACE('',(#2934),#121,.F.);
#10184=ADVANCED_FACE('',(#2935),#2623,.F.);
#10185=ADVANCED_FACE('',(#2936),#122,.F.);
#10186=ADVANCED_FACE('',(#2937),#2624,.F.);
#10187=ADVANCED_FACE('',(#2938),#123,.F.);
#10188=ADVANCED_FACE('',(#2939),#2625,.F.);
#10189=ADVANCED_FACE('',(#2940),#124,.F.);
#10190=ADVANCED_FACE('',(#2941),#2626,.F.);
#10191=ADVANCED_FACE('',(#2942),#125,.F.);
#10192=ADVANCED_FACE('',(#2943),#2627,.F.);
#10193=ADVANCED_FACE('',(#2944),#126,.F.);
#10194=ADVANCED_FACE('',(#2945),#2628,.F.);
#10195=ADVANCED_FACE('',(#2946),#127,.F.);
#10196=ADVANCED_FACE('',(#2947),#2629,.F.);
#10197=ADVANCED_FACE('',(#2948),#128,.F.);
#10198=ADVANCED_FACE('',(#2949),#2630,.F.);
#10199=ADVANCED_FACE('',(#2950),#129,.F.);
#10200=ADVANCED_FACE('',(#2951),#2631,.F.);
#10201=ADVANCED_FACE('',(#2952),#130,.F.);
#10202=ADVANCED_FACE('',(#2953),#2632,.F.);
#10203=ADVANCED_FACE('',(#2954),#131,.F.);
#10204=ADVANCED_FACE('',(#2955),#2633,.F.);
#10205=ADVANCED_FACE('',(#2956),#132,.F.);
#10206=ADVANCED_FACE('',(#2957),#2634,.F.);
#10207=ADVANCED_FACE('',(#2958),#133,.F.);
#10208=ADVANCED_FACE('',(#2959),#2635,.F.);
#10209=ADVANCED_FACE('',(#2960),#134,.F.);
#10210=ADVANCED_FACE('',(#2961),#135,.F.);
#10211=ADVANCED_FACE('',(#2962),#136,.F.);
#10212=ADVANCED_FACE('',(#2963),#137,.F.);
#10213=ADVANCED_FACE('',(#2964),#138,.F.);
#10214=ADVANCED_FACE('',(#2965),#139,.F.);
#10215=ADVANCED_FACE('',(#2966),#140,.F.);
#10216=ADVANCED_FACE('',(#2967),#141,.F.);
#10217=ADVANCED_FACE('',(#2968),#142,.F.);
#10218=ADVANCED_FACE('',(#2969),#143,.F.);
#10219=ADVANCED_FACE('',(#2970),#144,.F.);
#10220=ADVANCED_FACE('',(#2971),#2636,.F.);
#10221=ADVANCED_FACE('',(#2972),#145,.F.);
#10222=ADVANCED_FACE('',(#2973),#146,.F.);
#10223=ADVANCED_FACE('',(#2974),#147,.F.);
#10224=ADVANCED_FACE('',(#2975),#2637,.T.);
#10225=ADVANCED_FACE('',(#2976),#148,.F.);
#10226=ADVANCED_FACE('',(#2977),#2638,.T.);
#10227=ADVANCED_FACE('',(#2978),#149,.F.);
#10228=ADVANCED_FACE('',(#2979),#2639,.T.);
#10229=ADVANCED_FACE('',(#2980),#150,.F.);
#10230=ADVANCED_FACE('',(#2981),#151,.F.);
#10231=ADVANCED_FACE('',(#2982),#2640,.T.);
#10232=ADVANCED_FACE('',(#2983),#152,.F.);
#10233=ADVANCED_FACE('',(#2984),#2641,.T.);
#10234=ADVANCED_FACE('',(#2985),#153,.F.);
#10235=ADVANCED_FACE('',(#2986),#2642,.F.);
#10236=ADVANCED_FACE('',(#2987),#154,.F.);
#10237=ADVANCED_FACE('',(#2988),#2643,.F.);
#10238=ADVANCED_FACE('',(#2989),#155,.F.);
#10239=ADVANCED_FACE('',(#2990),#2644,.F.);
#10240=ADVANCED_FACE('',(#2991),#156,.F.);
#10241=ADVANCED_FACE('',(#2992),#2645,.F.);
#10242=ADVANCED_FACE('',(#2993),#157,.F.);
#10243=ADVANCED_FACE('',(#2994),#2646,.F.);
#10244=ADVANCED_FACE('',(#2995),#158,.F.);
#10245=ADVANCED_FACE('',(#2996),#159,.F.);
#10246=ADVANCED_FACE('',(#2997),#160,.F.);
#10247=ADVANCED_FACE('',(#2998),#2647,.T.);
#10248=ADVANCED_FACE('',(#2999),#161,.F.);
#10249=ADVANCED_FACE('',(#3000),#2648,.T.);
#10250=ADVANCED_FACE('',(#3001),#162,.F.);
#10251=ADVANCED_FACE('',(#3002,#68),#163,.T.);
#10252=ADVANCED_FACE('',(#3003),#164,.F.);
#10253=ADVANCED_FACE('',(#3004),#2649,.F.);
#10254=ADVANCED_FACE('',(#3005),#165,.F.);
#10255=ADVANCED_FACE('',(#3006),#2650,.F.);
#10256=ADVANCED_FACE('',(#3007),#166,.F.);
#10257=ADVANCED_FACE('',(#3008),#2651,.F.);
#10258=ADVANCED_FACE('',(#3009),#167,.F.);
#10259=ADVANCED_FACE('',(#3010),#2652,.F.);
#10260=ADVANCED_FACE('',(#3011),#168,.F.);
#10261=ADVANCED_FACE('',(#3012),#2653,.F.);
#10262=ADVANCED_FACE('',(#3013),#169,.F.);
#10263=ADVANCED_FACE('',(#3014),#170,.F.);
#10264=ADVANCED_FACE('',(#3015),#171,.F.);
#10265=ADVANCED_FACE('',(#3016),#2654,.T.);
#10266=ADVANCED_FACE('',(#3017),#172,.F.);
#10267=ADVANCED_FACE('',(#3018),#2655,.T.);
#10268=ADVANCED_FACE('',(#3019),#173,.F.);
#10269=ADVANCED_FACE('',(#3020),#2656,.F.);
#10270=ADVANCED_FACE('',(#3021),#174,.F.);
#10271=ADVANCED_FACE('',(#3022),#2657,.F.);
#10272=ADVANCED_FACE('',(#3023),#175,.F.);
#10273=ADVANCED_FACE('',(#3024),#2658,.F.);
#10274=ADVANCED_FACE('',(#3025),#176,.F.);
#10275=ADVANCED_FACE('',(#3026),#2659,.F.);
#10276=ADVANCED_FACE('',(#3027),#177,.F.);
#10277=ADVANCED_FACE('',(#3028),#2660,.F.);
#10278=ADVANCED_FACE('',(#3029),#178,.F.);
#10279=ADVANCED_FACE('',(#3030),#2661,.F.);
#10280=ADVANCED_FACE('',(#3031),#179,.F.);
#10281=ADVANCED_FACE('',(#3032),#180,.F.);
#10282=ADVANCED_FACE('',(#3033),#181,.F.);
#10283=ADVANCED_FACE('',(#3034),#2662,.T.);
#10284=ADVANCED_FACE('',(#3035),#182,.F.);
#10285=ADVANCED_FACE('',(#3036),#2663,.T.);
#10286=ADVANCED_FACE('',(#3037),#183,.F.);
#10287=ADVANCED_FACE('',(#3038),#2664,.F.);
#10288=ADVANCED_FACE('',(#3039),#184,.F.);
#10289=ADVANCED_FACE('',(#3040),#2665,.F.);
#10290=ADVANCED_FACE('',(#3041),#185,.F.);
#10291=ADVANCED_FACE('',(#3042),#2666,.F.);
#10292=ADVANCED_FACE('',(#3043),#186,.F.);
#10293=ADVANCED_FACE('',(#3044),#2667,.F.);
#10294=ADVANCED_FACE('',(#3045),#187,.F.);
#10295=ADVANCED_FACE('',(#3046),#2668,.F.);
#10296=ADVANCED_FACE('',(#3047),#188,.F.);
#10297=ADVANCED_FACE('',(#3048),#2669,.F.);
#10298=ADVANCED_FACE('',(#3049),#189,.F.);
#10299=ADVANCED_FACE('',(#3050),#2670,.T.);
#10300=ADVANCED_FACE('',(#3051),#190,.F.);
#10301=ADVANCED_FACE('',(#3052),#191,.F.);
#10302=ADVANCED_FACE('',(#3053),#192,.F.);
#10303=ADVANCED_FACE('',(#3054),#193,.F.);
#10304=ADVANCED_FACE('',(#3055),#2671,.F.);
#10305=ADVANCED_FACE('',(#3056),#194,.F.);
#10306=ADVANCED_FACE('',(#3057),#2672,.F.);
#10307=ADVANCED_FACE('',(#3058),#195,.F.);
#10308=ADVANCED_FACE('',(#3059),#2673,.F.);
#10309=ADVANCED_FACE('',(#3060),#196,.F.);
#10310=ADVANCED_FACE('',(#3061),#2674,.F.);
#10311=ADVANCED_FACE('',(#3062),#197,.F.);
#10312=ADVANCED_FACE('',(#3063),#2675,.F.);
#10313=ADVANCED_FACE('',(#3064),#198,.F.);
#10314=ADVANCED_FACE('',(#3065),#199,.F.);
#10315=ADVANCED_FACE('',(#3066),#200,.F.);
#10316=ADVANCED_FACE('',(#3067),#201,.F.);
#10317=ADVANCED_FACE('',(#3068),#2676,.T.);
#10318=ADVANCED_FACE('',(#3069),#202,.F.);
#10319=ADVANCED_FACE('',(#3070),#2677,.T.);
#10320=ADVANCED_FACE('',(#3071),#203,.F.);
#10321=ADVANCED_FACE('',(#3072),#204,.F.);
#10322=ADVANCED_FACE('',(#3073),#205,.F.);
#10323=ADVANCED_FACE('',(#3074),#206,.F.);
#10324=ADVANCED_FACE('',(#3075),#207,.F.);
#10325=ADVANCED_FACE('',(#3076),#208,.F.);
#10326=ADVANCED_FACE('',(#3077),#209,.T.);
#10327=ADVANCED_FACE('',(#3078),#2678,.F.);
#10328=ADVANCED_FACE('',(#3079),#210,.T.);
#10329=ADVANCED_FACE('',(#3080,#69),#211,.F.);
#10330=ADVANCED_FACE('',(#3081),#2679,.F.);
#10331=ADVANCED_FACE('',(#3082),#212,.T.);
#10332=ADVANCED_FACE('',(#3083),#213,.T.);
#10333=ADVANCED_FACE('',(#3084),#214,.T.);
#10334=ADVANCED_FACE('',(#3085),#215,.T.);
#10335=ADVANCED_FACE('',(#3086),#2680,.T.);
#10336=ADVANCED_FACE('',(#3087),#216,.T.);
#10337=ADVANCED_FACE('',(#3088),#2681,.T.);
#10338=ADVANCED_FACE('',(#3089),#217,.T.);
#10339=ADVANCED_FACE('',(#3090),#2682,.T.);
#10340=ADVANCED_FACE('',(#3091),#218,.T.);
#10341=ADVANCED_FACE('',(#3092),#2683,.T.);
#10342=ADVANCED_FACE('',(#3093),#219,.T.);
#10343=ADVANCED_FACE('',(#3094),#2684,.T.);
#10344=ADVANCED_FACE('',(#3095),#220,.T.);
#10345=ADVANCED_FACE('',(#3096),#221,.T.);
#10346=ADVANCED_FACE('',(#3097),#222,.T.);
#10347=ADVANCED_FACE('',(#3098),#223,.T.);
#10348=ADVANCED_FACE('',(#3099),#2685,.F.);
#10349=ADVANCED_FACE('',(#3100),#224,.T.);
#10350=ADVANCED_FACE('',(#3101),#2686,.T.);
#10351=ADVANCED_FACE('',(#3102),#225,.T.);
#10352=ADVANCED_FACE('',(#3103),#2687,.T.);
#10353=ADVANCED_FACE('',(#3104),#226,.T.);
#10354=ADVANCED_FACE('',(#3105),#2688,.T.);
#10355=ADVANCED_FACE('',(#3106),#227,.T.);
#10356=ADVANCED_FACE('',(#3107),#2689,.T.);
#10357=ADVANCED_FACE('',(#3108),#228,.T.);
#10358=ADVANCED_FACE('',(#3109),#2690,.T.);
#10359=ADVANCED_FACE('',(#3110),#229,.T.);
#10360=ADVANCED_FACE('',(#3111),#2691,.T.);
#10361=ADVANCED_FACE('',(#3112),#230,.T.);
#10362=ADVANCED_FACE('',(#3113),#2692,.F.);
#10363=ADVANCED_FACE('',(#3114),#231,.T.);
#10364=ADVANCED_FACE('',(#3115),#2693,.F.);
#10365=ADVANCED_FACE('',(#3116),#232,.T.);
#10366=ADVANCED_FACE('',(#3117),#233,.T.);
#10367=ADVANCED_FACE('',(#3118),#234,.T.);
#10368=ADVANCED_FACE('',(#3119),#2694,.T.);
#10369=ADVANCED_FACE('',(#3120),#235,.T.);
#10370=ADVANCED_FACE('',(#3121),#2695,.T.);
#10371=ADVANCED_FACE('',(#3122),#236,.T.);
#10372=ADVANCED_FACE('',(#3123),#2696,.T.);
#10373=ADVANCED_FACE('',(#3124),#237,.T.);
#10374=ADVANCED_FACE('',(#3125),#2697,.T.);
#10375=ADVANCED_FACE('',(#3126),#238,.T.);
#10376=ADVANCED_FACE('',(#3127),#2698,.T.);
#10377=ADVANCED_FACE('',(#3128),#239,.T.);
#10378=ADVANCED_FACE('',(#3129),#2699,.T.);
#10379=ADVANCED_FACE('',(#3130),#240,.T.);
#10380=ADVANCED_FACE('',(#3131),#2700,.F.);
#10381=ADVANCED_FACE('',(#3132),#241,.T.);
#10382=ADVANCED_FACE('',(#3133),#2701,.F.);
#10383=ADVANCED_FACE('',(#3134),#242,.T.);
#10384=ADVANCED_FACE('',(#3135),#243,.T.);
#10385=ADVANCED_FACE('',(#3136),#244,.T.);
#10386=ADVANCED_FACE('',(#3137),#2702,.T.);
#10387=ADVANCED_FACE('',(#3138),#245,.T.);
#10388=ADVANCED_FACE('',(#3139),#2703,.T.);
#10389=ADVANCED_FACE('',(#3140),#246,.T.);
#10390=ADVANCED_FACE('',(#3141),#2704,.T.);
#10391=ADVANCED_FACE('',(#3142),#247,.T.);
#10392=ADVANCED_FACE('',(#3143),#2705,.T.);
#10393=ADVANCED_FACE('',(#3144),#248,.T.);
#10394=ADVANCED_FACE('',(#3145),#15,.F.);
#10395=ADVANCED_FACE('',(#3146),#249,.T.);
#10396=ADVANCED_FACE('',(#3147),#16,.F.);
#10397=ADVANCED_FACE('',(#3148),#250,.T.);
#10398=ADVANCED_FACE('',(#3149),#251,.T.);
#10399=ADVANCED_FACE('',(#3150),#252,.T.);
#10400=ADVANCED_FACE('',(#3151),#253,.T.);
#10401=ADVANCED_FACE('',(#3152),#254,.T.);
#10402=ADVANCED_FACE('',(#3153),#17,.T.);
#10403=ADVANCED_FACE('',(#3154),#255,.T.);
#10404=ADVANCED_FACE('',(#3155),#256,.T.);
#10405=ADVANCED_FACE('',(#3156),#18,.F.);
#10406=ADVANCED_FACE('',(#3157),#257,.T.);
#10407=ADVANCED_FACE('',(#3158),#258,.T.);
#10408=ADVANCED_FACE('',(#3159),#259,.T.);
#10409=ADVANCED_FACE('',(#3160),#260,.T.);
#10410=ADVANCED_FACE('',(#3161),#261,.T.);
#10411=ADVANCED_FACE('',(#3162),#262,.T.);
#10412=ADVANCED_FACE('',(#3163),#263,.T.);
#10413=ADVANCED_FACE('',(#3164),#264,.T.);
#10414=ADVANCED_FACE('',(#3165),#265,.T.);
#10415=ADVANCED_FACE('',(#3166),#266,.T.);
#10416=ADVANCED_FACE('',(#3167),#19,.T.);
#10417=ADVANCED_FACE('',(#3168),#267,.T.);
#10418=ADVANCED_FACE('',(#3169),#20,.T.);
#10419=ADVANCED_FACE('',(#3170),#268,.T.);
#10420=ADVANCED_FACE('',(#3171),#21,.T.);
#10421=ADVANCED_FACE('',(#3172),#269,.T.);
#10422=ADVANCED_FACE('',(#3173),#270,.T.);
#10423=ADVANCED_FACE('',(#3174),#22,.T.);
#10424=ADVANCED_FACE('',(#3175),#271,.T.);
#10425=ADVANCED_FACE('',(#3176),#23,.T.);
#10426=ADVANCED_FACE('',(#3177),#24,.F.);
#10427=ADVANCED_FACE('',(#3178),#272,.T.);
#10428=ADVANCED_FACE('',(#3179),#25,.T.);
#10429=ADVANCED_FACE('',(#3180),#273,.T.);
#10430=ADVANCED_FACE('',(#3181),#26,.T.);
#10431=ADVANCED_FACE('',(#3182),#274,.T.);
#10432=ADVANCED_FACE('',(#3183),#275,.T.);
#10433=ADVANCED_FACE('',(#3184),#27,.T.);
#10434=ADVANCED_FACE('',(#3185),#276,.T.);
#10435=ADVANCED_FACE('',(#3186),#28,.T.);
#10436=ADVANCED_FACE('',(#3187),#29,.T.);
#10437=ADVANCED_FACE('',(#3188),#30,.T.);
#10438=ADVANCED_FACE('',(#3189),#277,.T.);
#10439=ADVANCED_FACE('',(#3190),#278,.T.);
#10440=ADVANCED_FACE('',(#3191),#31,.T.);
#10441=ADVANCED_FACE('',(#3192),#279,.T.);
#10442=ADVANCED_FACE('',(#3193),#32,.T.);
#10443=ADVANCED_FACE('',(#3194),#280,.T.);
#10444=ADVANCED_FACE('',(#3195),#281,.T.);
#10445=ADVANCED_FACE('',(#3196),#282,.T.);
#10446=ADVANCED_FACE('',(#3197),#33,.T.);
#10447=ADVANCED_FACE('',(#3198),#283,.T.);
#10448=ADVANCED_FACE('',(#3199),#284,.T.);
#10449=ADVANCED_FACE('',(#3200),#285,.T.);
#10450=ADVANCED_FACE('',(#3201),#286,.T.);
#10451=ADVANCED_FACE('',(#3202),#34,.T.);
#10452=ADVANCED_FACE('',(#3203),#35,.T.);
#10453=ADVANCED_FACE('',(#3204),#287,.T.);
#10454=ADVANCED_FACE('',(#3205),#288,.T.);
#10455=ADVANCED_FACE('',(#3206),#36,.T.);
#10456=ADVANCED_FACE('',(#3207),#289,.T.);
#10457=ADVANCED_FACE('',(#3208),#290,.T.);
#10458=ADVANCED_FACE('',(#3209),#291,.T.);
#10459=ADVANCED_FACE('',(#3210),#292,.T.);
#10460=ADVANCED_FACE('',(#3211),#37,.F.);
#10461=ADVANCED_FACE('',(#3212),#293,.T.);
#10462=ADVANCED_FACE('',(#3213),#38,.F.);
#10463=ADVANCED_FACE('',(#3214),#294,.T.);
#10464=ADVANCED_FACE('',(#3215),#295,.T.);
#10465=ADVANCED_FACE('',(#3216),#296,.T.);
#10466=ADVANCED_FACE('',(#3217),#297,.T.);
#10467=ADVANCED_FACE('',(#3218),#39,.T.);
#10468=ADVANCED_FACE('',(#3219),#298,.T.);
#10469=ADVANCED_FACE('',(#3220),#299,.T.);
#10470=ADVANCED_FACE('',(#3221),#40,.T.);
#10471=ADVANCED_FACE('',(#3222),#41,.T.);
#10472=ADVANCED_FACE('',(#3223),#300,.T.);
#10473=ADVANCED_FACE('',(#3224),#301,.T.);
#10474=ADVANCED_FACE('',(#3225),#42,.T.);
#10475=ADVANCED_FACE('',(#3226),#43,.T.);
#10476=ADVANCED_FACE('',(#3227),#302,.T.);
#10477=ADVANCED_FACE('',(#3228),#44,.T.);
#10478=ADVANCED_FACE('',(#3229),#303,.T.);
#10479=ADVANCED_FACE('',(#3230),#45,.T.);
#10480=ADVANCED_FACE('',(#3231),#304,.T.);
#10481=ADVANCED_FACE('',(#3232),#305,.T.);
#10482=ADVANCED_FACE('',(#3233),#46,.F.);
#10483=ADVANCED_FACE('',(#3234),#306,.T.);
#10484=ADVANCED_FACE('',(#3235),#307,.T.);
#10485=ADVANCED_FACE('',(#3236),#47,.T.);
#10486=ADVANCED_FACE('',(#3237),#308,.T.);
#10487=ADVANCED_FACE('',(#3238),#309,.T.);
#10488=ADVANCED_FACE('',(#3239),#48,.T.);
#10489=ADVANCED_FACE('',(#3240),#49,.T.);
#10490=ADVANCED_FACE('',(#3241),#310,.T.);
#10491=ADVANCED_FACE('',(#3242),#50,.T.);
#10492=ADVANCED_FACE('',(#3243),#311,.T.);
#10493=ADVANCED_FACE('',(#3244),#51,.T.);
#10494=ADVANCED_FACE('',(#3245),#312,.T.);
#10495=ADVANCED_FACE('',(#3246),#52,.T.);
#10496=ADVANCED_FACE('',(#3247),#313,.T.);
#10497=ADVANCED_FACE('',(#3248),#314,.T.);
#10498=ADVANCED_FACE('',(#3249),#53,.F.);
#10499=ADVANCED_FACE('',(#3250),#315,.T.);
#10500=ADVANCED_FACE('',(#3251),#316,.T.);
#10501=ADVANCED_FACE('',(#3252),#54,.T.);
#10502=ADVANCED_FACE('',(#3253),#317,.T.);
#10503=ADVANCED_FACE('',(#3254),#55,.T.);
#10504=ADVANCED_FACE('',(#3255),#318,.T.);
#10505=ADVANCED_FACE('',(#3256),#56,.T.);
#10506=ADVANCED_FACE('',(#3257),#319,.T.);
#10507=ADVANCED_FACE('',(#3258),#57,.T.);
#10508=ADVANCED_FACE('',(#3259),#320,.T.);
#10509=ADVANCED_FACE('',(#3260),#58,.T.);
#10510=ADVANCED_FACE('',(#3261),#321,.T.);
#10511=ADVANCED_FACE('',(#3262),#59,.T.);
#10512=ADVANCED_FACE('',(#3263),#322,.T.);
#10513=ADVANCED_FACE('',(#3264),#60,.F.);
#10514=ADVANCED_FACE('',(#3265),#323,.T.);
#10515=ADVANCED_FACE('',(#3266),#324,.T.);
#10516=ADVANCED_FACE('',(#3267),#61,.T.);
#10517=ADVANCED_FACE('',(#3268),#325,.T.);
#10518=ADVANCED_FACE('',(#3269),#62,.T.);
#10519=ADVANCED_FACE('',(#3270),#326,.T.);
#10520=ADVANCED_FACE('',(#3271),#63,.T.);
#10521=ADVANCED_FACE('',(#3272),#327,.T.);
#10522=ADVANCED_FACE('',(#3273),#64,.T.);
#10523=ADVANCED_FACE('',(#3274),#65,.T.);
#10524=ADVANCED_FACE('',(#3275),#328,.T.);
#10525=ADVANCED_FACE('',(#3276),#329,.F.);
#10526=ADVANCED_FACE('',(#3277),#2706,.T.);
#10527=ADVANCED_FACE('',(#3278),#330,.F.);
#10528=ADVANCED_FACE('',(#3279),#2707,.T.);
#10529=ADVANCED_FACE('',(#3280),#331,.F.);
#10530=ADVANCED_FACE('',(#3281),#2708,.F.);
#10531=ADVANCED_FACE('',(#3282),#332,.F.);
#10532=ADVANCED_FACE('',(#3283),#2709,.F.);
#10533=ADVANCED_FACE('',(#3284),#333,.F.);
#10534=ADVANCED_FACE('',(#3285),#2710,.F.);
#10535=ADVANCED_FACE('',(#3286),#334,.F.);
#10536=ADVANCED_FACE('',(#3287),#2711,.F.);
#10537=ADVANCED_FACE('',(#3288),#335,.F.);
#10538=ADVANCED_FACE('',(#3289),#2712,.F.);
#10539=ADVANCED_FACE('',(#3290),#336,.F.);
#10540=ADVANCED_FACE('',(#3291),#337,.F.);
#10541=ADVANCED_FACE('',(#3292),#338,.F.);
#10542=ADVANCED_FACE('',(#3293),#339,.F.);
#10543=ADVANCED_FACE('',(#3294),#2713,.F.);
#10544=ADVANCED_FACE('',(#3295),#340,.F.);
#10545=ADVANCED_FACE('',(#3296),#2714,.F.);
#10546=ADVANCED_FACE('',(#3297),#341,.F.);
#10547=ADVANCED_FACE('',(#3298),#2715,.F.);
#10548=ADVANCED_FACE('',(#3299),#342,.F.);
#10549=ADVANCED_FACE('',(#3300),#2716,.F.);
#10550=ADVANCED_FACE('',(#3301),#343,.F.);
#10551=ADVANCED_FACE('',(#3302),#2717,.F.);
#10552=ADVANCED_FACE('',(#3303),#344,.F.);
#10553=ADVANCED_FACE('',(#3304),#2718,.F.);
#10554=ADVANCED_FACE('',(#3305),#345,.F.);
#10555=ADVANCED_FACE('',(#3306),#2719,.F.);
#10556=ADVANCED_FACE('',(#3307),#346,.F.);
#10557=ADVANCED_FACE('',(#3308),#347,.F.);
#10558=ADVANCED_FACE('',(#3309),#2720,.F.);
#10559=ADVANCED_FACE('',(#3310),#348,.F.);
#10560=ADVANCED_FACE('',(#3311),#2721,.F.);
#10561=ADVANCED_FACE('',(#3312),#349,.F.);
#10562=ADVANCED_FACE('',(#3313),#2722,.F.);
#10563=ADVANCED_FACE('',(#3314),#350,.F.);
#10564=ADVANCED_FACE('',(#3315),#2723,.F.);
#10565=ADVANCED_FACE('',(#3316),#351,.F.);
#10566=ADVANCED_FACE('',(#3317),#2724,.F.);
#10567=ADVANCED_FACE('',(#3318),#352,.F.);
#10568=ADVANCED_FACE('',(#3319),#2725,.F.);
#10569=ADVANCED_FACE('',(#3320),#353,.F.);
#10570=ADVANCED_FACE('',(#3321),#2726,.F.);
#10571=ADVANCED_FACE('',(#3322),#354,.F.);
#10572=ADVANCED_FACE('',(#3323),#355,.F.);
#10573=ADVANCED_FACE('',(#3324),#356,.F.);
#10574=ADVANCED_FACE('',(#3325),#357,.F.);
#10575=ADVANCED_FACE('',(#3326),#358,.F.);
#10576=ADVANCED_FACE('',(#3327),#359,.F.);
#10577=ADVANCED_FACE('',(#3328),#360,.F.);
#10578=ADVANCED_FACE('',(#3329),#361,.F.);
#10579=ADVANCED_FACE('',(#3330),#362,.F.);
#10580=ADVANCED_FACE('',(#3331),#363,.F.);
#10581=ADVANCED_FACE('',(#3332),#364,.F.);
#10582=ADVANCED_FACE('',(#3333),#2727,.F.);
#10583=ADVANCED_FACE('',(#3334),#365,.F.);
#10584=ADVANCED_FACE('',(#3335),#366,.F.);
#10585=ADVANCED_FACE('',(#3336),#367,.F.);
#10586=ADVANCED_FACE('',(#3337),#2728,.T.);
#10587=ADVANCED_FACE('',(#3338),#368,.F.);
#10588=ADVANCED_FACE('',(#3339),#2729,.T.);
#10589=ADVANCED_FACE('',(#3340),#369,.F.);
#10590=ADVANCED_FACE('',(#3341),#2730,.T.);
#10591=ADVANCED_FACE('',(#3342),#370,.F.);
#10592=ADVANCED_FACE('',(#3343),#371,.F.);
#10593=ADVANCED_FACE('',(#3344),#372,.F.);
#10594=ADVANCED_FACE('',(#3345),#373,.F.);
#10595=ADVANCED_FACE('',(#3346),#374,.F.);
#10596=ADVANCED_FACE('',(#3347),#2731,.T.);
#10597=ADVANCED_FACE('',(#3348),#375,.F.);
#10598=ADVANCED_FACE('',(#3349),#2732,.T.);
#10599=ADVANCED_FACE('',(#3350),#376,.T.);
#10600=ADVANCED_FACE('',(#3351),#377,.T.);
#10601=ADVANCED_FACE('',(#3352),#2733,.T.);
#10602=ADVANCED_FACE('',(#3353),#378,.T.);
#10603=ADVANCED_FACE('',(#3354),#2734,.T.);
#10604=ADVANCED_FACE('',(#3355),#379,.T.);
#10605=ADVANCED_FACE('',(#3356),#380,.T.);
#10606=ADVANCED_FACE('',(#3357),#381,.T.);
#10607=ADVANCED_FACE('',(#3358),#382,.T.);
#10608=ADVANCED_FACE('',(#3359),#383,.T.);
#10609=ADVANCED_FACE('',(#3360),#2735,.T.);
#10610=ADVANCED_FACE('',(#3361),#384,.T.);
#10611=ADVANCED_FACE('',(#3362),#2736,.T.);
#10612=ADVANCED_FACE('',(#3363),#385,.T.);
#10613=ADVANCED_FACE('',(#3364),#2737,.T.);
#10614=ADVANCED_FACE('',(#3365),#386,.T.);
#10615=ADVANCED_FACE('',(#3366),#2738,.T.);
#10616=ADVANCED_FACE('',(#3367),#387,.T.);
#10617=ADVANCED_FACE('',(#3368),#2739,.T.);
#10618=ADVANCED_FACE('',(#3369),#388,.T.);
#10619=ADVANCED_FACE('',(#3370),#2740,.T.);
#10620=ADVANCED_FACE('',(#3371),#389,.T.);
#10621=ADVANCED_FACE('',(#3372),#2741,.T.);
#10622=ADVANCED_FACE('',(#3373),#390,.T.);
#10623=ADVANCED_FACE('',(#3374),#391,.T.);
#10624=ADVANCED_FACE('',(#3375),#2742,.T.);
#10625=ADVANCED_FACE('',(#3376),#392,.T.);
#10626=ADVANCED_FACE('',(#3377),#2743,.T.);
#10627=ADVANCED_FACE('',(#3378),#393,.T.);
#10628=ADVANCED_FACE('',(#3379),#2744,.T.);
#10629=ADVANCED_FACE('',(#3380),#394,.T.);
#10630=ADVANCED_FACE('',(#3381),#2745,.T.);
#10631=ADVANCED_FACE('',(#3382),#395,.T.);
#10632=ADVANCED_FACE('',(#3383),#2746,.T.);
#10633=ADVANCED_FACE('',(#3384),#396,.T.);
#10634=ADVANCED_FACE('',(#3385),#2747,.T.);
#10635=ADVANCED_FACE('',(#3386),#397,.T.);
#10636=ADVANCED_FACE('',(#3387),#2748,.T.);
#10637=ADVANCED_FACE('',(#3388),#398,.T.);
#10638=ADVANCED_FACE('',(#3389),#399,.T.);
#10639=ADVANCED_FACE('',(#3390),#400,.T.);
#10640=ADVANCED_FACE('',(#3391),#401,.T.);
#10641=ADVANCED_FACE('',(#3392),#402,.T.);
#10642=ADVANCED_FACE('',(#3393),#403,.T.);
#10643=ADVANCED_FACE('',(#3394),#404,.T.);
#10644=ADVANCED_FACE('',(#3395),#405,.T.);
#10645=ADVANCED_FACE('',(#3396),#406,.T.);
#10646=ADVANCED_FACE('',(#3397),#407,.T.);
#10647=ADVANCED_FACE('',(#3398),#408,.T.);
#10648=ADVANCED_FACE('',(#3399),#2749,.T.);
#10649=ADVANCED_FACE('',(#3400),#409,.T.);
#10650=ADVANCED_FACE('',(#3401),#410,.T.);
#10651=ADVANCED_FACE('',(#3402),#411,.T.);
#10652=ADVANCED_FACE('',(#3403),#412,.T.);
#10653=ADVANCED_FACE('',(#3404),#2750,.F.);
#10654=ADVANCED_FACE('',(#3405),#413,.T.);
#10655=ADVANCED_FACE('',(#3406),#2751,.F.);
#10656=ADVANCED_FACE('',(#3407),#414,.T.);
#10657=ADVANCED_FACE('',(#3408),#2752,.T.);
#10658=ADVANCED_FACE('',(#3409),#415,.T.);
#10659=CLOSED_SHELL('',(#10089,#10090,#10091,#10092,#10093,#10094,#10095,
#10096,#10097,#10098,#10099,#10100,#10101,#10102,#10103,#10104,#10105,#10106,
#10107,#10108,#10109,#10110,#10111,#10112,#10113,#10114,#10115,#10116,#10117,
#10118,#10119,#10120,#10121,#10122,#10123,#10124,#10125,#10126,#10127,#10128,
#10129,#10130,#10131,#10132,#10133,#10134,#10135,#10136,#10137,#10138,#10139,
#10140,#10141,#10142,#10143,#10144,#10145,#10146,#10147,#10148,#10149,#10150,
#10151,#10152,#10153,#10154,#10155,#10156,#10157,#10158,#10159,#10160,#10161,
#10162,#10163,#10164,#10165,#10166,#10167,#10168,#10169,#10170,#10171,#10172,
#10173,#10174,#10175,#10176,#10177,#10178,#10179,#10180,#10181,#10182,#10183,
#10184,#10185,#10186,#10187,#10188,#10189,#10190,#10191,#10192,#10193,#10194,
#10195,#10196,#10197,#10198,#10199,#10200,#10201,#10202,#10203,#10204,#10205,
#10206,#10207,#10208,#10209,#10210,#10211,#10212,#10213,#10214,#10215,#10216,
#10217,#10218,#10219,#10220,#10221,#10222,#10223,#10224,#10225,#10226,#10227,
#10228,#10229,#10230,#10231,#10232,#10233,#10234,#10235,#10236,#10237,#10238,
#10239,#10240,#10241,#10242,#10243,#10244,#10245,#10246,#10247,#10248,#10249,
#10250,#10251,#10252,#10253,#10254,#10255,#10256,#10257,#10258,#10259,#10260,
#10261,#10262,#10263,#10264,#10265,#10266,#10267,#10268,#10269,#10270,#10271,
#10272,#10273,#10274,#10275,#10276,#10277,#10278,#10279,#10280,#10281,#10282,
#10283,#10284,#10285,#10286,#10287,#10288,#10289,#10290,#10291,#10292,#10293,
#10294,#10295,#10296,#10297,#10298,#10299,#10300,#10301,#10302,#10303,#10304,
#10305,#10306,#10307,#10308,#10309,#10310,#10311,#10312,#10313,#10314,#10315,
#10316,#10317,#10318,#10319,#10320,#10321,#10322,#10323,#10324,#10325,#10326,
#10327,#10328,#10329,#10330,#10331,#10332,#10333,#10334,#10335,#10336,#10337,
#10338,#10339,#10340,#10341,#10342,#10343,#10344,#10345,#10346,#10347,#10348,
#10349,#10350,#10351,#10352,#10353,#10354,#10355,#10356,#10357,#10358,#10359,
#10360,#10361,#10362,#10363,#10364,#10365,#10366,#10367,#10368,#10369,#10370,
#10371,#10372,#10373,#10374,#10375,#10376,#10377,#10378,#10379,#10380,#10381,
#10382,#10383,#10384,#10385,#10386,#10387,#10388,#10389,#10390,#10391,#10392,
#10393,#10394,#10395,#10396,#10397,#10398,#10399,#10400,#10401,#10402,#10403,
#10404,#10405,#10406,#10407,#10408,#10409,#10410,#10411,#10412,#10413,#10414,
#10415,#10416,#10417,#10418,#10419,#10420,#10421,#10422,#10423,#10424,#10425,
#10426,#10427,#10428,#10429,#10430,#10431,#10432,#10433,#10434,#10435,#10436,
#10437,#10438,#10439,#10440,#10441,#10442,#10443,#10444,#10445,#10446,#10447,
#10448,#10449,#10450,#10451,#10452,#10453,#10454,#10455,#10456,#10457,#10458,
#10459,#10460,#10461,#10462,#10463,#10464,#10465,#10466,#10467,#10468,#10469,
#10470,#10471,#10472,#10473,#10474,#10475,#10476,#10477,#10478,#10479,#10480,
#10481,#10482,#10483,#10484,#10485,#10486,#10487,#10488,#10489,#10490,#10491,
#10492,#10493,#10494,#10495,#10496,#10497,#10498,#10499,#10500,#10501,#10502,
#10503,#10504,#10505,#10506,#10507,#10508,#10509,#10510,#10511,#10512,#10513,
#10514,#10515,#10516,#10517,#10518,#10519,#10520,#10521,#10522,#10523,#10524,
#10525,#10526,#10527,#10528,#10529,#10530,#10531,#10532,#10533,#10534,#10535,
#10536,#10537,#10538,#10539,#10540,#10541,#10542,#10543,#10544,#10545,#10546,
#10547,#10548,#10549,#10550,#10551,#10552,#10553,#10554,#10555,#10556,#10557,
#10558,#10559,#10560,#10561,#10562,#10563,#10564,#10565,#10566,#10567,#10568,
#10569,#10570,#10571,#10572,#10573,#10574,#10575,#10576,#10577,#10578,#10579,
#10580,#10581,#10582,#10583,#10584,#10585,#10586,#10587,#10588,#10589,#10590,
#10591,#10592,#10593,#10594,#10595,#10596,#10597,#10598,#10599,#10600,#10601,
#10602,#10603,#10604,#10605,#10606,#10607,#10608,#10609,#10610,#10611,#10612,
#10613,#10614,#10615,#10616,#10617,#10618,#10619,#10620,#10621,#10622,#10623,
#10624,#10625,#10626,#10627,#10628,#10629,#10630,#10631,#10632,#10633,#10634,
#10635,#10636,#10637,#10638,#10639,#10640,#10641,#10642,#10643,#10644,#10645,
#10646,#10647,#10648,#10649,#10650,#10651,#10652,#10653,#10654,#10655,#10656,
#10657,#10658));
#10660=DERIVED_UNIT_ELEMENT(#10662,1.);
#10661=DERIVED_UNIT_ELEMENT(#18123,-3.);
#10662=(
MASS_UNIT()
NAMED_UNIT(*)
SI_UNIT(.KILO.,.GRAM.)
);
#10663=DERIVED_UNIT((#10660,#10661));
#10664=MEASURE_REPRESENTATION_ITEM('density measure',
POSITIVE_RATIO_MEASURE(1060.),#10663);
#10665=PROPERTY_DEFINITION_REPRESENTATION(#10670,#10667);
#10666=PROPERTY_DEFINITION_REPRESENTATION(#10671,#10668);
#10667=REPRESENTATION('material name',(#10669),#18120);
#10668=REPRESENTATION('density',(#10664),#18120);
#10669=DESCRIPTIVE_REPRESENTATION_ITEM('ABS Plastic','ABS Plastic');
#10670=PROPERTY_DEFINITION('material property','material name',#18130);
#10671=PROPERTY_DEFINITION('material property','density of part',#18130);
#10672=AXIS2_PLACEMENT_3D('',#14660,#11640,#11641);
#10673=AXIS2_PLACEMENT_3D('',#14661,#11642,#11643);
#10674=AXIS2_PLACEMENT_3D('',#14664,#11644,#11645);
#10675=AXIS2_PLACEMENT_3D('',#14666,#11646,#11647);
#10676=AXIS2_PLACEMENT_3D('',#14668,#11648,#11649);
#10677=AXIS2_PLACEMENT_3D('',#14669,#11650,#11651);
#10678=AXIS2_PLACEMENT_3D('',#14670,#11652,#11653);
#10679=AXIS2_PLACEMENT_3D('',#14685,#11654,#11655);
#10680=AXIS2_PLACEMENT_3D('',#14686,#11656,#11657);
#10681=AXIS2_PLACEMENT_3D('',#14687,#11658,#11659);
#10682=AXIS2_PLACEMENT_3D('',#14702,#11660,#11661);
#10683=AXIS2_PLACEMENT_3D('',#14703,#11662,#11663);
#10684=AXIS2_PLACEMENT_3D('',#14704,#11664,#11665);
#10685=AXIS2_PLACEMENT_3D('',#14708,#11667,#11668);
#10686=AXIS2_PLACEMENT_3D('',#14710,#11670,#11671);
#10687=AXIS2_PLACEMENT_3D('',#14713,#11673,#11674);
#10688=AXIS2_PLACEMENT_3D('',#14714,#11675,#11676);
#10689=AXIS2_PLACEMENT_3D('',#14716,#11677,#11678);
#10690=AXIS2_PLACEMENT_3D('',#14718,#11679,#11680);
#10691=AXIS2_PLACEMENT_3D('',#14720,#11681,#11682);
#10692=AXIS2_PLACEMENT_3D('',#14721,#11683,#11684);
#10693=AXIS2_PLACEMENT_3D('',#14722,#11685,#11686);
#10694=AXIS2_PLACEMENT_3D('',#14725,#11688,#11689);
#10695=AXIS2_PLACEMENT_3D('',#14726,#11690,#11691);
#10696=AXIS2_PLACEMENT_3D('',#14730,#11693,#11694);
#10697=AXIS2_PLACEMENT_3D('',#14734,#11696,#11697);
#10698=AXIS2_PLACEMENT_3D('',#14738,#11699,#11700);
#10699=AXIS2_PLACEMENT_3D('',#14742,#11702,#11703);
#10700=AXIS2_PLACEMENT_3D('',#14745,#11705,#11706);
#10701=AXIS2_PLACEMENT_3D('',#14746,#11707,#11708);
#10702=AXIS2_PLACEMENT_3D('',#14749,#11710,#11711);
#10703=AXIS2_PLACEMENT_3D('',#14750,#11712,#11713);
#10704=AXIS2_PLACEMENT_3D('',#14754,#11715,#11716);
#10705=AXIS2_PLACEMENT_3D('',#14756,#11718,#11719);
#10706=AXIS2_PLACEMENT_3D('',#14762,#11723,#11724);
#10707=AXIS2_PLACEMENT_3D('',#14768,#11728,#11729);
#10708=AXIS2_PLACEMENT_3D('',#14771,#11731,#11732);
#10709=AXIS2_PLACEMENT_3D('',#14772,#11733,#11734);
#10710=AXIS2_PLACEMENT_3D('',#14776,#11737,#11738);
#10711=AXIS2_PLACEMENT_3D('',#14777,#11739,#11740);
#10712=AXIS2_PLACEMENT_3D('',#14778,#11741,#11742);
#10713=AXIS2_PLACEMENT_3D('',#14787,#11747,#11748);
#10714=AXIS2_PLACEMENT_3D('',#14789,#11749,#11750);
#10715=AXIS2_PLACEMENT_3D('',#14791,#11751,#11752);
#10716=AXIS2_PLACEMENT_3D('',#14793,#11754,#11755);
#10717=AXIS2_PLACEMENT_3D('',#14795,#11756,#11757);
#10718=AXIS2_PLACEMENT_3D('',#14798,#11759,#11760);
#10719=AXIS2_PLACEMENT_3D('',#14799,#11761,#11762);
#10720=AXIS2_PLACEMENT_3D('',#14809,#11768,#11769);
#10721=AXIS2_PLACEMENT_3D('',#14816,#11772,#11773);
#10722=AXIS2_PLACEMENT_3D('',#14820,#11775,#11776);
#10723=AXIS2_PLACEMENT_3D('',#14824,#11778,#11779);
#10724=AXIS2_PLACEMENT_3D('',#14832,#11783,#11784);
#10725=AXIS2_PLACEMENT_3D('',#14856,#11796,#11797);
#10726=AXIS2_PLACEMENT_3D('',#14860,#11799,#11800);
#10727=AXIS2_PLACEMENT_3D('',#14864,#11802,#11803);
#10728=AXIS2_PLACEMENT_3D('',#14868,#11805,#11806);
#10729=AXIS2_PLACEMENT_3D('',#14872,#11808,#11809);
#10730=AXIS2_PLACEMENT_3D('',#14876,#11811,#11812);
#10731=AXIS2_PLACEMENT_3D('',#14879,#11814,#11815);
#10732=AXIS2_PLACEMENT_3D('',#14883,#11817,#11818);
#10733=AXIS2_PLACEMENT_3D('',#14887,#11820,#11821);
#10734=AXIS2_PLACEMENT_3D('',#14891,#11823,#11824);
#10735=AXIS2_PLACEMENT_3D('',#14895,#11826,#11827);
#10736=AXIS2_PLACEMENT_3D('',#14899,#11829,#11830);
#10737=AXIS2_PLACEMENT_3D('',#14903,#11832,#11833);
#10738=AXIS2_PLACEMENT_3D('',#14907,#11835,#11836);
#10739=AXIS2_PLACEMENT_3D('',#14931,#11848,#11849);
#10740=AXIS2_PLACEMENT_3D('',#14941,#11854,#11855);
#10741=AXIS2_PLACEMENT_3D('',#14945,#11857,#11858);
#10742=AXIS2_PLACEMENT_3D('',#14949,#11860,#11861);
#10743=AXIS2_PLACEMENT_3D('',#14953,#11863,#11864);
#10744=AXIS2_PLACEMENT_3D('',#14957,#11866,#11867);
#10745=AXIS2_PLACEMENT_3D('',#14961,#11869,#11870);
#10746=AXIS2_PLACEMENT_3D('',#14965,#11872,#11873);
#10747=AXIS2_PLACEMENT_3D('',#14973,#11877,#11878);
#10748=AXIS2_PLACEMENT_3D('',#14977,#11880,#11881);
#10749=AXIS2_PLACEMENT_3D('',#14981,#11883,#11884);
#10750=AXIS2_PLACEMENT_3D('',#14985,#11886,#11887);
#10751=AXIS2_PLACEMENT_3D('',#14989,#11889,#11890);
#10752=AXIS2_PLACEMENT_3D('',#14993,#11892,#11893);
#10753=AXIS2_PLACEMENT_3D('',#14997,#11895,#11896);
#10754=AXIS2_PLACEMENT_3D('',#15001,#11898,#11899);
#10755=AXIS2_PLACEMENT_3D('',#15009,#11903,#11904);
#10756=AXIS2_PLACEMENT_3D('',#15013,#11906,#11907);
#10757=AXIS2_PLACEMENT_3D('',#15017,#11909,#11910);
#10758=AXIS2_PLACEMENT_3D('',#15021,#11912,#11913);
#10759=AXIS2_PLACEMENT_3D('',#15025,#11915,#11916);
#10760=AXIS2_PLACEMENT_3D('',#15029,#11918,#11919);
#10761=AXIS2_PLACEMENT_3D('',#15033,#11921,#11922);
#10762=AXIS2_PLACEMENT_3D('',#15037,#11924,#11925);
#10763=AXIS2_PLACEMENT_3D('',#15041,#11927,#11928);
#10764=AXIS2_PLACEMENT_3D('',#15051,#11933,#11934);
#10765=AXIS2_PLACEMENT_3D('',#15055,#11936,#11937);
#10766=AXIS2_PLACEMENT_3D('',#15059,#11939,#11940);
#10767=AXIS2_PLACEMENT_3D('',#15063,#11942,#11943);
#10768=AXIS2_PLACEMENT_3D('',#15067,#11945,#11946);
#10769=AXIS2_PLACEMENT_3D('',#15077,#11951,#11952);
#10770=AXIS2_PLACEMENT_3D('',#15081,#11954,#11955);
#10771=AXIS2_PLACEMENT_3D('',#15096,#11963,#11964);
#10772=AXIS2_PLACEMENT_3D('',#15100,#11966,#11967);
#10773=AXIS2_PLACEMENT_3D('',#15104,#11969,#11970);
#10774=AXIS2_PLACEMENT_3D('',#15108,#11972,#11973);
#10775=AXIS2_PLACEMENT_3D('',#15112,#11975,#11976);
#10776=AXIS2_PLACEMENT_3D('',#15116,#11978,#11979);
#10777=AXIS2_PLACEMENT_3D('',#15120,#11981,#11982);
#10778=AXIS2_PLACEMENT_3D('',#15127,#11986,#11987);
#10779=AXIS2_PLACEMENT_3D('',#15131,#11989,#11990);
#10780=AXIS2_PLACEMENT_3D('',#15135,#11992,#11993);
#10781=AXIS2_PLACEMENT_3D('',#15139,#11995,#11996);
#10782=AXIS2_PLACEMENT_3D('',#15143,#11998,#11999);
#10783=AXIS2_PLACEMENT_3D('',#15147,#12001,#12002);
#10784=AXIS2_PLACEMENT_3D('',#15151,#12004,#12005);
#10785=AXIS2_PLACEMENT_3D('',#15161,#12010,#12011);
#10786=AXIS2_PLACEMENT_3D('',#15165,#12013,#12014);
#10787=AXIS2_PLACEMENT_3D('',#15169,#12016,#12017);
#10788=AXIS2_PLACEMENT_3D('',#15173,#12019,#12020);
#10789=AXIS2_PLACEMENT_3D('',#15177,#12022,#12023);
#10790=AXIS2_PLACEMENT_3D('',#15181,#12025,#12026);
#10791=AXIS2_PLACEMENT_3D('',#15185,#12028,#12029);
#10792=AXIS2_PLACEMENT_3D('',#15197,#12035,#12036);
#10793=AXIS2_PLACEMENT_3D('',#15201,#12038,#12039);
#10794=AXIS2_PLACEMENT_3D('',#15211,#12044,#12045);
#10795=AXIS2_PLACEMENT_3D('',#15215,#12047,#12048);
#10796=AXIS2_PLACEMENT_3D('',#15219,#12050,#12051);
#10797=AXIS2_PLACEMENT_3D('',#15223,#12053,#12054);
#10798=AXIS2_PLACEMENT_3D('',#15227,#12056,#12057);
#10799=AXIS2_PLACEMENT_3D('',#15237,#12062,#12063);
#10800=AXIS2_PLACEMENT_3D('',#15241,#12065,#12066);
#10801=AXIS2_PLACEMENT_3D('',#15245,#12068,#12069);
#10802=AXIS2_PLACEMENT_3D('',#15249,#12071,#12072);
#10803=AXIS2_PLACEMENT_3D('',#15253,#12074,#12075);
#10804=AXIS2_PLACEMENT_3D('',#15257,#12077,#12078);
#10805=AXIS2_PLACEMENT_3D('',#15261,#12080,#12081);
#10806=AXIS2_PLACEMENT_3D('',#15265,#12083,#12084);
#10807=AXIS2_PLACEMENT_3D('',#15269,#12086,#12087);
#10808=AXIS2_PLACEMENT_3D('',#15277,#12091,#12092);
#10809=AXIS2_PLACEMENT_3D('',#15281,#12094,#12095);
#10810=AXIS2_PLACEMENT_3D('',#15285,#12097,#12098);
#10811=AXIS2_PLACEMENT_3D('',#15289,#12100,#12101);
#10812=AXIS2_PLACEMENT_3D('',#15293,#12103,#12104);
#10813=AXIS2_PLACEMENT_3D('',#15297,#12106,#12107);
#10814=AXIS2_PLACEMENT_3D('',#15301,#12109,#12110);
#10815=AXIS2_PLACEMENT_3D('',#15305,#12112,#12113);
#10816=AXIS2_PLACEMENT_3D('',#15313,#12117,#12118);
#10817=AXIS2_PLACEMENT_3D('',#15317,#12120,#12121);
#10818=AXIS2_PLACEMENT_3D('',#15321,#12123,#12124);
#10819=AXIS2_PLACEMENT_3D('',#15325,#12126,#12127);
#10820=AXIS2_PLACEMENT_3D('',#15329,#12129,#12130);
#10821=AXIS2_PLACEMENT_3D('',#15333,#12132,#12133);
#10822=AXIS2_PLACEMENT_3D('',#15336,#12135,#12136);
#10823=AXIS2_PLACEMENT_3D('',#15337,#12137,#12138);
#10824=AXIS2_PLACEMENT_3D('',#15341,#12140,#12141);
#10825=AXIS2_PLACEMENT_3D('',#15343,#12143,#12144);
#10826=AXIS2_PLACEMENT_3D('',#15347,#12147,#12148);
#10827=AXIS2_PLACEMENT_3D('',#15350,#12150,#12151);
#10828=AXIS2_PLACEMENT_3D('',#15351,#12152,#12153);
#10829=AXIS2_PLACEMENT_3D('',#15355,#12156,#12157);
#10830=AXIS2_PLACEMENT_3D('',#15358,#12159,#12160);
#10831=AXIS2_PLACEMENT_3D('',#15359,#12161,#12162);
#10832=AXIS2_PLACEMENT_3D('',#15363,#12165,#12166);
#10833=AXIS2_PLACEMENT_3D('',#15366,#12168,#12169);
#10834=AXIS2_PLACEMENT_3D('',#15367,#12170,#12171);
#10835=AXIS2_PLACEMENT_3D('',#15371,#12174,#12175);
#10836=AXIS2_PLACEMENT_3D('',#15374,#12177,#12178);
#10837=AXIS2_PLACEMENT_3D('',#15375,#12179,#12180);
#10838=AXIS2_PLACEMENT_3D('',#15379,#12183,#12184);
#10839=AXIS2_PLACEMENT_3D('',#15382,#12186,#12187);
#10840=AXIS2_PLACEMENT_3D('',#15383,#12188,#12189);
#10841=AXIS2_PLACEMENT_3D('',#15387,#12192,#12193);
#10842=AXIS2_PLACEMENT_3D('',#15391,#12196,#12197);
#10843=AXIS2_PLACEMENT_3D('',#15395,#12200,#12201);
#10844=AXIS2_PLACEMENT_3D('',#15398,#12203,#12204);
#10845=AXIS2_PLACEMENT_3D('',#15399,#12205,#12206);
#10846=AXIS2_PLACEMENT_3D('',#15403,#12209,#12210);
#10847=AXIS2_PLACEMENT_3D('',#15406,#12212,#12213);
#10848=AXIS2_PLACEMENT_3D('',#15407,#12214,#12215);
#10849=AXIS2_PLACEMENT_3D('',#15411,#12218,#12219);
#10850=AXIS2_PLACEMENT_3D('',#15414,#12221,#12222);
#10851=AXIS2_PLACEMENT_3D('',#15415,#12223,#12224);
#10852=AXIS2_PLACEMENT_3D('',#15419,#12227,#12228);
#10853=AXIS2_PLACEMENT_3D('',#15422,#12230,#12231);
#10854=AXIS2_PLACEMENT_3D('',#15423,#12232,#12233);
#10855=AXIS2_PLACEMENT_3D('',#15427,#12236,#12237);
#10856=AXIS2_PLACEMENT_3D('',#15430,#12239,#12240);
#10857=AXIS2_PLACEMENT_3D('',#15431,#12241,#12242);
#10858=AXIS2_PLACEMENT_3D('',#15435,#12245,#12246);
#10859=AXIS2_PLACEMENT_3D('',#15438,#12248,#12249);
#10860=AXIS2_PLACEMENT_3D('',#15439,#12250,#12251);
#10861=AXIS2_PLACEMENT_3D('',#15443,#12254,#12255);
#10862=AXIS2_PLACEMENT_3D('',#15446,#12257,#12258);
#10863=AXIS2_PLACEMENT_3D('',#15447,#12259,#12260);
#10864=AXIS2_PLACEMENT_3D('',#15451,#12263,#12264);
#10865=AXIS2_PLACEMENT_3D('',#15454,#12266,#12267);
#10866=AXIS2_PLACEMENT_3D('',#15455,#12268,#12269);
#10867=AXIS2_PLACEMENT_3D('',#15459,#12272,#12273);
#10868=AXIS2_PLACEMENT_3D('',#15462,#12275,#12276);
#10869=AXIS2_PLACEMENT_3D('',#15463,#12277,#12278);
#10870=AXIS2_PLACEMENT_3D('',#15467,#12281,#12282);
#10871=AXIS2_PLACEMENT_3D('',#15471,#12285,#12286);
#10872=AXIS2_PLACEMENT_3D('',#15475,#12289,#12290);
#10873=AXIS2_PLACEMENT_3D('',#15479,#12293,#12294);
#10874=AXIS2_PLACEMENT_3D('',#15482,#12296,#12297);
#10875=AXIS2_PLACEMENT_3D('',#15483,#12298,#12299);
#10876=AXIS2_PLACEMENT_3D('',#15487,#12302,#12303);
#10877=AXIS2_PLACEMENT_3D('',#15490,#12305,#12306);
#10878=AXIS2_PLACEMENT_3D('',#15491,#12307,#12308);
#10879=AXIS2_PLACEMENT_3D('',#15495,#12311,#12312);
#10880=AXIS2_PLACEMENT_3D('',#15498,#12314,#12315);
#10881=AXIS2_PLACEMENT_3D('',#15499,#12316,#12317);
#10882=AXIS2_PLACEMENT_3D('',#15503,#12320,#12321);
#10883=AXIS2_PLACEMENT_3D('',#15506,#12323,#12324);
#10884=AXIS2_PLACEMENT_3D('',#15507,#12325,#12326);
#10885=AXIS2_PLACEMENT_3D('',#15511,#12329,#12330);
#10886=AXIS2_PLACEMENT_3D('',#15514,#12332,#12333);
#10887=AXIS2_PLACEMENT_3D('',#15515,#12334,#12335);
#10888=AXIS2_PLACEMENT_3D('',#15519,#12338,#12339);
#10889=AXIS2_PLACEMENT_3D('',#15523,#12342,#12343);
#10890=AXIS2_PLACEMENT_3D('',#15527,#12346,#12347);
#10891=AXIS2_PLACEMENT_3D('',#15531,#12350,#12351);
#10892=AXIS2_PLACEMENT_3D('',#15534,#12353,#12354);
#10893=AXIS2_PLACEMENT_3D('',#15535,#12355,#12356);
#10894=AXIS2_PLACEMENT_3D('',#15539,#12359,#12360);
#10895=AXIS2_PLACEMENT_3D('',#15542,#12362,#12363);
#10896=AXIS2_PLACEMENT_3D('',#15543,#12364,#12365);
#10897=AXIS2_PLACEMENT_3D('',#15547,#12368,#12369);
#10898=AXIS2_PLACEMENT_3D('',#15551,#12372,#12373);
#10899=AXIS2_PLACEMENT_3D('',#15555,#12376,#12377);
#10900=AXIS2_PLACEMENT_3D('',#15559,#12380,#12381);
#10901=AXIS2_PLACEMENT_3D('',#15563,#12384,#12385);
#10902=AXIS2_PLACEMENT_3D('',#15566,#12387,#12388);
#10903=AXIS2_PLACEMENT_3D('',#15567,#12389,#12390);
#10904=AXIS2_PLACEMENT_3D('',#15571,#12393,#12394);
#10905=AXIS2_PLACEMENT_3D('',#15574,#12396,#12397);
#10906=AXIS2_PLACEMENT_3D('',#15575,#12398,#12399);
#10907=AXIS2_PLACEMENT_3D('',#15579,#12402,#12403);
#10908=AXIS2_PLACEMENT_3D('',#15582,#12405,#12406);
#10909=AXIS2_PLACEMENT_3D('',#15583,#12407,#12408);
#10910=AXIS2_PLACEMENT_3D('',#15587,#12411,#12412);
#10911=AXIS2_PLACEMENT_3D('',#15590,#12414,#12415);
#10912=AXIS2_PLACEMENT_3D('',#15591,#12416,#12417);
#10913=AXIS2_PLACEMENT_3D('',#15595,#12420,#12421);
#10914=AXIS2_PLACEMENT_3D('',#15598,#12423,#12424);
#10915=AXIS2_PLACEMENT_3D('',#15599,#12425,#12426);
#10916=AXIS2_PLACEMENT_3D('',#15603,#12429,#12430);
#10917=AXIS2_PLACEMENT_3D('',#15606,#12432,#12433);
#10918=AXIS2_PLACEMENT_3D('',#15607,#12434,#12435);
#10919=AXIS2_PLACEMENT_3D('',#15611,#12438,#12439);
#10920=AXIS2_PLACEMENT_3D('',#15614,#12441,#12442);
#10921=AXIS2_PLACEMENT_3D('',#15615,#12443,#12444);
#10922=AXIS2_PLACEMENT_3D('',#15619,#12447,#12448);
#10923=AXIS2_PLACEMENT_3D('',#15623,#12451,#12452);
#10924=AXIS2_PLACEMENT_3D('',#15627,#12455,#12456);
#10925=AXIS2_PLACEMENT_3D('',#15631,#12459,#12460);
#10926=AXIS2_PLACEMENT_3D('',#15634,#12462,#12463);
#10927=AXIS2_PLACEMENT_3D('',#15635,#12464,#12465);
#10928=AXIS2_PLACEMENT_3D('',#15639,#12468,#12469);
#10929=AXIS2_PLACEMENT_3D('',#15642,#12471,#12472);
#10930=AXIS2_PLACEMENT_3D('',#15643,#12473,#12474);
#10931=AXIS2_PLACEMENT_3D('',#15647,#12477,#12478);
#10932=AXIS2_PLACEMENT_3D('',#15650,#12480,#12481);
#10933=AXIS2_PLACEMENT_3D('',#15651,#12482,#12483);
#10934=AXIS2_PLACEMENT_3D('',#15655,#12486,#12487);
#10935=AXIS2_PLACEMENT_3D('',#15658,#12489,#12490);
#10936=AXIS2_PLACEMENT_3D('',#15659,#12491,#12492);
#10937=AXIS2_PLACEMENT_3D('',#15663,#12495,#12496);
#10938=AXIS2_PLACEMENT_3D('',#15666,#12498,#12499);
#10939=AXIS2_PLACEMENT_3D('',#15667,#12500,#12501);
#10940=AXIS2_PLACEMENT_3D('',#15671,#12504,#12505);
#10941=AXIS2_PLACEMENT_3D('',#15674,#12507,#12508);
#10942=AXIS2_PLACEMENT_3D('',#15675,#12509,#12510);
#10943=AXIS2_PLACEMENT_3D('',#15679,#12513,#12514);
#10944=AXIS2_PLACEMENT_3D('',#15682,#12516,#12517);
#10945=AXIS2_PLACEMENT_3D('',#15683,#12518,#12519);
#10946=AXIS2_PLACEMENT_3D('',#15685,#12521,#12522);
#10947=AXIS2_PLACEMENT_3D('',#15688,#12524,#12525);
#10948=AXIS2_PLACEMENT_3D('',#15689,#12526,#12527);
#10949=AXIS2_PLACEMENT_3D('',#15693,#12530,#12531);
#10950=AXIS2_PLACEMENT_3D('',#15696,#12533,#12534);
#10951=AXIS2_PLACEMENT_3D('',#15697,#12535,#12536);
#10952=AXIS2_PLACEMENT_3D('',#15701,#12539,#12540);
#10953=AXIS2_PLACEMENT_3D('',#15704,#12542,#12543);
#10954=AXIS2_PLACEMENT_3D('',#15705,#12544,#12545);
#10955=AXIS2_PLACEMENT_3D('',#15709,#12548,#12549);
#10956=AXIS2_PLACEMENT_3D('',#15712,#12551,#12552);
#10957=AXIS2_PLACEMENT_3D('',#15713,#12553,#12554);
#10958=AXIS2_PLACEMENT_3D('',#15717,#12557,#12558);
#10959=AXIS2_PLACEMENT_3D('',#15720,#12560,#12561);
#10960=AXIS2_PLACEMENT_3D('',#15721,#12562,#12563);
#10961=AXIS2_PLACEMENT_3D('',#15725,#12566,#12567);
#10962=AXIS2_PLACEMENT_3D('',#15728,#12569,#12570);
#10963=AXIS2_PLACEMENT_3D('',#15729,#12571,#12572);
#10964=AXIS2_PLACEMENT_3D('',#15733,#12575,#12576);
#10965=AXIS2_PLACEMENT_3D('',#15736,#12578,#12579);
#10966=AXIS2_PLACEMENT_3D('',#15737,#12580,#12581);
#10967=AXIS2_PLACEMENT_3D('',#15741,#12584,#12585);
#10968=AXIS2_PLACEMENT_3D('',#15745,#12588,#12589);
#10969=AXIS2_PLACEMENT_3D('',#15749,#12592,#12593);
#10970=AXIS2_PLACEMENT_3D('',#15753,#12596,#12597);
#10971=AXIS2_PLACEMENT_3D('',#15757,#12600,#12601);
#10972=AXIS2_PLACEMENT_3D('',#15761,#12604,#12605);
#10973=AXIS2_PLACEMENT_3D('',#15765,#12608,#12609);
#10974=AXIS2_PLACEMENT_3D('',#15769,#12612,#12613);
#10975=AXIS2_PLACEMENT_3D('',#15773,#12616,#12617);
#10976=AXIS2_PLACEMENT_3D('',#15777,#12620,#12621);
#10977=AXIS2_PLACEMENT_3D('',#15781,#12624,#12625);
#10978=AXIS2_PLACEMENT_3D('',#15784,#12627,#12628);
#10979=AXIS2_PLACEMENT_3D('',#15785,#12629,#12630);
#10980=AXIS2_PLACEMENT_3D('',#15789,#12633,#12634);
#10981=AXIS2_PLACEMENT_3D('',#15793,#12637,#12638);
#10982=AXIS2_PLACEMENT_3D('',#15797,#12641,#12642);
#10983=AXIS2_PLACEMENT_3D('',#15800,#12644,#12645);
#10984=AXIS2_PLACEMENT_3D('',#15801,#12646,#12647);
#10985=AXIS2_PLACEMENT_3D('',#15805,#12650,#12651);
#10986=AXIS2_PLACEMENT_3D('',#15808,#12653,#12654);
#10987=AXIS2_PLACEMENT_3D('',#15809,#12655,#12656);
#10988=AXIS2_PLACEMENT_3D('',#15813,#12659,#12660);
#10989=AXIS2_PLACEMENT_3D('',#15816,#12662,#12663);
#10990=AXIS2_PLACEMENT_3D('',#15817,#12664,#12665);
#10991=AXIS2_PLACEMENT_3D('',#15821,#12668,#12669);
#10992=AXIS2_PLACEMENT_3D('',#15825,#12672,#12673);
#10993=AXIS2_PLACEMENT_3D('',#15828,#12675,#12676);
#10994=AXIS2_PLACEMENT_3D('',#15829,#12677,#12678);
#10995=AXIS2_PLACEMENT_3D('',#15833,#12681,#12682);
#10996=AXIS2_PLACEMENT_3D('',#15836,#12684,#12685);
#10997=AXIS2_PLACEMENT_3D('',#15837,#12686,#12687);
#10998=AXIS2_PLACEMENT_3D('',#15841,#12690,#12691);
#10999=AXIS2_PLACEMENT_3D('',#15844,#12693,#12694);
#11000=AXIS2_PLACEMENT_3D('',#15845,#12695,#12696);
#11001=AXIS2_PLACEMENT_3D('',#15849,#12699,#12700);
#11002=AXIS2_PLACEMENT_3D('',#15852,#12702,#12703);
#11003=AXIS2_PLACEMENT_3D('',#15853,#12704,#12705);
#11004=AXIS2_PLACEMENT_3D('',#15857,#12708,#12709);
#11005=AXIS2_PLACEMENT_3D('',#15860,#12711,#12712);
#11006=AXIS2_PLACEMENT_3D('',#15861,#12713,#12714);
#11007=AXIS2_PLACEMENT_3D('',#15865,#12717,#12718);
#11008=AXIS2_PLACEMENT_3D('',#15868,#12720,#12721);
#11009=AXIS2_PLACEMENT_3D('',#15869,#12722,#12723);
#11010=AXIS2_PLACEMENT_3D('',#15873,#12726,#12727);
#11011=AXIS2_PLACEMENT_3D('',#15876,#12729,#12730);
#11012=AXIS2_PLACEMENT_3D('',#15877,#12731,#12732);
#11013=AXIS2_PLACEMENT_3D('',#15881,#12735,#12736);
#11014=AXIS2_PLACEMENT_3D('',#15885,#12739,#12740);
#11015=AXIS2_PLACEMENT_3D('',#15889,#12743,#12744);
#11016=AXIS2_PLACEMENT_3D('',#15892,#12746,#12747);
#11017=AXIS2_PLACEMENT_3D('',#15893,#12748,#12749);
#11018=AXIS2_PLACEMENT_3D('',#15897,#12752,#12753);
#11019=AXIS2_PLACEMENT_3D('',#15900,#12755,#12756);
#11020=AXIS2_PLACEMENT_3D('',#15901,#12757,#12758);
#11021=AXIS2_PLACEMENT_3D('',#15903,#12760,#12761);
#11022=AXIS2_PLACEMENT_3D('',#15920,#12769,#12770);
#11023=AXIS2_PLACEMENT_3D('',#15924,#12772,#12773);
#11024=AXIS2_PLACEMENT_3D('',#15934,#12778,#12779);
#11025=AXIS2_PLACEMENT_3D('',#15938,#12781,#12782);
#11026=AXIS2_PLACEMENT_3D('',#15942,#12784,#12785);
#11027=AXIS2_PLACEMENT_3D('',#15946,#12787,#12788);
#11028=AXIS2_PLACEMENT_3D('',#15950,#12790,#12791);
#11029=AXIS2_PLACEMENT_3D('',#15960,#12796,#12797);
#11030=AXIS2_PLACEMENT_3D('',#15964,#12799,#12800);
#11031=AXIS2_PLACEMENT_3D('',#15968,#12802,#12803);
#11032=AXIS2_PLACEMENT_3D('',#15972,#12805,#12806);
#11033=AXIS2_PLACEMENT_3D('',#15976,#12808,#12809);
#11034=AXIS2_PLACEMENT_3D('',#15980,#12811,#12812);
#11035=AXIS2_PLACEMENT_3D('',#15984,#12814,#12815);
#11036=AXIS2_PLACEMENT_3D('',#15988,#12817,#12818);
#11037=AXIS2_PLACEMENT_3D('',#15992,#12820,#12821);
#11038=AXIS2_PLACEMENT_3D('',#16000,#12825,#12826);
#11039=AXIS2_PLACEMENT_3D('',#16004,#12828,#12829);
#11040=AXIS2_PLACEMENT_3D('',#16008,#12831,#12832);
#11041=AXIS2_PLACEMENT_3D('',#16012,#12834,#12835);
#11042=AXIS2_PLACEMENT_3D('',#16016,#12837,#12838);
#11043=AXIS2_PLACEMENT_3D('',#16020,#12840,#12841);
#11044=AXIS2_PLACEMENT_3D('',#16024,#12843,#12844);
#11045=AXIS2_PLACEMENT_3D('',#16028,#12846,#12847);
#11046=AXIS2_PLACEMENT_3D('',#16036,#12851,#12852);
#11047=AXIS2_PLACEMENT_3D('',#16040,#12854,#12855);
#11048=AXIS2_PLACEMENT_3D('',#16044,#12857,#12858);
#11049=AXIS2_PLACEMENT_3D('',#16048,#12860,#12861);
#11050=AXIS2_PLACEMENT_3D('',#16052,#12863,#12864);
#11051=AXIS2_PLACEMENT_3D('',#16056,#12866,#12867);
#11052=AXIS2_PLACEMENT_3D('',#16060,#12869,#12870);
#11053=AXIS2_PLACEMENT_3D('',#16072,#12876,#12877);
#11054=AXIS2_PLACEMENT_3D('',#16076,#12879,#12880);
#11055=AXIS2_PLACEMENT_3D('',#16080,#12882,#12883);
#11056=AXIS2_PLACEMENT_3D('',#16088,#12887,#12888);
#11057=AXIS2_PLACEMENT_3D('',#16112,#12900,#12901);
#11058=AXIS2_PLACEMENT_3D('',#16116,#12903,#12904);
#11059=AXIS2_PLACEMENT_3D('',#16120,#12906,#12907);
#11060=AXIS2_PLACEMENT_3D('',#16124,#12909,#12910);
#11061=AXIS2_PLACEMENT_3D('',#16128,#12912,#12913);
#11062=AXIS2_PLACEMENT_3D('',#16132,#12915,#12916);
#11063=AXIS2_PLACEMENT_3D('',#16136,#12918,#12919);
#11064=AXIS2_PLACEMENT_3D('',#16142,#12922,#12923);
#11065=AXIS2_PLACEMENT_3D('',#16146,#12925,#12926);
#11066=AXIS2_PLACEMENT_3D('',#16150,#12928,#12929);
#11067=AXIS2_PLACEMENT_3D('',#16154,#12931,#12932);
#11068=AXIS2_PLACEMENT_3D('',#16158,#12934,#12935);
#11069=AXIS2_PLACEMENT_3D('',#16162,#12937,#12938);
#11070=AXIS2_PLACEMENT_3D('',#16166,#12940,#12941);
#11071=AXIS2_PLACEMENT_3D('',#16176,#12946,#12947);
#11072=AXIS2_PLACEMENT_3D('',#16180,#12949,#12950);
#11073=AXIS2_PLACEMENT_3D('',#16184,#12952,#12953);
#11074=AXIS2_PLACEMENT_3D('',#16188,#12955,#12956);
#11075=AXIS2_PLACEMENT_3D('',#16192,#12958,#12959);
#11076=AXIS2_PLACEMENT_3D('',#16196,#12961,#12962);
#11077=AXIS2_PLACEMENT_3D('',#16199,#12964,#12965);
#11078=AXIS2_PLACEMENT_3D('',#16200,#12966,#12967);
#11079=AXIS2_PLACEMENT_3D('',#16206,#12971,#12972);
#11080=AXIS2_PLACEMENT_3D('',#16209,#12974,#12975);
#11081=AXIS2_PLACEMENT_3D('',#16210,#12976,#12977);
#11082=AXIS2_PLACEMENT_3D('',#16214,#12980,#12981);
#11083=AXIS2_PLACEMENT_3D('',#16217,#12983,#12984);
#11084=AXIS2_PLACEMENT_3D('',#16218,#12985,#12986);
#11085=AXIS2_PLACEMENT_3D('',#16222,#12989,#12990);
#11086=AXIS2_PLACEMENT_3D('',#16225,#12992,#12993);
#11087=AXIS2_PLACEMENT_3D('',#16226,#12994,#12995);
#11088=AXIS2_PLACEMENT_3D('',#16230,#12998,#12999);
#11089=AXIS2_PLACEMENT_3D('',#16233,#13001,#13002);
#11090=AXIS2_PLACEMENT_3D('',#16234,#13003,#13004);
#11091=AXIS2_PLACEMENT_3D('',#16238,#13007,#13008);
#11092=AXIS2_PLACEMENT_3D('',#16241,#13010,#13011);
#11093=AXIS2_PLACEMENT_3D('',#16242,#13012,#13013);
#11094=AXIS2_PLACEMENT_3D('',#16246,#13016,#13017);
#11095=AXIS2_PLACEMENT_3D('',#16250,#13020,#13021);
#11096=AXIS2_PLACEMENT_3D('',#16254,#13024,#13025);
#11097=AXIS2_PLACEMENT_3D('',#16257,#13027,#13028);
#11098=AXIS2_PLACEMENT_3D('',#16258,#13029,#13030);
#11099=AXIS2_PLACEMENT_3D('',#16262,#13033,#13034);
#11100=AXIS2_PLACEMENT_3D('',#16265,#13036,#13037);
#11101=AXIS2_PLACEMENT_3D('',#16266,#13038,#13039);
#11102=AXIS2_PLACEMENT_3D('',#16270,#13042,#13043);
#11103=AXIS2_PLACEMENT_3D('',#16273,#13045,#13046);
#11104=AXIS2_PLACEMENT_3D('',#16274,#13047,#13048);
#11105=AXIS2_PLACEMENT_3D('',#16278,#13051,#13052);
#11106=AXIS2_PLACEMENT_3D('',#16281,#13054,#13055);
#11107=AXIS2_PLACEMENT_3D('',#16282,#13056,#13057);
#11108=AXIS2_PLACEMENT_3D('',#16286,#13060,#13061);
#11109=AXIS2_PLACEMENT_3D('',#16289,#13063,#13064);
#11110=AXIS2_PLACEMENT_3D('',#16290,#13065,#13066);
#11111=AXIS2_PLACEMENT_3D('',#16294,#13069,#13070);
#11112=AXIS2_PLACEMENT_3D('',#16297,#13072,#13073);
#11113=AXIS2_PLACEMENT_3D('',#16298,#13074,#13075);
#11114=AXIS2_PLACEMENT_3D('',#16302,#13078,#13079);
#11115=AXIS2_PLACEMENT_3D('',#16305,#13081,#13082);
#11116=AXIS2_PLACEMENT_3D('',#16306,#13083,#13084);
#11117=AXIS2_PLACEMENT_3D('',#16310,#13087,#13088);
#11118=AXIS2_PLACEMENT_3D('',#16313,#13090,#13091);
#11119=AXIS2_PLACEMENT_3D('',#16314,#13092,#13093);
#11120=AXIS2_PLACEMENT_3D('',#16318,#13096,#13097);
#11121=AXIS2_PLACEMENT_3D('',#16322,#13100,#13101);
#11122=AXIS2_PLACEMENT_3D('',#16326,#13104,#13105);
#11123=AXIS2_PLACEMENT_3D('',#16329,#13107,#13108);
#11124=AXIS2_PLACEMENT_3D('',#16330,#13109,#13110);
#11125=AXIS2_PLACEMENT_3D('',#16334,#13113,#13114);
#11126=AXIS2_PLACEMENT_3D('',#16337,#13116,#13117);
#11127=AXIS2_PLACEMENT_3D('',#16338,#13118,#13119);
#11128=AXIS2_PLACEMENT_3D('',#16342,#13122,#13123);
#11129=AXIS2_PLACEMENT_3D('',#16345,#13125,#13126);
#11130=AXIS2_PLACEMENT_3D('',#16346,#13127,#13128);
#11131=AXIS2_PLACEMENT_3D('',#16350,#13131,#13132);
#11132=AXIS2_PLACEMENT_3D('',#16353,#13134,#13135);
#11133=AXIS2_PLACEMENT_3D('',#16354,#13136,#13137);
#11134=AXIS2_PLACEMENT_3D('',#16358,#13140,#13141);
#11135=AXIS2_PLACEMENT_3D('',#16361,#13143,#13144);
#11136=AXIS2_PLACEMENT_3D('',#16362,#13145,#13146);
#11137=AXIS2_PLACEMENT_3D('',#16366,#13149,#13150);
#11138=AXIS2_PLACEMENT_3D('',#16369,#13152,#13153);
#11139=AXIS2_PLACEMENT_3D('',#16370,#13154,#13155);
#11140=AXIS2_PLACEMENT_3D('',#16374,#13158,#13159);
#11141=AXIS2_PLACEMENT_3D('',#16377,#13161,#13162);
#11142=AXIS2_PLACEMENT_3D('',#16378,#13163,#13164);
#11143=AXIS2_PLACEMENT_3D('',#16382,#13167,#13168);
#11144=AXIS2_PLACEMENT_3D('',#16385,#13170,#13171);
#11145=AXIS2_PLACEMENT_3D('',#16386,#13172,#13173);
#11146=AXIS2_PLACEMENT_3D('',#16390,#13176,#13177);
#11147=AXIS2_PLACEMENT_3D('',#16393,#13179,#13180);
#11148=AXIS2_PLACEMENT_3D('',#16394,#13181,#13182);
#11149=AXIS2_PLACEMENT_3D('',#16398,#13185,#13186);
#11150=AXIS2_PLACEMENT_3D('',#16402,#13189,#13190);
#11151=AXIS2_PLACEMENT_3D('',#16406,#13193,#13194);
#11152=AXIS2_PLACEMENT_3D('',#16410,#13197,#13198);
#11153=AXIS2_PLACEMENT_3D('',#16413,#13200,#13201);
#11154=AXIS2_PLACEMENT_3D('',#16414,#13202,#13203);
#11155=AXIS2_PLACEMENT_3D('',#16418,#13206,#13207);
#11156=AXIS2_PLACEMENT_3D('',#16421,#13209,#13210);
#11157=AXIS2_PLACEMENT_3D('',#16422,#13211,#13212);
#11158=AXIS2_PLACEMENT_3D('',#16426,#13215,#13216);
#11159=AXIS2_PLACEMENT_3D('',#16429,#13218,#13219);
#11160=AXIS2_PLACEMENT_3D('',#16430,#13220,#13221);
#11161=AXIS2_PLACEMENT_3D('',#16434,#13224,#13225);
#11162=AXIS2_PLACEMENT_3D('',#16437,#13227,#13228);
#11163=AXIS2_PLACEMENT_3D('',#16438,#13229,#13230);
#11164=AXIS2_PLACEMENT_3D('',#16442,#13233,#13234);
#11165=AXIS2_PLACEMENT_3D('',#16445,#13236,#13237);
#11166=AXIS2_PLACEMENT_3D('',#16446,#13238,#13239);
#11167=AXIS2_PLACEMENT_3D('',#16450,#13242,#13243);
#11168=AXIS2_PLACEMENT_3D('',#16454,#13246,#13247);
#11169=AXIS2_PLACEMENT_3D('',#16458,#13250,#13251);
#11170=AXIS2_PLACEMENT_3D('',#16462,#13254,#13255);
#11171=AXIS2_PLACEMENT_3D('',#16465,#13257,#13258);
#11172=AXIS2_PLACEMENT_3D('',#16466,#13259,#13260);
#11173=AXIS2_PLACEMENT_3D('',#16470,#13263,#13264);
#11174=AXIS2_PLACEMENT_3D('',#16473,#13266,#13267);
#11175=AXIS2_PLACEMENT_3D('',#16474,#13268,#13269);
#11176=AXIS2_PLACEMENT_3D('',#16478,#13272,#13273);
#11177=AXIS2_PLACEMENT_3D('',#16482,#13276,#13277);
#11178=AXIS2_PLACEMENT_3D('',#16486,#13280,#13281);
#11179=AXIS2_PLACEMENT_3D('',#16490,#13284,#13285);
#11180=AXIS2_PLACEMENT_3D('',#16494,#13288,#13289);
#11181=AXIS2_PLACEMENT_3D('',#16498,#13292,#13293);
#11182=AXIS2_PLACEMENT_3D('',#16504,#13297,#13298);
#11183=AXIS2_PLACEMENT_3D('',#16507,#13300,#13301);
#11184=AXIS2_PLACEMENT_3D('',#16508,#13302,#13303);
#11185=AXIS2_PLACEMENT_3D('',#16512,#13306,#13307);
#11186=AXIS2_PLACEMENT_3D('',#16515,#13308,#13309);
#11187=AXIS2_PLACEMENT_3D('',#16525,#13314,#13315);
#11188=AXIS2_PLACEMENT_3D('',#16529,#13317,#13318);
#11189=AXIS2_PLACEMENT_3D('',#16533,#13320,#13321);
#11190=AXIS2_PLACEMENT_3D('',#16537,#13323,#13324);
#11191=AXIS2_PLACEMENT_3D('',#16541,#13326,#13327);
#11192=AXIS2_PLACEMENT_3D('',#16551,#13332,#13333);
#11193=AXIS2_PLACEMENT_3D('',#16555,#13335,#13336);
#11194=AXIS2_PLACEMENT_3D('',#16559,#13338,#13339);
#11195=AXIS2_PLACEMENT_3D('',#16563,#13341,#13342);
#11196=AXIS2_PLACEMENT_3D('',#16567,#13344,#13345);
#11197=AXIS2_PLACEMENT_3D('',#16571,#13347,#13348);
#11198=AXIS2_PLACEMENT_3D('',#16575,#13350,#13351);
#11199=AXIS2_PLACEMENT_3D('',#16579,#13353,#13354);
#11200=AXIS2_PLACEMENT_3D('',#16583,#13356,#13357);
#11201=AXIS2_PLACEMENT_3D('',#16591,#13361,#13362);
#11202=AXIS2_PLACEMENT_3D('',#16595,#13364,#13365);
#11203=AXIS2_PLACEMENT_3D('',#16599,#13367,#13368);
#11204=AXIS2_PLACEMENT_3D('',#16603,#13370,#13371);
#11205=AXIS2_PLACEMENT_3D('',#16607,#13373,#13374);
#11206=AXIS2_PLACEMENT_3D('',#16611,#13376,#13377);
#11207=AXIS2_PLACEMENT_3D('',#16615,#13379,#13380);
#11208=AXIS2_PLACEMENT_3D('',#16619,#13382,#13383);
#11209=AXIS2_PLACEMENT_3D('',#16627,#13387,#13388);
#11210=AXIS2_PLACEMENT_3D('',#16631,#13390,#13391);
#11211=AXIS2_PLACEMENT_3D('',#16635,#13393,#13394);
#11212=AXIS2_PLACEMENT_3D('',#16639,#13396,#13397);
#11213=AXIS2_PLACEMENT_3D('',#16643,#13399,#13400);
#11214=AXIS2_PLACEMENT_3D('',#16647,#13402,#13403);
#11215=AXIS2_PLACEMENT_3D('',#16651,#13405,#13406);
#11216=AXIS2_PLACEMENT_3D('',#16661,#13411,#13412);
#11217=AXIS2_PLACEMENT_3D('',#16685,#13424,#13425);
#11218=AXIS2_PLACEMENT_3D('',#16689,#13427,#13428);
#11219=AXIS2_PLACEMENT_3D('',#16693,#13430,#13431);
#11220=AXIS2_PLACEMENT_3D('',#16697,#13433,#13434);
#11221=AXIS2_PLACEMENT_3D('',#16701,#13436,#13437);
#11222=AXIS2_PLACEMENT_3D('',#16705,#13439,#13440);
#11223=AXIS2_PLACEMENT_3D('',#16709,#13442,#13443);
#11224=AXIS2_PLACEMENT_3D('',#16715,#13446,#13447);
#11225=AXIS2_PLACEMENT_3D('',#16719,#13449,#13450);
#11226=AXIS2_PLACEMENT_3D('',#16723,#13452,#13453);
#11227=AXIS2_PLACEMENT_3D('',#16727,#13455,#13456);
#11228=AXIS2_PLACEMENT_3D('',#16731,#13458,#13459);
#11229=AXIS2_PLACEMENT_3D('',#16735,#13461,#13462);
#11230=AXIS2_PLACEMENT_3D('',#16739,#13464,#13465);
#11231=AXIS2_PLACEMENT_3D('',#16749,#13470,#13471);
#11232=AXIS2_PLACEMENT_3D('',#16753,#13473,#13474);
#11233=AXIS2_PLACEMENT_3D('',#16757,#13476,#13477);
#11234=AXIS2_PLACEMENT_3D('',#16761,#13479,#13480);
#11235=AXIS2_PLACEMENT_3D('',#16765,#13482,#13483);
#11236=AXIS2_PLACEMENT_3D('',#16775,#13488,#13489);
#11237=AXIS2_PLACEMENT_3D('',#16780,#13492,#13493);
#11238=AXIS2_PLACEMENT_3D('',#16784,#13495,#13496);
#11239=AXIS2_PLACEMENT_3D('',#16788,#13498,#13499);
#11240=AXIS2_PLACEMENT_3D('',#16792,#13501,#13502);
#11241=AXIS2_PLACEMENT_3D('',#16796,#13504,#13505);
#11242=AXIS2_PLACEMENT_3D('',#16800,#13507,#13508);
#11243=AXIS2_PLACEMENT_3D('',#16804,#13510,#13511);
#11244=AXIS2_PLACEMENT_3D('',#16814,#13516,#13517);
#11245=AXIS2_PLACEMENT_3D('',#16818,#13519,#13520);
#11246=AXIS2_PLACEMENT_3D('',#16822,#13522,#13523);
#11247=AXIS2_PLACEMENT_3D('',#16826,#13525,#13526);
#11248=AXIS2_PLACEMENT_3D('',#16830,#13528,#13529);
#11249=AXIS2_PLACEMENT_3D('',#16834,#13531,#13532);
#11250=AXIS2_PLACEMENT_3D('',#16838,#13534,#13535);
#11251=AXIS2_PLACEMENT_3D('',#16844,#13538,#13539);
#11252=AXIS2_PLACEMENT_3D('',#16848,#13541,#13542);
#11253=AXIS2_PLACEMENT_3D('',#16852,#13544,#13545);
#11254=AXIS2_PLACEMENT_3D('',#16856,#13547,#13548);
#11255=AXIS2_PLACEMENT_3D('',#16860,#13550,#13551);
#11256=AXIS2_PLACEMENT_3D('',#16864,#13553,#13554);
#11257=AXIS2_PLACEMENT_3D('',#16868,#13556,#13557);
#11258=AXIS2_PLACEMENT_3D('',#16892,#13569,#13570);
#11259=AXIS2_PLACEMENT_3D('',#16900,#13574,#13575);
#11260=AXIS2_PLACEMENT_3D('',#16904,#13577,#13578);
#11261=AXIS2_PLACEMENT_3D('',#16908,#13580,#13581);
#11262=AXIS2_PLACEMENT_3D('',#16920,#13587,#13588);
#11263=AXIS2_PLACEMENT_3D('',#16923,#13590,#13591);
#11264=AXIS2_PLACEMENT_3D('',#16924,#13592,#13593);
#11265=AXIS2_PLACEMENT_3D('',#16927,#13595,#13596);
#11266=AXIS2_PLACEMENT_3D('',#16928,#13597,#13598);
#11267=AXIS2_PLACEMENT_3D('',#16932,#13601,#13602);
#11268=AXIS2_PLACEMENT_3D('',#16936,#13605,#13606);
#11269=AXIS2_PLACEMENT_3D('',#16940,#13609,#13610);
#11270=AXIS2_PLACEMENT_3D('',#16944,#13613,#13614);
#11271=AXIS2_PLACEMENT_3D('',#16947,#13616,#13617);
#11272=AXIS2_PLACEMENT_3D('',#16948,#13618,#13619);
#11273=AXIS2_PLACEMENT_3D('',#16952,#13622,#13623);
#11274=AXIS2_PLACEMENT_3D('',#16955,#13625,#13626);
#11275=AXIS2_PLACEMENT_3D('',#16956,#13627,#13628);
#11276=AXIS2_PLACEMENT_3D('',#16960,#13631,#13632);
#11277=AXIS2_PLACEMENT_3D('',#16963,#13634,#13635);
#11278=AXIS2_PLACEMENT_3D('',#16964,#13636,#13637);
#11279=AXIS2_PLACEMENT_3D('',#16968,#13640,#13641);
#11280=AXIS2_PLACEMENT_3D('',#16971,#13643,#13644);
#11281=AXIS2_PLACEMENT_3D('',#16972,#13645,#13646);
#11282=AXIS2_PLACEMENT_3D('',#16976,#13649,#13650);
#11283=AXIS2_PLACEMENT_3D('',#16979,#13652,#13653);
#11284=AXIS2_PLACEMENT_3D('',#16980,#13654,#13655);
#11285=AXIS2_PLACEMENT_3D('',#16984,#13658,#13659);
#11286=AXIS2_PLACEMENT_3D('',#16988,#13662,#13663);
#11287=AXIS2_PLACEMENT_3D('',#16992,#13666,#13667);
#11288=AXIS2_PLACEMENT_3D('',#16996,#13670,#13671);
#11289=AXIS2_PLACEMENT_3D('',#16999,#13673,#13674);
#11290=AXIS2_PLACEMENT_3D('',#17000,#13675,#13676);
#11291=AXIS2_PLACEMENT_3D('',#17004,#13679,#13680);
#11292=AXIS2_PLACEMENT_3D('',#17007,#13682,#13683);
#11293=AXIS2_PLACEMENT_3D('',#17008,#13684,#13685);
#11294=AXIS2_PLACEMENT_3D('',#17012,#13688,#13689);
#11295=AXIS2_PLACEMENT_3D('',#17015,#13691,#13692);
#11296=AXIS2_PLACEMENT_3D('',#17016,#13693,#13694);
#11297=AXIS2_PLACEMENT_3D('',#17020,#13697,#13698);
#11298=AXIS2_PLACEMENT_3D('',#17023,#13700,#13701);
#11299=AXIS2_PLACEMENT_3D('',#17024,#13702,#13703);
#11300=AXIS2_PLACEMENT_3D('',#17028,#13706,#13707);
#11301=AXIS2_PLACEMENT_3D('',#17031,#13709,#13710);
#11302=AXIS2_PLACEMENT_3D('',#17032,#13711,#13712);
#11303=AXIS2_PLACEMENT_3D('',#17036,#13715,#13716);
#11304=AXIS2_PLACEMENT_3D('',#17039,#13718,#13719);
#11305=AXIS2_PLACEMENT_3D('',#17040,#13720,#13721);
#11306=AXIS2_PLACEMENT_3D('',#17044,#13724,#13725);
#11307=AXIS2_PLACEMENT_3D('',#17047,#13727,#13728);
#11308=AXIS2_PLACEMENT_3D('',#17048,#13729,#13730);
#11309=AXIS2_PLACEMENT_3D('',#17052,#13733,#13734);
#11310=AXIS2_PLACEMENT_3D('',#17055,#13736,#13737);
#11311=AXIS2_PLACEMENT_3D('',#17056,#13738,#13739);
#11312=AXIS2_PLACEMENT_3D('',#17060,#13742,#13743);
#11313=AXIS2_PLACEMENT_3D('',#17063,#13745,#13746);
#11314=AXIS2_PLACEMENT_3D('',#17064,#13747,#13748);
#11315=AXIS2_PLACEMENT_3D('',#17068,#13751,#13752);
#11316=AXIS2_PLACEMENT_3D('',#17072,#13755,#13756);
#11317=AXIS2_PLACEMENT_3D('',#17076,#13759,#13760);
#11318=AXIS2_PLACEMENT_3D('',#17079,#13762,#13763);
#11319=AXIS2_PLACEMENT_3D('',#17080,#13764,#13765);
#11320=AXIS2_PLACEMENT_3D('',#17084,#13768,#13769);
#11321=AXIS2_PLACEMENT_3D('',#17087,#13771,#13772);
#11322=AXIS2_PLACEMENT_3D('',#17088,#13773,#13774);
#11323=AXIS2_PLACEMENT_3D('',#17092,#13777,#13778);
#11324=AXIS2_PLACEMENT_3D('',#17095,#13780,#13781);
#11325=AXIS2_PLACEMENT_3D('',#17096,#13782,#13783);
#11326=AXIS2_PLACEMENT_3D('',#17100,#13786,#13787);
#11327=AXIS2_PLACEMENT_3D('',#17103,#13789,#13790);
#11328=AXIS2_PLACEMENT_3D('',#17104,#13791,#13792);
#11329=AXIS2_PLACEMENT_3D('',#17108,#13795,#13796);
#11330=AXIS2_PLACEMENT_3D('',#17111,#13798,#13799);
#11331=AXIS2_PLACEMENT_3D('',#17112,#13800,#13801);
#11332=AXIS2_PLACEMENT_3D('',#17116,#13804,#13805);
#11333=AXIS2_PLACEMENT_3D('',#17119,#13807,#13808);
#11334=AXIS2_PLACEMENT_3D('',#17120,#13809,#13810);
#11335=AXIS2_PLACEMENT_3D('',#17124,#13813,#13814);
#11336=AXIS2_PLACEMENT_3D('',#17127,#13816,#13817);
#11337=AXIS2_PLACEMENT_3D('',#17128,#13818,#13819);
#11338=AXIS2_PLACEMENT_3D('',#17132,#13822,#13823);
#11339=AXIS2_PLACEMENT_3D('',#17135,#13825,#13826);
#11340=AXIS2_PLACEMENT_3D('',#17136,#13827,#13828);
#11341=AXIS2_PLACEMENT_3D('',#17140,#13831,#13832);
#11342=AXIS2_PLACEMENT_3D('',#17144,#13835,#13836);
#11343=AXIS2_PLACEMENT_3D('',#17148,#13839,#13840);
#11344=AXIS2_PLACEMENT_3D('',#17151,#13842,#13843);
#11345=AXIS2_PLACEMENT_3D('',#17152,#13844,#13845);
#11346=AXIS2_PLACEMENT_3D('',#17156,#13848,#13849);
#11347=AXIS2_PLACEMENT_3D('',#17159,#13851,#13852);
#11348=AXIS2_PLACEMENT_3D('',#17160,#13853,#13854);
#11349=AXIS2_PLACEMENT_3D('',#17164,#13857,#13858);
#11350=AXIS2_PLACEMENT_3D('',#17167,#13860,#13861);
#11351=AXIS2_PLACEMENT_3D('',#17168,#13862,#13863);
#11352=AXIS2_PLACEMENT_3D('',#17172,#13866,#13867);
#11353=AXIS2_PLACEMENT_3D('',#17175,#13869,#13870);
#11354=AXIS2_PLACEMENT_3D('',#17176,#13871,#13872);
#11355=AXIS2_PLACEMENT_3D('',#17191,#13875,#13876);
#11356=AXIS2_PLACEMENT_3D('',#17193,#13877,#13878);
#11357=AXIS2_PLACEMENT_3D('',#17198,#13879,#13880);
#11358=AXIS2_PLACEMENT_3D('',#17205,#13882,#13883);
#11359=AXIS2_PLACEMENT_3D('',#17207,#13884,#13885);
#11360=AXIS2_PLACEMENT_3D('',#17212,#13886,#13887);
#11361=AXIS2_PLACEMENT_3D('',#17216,#13890,#13891);
#11362=AXIS2_PLACEMENT_3D('',#17220,#13894,#13895);
#11363=AXIS2_PLACEMENT_3D('',#17224,#13898,#13899);
#11364=AXIS2_PLACEMENT_3D('',#17231,#13901,#13902);
#11365=AXIS2_PLACEMENT_3D('',#17234,#13905,#13906);
#11366=AXIS2_PLACEMENT_3D('',#17236,#13907,#13908);
#11367=AXIS2_PLACEMENT_3D('',#17241,#13909,#13910);
#11368=AXIS2_PLACEMENT_3D('',#17245,#13913,#13914);
#11369=AXIS2_PLACEMENT_3D('',#17249,#13917,#13918);
#11370=AXIS2_PLACEMENT_3D('',#17255,#13920,#13921);
#11371=AXIS2_PLACEMENT_3D('',#17259,#13924,#13925);
#11372=AXIS2_PLACEMENT_3D('',#17270,#13926,#13927);
#11373=AXIS2_PLACEMENT_3D('',#17274,#13930,#13931);
#11374=AXIS2_PLACEMENT_3D('',#17278,#13934,#13935);
#11375=AXIS2_PLACEMENT_3D('',#17282,#13938,#13939);
#11376=AXIS2_PLACEMENT_3D('',#17286,#13942,#13943);
#11377=AXIS2_PLACEMENT_3D('',#17290,#13946,#13947);
#11378=AXIS2_PLACEMENT_3D('',#17294,#13950,#13951);
#11379=AXIS2_PLACEMENT_3D('',#17298,#13954,#13955);
#11380=AXIS2_PLACEMENT_3D('',#17302,#13958,#13959);
#11381=AXIS2_PLACEMENT_3D('',#17304,#13960,#13961);
#11382=AXIS2_PLACEMENT_3D('',#17309,#13962,#13963);
#11383=AXIS2_PLACEMENT_3D('',#17316,#13965,#13966);
#11384=AXIS2_PLACEMENT_3D('',#17318,#13967,#13968);
#11385=AXIS2_PLACEMENT_3D('',#17323,#13969,#13970);
#11386=AXIS2_PLACEMENT_3D('',#17330,#13972,#13973);
#11387=AXIS2_PLACEMENT_3D('',#17332,#13974,#13975);
#11388=AXIS2_PLACEMENT_3D('',#17337,#13976,#13977);
#11389=AXIS2_PLACEMENT_3D('',#17344,#13979,#13980);
#11390=AXIS2_PLACEMENT_3D('',#17347,#13983,#13984);
#11391=AXIS2_PLACEMENT_3D('',#17349,#13985,#13986);
#11392=AXIS2_PLACEMENT_3D('',#17354,#13987,#13988);
#11393=AXIS2_PLACEMENT_3D('',#17361,#13990,#13991);
#11394=AXIS2_PLACEMENT_3D('',#17363,#13992,#13993);
#11395=AXIS2_PLACEMENT_3D('',#17368,#13994,#13995);
#11396=AXIS2_PLACEMENT_3D('',#17374,#13997,#13998);
#11397=AXIS2_PLACEMENT_3D('',#17385,#13999,#14000);
#11398=AXIS2_PLACEMENT_3D('',#17389,#14002,#14003);
#11399=AXIS2_PLACEMENT_3D('',#17394,#14004,#14005);
#11400=AXIS2_PLACEMENT_3D('',#17401,#14007,#14008);
#11401=AXIS2_PLACEMENT_3D('',#17403,#14009,#14010);
#11402=AXIS2_PLACEMENT_3D('',#17405,#14012,#14013);
#11403=AXIS2_PLACEMENT_3D('',#17409,#14016,#14017);
#11404=AXIS2_PLACEMENT_3D('',#17416,#14019,#14020);
#11405=AXIS2_PLACEMENT_3D('',#17418,#14021,#14022);
#11406=AXIS2_PLACEMENT_3D('',#17423,#14023,#14024);
#11407=AXIS2_PLACEMENT_3D('',#17430,#14026,#14027);
#11408=AXIS2_PLACEMENT_3D('',#17434,#14029,#14030);
#11409=AXIS2_PLACEMENT_3D('',#17439,#14031,#14032);
#11410=AXIS2_PLACEMENT_3D('',#17445,#14034,#14035);
#11411=AXIS2_PLACEMENT_3D('',#17449,#14037,#14038);
#11412=AXIS2_PLACEMENT_3D('',#17454,#14039,#14040);
#11413=AXIS2_PLACEMENT_3D('',#17456,#14042,#14043);
#11414=AXIS2_PLACEMENT_3D('',#17463,#14045,#14046);
#11415=AXIS2_PLACEMENT_3D('',#17465,#14047,#14048);
#11416=AXIS2_PLACEMENT_3D('',#17470,#14049,#14050);
#11417=AXIS2_PLACEMENT_3D('',#17477,#14052,#14053);
#11418=AXIS2_PLACEMENT_3D('',#17479,#14054,#14055);
#11419=AXIS2_PLACEMENT_3D('',#17484,#14056,#14057);
#11420=AXIS2_PLACEMENT_3D('',#17487,#14060,#14061);
#11421=AXIS2_PLACEMENT_3D('',#17494,#14063,#14064);
#11422=AXIS2_PLACEMENT_3D('',#17505,#14065,#14066);
#11423=AXIS2_PLACEMENT_3D('',#17507,#14067,#14068);
#11424=AXIS2_PLACEMENT_3D('',#17509,#14070,#14071);
#11425=AXIS2_PLACEMENT_3D('',#17513,#14074,#14075);
#11426=AXIS2_PLACEMENT_3D('',#17517,#14078,#14079);
#11427=AXIS2_PLACEMENT_3D('',#17521,#14082,#14083);
#11428=AXIS2_PLACEMENT_3D('',#17527,#14085,#14086);
#11429=AXIS2_PLACEMENT_3D('',#17530,#14088,#14089);
#11430=AXIS2_PLACEMENT_3D('',#17535,#14090,#14091);
#11431=AXIS2_PLACEMENT_3D('',#17541,#14093,#14094);
#11432=AXIS2_PLACEMENT_3D('',#17546,#14095,#14096);
#11433=AXIS2_PLACEMENT_3D('',#17549,#14099,#14100);
#11434=AXIS2_PLACEMENT_3D('',#17554,#14101,#14102);
#11435=AXIS2_PLACEMENT_3D('',#17556,#14104,#14105);
#11436=AXIS2_PLACEMENT_3D('',#17560,#14108,#14109);
#11437=AXIS2_PLACEMENT_3D('',#17563,#14112,#14113);
#11438=AXIS2_PLACEMENT_3D('',#17568,#14114,#14115);
#11439=AXIS2_PLACEMENT_3D('',#17573,#14116,#14117);
#11440=AXIS2_PLACEMENT_3D('',#17578,#14118,#14119);
#11441=AXIS2_PLACEMENT_3D('',#17579,#14120,#14121);
#11442=AXIS2_PLACEMENT_3D('',#17581,#14123,#14124);
#11443=AXIS2_PLACEMENT_3D('',#17583,#14126,#14127);
#11444=AXIS2_PLACEMENT_3D('',#17584,#14128,#14129);
#11445=AXIS2_PLACEMENT_3D('',#17589,#14130,#14131);
#11446=AXIS2_PLACEMENT_3D('',#17594,#14132,#14133);
#11447=AXIS2_PLACEMENT_3D('',#17607,#14135,#14136);
#11448=AXIS2_PLACEMENT_3D('',#17612,#14137,#14138);
#11449=AXIS2_PLACEMENT_3D('',#17615,#14140,#14141);
#11450=AXIS2_PLACEMENT_3D('',#17616,#14142,#14143);
#11451=AXIS2_PLACEMENT_3D('',#17621,#14144,#14145);
#11452=AXIS2_PLACEMENT_3D('',#17633,#14147,#14148);
#11453=AXIS2_PLACEMENT_3D('',#17638,#14149,#14150);
#11454=AXIS2_PLACEMENT_3D('',#17639,#14151,#14152);
#11455=AXIS2_PLACEMENT_3D('',#17644,#14153,#14154);
#11456=AXIS2_PLACEMENT_3D('',#17649,#14155,#14156);
#11457=AXIS2_PLACEMENT_3D('',#17654,#14157,#14158);
#11458=AXIS2_PLACEMENT_3D('',#17659,#14159,#14160);
#11459=AXIS2_PLACEMENT_3D('',#17660,#14161,#14162);
#11460=AXIS2_PLACEMENT_3D('',#17662,#14164,#14165);
#11461=AXIS2_PLACEMENT_3D('',#17667,#14166,#14167);
#11462=AXIS2_PLACEMENT_3D('',#17668,#14168,#14169);
#11463=AXIS2_PLACEMENT_3D('',#17670,#14171,#14172);
#11464=AXIS2_PLACEMENT_3D('',#17675,#14173,#14174);
#11465=AXIS2_PLACEMENT_3D('',#17680,#14175,#14176);
#11466=AXIS2_PLACEMENT_3D('',#17693,#14178,#14179);
#11467=AXIS2_PLACEMENT_3D('',#17698,#14180,#14181);
#11468=AXIS2_PLACEMENT_3D('',#17699,#14182,#14183);
#11469=AXIS2_PLACEMENT_3D('',#17700,#14184,#14185);
#11470=AXIS2_PLACEMENT_3D('',#17705,#14186,#14187);
#11471=AXIS2_PLACEMENT_3D('',#17710,#14188,#14189);
#11472=AXIS2_PLACEMENT_3D('',#17715,#14190,#14191);
#11473=AXIS2_PLACEMENT_3D('',#17720,#14192,#14193);
#11474=AXIS2_PLACEMENT_3D('',#17725,#14194,#14195);
#11475=AXIS2_PLACEMENT_3D('',#17730,#14196,#14197);
#11476=AXIS2_PLACEMENT_3D('',#17731,#14198,#14199);
#11477=AXIS2_PLACEMENT_3D('',#17733,#14201,#14202);
#11478=AXIS2_PLACEMENT_3D('',#17738,#14203,#14204);
#11479=AXIS2_PLACEMENT_3D('',#17739,#14205,#14206);
#11480=AXIS2_PLACEMENT_3D('',#17741,#14208,#14209);
#11481=AXIS2_PLACEMENT_3D('',#17746,#14210,#14211);
#11482=AXIS2_PLACEMENT_3D('',#17751,#14212,#14213);
#11483=AXIS2_PLACEMENT_3D('',#17756,#14214,#14215);
#11484=AXIS2_PLACEMENT_3D('',#17761,#14216,#14217);
#11485=AXIS2_PLACEMENT_3D('',#17766,#14218,#14219);
#11486=AXIS2_PLACEMENT_3D('',#17771,#14220,#14221);
#11487=AXIS2_PLACEMENT_3D('',#17776,#14222,#14223);
#11488=AXIS2_PLACEMENT_3D('',#17781,#14224,#14225);
#11489=AXIS2_PLACEMENT_3D('',#17786,#14226,#14227);
#11490=AXIS2_PLACEMENT_3D('',#17791,#14228,#14229);
#11491=AXIS2_PLACEMENT_3D('',#17796,#14230,#14231);
#11492=AXIS2_PLACEMENT_3D('',#17797,#14232,#14233);
#11493=AXIS2_PLACEMENT_3D('',#17802,#14234,#14235);
#11494=AXIS2_PLACEMENT_3D('',#17803,#14236,#14237);
#11495=AXIS2_PLACEMENT_3D('',#17805,#14239,#14240);
#11496=AXIS2_PLACEMENT_3D('',#17810,#14241,#14242);
#11497=AXIS2_PLACEMENT_3D('',#17815,#14243,#14244);
#11498=AXIS2_PLACEMENT_3D('',#17820,#14245,#14246);
#11499=AXIS2_PLACEMENT_3D('',#17825,#14247,#14248);
#11500=AXIS2_PLACEMENT_3D('',#17830,#14249,#14250);
#11501=AXIS2_PLACEMENT_3D('',#17835,#14251,#14252);
#11502=AXIS2_PLACEMENT_3D('',#17840,#14253,#14254);
#11503=AXIS2_PLACEMENT_3D('',#17842,#14255,#14256);
#11504=AXIS2_PLACEMENT_3D('',#17847,#14257,#14258);
#11505=AXIS2_PLACEMENT_3D('',#17852,#14259,#14260);
#11506=AXIS2_PLACEMENT_3D('',#17854,#14262,#14263);
#11507=AXIS2_PLACEMENT_3D('',#17856,#14265,#14266);
#11508=AXIS2_PLACEMENT_3D('',#17858,#14268,#14269);
#11509=AXIS2_PLACEMENT_3D('',#17860,#14271,#14272);
#11510=AXIS2_PLACEMENT_3D('',#17862,#14274,#14275);
#11511=AXIS2_PLACEMENT_3D('',#17864,#14277,#14278);
#11512=AXIS2_PLACEMENT_3D('',#17866,#14280,#14281);
#11513=AXIS2_PLACEMENT_3D('',#17868,#14283,#14284);
#11514=AXIS2_PLACEMENT_3D('',#17870,#14286,#14287);
#11515=AXIS2_PLACEMENT_3D('',#17872,#14289,#14290);
#11516=AXIS2_PLACEMENT_3D('',#17874,#14292,#14293);
#11517=AXIS2_PLACEMENT_3D('',#17876,#14295,#14296);
#11518=AXIS2_PLACEMENT_3D('',#17878,#14298,#14299);
#11519=AXIS2_PLACEMENT_3D('',#17880,#14301,#14302);
#11520=AXIS2_PLACEMENT_3D('',#17882,#14304,#14305);
#11521=AXIS2_PLACEMENT_3D('',#17884,#14307,#14308);
#11522=AXIS2_PLACEMENT_3D('',#17886,#14310,#14311);
#11523=AXIS2_PLACEMENT_3D('',#17888,#14313,#14314);
#11524=AXIS2_PLACEMENT_3D('',#17890,#14316,#14317);
#11525=AXIS2_PLACEMENT_3D('',#17892,#14319,#14320);
#11526=AXIS2_PLACEMENT_3D('',#17894,#14322,#14323);
#11527=AXIS2_PLACEMENT_3D('',#17896,#14325,#14326);
#11528=AXIS2_PLACEMENT_3D('',#17898,#14328,#14329);
#11529=AXIS2_PLACEMENT_3D('',#17900,#14331,#14332);
#11530=AXIS2_PLACEMENT_3D('',#17902,#14334,#14335);
#11531=AXIS2_PLACEMENT_3D('',#17904,#14337,#14338);
#11532=AXIS2_PLACEMENT_3D('',#17906,#14340,#14341);
#11533=AXIS2_PLACEMENT_3D('',#17908,#14343,#14344);
#11534=AXIS2_PLACEMENT_3D('',#17910,#14346,#14347);
#11535=AXIS2_PLACEMENT_3D('',#17912,#14349,#14350);
#11536=AXIS2_PLACEMENT_3D('',#17914,#14352,#14353);
#11537=AXIS2_PLACEMENT_3D('',#17916,#14355,#14356);
#11538=AXIS2_PLACEMENT_3D('',#17918,#14358,#14359);
#11539=AXIS2_PLACEMENT_3D('',#17920,#14361,#14362);
#11540=AXIS2_PLACEMENT_3D('',#17922,#14364,#14365);
#11541=AXIS2_PLACEMENT_3D('',#17924,#14367,#14368);
#11542=AXIS2_PLACEMENT_3D('',#17926,#14370,#14371);
#11543=AXIS2_PLACEMENT_3D('',#17928,#14373,#14374);
#11544=AXIS2_PLACEMENT_3D('',#17930,#14376,#14377);
#11545=AXIS2_PLACEMENT_3D('',#17932,#14379,#14380);
#11546=AXIS2_PLACEMENT_3D('',#17934,#14382,#14383);
#11547=AXIS2_PLACEMENT_3D('',#17936,#14385,#14386);
#11548=AXIS2_PLACEMENT_3D('',#17938,#14388,#14389);
#11549=AXIS2_PLACEMENT_3D('',#17940,#14391,#14392);
#11550=AXIS2_PLACEMENT_3D('',#17942,#14394,#14395);
#11551=AXIS2_PLACEMENT_3D('',#17944,#14397,#14398);
#11552=AXIS2_PLACEMENT_3D('',#17946,#14400,#14401);
#11553=AXIS2_PLACEMENT_3D('',#17948,#14403,#14404);
#11554=AXIS2_PLACEMENT_3D('',#17950,#14406,#14407);
#11555=AXIS2_PLACEMENT_3D('',#17952,#14409,#14410);
#11556=AXIS2_PLACEMENT_3D('',#17954,#14412,#14413);
#11557=AXIS2_PLACEMENT_3D('',#17956,#14415,#14416);
#11558=AXIS2_PLACEMENT_3D('',#17958,#14418,#14419);
#11559=AXIS2_PLACEMENT_3D('',#17960,#14421,#14422);
#11560=AXIS2_PLACEMENT_3D('',#17962,#14424,#14425);
#11561=AXIS2_PLACEMENT_3D('',#17964,#14427,#14428);
#11562=AXIS2_PLACEMENT_3D('',#17966,#14430,#14431);
#11563=AXIS2_PLACEMENT_3D('',#17968,#14433,#14434);
#11564=AXIS2_PLACEMENT_3D('',#17970,#14436,#14437);
#11565=AXIS2_PLACEMENT_3D('',#17972,#14439,#14440);
#11566=AXIS2_PLACEMENT_3D('',#17974,#14442,#14443);
#11567=AXIS2_PLACEMENT_3D('',#17976,#14445,#14446);
#11568=AXIS2_PLACEMENT_3D('',#17978,#14448,#14449);
#11569=AXIS2_PLACEMENT_3D('',#17980,#14451,#14452);
#11570=AXIS2_PLACEMENT_3D('',#17982,#14454,#14455);
#11571=AXIS2_PLACEMENT_3D('',#17984,#14457,#14458);
#11572=AXIS2_PLACEMENT_3D('',#17986,#14460,#14461);
#11573=AXIS2_PLACEMENT_3D('',#17988,#14463,#14464);
#11574=AXIS2_PLACEMENT_3D('',#17990,#14466,#14467);
#11575=AXIS2_PLACEMENT_3D('',#17992,#14469,#14470);
#11576=AXIS2_PLACEMENT_3D('',#17994,#14472,#14473);
#11577=AXIS2_PLACEMENT_3D('',#17996,#14475,#14476);
#11578=AXIS2_PLACEMENT_3D('',#17998,#14478,#14479);
#11579=AXIS2_PLACEMENT_3D('',#18000,#14481,#14482);
#11580=AXIS2_PLACEMENT_3D('',#18001,#14483,#14484);
#11581=AXIS2_PLACEMENT_3D('',#18003,#14486,#14487);
#11582=AXIS2_PLACEMENT_3D('',#18004,#14488,#14489);
#11583=AXIS2_PLACEMENT_3D('',#18006,#14491,#14492);
#11584=AXIS2_PLACEMENT_3D('',#18008,#14494,#14495);
#11585=AXIS2_PLACEMENT_3D('',#18010,#14497,#14498);
#11586=AXIS2_PLACEMENT_3D('',#18011,#14499,#14500);
#11587=AXIS2_PLACEMENT_3D('',#18013,#14502,#14503);
#11588=AXIS2_PLACEMENT_3D('',#18015,#14505,#14506);
#11589=AXIS2_PLACEMENT_3D('',#18017,#14508,#14509);
#11590=AXIS2_PLACEMENT_3D('',#18019,#14511,#14512);
#11591=AXIS2_PLACEMENT_3D('',#18021,#14514,#14515);
#11592=AXIS2_PLACEMENT_3D('',#18023,#14517,#14518);
#11593=AXIS2_PLACEMENT_3D('',#18025,#14520,#14521);
#11594=AXIS2_PLACEMENT_3D('',#18027,#14523,#14524);
#11595=AXIS2_PLACEMENT_3D('',#18029,#14526,#14527);
#11596=AXIS2_PLACEMENT_3D('',#18031,#14529,#14530);
#11597=AXIS2_PLACEMENT_3D('',#18033,#14532,#14533);
#11598=AXIS2_PLACEMENT_3D('',#18035,#14535,#14536);
#11599=AXIS2_PLACEMENT_3D('',#18037,#14538,#14539);
#11600=AXIS2_PLACEMENT_3D('',#18039,#14541,#14542);
#11601=AXIS2_PLACEMENT_3D('',#18041,#14544,#14545);
#11602=AXIS2_PLACEMENT_3D('',#18043,#14547,#14548);
#11603=AXIS2_PLACEMENT_3D('',#18045,#14550,#14551);
#11604=AXIS2_PLACEMENT_3D('',#18047,#14553,#14554);
#11605=AXIS2_PLACEMENT_3D('',#18049,#14556,#14557);
#11606=AXIS2_PLACEMENT_3D('',#18051,#14559,#14560);
#11607=AXIS2_PLACEMENT_3D('',#18053,#14562,#14563);
#11608=AXIS2_PLACEMENT_3D('',#18055,#14565,#14566);
#11609=AXIS2_PLACEMENT_3D('',#18057,#14568,#14569);
#11610=AXIS2_PLACEMENT_3D('',#18059,#14571,#14572);
#11611=AXIS2_PLACEMENT_3D('',#18061,#14574,#14575);
#11612=AXIS2_PLACEMENT_3D('',#18063,#14577,#14578);
#11613=AXIS2_PLACEMENT_3D('',#18065,#14580,#14581);
#11614=AXIS2_PLACEMENT_3D('',#18067,#14583,#14584);
#11615=AXIS2_PLACEMENT_3D('',#18069,#14586,#14587);
#11616=AXIS2_PLACEMENT_3D('',#18071,#14589,#14590);
#11617=AXIS2_PLACEMENT_3D('',#18073,#14592,#14593);
#11618=AXIS2_PLACEMENT_3D('',#18075,#14595,#14596);
#11619=AXIS2_PLACEMENT_3D('',#18077,#14598,#14599);
#11620=AXIS2_PLACEMENT_3D('',#18079,#14601,#14602);
#11621=AXIS2_PLACEMENT_3D('',#18081,#14604,#14605);
#11622=AXIS2_PLACEMENT_3D('',#18083,#14607,#14608);
#11623=AXIS2_PLACEMENT_3D('',#18085,#14610,#14611);
#11624=AXIS2_PLACEMENT_3D('',#18087,#14613,#14614);
#11625=AXIS2_PLACEMENT_3D('',#18089,#14616,#14617);
#11626=AXIS2_PLACEMENT_3D('',#18091,#14619,#14620);
#11627=AXIS2_PLACEMENT_3D('',#18093,#14622,#14623);
#11628=AXIS2_PLACEMENT_3D('',#18095,#14625,#14626);
#11629=AXIS2_PLACEMENT_3D('',#18097,#14628,#14629);
#11630=AXIS2_PLACEMENT_3D('',#18099,#14631,#14632);
#11631=AXIS2_PLACEMENT_3D('',#18101,#14634,#14635);
#11632=AXIS2_PLACEMENT_3D('',#18103,#14637,#14638);
#11633=AXIS2_PLACEMENT_3D('',#18105,#14640,#14641);
#11634=AXIS2_PLACEMENT_3D('',#18107,#14643,#14644);
#11635=AXIS2_PLACEMENT_3D('',#18109,#14646,#14647);
#11636=AXIS2_PLACEMENT_3D('',#18111,#14649,#14650);
#11637=AXIS2_PLACEMENT_3D('',#18113,#14652,#14653);
#11638=AXIS2_PLACEMENT_3D('',#18115,#14655,#14656);
#11639=AXIS2_PLACEMENT_3D('',#18117,#14658,#14659);
#11640=DIRECTION('axis',(0.,0.,1.));
#11641=DIRECTION('refdir',(1.,0.,0.));
#11642=DIRECTION('center_axis',(0.,0.,1.));
#11643=DIRECTION('ref_axis',(-0.999129783624296,-0.0417094171005399,0.));
#11644=DIRECTION('center_axis',(-0.953896850013549,0.300134635679106,0.));
#11645=DIRECTION('ref_axis',(0.,0.,1.));
#11646=DIRECTION('center_axis',(0.,0.,1.));
#11647=DIRECTION('ref_axis',(-0.999129783624296,-0.0417094171005403,0.));
#11648=DIRECTION('center_axis',(-0.925562814194994,-0.378594079429991,0.));
#11649=DIRECTION('ref_axis',(0.378594079429991,-0.925562814194994,0.));
#11650=DIRECTION('center_axis',(0.,0.,-1.));
#11651=DIRECTION('ref_axis',(-0.999129783624296,-0.0417094171005403,0.));
#11652=DIRECTION('center_axis',(0.,0.,1.));
#11653=DIRECTION('ref_axis',(1.,0.,0.));
#11654=DIRECTION('center_axis',(0.,0.,1.));
#11655=DIRECTION('ref_axis',(0.391399646417226,0.920220797843904,0.));
#11656=DIRECTION('center_axis',(0.,0.,-1.));
#11657=DIRECTION('ref_axis',(0.391399646417226,0.920220797843904,0.));
#11658=DIRECTION('center_axis',(0.,0.,-1.));
#11659=DIRECTION('ref_axis',(-1.,0.,0.));
#11660=DIRECTION('center_axis',(0.,0.,-1.));
#11661=DIRECTION('ref_axis',(-0.0551320026748669,-0.998479074533392,0.));
#11662=DIRECTION('center_axis',(0.,0.,1.));
#11663=DIRECTION('ref_axis',(-0.0551320026748669,-0.998479074533392,0.));
#11664=DIRECTION('center_axis',(0.,0.,1.));
#11665=DIRECTION('ref_axis',(-0.378594079429985,0.925562814194997,0.));
#11666=DIRECTION('',(0.,0.,-1.));
#11667=DIRECTION('center_axis',(0.,0.,-1.));
#11668=DIRECTION('ref_axis',(-0.378594079429985,0.925562814194997,0.));
#11669=DIRECTION('',(0.,0.,-1.));
#11670=DIRECTION('center_axis',(0.,0.,1.));
#11671=DIRECTION('ref_axis',(-0.999129783624296,-0.0417094171005399,0.));
#11672=DIRECTION('',(0.,0.,1.));
#11673=DIRECTION('center_axis',(0.,0.,-1.));
#11674=DIRECTION('ref_axis',(1.,0.,0.));
#11675=DIRECTION('center_axis',(0.,0.,-1.));
#11676=DIRECTION('ref_axis',(-1.,0.,0.));
#11677=DIRECTION('center_axis',(0.,0.,1.));
#11678=DIRECTION('ref_axis',(1.,0.,0.));
#11679=DIRECTION('center_axis',(0.,-1.,0.));
#11680=DIRECTION('ref_axis',(1.,0.,0.));
#11681=DIRECTION('center_axis',(0.,0.,-1.));
#11682=DIRECTION('ref_axis',(1.,0.,0.));
#11683=DIRECTION('center_axis',(0.,0.,-1.));
#11684=DIRECTION('ref_axis',(1.,0.,0.));
#11685=DIRECTION('center_axis',(0.,0.,1.));
#11686=DIRECTION('ref_axis',(1.,0.,0.));
#11687=DIRECTION('',(0.,0.,-1.));
#11688=DIRECTION('center_axis',(0.,0.,1.));
#11689=DIRECTION('ref_axis',(1.,0.,0.));
#11690=DIRECTION('center_axis',(0.,0.,-1.));
#11691=DIRECTION('ref_axis',(1.,0.,0.));
#11692=DIRECTION('',(0.,-1.,0.));
#11693=DIRECTION('center_axis',(0.,0.,1.));
#11694=DIRECTION('ref_axis',(-0.52866987526755,-0.848827522518323,0.));
#11695=DIRECTION('',(0.754636003225322,-0.656143660059375,0.));
#11696=DIRECTION('center_axis',(0.,0.,1.));
#11697=DIRECTION('ref_axis',(-0.669951720922458,-0.742404668380417,0.));
#11698=DIRECTION('',(0.5597308516508,-0.828674467876421,0.));
#11699=DIRECTION('center_axis',(0.,0.,1.));
#11700=DIRECTION('ref_axis',(-0.838569156762708,-0.544795162722908,0.));
#11701=DIRECTION('',(0.391691134627906,-0.920096763962304,0.));
#11702=DIRECTION('center_axis',(0.,0.,1.));
#11703=DIRECTION('ref_axis',(-0.926378234159098,-0.376594433411158,0.));
#11704=DIRECTION('',(0.237375994153997,-0.971417849022449,0.));
#11705=DIRECTION('center_axis',(0.,0.,1.));
#11706=DIRECTION('ref_axis',(-0.974473465468216,-0.224502706216128,0.));
#11707=DIRECTION('center_axis',(0.,0.,-1.));
#11708=DIRECTION('ref_axis',(-0.300134635679086,-0.953896850013555,0.));
#11709=DIRECTION('',(0.,0.,-1.));
#11710=DIRECTION('center_axis',(0.,0.,-1.));
#11711=DIRECTION('ref_axis',(-0.300134635679086,-0.953896850013555,0.));
#11712=DIRECTION('center_axis',(0.,0.,1.));
#11713=DIRECTION('ref_axis',(-0.974473465468216,-0.224502706216128,0.));
#11714=DIRECTION('',(0.,0.,-1.));
#11715=DIRECTION('center_axis',(0.,0.,1.));
#11716=DIRECTION('ref_axis',(-0.974473465468216,-0.224502706216128,0.));
#11717=DIRECTION('',(0.,0.,-1.));
#11718=DIRECTION('center_axis',(-1.,0.,0.));
#11719=DIRECTION('ref_axis',(0.,-1.,0.));
#11720=DIRECTION('',(0.,0.,-1.));
#11721=DIRECTION('',(0.,-1.,0.));
#11722=DIRECTION('',(0.,0.,-1.));
#11723=DIRECTION('center_axis',(-0.828674467876421,-0.5597308516508,0.));
#11724=DIRECTION('ref_axis',(0.5597308516508,-0.828674467876421,0.));
#11725=DIRECTION('',(0.,0.,-1.));
#11726=DIRECTION('',(0.5597308516508,-0.828674467876421,0.));
#11727=DIRECTION('',(0.,0.,-1.));
#11728=DIRECTION('center_axis',(0.,0.,1.));
#11729=DIRECTION('ref_axis',(-0.669951720922458,-0.742404668380417,0.));
#11730=DIRECTION('',(0.,0.,-1.));
#11731=DIRECTION('center_axis',(0.,0.,1.));
#11732=DIRECTION('ref_axis',(-0.669951720922458,-0.742404668380417,0.));
#11733=DIRECTION('center_axis',(-0.656143660059375,-0.754636003225322,0.));
#11734=DIRECTION('ref_axis',(0.754636003225322,-0.656143660059375,0.));
#11735=DIRECTION('',(0.,0.,-1.));
#11736=DIRECTION('',(0.754636003225322,-0.656143660059375,0.));
#11737=DIRECTION('center_axis',(0.,0.,1.));
#11738=DIRECTION('ref_axis',(-0.52866987526755,-0.848827522518323,0.));
#11739=DIRECTION('center_axis',(0.,0.,1.));
#11740=DIRECTION('ref_axis',(-0.52866987526755,-0.848827522518323,0.));
#11741=DIRECTION('center_axis',(-1.50845519650157E-16,0.,1.));
#11742=DIRECTION('ref_axis',(-1.,0.,-1.50845519650157E-16));
#11743=DIRECTION('',(1.,-9.76334434055331E-11,1.50845519650157E-16));
#11744=DIRECTION('',(0.,-1.,0.));
#11745=DIRECTION('',(-1.,0.,-1.50845519650157E-16));
#11746=DIRECTION('',(0.,-1.,0.));
#11747=DIRECTION('center_axis',(0.,-1.,0.));
#11748=DIRECTION('ref_axis',(0.,0.,1.));
#11749=DIRECTION('center_axis',(9.76334434055331E-11,1.,0.));
#11750=DIRECTION('ref_axis',(0.,0.,1.));
#11751=DIRECTION('center_axis',(0.,-1.,0.));
#11752=DIRECTION('ref_axis',(0.,0.,1.));
#11753=DIRECTION('',(0.,1.,0.));
#11754=DIRECTION('center_axis',(0.,-1.,0.));
#11755=DIRECTION('ref_axis',(-1.,0.,-1.79068229778252E-16));
#11756=DIRECTION('center_axis',(9.76334434055331E-11,1.,0.));
#11757=DIRECTION('ref_axis',(-1.,0.,-1.79068229778252E-16));
#11758=DIRECTION('',(0.,-1.,0.));
#11759=DIRECTION('center_axis',(0.,-1.,0.));
#11760=DIRECTION('ref_axis',(-1.,0.,-1.79068229778252E-16));
#11761=DIRECTION('center_axis',(9.76334434055331E-11,1.,0.));
#11762=DIRECTION('ref_axis',(-1.,9.76334434055331E-11,0.));
#11763=DIRECTION('',(-1.,9.76334434055331E-11,0.));
#11764=DIRECTION('',(0.,0.,1.));
#11765=DIRECTION('',(-1.,9.76334434055331E-11,0.));
#11766=DIRECTION('',(0.,0.,1.));
#11767=DIRECTION('',(-1.,9.76334434055331E-11,0.));
#11768=DIRECTION('center_axis',(0.,0.,-1.));
#11769=DIRECTION('ref_axis',(-1.,0.,0.));
#11770=DIRECTION('',(-0.327000411702096,0.945024195852498,0.));
#11771=DIRECTION('',(-7.24376770183335E-14,1.,0.));
#11772=DIRECTION('center_axis',(0.,0.,-1.));
#11773=DIRECTION('ref_axis',(-0.999999920078278,-0.000399804248429382,0.));
#11774=DIRECTION('',(0.141609632244854,0.989922578818908,0.));
#11775=DIRECTION('center_axis',(0.,0.,-1.));
#11776=DIRECTION('ref_axis',(-0.985807166019839,0.167881599420344,0.));
#11777=DIRECTION('',(0.503539231557084,0.863972361990186,0.));
#11778=DIRECTION('center_axis',(0.,0.,-1.));
#11779=DIRECTION('ref_axis',(-0.84900309991124,0.528387865437034,0.));
#11780=DIRECTION('',(0.893200760201445,0.449658094529123,0.));
#11781=DIRECTION('',(0.849178418845844,0.528106062232267,0.));
#11782=DIRECTION('',(0.797677579877718,0.603084138873198,0.));
#11783=DIRECTION('center_axis',(0.,0.,1.));
#11784=DIRECTION('ref_axis',(0.81887704237573,-0.57396897953633,0.));
#11785=DIRECTION('',(0.54289654193796,0.83979958606313,0.));
#11786=DIRECTION('',(0.474989159705389,0.879991646643517,0.));
#11787=DIRECTION('',(0.408252083974629,0.912869232656229,0.));
#11788=DIRECTION('',(0.34364319958948,0.939100288241839,0.));
#11789=DIRECTION('',(0.281821052271108,0.959466984578836,0.));
#11790=DIRECTION('',(0.223178540412519,0.974777584425974,0.));
#11791=DIRECTION('',(0.167882818170885,0.98580695846753,0.));
#11792=DIRECTION('',(0.115958919214417,0.993254010339059,0.));
#11793=DIRECTION('',(0.0672990988329896,0.997732845653719,0.));
#11794=DIRECTION('',(0.0217439462512314,0.999763572451719,0.));
#11795=DIRECTION('',(4.34725202598895E-14,1.,0.));
#11796=DIRECTION('center_axis',(0.,0.,1.));
#11797=DIRECTION('ref_axis',(0.967109996231947,0.254358517034996,0.));
#11798=DIRECTION('',(-0.280845746827628,0.95975291950003,0.));
#11799=DIRECTION('center_axis',(0.,0.,1.));
#11800=DIRECTION('ref_axis',(0.883902914415073,0.467670437261691,0.));
#11801=DIRECTION('',(-0.489461802210121,0.87202473828282,0.));
#11802=DIRECTION('center_axis',(0.,0.,1.));
#11803=DIRECTION('ref_axis',(0.771437990453143,0.636304507987816,0.));
#11804=DIRECTION('',(-0.653166856857303,0.757214010107547,0.));
#11805=DIRECTION('center_axis',(0.,0.,1.));
#11806=DIRECTION('ref_axis',(0.643956811719492,0.765061843670214,0.));
#11807=DIRECTION('',(-0.778111404316466,0.628126295001775,0.));
#11808=DIRECTION('center_axis',(0.,0.,1.));
#11809=DIRECTION('ref_axis',(0.394613155863504,0.918847352512617,0.));
#11810=DIRECTION('',(-0.926610774883099,0.376021903445189,0.));
#11811=DIRECTION('center_axis',(0.,0.,1.));
#11812=DIRECTION('ref_axis',(0.190064301455505,0.981771644178131,0.));
#11813=DIRECTION('',(-0.985947103856072,0.167057799571954,0.));
#11814=DIRECTION('center_axis',(0.,0.,1.));
#11815=DIRECTION('ref_axis',(0.00079004248105031,0.99999968791639,0.));
#11816=DIRECTION('',(1.,0.,0.));
#11817=DIRECTION('center_axis',(0.,0.,-1.));
#11818=DIRECTION('ref_axis',(0.000691926961939874,0.999999760618511,0.));
#11819=DIRECTION('',(0.985947103856249,-0.167057799570915,0.));
#11820=DIRECTION('center_axis',(0.,0.,-1.));
#11821=DIRECTION('ref_axis',(0.187195518431411,0.98232267503056,0.));
#11822=DIRECTION('',(0.926610774880675,-0.376021903451161,0.));
#11823=DIRECTION('center_axis',(0.,0.,-1.));
#11824=DIRECTION('ref_axis',(0.392378532407021,0.919803830882494,0.));
#11825=DIRECTION('',(0.778111404319006,-0.628126294998629,0.));
#11826=DIRECTION('center_axis',(0.,0.,-1.));
#11827=DIRECTION('ref_axis',(0.641928282322442,0.766764683820636,0.));
#11828=DIRECTION('',(0.653166856856814,-0.757214010107969,0.));
#11829=DIRECTION('center_axis',(0.,0.,-1.));
#11830=DIRECTION('ref_axis',(0.769423804084095,0.638738608281008,0.));
#11831=DIRECTION('',(0.48946180220775,-0.872024738284151,0.));
#11832=DIRECTION('center_axis',(0.,0.,-1.));
#11833=DIRECTION('ref_axis',(0.882041526077748,0.471171673888018,0.));
#11834=DIRECTION('',(0.280845746828397,-0.959752919499805,0.));
#11835=DIRECTION('center_axis',(0.,0.,-1.));
#11836=DIRECTION('ref_axis',(0.965879727257276,0.258991027785538,0.));
#11837=DIRECTION('',(3.59752433298871E-8,-0.999999999999999,0.));
#11838=DIRECTION('',(-0.021743946251211,-0.999763572451719,0.));
#11839=DIRECTION('',(-0.0672990988329584,-0.997732845653721,0.));
#11840=DIRECTION('',(-0.115958919214423,-0.993254010339059,0.));
#11841=DIRECTION('',(-0.167882818170969,-0.985806958467515,0.));
#11842=DIRECTION('',(-0.223178540412525,-0.974777584425973,0.));
#11843=DIRECTION('',(-0.281821052271021,-0.959466984578862,0.));
#11844=DIRECTION('',(-0.34364319958957,-0.939100288241806,0.));
#11845=DIRECTION('',(-0.408252083974581,-0.912869232656251,0.));
#11846=DIRECTION('',(-0.474989159705435,-0.879991646643492,0.));
#11847=DIRECTION('',(-0.542896541938699,-0.839799586062653,0.));
#11848=DIRECTION('center_axis',(0.,0.,-1.));
#11849=DIRECTION('ref_axis',(0.82280648331261,-0.568321643982293,0.));
#11850=DIRECTION('',(-0.797677579878425,-0.603084138872263,0.));
#11851=DIRECTION('',(-0.849178418845867,-0.528106062232231,0.));
#11852=DIRECTION('',(7.21282392114666E-14,-1.,0.));
#11853=DIRECTION('',(0.327000411702094,-0.945024195852498,0.));
#11854=DIRECTION('center_axis',(0.,0.,1.));
#11855=DIRECTION('ref_axis',(-0.601696684503249,-0.798724670870882,0.));
#11856=DIRECTION('',(0.820805280181983,-0.571208098704296,0.));
#11857=DIRECTION('center_axis',(0.,0.,1.));
#11858=DIRECTION('ref_axis',(-0.162674959445154,-0.986679713772163,0.));
#11859=DIRECTION('',(0.986611282501375,-0.163089476181,0.));
#11860=DIRECTION('center_axis',(0.,0.,-1.));
#11861=DIRECTION('ref_axis',(0.162215741117134,0.986755315837629,0.));
#11862=DIRECTION('',(0.917389363774566,-0.397990898430225,0.));
#11863=DIRECTION('center_axis',(0.,0.,-1.));
#11864=DIRECTION('ref_axis',(0.424693422317427,0.905337228352127,0.));
#11865=DIRECTION('',(0.466241355761365,-0.884657559837593,0.));
#11866=DIRECTION('center_axis',(0.,0.,-1.));
#11867=DIRECTION('ref_axis',(0.896680950708477,0.442677391151324,0.));
#11868=DIRECTION('',(0.0329899382538139,-0.999455683846967,0.));
#11869=DIRECTION('center_axis',(0.,0.,-1.));
#11870=DIRECTION('ref_axis',(0.999979316849296,0.00643163071193866,0.));
#11871=DIRECTION('',(-0.301140207620219,-0.953579873610203,0.));
#11872=DIRECTION('center_axis',(0.,0.,-1.));
#11873=DIRECTION('ref_axis',(0.944331143613268,-0.328996491169827,0.));
#11874=DIRECTION('',(-0.612990676011166,-0.790090141137943,0.));
#11875=DIRECTION('',(-0.667228782752096,-0.744852838799152,0.));
#11876=DIRECTION('',(-0.692853835367226,-0.721078055980713,0.));
#11877=DIRECTION('center_axis',(0.,0.,1.));
#11878=DIRECTION('ref_axis',(-0.930873166195709,0.365342508417479,0.));
#11879=DIRECTION('',(-0.330320776054598,-0.943868732879042,0.));
#11880=DIRECTION('center_axis',(0.,0.,1.));
#11881=DIRECTION('ref_axis',(-0.988628947634799,-0.150375542886836,0.));
#11882=DIRECTION('',(0.150013659712071,-0.988683924163729,0.));
#11883=DIRECTION('center_axis',(0.,0.,-1.));
#11884=DIRECTION('ref_axis',(0.988549034919466,0.150899985287581,0.));
#11885=DIRECTION('',(-0.103869745366113,-0.994590908865338,0.));
#11886=DIRECTION('center_axis',(0.,0.,-1.));
#11887=DIRECTION('ref_axis',(0.990998823839587,-0.133870576111985,0.));
#11888=DIRECTION('',(-0.563182926352797,-0.826332252465496,0.));
#11889=DIRECTION('center_axis',(0.,0.,-1.));
#11890=DIRECTION('ref_axis',(0.809959956115489,-0.586485182668237,0.));
#11891=DIRECTION('',(-0.799729012064218,-0.60036114736281,0.));
#11892=DIRECTION('center_axis',(0.,0.,-1.));
#11893=DIRECTION('ref_axis',(0.578938796285081,-0.815371001542231,0.));
#11894=DIRECTION('',(-0.968326790135529,-0.249686258143743,0.));
#11895=DIRECTION('center_axis',(0.,0.,-1.));
#11896=DIRECTION('ref_axis',(0.223356607479589,-0.974736798266696,0.));
#11897=DIRECTION('',(-0.995719582235507,0.0924257191086314,0.));
#11898=DIRECTION('center_axis',(0.,0.,-1.));
#11899=DIRECTION('ref_axis',(-0.121836133649711,-0.992550228722602,0.));
#11900=DIRECTION('',(-0.928869964472622,0.370405978759294,0.));
#11901=DIRECTION('',(-0.900025065038916,0.435838137731998,0.));
#11902=DIRECTION('',(-0.884023242761326,0.467442944387601,0.));
#11903=DIRECTION('center_axis',(0.,0.,1.));
#11904=DIRECTION('ref_axis',(-0.111409692710675,0.993774562146825,0.));
#11905=DIRECTION('',(-0.988698405212076,-0.149918189460442,0.));
#11906=DIRECTION('center_axis',(0.,0.,1.));
#11907=DIRECTION('ref_axis',(-0.467562738030013,0.883959889364827,0.));
#11908=DIRECTION('',(-0.884024495834568,-0.467440574580811,0.));
#11909=DIRECTION('center_axis',(0.,0.,-1.));
#11910=DIRECTION('ref_axis',(0.468248448507462,-0.88359684838186,0.));
#11911=DIRECTION('',(-0.972379284289253,-0.233406356993804,0.));
#11912=DIRECTION('center_axis',(0.,0.,-1.));
#11913=DIRECTION('ref_axis',(0.20434749247733,-0.978898412665087,0.));
#11914=DIRECTION('',(-0.949597527794507,0.313471745467689,0.));
#11915=DIRECTION('center_axis',(0.,0.,-1.));
#11916=DIRECTION('ref_axis',(-0.339658917104074,-0.940548680309365,0.));
#11917=DIRECTION('',(-0.759203722961735,0.650853061021488,0.));
#11918=DIRECTION('center_axis',(0.,0.,-1.));
#11919=DIRECTION('ref_axis',(-0.670513191339272,-0.741897607652178,0.));
#11920=DIRECTION('',(-0.50578273295052,0.862660899223503,0.));
#11921=DIRECTION('center_axis',(0.,0.,-1.));
#11922=DIRECTION('ref_axis',(-0.876297174665871,-0.481770963916063,0.));
#11923=DIRECTION('',(-0.103804629189708,0.994597707095078,0.));
#11924=DIRECTION('center_axis',(0.,0.,-1.));
#11925=DIRECTION('ref_axis',(-0.997324366872776,-0.0731034010277004,0.));
#11926=DIRECTION('',(0.150021482022787,0.988682737247741,0.));
#11927=DIRECTION('center_axis',(0.,0.,1.));
#11928=DIRECTION('ref_axis',(0.833793435088761,0.552076541435048,0.));
#11929=DIRECTION('',(-0.582336841303919,0.812947601792498,0.));
#11930=DIRECTION('',(-0.628051543443758,0.778171741184369,0.));
#11931=DIRECTION('',(-0.671843623120738,0.740693017431648,0.));
#11932=DIRECTION('',(-0.692851441911076,0.721080355745283,0.));
#11933=DIRECTION('center_axis',(0.,0.,-1.));
#11934=DIRECTION('ref_axis',(-0.720443086847689,-0.693514065187847,0.));
#11935=DIRECTION('',(-0.494795712389854,0.869009322735158,0.));
#11936=DIRECTION('center_axis',(0.,0.,-1.));
#11937=DIRECTION('ref_axis',(-0.883292481224496,-0.468822346536801,0.));
#11938=DIRECTION('',(0.0983800278597763,0.995148918563604,0.));
#11939=DIRECTION('center_axis',(0.,0.,-1.));
#11940=DIRECTION('ref_axis',(-0.992092406958571,0.125509585511024,0.));
#11941=DIRECTION('',(0.522515327657466,0.852629891783657,0.));
#11942=DIRECTION('center_axis',(0.,0.,-1.));
#11943=DIRECTION('ref_axis',(-0.838569978206979,0.544793898322978,0.));
#11944=DIRECTION('',(0.772551558721234,0.634952036863723,0.));
#11945=DIRECTION('center_axis',(0.,0.,-1.));
#11946=DIRECTION('ref_axis',(-0.612662326740627,0.790344781340879,0.));
#11947=DIRECTION('',(0.943135346243159,0.332408962976024,0.));
#11948=DIRECTION('',(0.964174614984365,0.26526837696897,0.));
#11949=DIRECTION('',(0.980363210612862,0.19720034299372,0.));
#11950=DIRECTION('',(0.986611347415368,0.163089083482716,0.));
#11951=DIRECTION('center_axis',(0.,0.,1.));
#11952=DIRECTION('ref_axis',(0.53920972830721,-0.842171519881114,0.));
#11953=DIRECTION('',(0.820804142677414,0.571209733253553,0.));
#11954=DIRECTION('center_axis',(0.,0.,1.));
#11955=DIRECTION('ref_axis',(0.832611357894217,-0.553857677301262,0.));
#11956=DIRECTION('',(0.5203326497576,0.853963660582952,0.));
#11957=DIRECTION('',(0.467751606711997,0.883859963126708,0.));
#11958=DIRECTION('',(0.337016983410236,0.94149856765322,0.));
#11959=DIRECTION('',(-0.11589664229074,0.993261278972322,0.));
#11960=DIRECTION('',(-0.0672614835716004,0.997735382166909,0.));
#11961=DIRECTION('',(-0.0217297306338146,0.999763881527324,0.));
#11962=DIRECTION('',(0.,1.,0.));
#11963=DIRECTION('center_axis',(0.,0.,-1.));
#11964=DIRECTION('ref_axis',(-0.999999693752013,0.000782621160534626,0.));
#11965=DIRECTION('',(0.28067621503708,0.959802512141148,0.));
#11966=DIRECTION('center_axis',(0.,0.,-1.));
#11967=DIRECTION('ref_axis',(-0.952510689890895,0.304505148796489,0.));
#11968=DIRECTION('',(0.489288788398493,0.872121827239483,0.));
#11969=DIRECTION('center_axis',(0.,0.,-1.));
#11970=DIRECTION('ref_axis',(-0.860798680740759,0.508945607344213,0.));
#11971=DIRECTION('',(0.653081463713402,0.757287661165795,0.));
#11972=DIRECTION('center_axis',(0.,0.,-1.));
#11973=DIRECTION('ref_axis',(-0.743787761201632,0.668415863281733,0.));
#11974=DIRECTION('',(0.778089379934364,0.628153577426219,0.));
#11975=DIRECTION('center_axis',(0.,0.,-1.));
#11976=DIRECTION('ref_axis',(-0.613182503430011,0.789941274708003,0.));
#11977=DIRECTION('',(0.910091788378668,0.414406728620226,0.));
#11978=DIRECTION('center_axis',(0.,0.,-1.));
#11979=DIRECTION('ref_axis',(-0.398778079779735,0.917047459560947,0.));
#11980=DIRECTION('',(0.977394186431257,0.21142517430614,0.));
#11981=DIRECTION('center_axis',(0.,0.,-1.));
#11982=DIRECTION('ref_axis',(-0.193513592872522,0.981097594214545,0.));
#11983=DIRECTION('',(0.999687101928363,0.0250139608633004,0.));
#11984=DIRECTION('',(1.,0.,0.));
#11985=DIRECTION('',(-0.999687101928369,-0.0250139608630536,0.));
#11986=DIRECTION('center_axis',(0.,0.,1.));
#11987=DIRECTION('ref_axis',(-0.190752035932732,0.98163825352699,0.));
#11988=DIRECTION('',(-0.97739418643088,-0.21142517430788,0.));
#11989=DIRECTION('center_axis',(0.,0.,1.));
#11990=DIRECTION('ref_axis',(-0.396573330591902,0.918003046543554,0.));
#11991=DIRECTION('',(-0.910091788378737,-0.414406728620075,0.));
#11992=DIRECTION('center_axis',(0.,0.,1.));
#11993=DIRECTION('ref_axis',(-0.611103867686369,0.791550417155319,0.));
#11994=DIRECTION('',(-0.77808937993636,-0.628153577423747,0.));
#11995=DIRECTION('center_axis',(0.,0.,1.));
#11996=DIRECTION('ref_axis',(-0.74174045533834,0.670687033507039,0.));
#11997=DIRECTION('',(-0.653081463713685,-0.757287661165551,0.));
#11998=DIRECTION('center_axis',(0.,0.,1.));
#11999=DIRECTION('ref_axis',(-0.8588406382376,0.512242870239921,0.));
#12000=DIRECTION('',(-0.489288788396895,-0.872121827240379,0.));
#12001=DIRECTION('center_axis',(0.,0.,1.));
#12002=DIRECTION('ref_axis',(-0.951042533151738,0.309060026752612,0.));
#12003=DIRECTION('',(-0.280676215036611,-0.959802512141285,0.));
#12004=DIRECTION('center_axis',(0.,0.,1.));
#12005=DIRECTION('ref_axis',(-0.999999573874249,0.000923174588237021,0.));
#12006=DIRECTION('',(-1.16760128718449E-9,-1.,0.));
#12007=DIRECTION('',(0.0217297306338149,-0.999763881527324,0.));
#12008=DIRECTION('',(0.0672614835715595,-0.997735382166911,0.));
#12009=DIRECTION('',(0.115896642291325,-0.993261278972253,0.));
#12010=DIRECTION('center_axis',(0.,0.,1.));
#12011=DIRECTION('ref_axis',(-0.974876080428878,-0.222747901915209,0.));
#12012=DIRECTION('',(0.237375994147943,-0.971417849023928,0.));
#12013=DIRECTION('center_axis',(0.,0.,1.));
#12014=DIRECTION('ref_axis',(-0.927382587065432,-0.374114337078688,0.));
#12015=DIRECTION('',(0.391691134627285,-0.920096763962568,0.));
#12016=DIRECTION('center_axis',(0.,0.,1.));
#12017=DIRECTION('ref_axis',(-0.840486114886607,-0.541833083783942,0.));
#12018=DIRECTION('',(0.559730851649191,-0.828674467877508,0.));
#12019=DIRECTION('center_axis',(0.,0.,1.));
#12020=DIRECTION('ref_axis',(-0.673029864367563,-0.739615306540758,0.));
#12021=DIRECTION('',(0.754636003225178,-0.656143660059539,0.));
#12022=DIRECTION('center_axis',(0.,0.,1.));
#12023=DIRECTION('ref_axis',(-0.447844240883667,-0.894111590299182,0.));
#12024=DIRECTION('',(0.902889954478042,-0.429871760066463,0.));
#12025=DIRECTION('center_axis',(0.,0.,-1.));
#12026=DIRECTION('ref_axis',(0.406490493542788,0.913655010744942,0.));
#12027=DIRECTION('',(0.709386754478419,-0.704819432599993,0.));
#12028=DIRECTION('center_axis',(0.,0.,-1.));
#12029=DIRECTION('ref_axis',(0.722738738252142,0.691121346964266,0.));
#12030=DIRECTION('',(1.69877283923866E-8,-1.,0.));
#12031=DIRECTION('',(-0.337016983410236,-0.94149856765322,0.));
#12032=DIRECTION('',(-0.348059386732893,-0.937472486693408,0.));
#12033=DIRECTION('',(-0.467751606712063,-0.883859963126673,0.));
#12034=DIRECTION('',(-0.52033264975776,-0.853963660582855,0.));
#12035=DIRECTION('center_axis',(0.,0.,-1.));
#12036=DIRECTION('ref_axis',(0.837173778491556,-0.546936984127212,0.));
#12037=DIRECTION('',(-0.820804142677365,-0.571209733253624,0.));
#12038=DIRECTION('center_axis',(0.,0.,-1.));
#12039=DIRECTION('ref_axis',(0.545874740336518,-0.837866796013865,0.));
#12040=DIRECTION('',(-0.986611347414106,-0.163089083490349,0.));
#12041=DIRECTION('',(-0.980363210612855,-0.197200342993754,0.));
#12042=DIRECTION('',(-0.964174614984366,-0.265268376968965,0.));
#12043=DIRECTION('',(-0.943135346242789,-0.332408962977076,0.));
#12044=DIRECTION('center_axis',(0.,0.,1.));
#12045=DIRECTION('ref_axis',(-0.608737803765354,0.793371468019196,0.));
#12046=DIRECTION('',(-0.772551558722309,-0.634952036862416,0.));
#12047=DIRECTION('center_axis',(0.,0.,1.));
#12048=DIRECTION('ref_axis',(-0.836082235084036,0.548604134305313,0.));
#12049=DIRECTION('',(-0.522515327656302,-0.852629891784371,0.));
#12050=DIRECTION('center_axis',(0.,0.,1.));
#12051=DIRECTION('ref_axis',(-0.99150115576732,0.130097878968372,0.));
#12052=DIRECTION('',(-0.0983800278578323,-0.995148918563796,0.));
#12053=DIRECTION('center_axis',(0.,0.,1.));
#12054=DIRECTION('ref_axis',(-0.885723302743479,-0.464213561819539,0.));
#12055=DIRECTION('',(0.49479571238989,-0.869009322735137,0.));
#12056=DIRECTION('center_axis',(0.,0.,1.));
#12057=DIRECTION('ref_axis',(-0.720349088092026,-0.693611700654615,0.));
#12058=DIRECTION('',(0.692851441814741,-0.721080355837846,0.));
#12059=DIRECTION('',(0.671843623120761,-0.740693017431627,0.));
#12060=DIRECTION('',(0.628051543443781,-0.778171741184351,0.));
#12061=DIRECTION('',(0.582336841304361,-0.812947601792181,0.));
#12062=DIRECTION('center_axis',(0.,0.,-1.));
#12063=DIRECTION('ref_axis',(0.82949280288296,0.558517403457914,0.));
#12064=DIRECTION('',(-0.150021498566824,-0.98868273473737,0.));
#12065=DIRECTION('center_axis',(0.,0.,1.));
#12066=DIRECTION('ref_axis',(-0.997692714970988,-0.0678914316671735,0.));
#12067=DIRECTION('',(0.103804629190695,-0.994597707094975,0.));
#12068=DIRECTION('center_axis',(0.,0.,1.));
#12069=DIRECTION('ref_axis',(-0.878638474193181,-0.477487624622333,0.));
#12070=DIRECTION('',(0.505782732949128,-0.862660899224319,0.));
#12071=DIRECTION('center_axis',(0.,0.,1.));
#12072=DIRECTION('ref_axis',(-0.673814419299708,-0.738900621426046,0.));
#12073=DIRECTION('',(0.759203722962335,-0.650853061020789,0.));
#12074=DIRECTION('center_axis',(0.,0.,1.));
#12075=DIRECTION('ref_axis',(-0.344009606042125,-0.938966128755847,0.));
#12076=DIRECTION('',(0.949597527794682,-0.313471745467159,0.));
#12077=DIRECTION('center_axis',(0.,0.,1.));
#12078=DIRECTION('ref_axis',(0.199300044316864,-0.979938514568795,0.));
#12079=DIRECTION('',(0.972379284289084,0.233406356994509,0.));
#12080=DIRECTION('center_axis',(0.,0.,1.));
#12081=DIRECTION('ref_axis',(0.468366010529861,-0.88353453819324,0.));
#12082=DIRECTION('',(0.884024495856139,0.467440574540016,0.));
#12083=DIRECTION('center_axis',(0.,0.,-1.));
#12084=DIRECTION('ref_axis',(-0.467534349258738,0.883974904770044,0.));
#12085=DIRECTION('',(0.988698405211968,0.149918189461159,0.));
#12086=DIRECTION('center_axis',(0.,0.,-1.));
#12087=DIRECTION('ref_axis',(-0.119347820145625,0.992852505574966,0.));
#12088=DIRECTION('',(0.884023242761913,-0.467442944386491,0.));
#12089=DIRECTION('',(0.900025065038916,-0.435838137731996,0.));
#12090=DIRECTION('',(0.92886996447289,-0.37040597875862,0.));
#12091=DIRECTION('center_axis',(0.,0.,1.));
#12092=DIRECTION('ref_axis',(-0.126870448460884,-0.991919295763185,0.));
#12093=DIRECTION('',(0.995719582235775,-0.0924257191057406,0.));
#12094=DIRECTION('center_axis',(0.,0.,1.));
#12095=DIRECTION('ref_axis',(0.218788258349739,-0.975772359727559,0.));
#12096=DIRECTION('',(0.968326790135484,0.249686258143916,0.));
#12097=DIRECTION('center_axis',(0.,0.,1.));
#12098=DIRECTION('ref_axis',(0.575312744932296,-0.817933521454199,0.));
#12099=DIRECTION('',(0.799729012062796,0.600361147364705,0.));
#12100=DIRECTION('center_axis',(0.,0.,1.));
#12101=DIRECTION('ref_axis',(0.807128531746292,-0.590375755973324,0.));
#12102=DIRECTION('',(0.563182926351647,0.82633225246628,0.));
#12103=DIRECTION('center_axis',(0.,0.,1.));
#12104=DIRECTION('ref_axis',(0.990270851755983,-0.139153297346777,0.));
#12105=DIRECTION('',(0.103869745367211,0.994590908865223,0.));
#12106=DIRECTION('center_axis',(0.,0.,1.));
#12107=DIRECTION('ref_axis',(0.988528963905186,0.15103141236359,0.));
#12108=DIRECTION('',(-0.150013660185065,0.988683924091962,0.));
#12109=DIRECTION('center_axis',(0.,0.,-1.));
#12110=DIRECTION('ref_axis',(-0.988642078799512,-0.150289187990951,0.));
#12111=DIRECTION('',(0.330320776054921,0.943868732878929,0.));
#12112=DIRECTION('center_axis',(0.,0.,-1.));
#12113=DIRECTION('ref_axis',(-0.93370693507943,0.358038209391927,0.));
#12114=DIRECTION('',(0.692853835346335,0.721078056000787,0.));
#12115=DIRECTION('',(0.667228782752081,0.744852838799166,0.));
#12116=DIRECTION('',(0.612990676011104,0.79009014113799,0.));
#12117=DIRECTION('center_axis',(0.,0.,1.));
#12118=DIRECTION('ref_axis',(0.942631651642068,-0.333834643682387,0.));
#12119=DIRECTION('',(0.301140207619335,0.953579873610482,0.));
#12120=DIRECTION('center_axis',(0.,0.,1.));
#12121=DIRECTION('ref_axis',(0.999998422647506,0.00177614822013179,0.));
#12122=DIRECTION('',(-0.0329899382548697,0.999455683846933,0.));
#12123=DIRECTION('center_axis',(0.,0.,1.));
#12124=DIRECTION('ref_axis',(0.898659490074122,0.438646920540563,0.));
#12125=DIRECTION('',(-0.466241355763662,0.884657559836382,0.));
#12126=DIRECTION('center_axis',(0.,0.,1.));
#12127=DIRECTION('ref_axis',(0.429295045134118,0.903164306327091,0.));
#12128=DIRECTION('',(-0.917389363774973,0.397990898429287,0.));
#12129=DIRECTION('center_axis',(0.,0.,1.));
#12130=DIRECTION('ref_axis',(0.162088456003474,0.986776232197761,0.));
#12131=DIRECTION('',(-0.986611282614594,0.163089475496079,0.));
#12132=DIRECTION('center_axis',(0.,0.,-1.));
#12133=DIRECTION('ref_axis',(-0.162771320720896,-0.986663821750233,0.));
#12134=DIRECTION('',(-0.820805280182731,0.571208098703221,0.));
#12135=DIRECTION('center_axis',(0.,0.,-1.));
#12136=DIRECTION('ref_axis',(-0.595395962524908,-0.803432416453953,0.));
#12137=DIRECTION('center_axis',(0.,0.,1.));
#12138=DIRECTION('ref_axis',(0.988528963905186,0.15103141236359,0.));
#12139=DIRECTION('',(0.,0.,1.));
#12140=DIRECTION('center_axis',(0.,0.,1.));
#12141=DIRECTION('ref_axis',(0.988528963905186,0.15103141236359,0.));
#12142=DIRECTION('',(0.,0.,-1.));
#12143=DIRECTION('center_axis',(0.994590908865223,-0.103869745367211,0.));
#12144=DIRECTION('ref_axis',(0.103869745367211,0.994590908865223,0.));
#12145=DIRECTION('',(0.,0.,1.));
#12146=DIRECTION('',(0.103869745367211,0.994590908865223,0.));
#12147=DIRECTION('center_axis',(0.,0.,1.));
#12148=DIRECTION('ref_axis',(0.990270851755983,-0.139153297346777,0.));
#12149=DIRECTION('',(0.,0.,1.));
#12150=DIRECTION('center_axis',(0.,0.,1.));
#12151=DIRECTION('ref_axis',(0.990270851755983,-0.139153297346777,0.));
#12152=DIRECTION('center_axis',(0.82633225246628,-0.563182926351647,0.));
#12153=DIRECTION('ref_axis',(0.563182926351647,0.82633225246628,0.));
#12154=DIRECTION('',(0.,0.,1.));
#12155=DIRECTION('',(0.563182926351647,0.82633225246628,0.));
#12156=DIRECTION('center_axis',(0.,0.,1.));
#12157=DIRECTION('ref_axis',(0.807128531746292,-0.590375755973324,0.));
#12158=DIRECTION('',(0.,0.,1.));
#12159=DIRECTION('center_axis',(0.,0.,1.));
#12160=DIRECTION('ref_axis',(0.807128531746292,-0.590375755973324,0.));
#12161=DIRECTION('center_axis',(0.600361147364705,-0.799729012062796,0.));
#12162=DIRECTION('ref_axis',(0.799729012062796,0.600361147364705,0.));
#12163=DIRECTION('',(0.,0.,1.));
#12164=DIRECTION('',(0.799729012062796,0.600361147364705,0.));
#12165=DIRECTION('center_axis',(0.,0.,1.));
#12166=DIRECTION('ref_axis',(0.575312744932296,-0.817933521454199,0.));
#12167=DIRECTION('',(0.,0.,1.));
#12168=DIRECTION('center_axis',(0.,0.,1.));
#12169=DIRECTION('ref_axis',(0.575312744932296,-0.817933521454199,0.));
#12170=DIRECTION('center_axis',(0.249686258143916,-0.968326790135484,0.));
#12171=DIRECTION('ref_axis',(0.968326790135484,0.249686258143916,0.));
#12172=DIRECTION('',(0.,0.,1.));
#12173=DIRECTION('',(0.968326790135484,0.249686258143916,0.));
#12174=DIRECTION('center_axis',(0.,0.,1.));
#12175=DIRECTION('ref_axis',(0.218788258349739,-0.975772359727559,0.));
#12176=DIRECTION('',(0.,0.,1.));
#12177=DIRECTION('center_axis',(0.,0.,1.));
#12178=DIRECTION('ref_axis',(0.218788258349739,-0.975772359727559,0.));
#12179=DIRECTION('center_axis',(-0.0924257191057406,-0.995719582235775,
0.));
#12180=DIRECTION('ref_axis',(0.995719582235775,-0.0924257191057406,0.));
#12181=DIRECTION('',(0.,0.,1.));
#12182=DIRECTION('',(0.995719582235775,-0.0924257191057406,0.));
#12183=DIRECTION('center_axis',(0.,0.,1.));
#12184=DIRECTION('ref_axis',(-0.126870448460884,-0.991919295763185,0.));
#12185=DIRECTION('',(0.,0.,1.));
#12186=DIRECTION('center_axis',(0.,0.,1.));
#12187=DIRECTION('ref_axis',(-0.126870448460884,-0.991919295763185,0.));
#12188=DIRECTION('center_axis',(-0.37040597875862,-0.92886996447289,0.));
#12189=DIRECTION('ref_axis',(0.92886996447289,-0.37040597875862,0.));
#12190=DIRECTION('',(0.,0.,1.));
#12191=DIRECTION('',(0.92886996447289,-0.37040597875862,0.));
#12192=DIRECTION('center_axis',(-0.435838137731996,-0.900025065038916,0.));
#12193=DIRECTION('ref_axis',(0.900025065038916,-0.435838137731996,0.));
#12194=DIRECTION('',(0.,0.,1.));
#12195=DIRECTION('',(0.900025065038916,-0.435838137731996,0.));
#12196=DIRECTION('center_axis',(-0.467442944386491,-0.884023242761913,0.));
#12197=DIRECTION('ref_axis',(0.884023242761913,-0.467442944386491,0.));
#12198=DIRECTION('',(0.,0.,1.));
#12199=DIRECTION('',(0.884023242761913,-0.467442944386491,0.));
#12200=DIRECTION('center_axis',(0.,0.,1.));
#12201=DIRECTION('ref_axis',(-0.119347820145625,0.992852505574966,0.));
#12202=DIRECTION('',(0.,0.,1.));
#12203=DIRECTION('center_axis',(0.,0.,-1.));
#12204=DIRECTION('ref_axis',(-0.119347820145625,0.992852505574966,0.));
#12205=DIRECTION('center_axis',(0.149918189461159,-0.988698405211968,0.));
#12206=DIRECTION('ref_axis',(0.988698405211968,0.149918189461159,0.));
#12207=DIRECTION('',(0.,0.,1.));
#12208=DIRECTION('',(0.988698405211968,0.149918189461159,0.));
#12209=DIRECTION('center_axis',(0.,0.,1.));
#12210=DIRECTION('ref_axis',(-0.467534349258738,0.883974904770044,0.));
#12211=DIRECTION('',(0.,0.,1.));
#12212=DIRECTION('center_axis',(0.,0.,-1.));
#12213=DIRECTION('ref_axis',(-0.467534349258738,0.883974904770044,0.));
#12214=DIRECTION('center_axis',(0.467440574540016,-0.884024495856139,0.));
#12215=DIRECTION('ref_axis',(0.884024495856139,0.467440574540016,0.));
#12216=DIRECTION('',(0.,0.,1.));
#12217=DIRECTION('',(0.884024495856139,0.467440574540016,0.));
#12218=DIRECTION('center_axis',(0.,0.,1.));
#12219=DIRECTION('ref_axis',(0.468366010529861,-0.88353453819324,0.));
#12220=DIRECTION('',(0.,0.,1.));
#12221=DIRECTION('center_axis',(0.,0.,1.));
#12222=DIRECTION('ref_axis',(0.468366010529861,-0.88353453819324,0.));
#12223=DIRECTION('center_axis',(0.233406356994509,-0.972379284289084,0.));
#12224=DIRECTION('ref_axis',(0.972379284289084,0.233406356994509,0.));
#12225=DIRECTION('',(0.,0.,1.));
#12226=DIRECTION('',(0.972379284289084,0.233406356994509,0.));
#12227=DIRECTION('center_axis',(0.,0.,1.));
#12228=DIRECTION('ref_axis',(0.199300044316864,-0.979938514568795,0.));
#12229=DIRECTION('',(0.,0.,1.));
#12230=DIRECTION('center_axis',(0.,0.,1.));
#12231=DIRECTION('ref_axis',(0.199300044316864,-0.979938514568795,0.));
#12232=DIRECTION('center_axis',(-0.313471745467159,-0.949597527794682,0.));
#12233=DIRECTION('ref_axis',(0.949597527794682,-0.313471745467159,0.));
#12234=DIRECTION('',(0.,0.,1.));
#12235=DIRECTION('',(0.949597527794682,-0.313471745467159,0.));
#12236=DIRECTION('center_axis',(0.,0.,1.));
#12237=DIRECTION('ref_axis',(-0.344009606042125,-0.938966128755847,0.));
#12238=DIRECTION('',(0.,0.,1.));
#12239=DIRECTION('center_axis',(0.,0.,1.));
#12240=DIRECTION('ref_axis',(-0.344009606042125,-0.938966128755847,0.));
#12241=DIRECTION('center_axis',(-0.650853061020789,-0.759203722962335,0.));
#12242=DIRECTION('ref_axis',(0.759203722962335,-0.650853061020789,0.));
#12243=DIRECTION('',(0.,0.,1.));
#12244=DIRECTION('',(0.759203722962335,-0.650853061020789,0.));
#12245=DIRECTION('center_axis',(0.,0.,1.));
#12246=DIRECTION('ref_axis',(-0.673814419299708,-0.738900621426046,0.));
#12247=DIRECTION('',(0.,0.,1.));
#12248=DIRECTION('center_axis',(0.,0.,1.));
#12249=DIRECTION('ref_axis',(-0.673814419299708,-0.738900621426046,0.));
#12250=DIRECTION('center_axis',(-0.862660899224319,-0.505782732949128,0.));
#12251=DIRECTION('ref_axis',(0.505782732949128,-0.862660899224319,0.));
#12252=DIRECTION('',(0.,0.,1.));
#12253=DIRECTION('',(0.505782732949128,-0.862660899224319,0.));
#12254=DIRECTION('center_axis',(0.,0.,1.));
#12255=DIRECTION('ref_axis',(-0.878638474193181,-0.477487624622333,0.));
#12256=DIRECTION('',(0.,0.,1.));
#12257=DIRECTION('center_axis',(0.,0.,1.));
#12258=DIRECTION('ref_axis',(-0.878638474193181,-0.477487624622333,0.));
#12259=DIRECTION('center_axis',(-0.994597707094975,-0.103804629190695,0.));
#12260=DIRECTION('ref_axis',(0.103804629190695,-0.994597707094975,0.));
#12261=DIRECTION('',(0.,0.,1.));
#12262=DIRECTION('',(0.103804629190695,-0.994597707094975,0.));
#12263=DIRECTION('center_axis',(0.,0.,1.));
#12264=DIRECTION('ref_axis',(-0.997692714970988,-0.0678914316671735,0.));
#12265=DIRECTION('',(0.,0.,1.));
#12266=DIRECTION('center_axis',(0.,0.,1.));
#12267=DIRECTION('ref_axis',(-0.997692714970988,-0.0678914316671735,0.));
#12268=DIRECTION('center_axis',(-0.98868273473737,0.150021498566824,0.));
#12269=DIRECTION('ref_axis',(-0.150021498566824,-0.98868273473737,0.));
#12270=DIRECTION('',(0.,0.,1.));
#12271=DIRECTION('',(-0.150021498566824,-0.98868273473737,0.));
#12272=DIRECTION('center_axis',(0.,0.,1.));
#12273=DIRECTION('ref_axis',(0.82949280288296,0.558517403457914,0.));
#12274=DIRECTION('',(0.,0.,1.));
#12275=DIRECTION('center_axis',(0.,0.,-1.));
#12276=DIRECTION('ref_axis',(0.82949280288296,0.558517403457914,0.));
#12277=DIRECTION('center_axis',(-0.812947601792181,-0.582336841304361,0.));
#12278=DIRECTION('ref_axis',(0.582336841304361,-0.812947601792181,0.));
#12279=DIRECTION('',(0.,0.,1.));
#12280=DIRECTION('',(0.582336841304361,-0.812947601792181,0.));
#12281=DIRECTION('center_axis',(-0.778171741184351,-0.628051543443781,0.));
#12282=DIRECTION('ref_axis',(0.628051543443781,-0.778171741184351,0.));
#12283=DIRECTION('',(0.,0.,1.));
#12284=DIRECTION('',(0.628051543443781,-0.778171741184351,0.));
#12285=DIRECTION('center_axis',(-0.740693017431627,-0.671843623120761,0.));
#12286=DIRECTION('ref_axis',(0.671843623120761,-0.740693017431627,0.));
#12287=DIRECTION('',(0.,0.,1.));
#12288=DIRECTION('',(0.671843623120761,-0.740693017431627,0.));
#12289=DIRECTION('center_axis',(-0.721080355837846,-0.692851441814741,0.));
#12290=DIRECTION('ref_axis',(0.692851441814741,-0.721080355837846,0.));
#12291=DIRECTION('',(0.,0.,1.));
#12292=DIRECTION('',(0.692851441814741,-0.721080355837846,0.));
#12293=DIRECTION('center_axis',(0.,0.,1.));
#12294=DIRECTION('ref_axis',(-0.720349088092026,-0.693611700654615,0.));
#12295=DIRECTION('',(0.,0.,1.));
#12296=DIRECTION('center_axis',(0.,0.,1.));
#12297=DIRECTION('ref_axis',(-0.720349088092026,-0.693611700654615,0.));
#12298=DIRECTION('center_axis',(-0.869009322735137,-0.49479571238989,0.));
#12299=DIRECTION('ref_axis',(0.49479571238989,-0.869009322735137,0.));
#12300=DIRECTION('',(0.,0.,1.));
#12301=DIRECTION('',(0.49479571238989,-0.869009322735137,0.));
#12302=DIRECTION('center_axis',(0.,0.,1.));
#12303=DIRECTION('ref_axis',(-0.885723302743479,-0.464213561819539,0.));
#12304=DIRECTION('',(0.,0.,1.));
#12305=DIRECTION('center_axis',(0.,0.,1.));
#12306=DIRECTION('ref_axis',(-0.885723302743479,-0.464213561819539,0.));
#12307=DIRECTION('center_axis',(-0.995148918563796,0.0983800278578324,0.));
#12308=DIRECTION('ref_axis',(-0.0983800278578323,-0.995148918563796,0.));
#12309=DIRECTION('',(0.,0.,1.));
#12310=DIRECTION('',(-0.0983800278578323,-0.995148918563796,0.));
#12311=DIRECTION('center_axis',(0.,0.,1.));
#12312=DIRECTION('ref_axis',(-0.99150115576732,0.130097878968372,0.));
#12313=DIRECTION('',(0.,0.,1.));
#12314=DIRECTION('center_axis',(0.,0.,1.));
#12315=DIRECTION('ref_axis',(-0.99150115576732,0.130097878968372,0.));
#12316=DIRECTION('center_axis',(-0.852629891784371,0.522515327656302,0.));
#12317=DIRECTION('ref_axis',(-0.522515327656302,-0.852629891784371,0.));
#12318=DIRECTION('',(0.,0.,1.));
#12319=DIRECTION('',(-0.522515327656302,-0.852629891784371,0.));
#12320=DIRECTION('center_axis',(0.,0.,1.));
#12321=DIRECTION('ref_axis',(-0.836082235084036,0.548604134305313,0.));
#12322=DIRECTION('',(0.,0.,1.));
#12323=DIRECTION('center_axis',(0.,0.,1.));
#12324=DIRECTION('ref_axis',(-0.836082235084036,0.548604134305313,0.));
#12325=DIRECTION('center_axis',(-0.634952036862416,0.772551558722309,0.));
#12326=DIRECTION('ref_axis',(-0.772551558722309,-0.634952036862416,0.));
#12327=DIRECTION('',(0.,0.,1.));
#12328=DIRECTION('',(-0.772551558722309,-0.634952036862416,0.));
#12329=DIRECTION('center_axis',(0.,0.,1.));
#12330=DIRECTION('ref_axis',(-0.608737803765354,0.793371468019196,0.));
#12331=DIRECTION('',(0.,0.,1.));
#12332=DIRECTION('center_axis',(0.,0.,1.));
#12333=DIRECTION('ref_axis',(-0.608737803765354,0.793371468019196,0.));
#12334=DIRECTION('center_axis',(-0.332408962977076,0.943135346242789,0.));
#12335=DIRECTION('ref_axis',(-0.943135346242789,-0.332408962977076,0.));
#12336=DIRECTION('',(0.,0.,1.));
#12337=DIRECTION('',(-0.943135346242789,-0.332408962977076,0.));
#12338=DIRECTION('center_axis',(-0.265268376968965,0.964174614984367,0.));
#12339=DIRECTION('ref_axis',(-0.964174614984366,-0.265268376968965,0.));
#12340=DIRECTION('',(0.,0.,1.));
#12341=DIRECTION('',(-0.964174614984366,-0.265268376968965,0.));
#12342=DIRECTION('center_axis',(-0.197200342993754,0.980363210612856,0.));
#12343=DIRECTION('ref_axis',(-0.980363210612855,-0.197200342993754,0.));
#12344=DIRECTION('',(0.,0.,1.));
#12345=DIRECTION('',(-0.980363210612855,-0.197200342993754,0.));
#12346=DIRECTION('center_axis',(-0.163089083490349,0.986611347414106,0.));
#12347=DIRECTION('ref_axis',(-0.986611347414106,-0.163089083490349,0.));
#12348=DIRECTION('',(0.,0.,1.));
#12349=DIRECTION('',(-0.986611347414106,-0.163089083490349,0.));
#12350=DIRECTION('center_axis',(0.,0.,1.));
#12351=DIRECTION('ref_axis',(0.545874740336518,-0.837866796013865,0.));
#12352=DIRECTION('',(0.,0.,1.));
#12353=DIRECTION('center_axis',(0.,0.,-1.));
#12354=DIRECTION('ref_axis',(0.545874740336518,-0.837866796013865,0.));
#12355=DIRECTION('center_axis',(-0.571209733253624,0.820804142677365,0.));
#12356=DIRECTION('ref_axis',(-0.820804142677365,-0.571209733253624,0.));
#12357=DIRECTION('',(0.,0.,1.));
#12358=DIRECTION('',(-0.820804142677365,-0.571209733253624,0.));
#12359=DIRECTION('center_axis',(0.,0.,1.));
#12360=DIRECTION('ref_axis',(0.837173778491556,-0.546936984127212,0.));
#12361=DIRECTION('',(0.,0.,1.));
#12362=DIRECTION('center_axis',(0.,0.,-1.));
#12363=DIRECTION('ref_axis',(0.837173778491556,-0.546936984127212,0.));
#12364=DIRECTION('center_axis',(-0.853963660582855,0.52033264975776,0.));
#12365=DIRECTION('ref_axis',(-0.52033264975776,-0.853963660582855,0.));
#12366=DIRECTION('',(0.,0.,1.));
#12367=DIRECTION('',(-0.52033264975776,-0.853963660582855,0.));
#12368=DIRECTION('center_axis',(-0.883859963126673,0.467751606712063,0.));
#12369=DIRECTION('ref_axis',(-0.467751606712063,-0.883859963126673,0.));
#12370=DIRECTION('',(0.,0.,1.));
#12371=DIRECTION('',(-0.467751606712063,-0.883859963126673,0.));
#12372=DIRECTION('center_axis',(-0.937472486693408,0.348059386732893,0.));
#12373=DIRECTION('ref_axis',(-0.348059386732893,-0.937472486693408,0.));
#12374=DIRECTION('',(0.,0.,1.));
#12375=DIRECTION('',(-0.348059386732893,-0.937472486693408,0.));
#12376=DIRECTION('center_axis',(-0.94149856765322,0.337016983410236,0.));
#12377=DIRECTION('ref_axis',(-0.337016983410236,-0.94149856765322,0.));
#12378=DIRECTION('',(0.,0.,1.));
#12379=DIRECTION('',(-0.337016983410236,-0.94149856765322,0.));
#12380=DIRECTION('center_axis',(-1.,-1.69877283923866E-8,0.));
#12381=DIRECTION('ref_axis',(1.69877283923866E-8,-1.,0.));
#12382=DIRECTION('',(0.,0.,1.));
#12383=DIRECTION('',(1.69877283923866E-8,-1.,0.));
#12384=DIRECTION('center_axis',(0.,0.,1.));
#12385=DIRECTION('ref_axis',(0.722738738252142,0.691121346964266,0.));
#12386=DIRECTION('',(0.,0.,1.));
#12387=DIRECTION('center_axis',(0.,0.,-1.));
#12388=DIRECTION('ref_axis',(0.722738738252142,0.691121346964266,0.));
#12389=DIRECTION('center_axis',(-0.704819432599993,-0.709386754478419,0.));
#12390=DIRECTION('ref_axis',(0.709386754478419,-0.704819432599993,0.));
#12391=DIRECTION('',(0.,0.,1.));
#12392=DIRECTION('',(0.709386754478419,-0.704819432599993,0.));
#12393=DIRECTION('center_axis',(0.,0.,1.));
#12394=DIRECTION('ref_axis',(0.406490493542788,0.913655010744942,0.));
#12395=DIRECTION('',(0.,0.,1.));
#12396=DIRECTION('center_axis',(0.,0.,-1.));
#12397=DIRECTION('ref_axis',(0.406490493542788,0.913655010744942,0.));
#12398=DIRECTION('center_axis',(-0.429871760066463,-0.902889954478042,0.));
#12399=DIRECTION('ref_axis',(0.902889954478042,-0.429871760066463,0.));
#12400=DIRECTION('',(0.,0.,1.));
#12401=DIRECTION('',(0.902889954478042,-0.429871760066463,0.));
#12402=DIRECTION('center_axis',(0.,0.,1.));
#12403=DIRECTION('ref_axis',(-0.447844240883667,-0.894111590299182,0.));
#12404=DIRECTION('',(0.,0.,1.));
#12405=DIRECTION('center_axis',(0.,0.,1.));
#12406=DIRECTION('ref_axis',(-0.447844240883667,-0.894111590299182,0.));
#12407=DIRECTION('center_axis',(-0.65614366005954,-0.754636003225179,0.));
#12408=DIRECTION('ref_axis',(0.754636003225178,-0.656143660059539,0.));
#12409=DIRECTION('',(0.,0.,1.));
#12410=DIRECTION('',(0.754636003225178,-0.656143660059539,0.));
#12411=DIRECTION('center_axis',(0.,0.,1.));
#12412=DIRECTION('ref_axis',(-0.673029864367563,-0.739615306540758,0.));
#12413=DIRECTION('',(0.,0.,1.));
#12414=DIRECTION('center_axis',(0.,0.,1.));
#12415=DIRECTION('ref_axis',(-0.673029864367563,-0.739615306540758,0.));
#12416=DIRECTION('center_axis',(-0.828674467877508,-0.559730851649191,0.));
#12417=DIRECTION('ref_axis',(0.559730851649191,-0.828674467877508,0.));
#12418=DIRECTION('',(0.,0.,1.));
#12419=DIRECTION('',(0.559730851649191,-0.828674467877508,0.));
#12420=DIRECTION('center_axis',(0.,0.,1.));
#12421=DIRECTION('ref_axis',(-0.840486114886607,-0.541833083783942,0.));
#12422=DIRECTION('',(0.,0.,1.));
#12423=DIRECTION('center_axis',(0.,0.,1.));
#12424=DIRECTION('ref_axis',(-0.840486114886607,-0.541833083783942,0.));
#12425=DIRECTION('center_axis',(-0.920096763962568,-0.391691134627285,0.));
#12426=DIRECTION('ref_axis',(0.391691134627285,-0.920096763962568,0.));
#12427=DIRECTION('',(0.,0.,1.));
#12428=DIRECTION('',(0.391691134627285,-0.920096763962568,0.));
#12429=DIRECTION('center_axis',(0.,0.,1.));
#12430=DIRECTION('ref_axis',(-0.927382587065432,-0.374114337078688,0.));
#12431=DIRECTION('',(0.,0.,1.));
#12432=DIRECTION('center_axis',(0.,0.,1.));
#12433=DIRECTION('ref_axis',(-0.927382587065432,-0.374114337078688,0.));
#12434=DIRECTION('center_axis',(-0.971417849023928,-0.237375994147943,0.));
#12435=DIRECTION('ref_axis',(0.237375994147943,-0.971417849023928,0.));
#12436=DIRECTION('',(0.,0.,1.));
#12437=DIRECTION('',(0.237375994147943,-0.971417849023928,0.));
#12438=DIRECTION('center_axis',(0.,0.,1.));
#12439=DIRECTION('ref_axis',(-0.974876080428878,-0.222747901915209,0.));
#12440=DIRECTION('',(0.,0.,1.));
#12441=DIRECTION('center_axis',(0.,0.,1.));
#12442=DIRECTION('ref_axis',(-0.974876080428878,-0.222747901915209,0.));
#12443=DIRECTION('center_axis',(-0.993261278972253,-0.115896642291325,0.));
#12444=DIRECTION('ref_axis',(0.115896642291325,-0.993261278972253,0.));
#12445=DIRECTION('',(0.,0.,1.));
#12446=DIRECTION('',(0.115896642291325,-0.993261278972253,0.));
#12447=DIRECTION('center_axis',(-0.997735382166911,-0.0672614835715595,
0.));
#12448=DIRECTION('ref_axis',(0.0672614835715595,-0.997735382166911,0.));
#12449=DIRECTION('',(0.,0.,1.));
#12450=DIRECTION('',(0.0672614835715595,-0.997735382166911,0.));
#12451=DIRECTION('center_axis',(-0.999763881527324,-0.021729730633815,0.));
#12452=DIRECTION('ref_axis',(0.0217297306338149,-0.999763881527324,0.));
#12453=DIRECTION('',(0.,0.,1.));
#12454=DIRECTION('',(0.0217297306338149,-0.999763881527324,0.));
#12455=DIRECTION('center_axis',(-1.,1.16760128718449E-9,0.));
#12456=DIRECTION('ref_axis',(-1.16760128718449E-9,-1.,0.));
#12457=DIRECTION('',(0.,0.,1.));
#12458=DIRECTION('',(-1.16760128718449E-9,-1.,0.));
#12459=DIRECTION('center_axis',(0.,0.,1.));
#12460=DIRECTION('ref_axis',(-0.999999573874249,0.000923174588237021,0.));
#12461=DIRECTION('',(0.,0.,1.));
#12462=DIRECTION('center_axis',(0.,0.,1.));
#12463=DIRECTION('ref_axis',(-0.999999573874249,0.000923174588237021,0.));
#12464=DIRECTION('center_axis',(-0.959802512141285,0.280676215036611,0.));
#12465=DIRECTION('ref_axis',(-0.280676215036611,-0.959802512141285,0.));
#12466=DIRECTION('',(0.,0.,1.));
#12467=DIRECTION('',(-0.280676215036611,-0.959802512141285,0.));
#12468=DIRECTION('center_axis',(0.,0.,1.));
#12469=DIRECTION('ref_axis',(-0.951042533151738,0.309060026752612,0.));
#12470=DIRECTION('',(0.,0.,1.));
#12471=DIRECTION('center_axis',(0.,0.,1.));
#12472=DIRECTION('ref_axis',(-0.951042533151738,0.309060026752612,0.));
#12473=DIRECTION('center_axis',(-0.872121827240379,0.489288788396895,0.));
#12474=DIRECTION('ref_axis',(-0.489288788396895,-0.872121827240379,0.));
#12475=DIRECTION('',(0.,0.,1.));
#12476=DIRECTION('',(-0.489288788396895,-0.872121827240379,0.));
#12477=DIRECTION('center_axis',(0.,0.,1.));
#12478=DIRECTION('ref_axis',(-0.8588406382376,0.512242870239921,0.));
#12479=DIRECTION('',(0.,0.,1.));
#12480=DIRECTION('center_axis',(0.,0.,1.));
#12481=DIRECTION('ref_axis',(-0.8588406382376,0.512242870239921,0.));
#12482=DIRECTION('center_axis',(-0.757287661165551,0.653081463713685,0.));
#12483=DIRECTION('ref_axis',(-0.653081463713685,-0.757287661165551,0.));
#12484=DIRECTION('',(0.,0.,1.));
#12485=DIRECTION('',(-0.653081463713685,-0.757287661165551,0.));
#12486=DIRECTION('center_axis',(0.,0.,1.));
#12487=DIRECTION('ref_axis',(-0.74174045533834,0.670687033507039,0.));
#12488=DIRECTION('',(0.,0.,1.));
#12489=DIRECTION('center_axis',(0.,0.,1.));
#12490=DIRECTION('ref_axis',(-0.74174045533834,0.670687033507039,0.));
#12491=DIRECTION('center_axis',(-0.628153577423747,0.77808937993636,0.));
#12492=DIRECTION('ref_axis',(-0.77808937993636,-0.628153577423747,0.));
#12493=DIRECTION('',(0.,0.,1.));
#12494=DIRECTION('',(-0.77808937993636,-0.628153577423747,0.));
#12495=DIRECTION('center_axis',(0.,0.,1.));
#12496=DIRECTION('ref_axis',(-0.611103867686369,0.791550417155319,0.));
#12497=DIRECTION('',(0.,0.,1.));
#12498=DIRECTION('center_axis',(0.,0.,1.));
#12499=DIRECTION('ref_axis',(-0.611103867686369,0.791550417155319,0.));
#12500=DIRECTION('center_axis',(-0.414406728620075,0.910091788378737,0.));
#12501=DIRECTION('ref_axis',(-0.910091788378737,-0.414406728620075,0.));
#12502=DIRECTION('',(0.,0.,1.));
#12503=DIRECTION('',(-0.910091788378737,-0.414406728620075,0.));
#12504=DIRECTION('center_axis',(0.,0.,1.));
#12505=DIRECTION('ref_axis',(-0.396573330591902,0.918003046543554,0.));
#12506=DIRECTION('',(0.,0.,1.));
#12507=DIRECTION('center_axis',(0.,0.,1.));
#12508=DIRECTION('ref_axis',(-0.396573330591902,0.918003046543554,0.));
#12509=DIRECTION('center_axis',(-0.211425174307881,0.97739418643088,0.));
#12510=DIRECTION('ref_axis',(-0.97739418643088,-0.21142517430788,0.));
#12511=DIRECTION('',(0.,0.,1.));
#12512=DIRECTION('',(-0.97739418643088,-0.211425174307881,0.));
#12513=DIRECTION('center_axis',(0.,0.,1.));
#12514=DIRECTION('ref_axis',(-0.190752035932732,0.98163825352699,0.));
#12515=DIRECTION('',(0.,0.,1.));
#12516=DIRECTION('center_axis',(0.,0.,1.));
#12517=DIRECTION('ref_axis',(-0.190752035932732,0.98163825352699,0.));
#12518=DIRECTION('center_axis',(-0.0250139608630536,0.999687101928369,0.));
#12519=DIRECTION('ref_axis',(-0.999687101928369,-0.0250139608630536,0.));
#12520=DIRECTION('',(-0.999687101928369,-0.0250139608630536,0.));
#12521=DIRECTION('center_axis',(0.,0.,1.));
#12522=DIRECTION('ref_axis',(0.00079004248105031,0.99999968791639,0.));
#12523=DIRECTION('',(0.,0.,1.));
#12524=DIRECTION('center_axis',(0.,0.,1.));
#12525=DIRECTION('ref_axis',(0.00079004248105031,0.99999968791639,0.));
#12526=DIRECTION('center_axis',(0.167057799571954,0.985947103856072,0.));
#12527=DIRECTION('ref_axis',(-0.985947103856072,0.167057799571954,0.));
#12528=DIRECTION('',(0.,0.,1.));
#12529=DIRECTION('',(-0.985947103856072,0.167057799571954,0.));
#12530=DIRECTION('center_axis',(0.,0.,1.));
#12531=DIRECTION('ref_axis',(0.190064301455505,0.981771644178131,0.));
#12532=DIRECTION('',(0.,0.,1.));
#12533=DIRECTION('center_axis',(0.,0.,1.));
#12534=DIRECTION('ref_axis',(0.190064301455505,0.981771644178131,0.));
#12535=DIRECTION('center_axis',(0.376021903445189,0.926610774883099,0.));
#12536=DIRECTION('ref_axis',(-0.926610774883099,0.376021903445189,0.));
#12537=DIRECTION('',(0.,0.,1.));
#12538=DIRECTION('',(-0.926610774883099,0.376021903445189,0.));
#12539=DIRECTION('center_axis',(0.,0.,1.));
#12540=DIRECTION('ref_axis',(0.394613155863504,0.918847352512617,0.));
#12541=DIRECTION('',(0.,0.,1.));
#12542=DIRECTION('center_axis',(0.,0.,1.));
#12543=DIRECTION('ref_axis',(0.394613155863504,0.918847352512617,0.));
#12544=DIRECTION('center_axis',(0.628126295001775,0.778111404316466,0.));
#12545=DIRECTION('ref_axis',(-0.778111404316466,0.628126295001775,0.));
#12546=DIRECTION('',(0.,0.,1.));
#12547=DIRECTION('',(-0.778111404316466,0.628126295001775,0.));
#12548=DIRECTION('center_axis',(0.,0.,1.));
#12549=DIRECTION('ref_axis',(0.643956811719492,0.765061843670214,0.));
#12550=DIRECTION('',(0.,0.,1.));
#12551=DIRECTION('center_axis',(0.,0.,1.));
#12552=DIRECTION('ref_axis',(0.643956811719492,0.765061843670214,0.));
#12553=DIRECTION('center_axis',(0.757214010107547,0.653166856857303,0.));
#12554=DIRECTION('ref_axis',(-0.653166856857303,0.757214010107547,0.));
#12555=DIRECTION('',(0.,0.,1.));
#12556=DIRECTION('',(-0.653166856857303,0.757214010107547,0.));
#12557=DIRECTION('center_axis',(0.,0.,1.));
#12558=DIRECTION('ref_axis',(0.771437990453143,0.636304507987816,0.));
#12559=DIRECTION('',(0.,0.,1.));
#12560=DIRECTION('center_axis',(0.,0.,1.));
#12561=DIRECTION('ref_axis',(0.771437990453143,0.636304507987816,0.));
#12562=DIRECTION('center_axis',(0.87202473828282,0.489461802210121,0.));
#12563=DIRECTION('ref_axis',(-0.489461802210121,0.87202473828282,0.));
#12564=DIRECTION('',(0.,0.,1.));
#12565=DIRECTION('',(-0.489461802210121,0.87202473828282,0.));
#12566=DIRECTION('center_axis',(0.,0.,1.));
#12567=DIRECTION('ref_axis',(0.883902914415073,0.467670437261691,0.));
#12568=DIRECTION('',(0.,0.,1.));
#12569=DIRECTION('center_axis',(0.,0.,1.));
#12570=DIRECTION('ref_axis',(0.883902914415073,0.467670437261691,0.));
#12571=DIRECTION('center_axis',(0.95975291950003,0.280845746827628,0.));
#12572=DIRECTION('ref_axis',(-0.280845746827628,0.95975291950003,0.));
#12573=DIRECTION('',(0.,0.,1.));
#12574=DIRECTION('',(-0.280845746827628,0.95975291950003,0.));
#12575=DIRECTION('center_axis',(0.,0.,1.));
#12576=DIRECTION('ref_axis',(0.967109996231947,0.254358517034996,0.));
#12577=DIRECTION('',(0.,0.,1.));
#12578=DIRECTION('center_axis',(0.,0.,1.));
#12579=DIRECTION('ref_axis',(0.967109996231947,0.254358517034996,0.));
#12580=DIRECTION('center_axis',(1.,-4.34725202598895E-14,0.));
#12581=DIRECTION('ref_axis',(4.34725202598895E-14,1.,0.));
#12582=DIRECTION('',(0.,0.,1.));
#12583=DIRECTION('',(4.34725202598895E-14,1.,0.));
#12584=DIRECTION('center_axis',(0.999763572451719,-0.0217439462512314,0.));
#12585=DIRECTION('ref_axis',(0.0217439462512314,0.999763572451719,0.));
#12586=DIRECTION('',(0.,0.,1.));
#12587=DIRECTION('',(0.0217439462512314,0.999763572451719,0.));
#12588=DIRECTION('center_axis',(0.997732845653719,-0.0672990988329896,0.));
#12589=DIRECTION('ref_axis',(0.0672990988329896,0.997732845653719,0.));
#12590=DIRECTION('',(0.,0.,1.));
#12591=DIRECTION('',(0.0672990988329896,0.997732845653719,0.));
#12592=DIRECTION('center_axis',(0.993254010339059,-0.115958919214417,0.));
#12593=DIRECTION('ref_axis',(0.115958919214417,0.993254010339059,0.));
#12594=DIRECTION('',(0.,0.,1.));
#12595=DIRECTION('',(0.115958919214417,0.993254010339059,0.));
#12596=DIRECTION('center_axis',(0.98580695846753,-0.167882818170885,0.));
#12597=DIRECTION('ref_axis',(0.167882818170885,0.98580695846753,0.));
#12598=DIRECTION('',(0.,0.,1.));
#12599=DIRECTION('',(0.167882818170885,0.98580695846753,0.));
#12600=DIRECTION('center_axis',(0.974777584425975,-0.223178540412519,0.));
#12601=DIRECTION('ref_axis',(0.223178540412519,0.974777584425974,0.));
#12602=DIRECTION('',(0.,0.,1.));
#12603=DIRECTION('',(0.223178540412519,0.974777584425974,0.));
#12604=DIRECTION('center_axis',(0.959466984578837,-0.281821052271109,0.));
#12605=DIRECTION('ref_axis',(0.281821052271108,0.959466984578836,0.));
#12606=DIRECTION('',(0.,0.,1.));
#12607=DIRECTION('',(0.281821052271108,0.959466984578836,0.));
#12608=DIRECTION('center_axis',(0.939100288241839,-0.34364319958948,0.));
#12609=DIRECTION('ref_axis',(0.34364319958948,0.939100288241839,0.));
#12610=DIRECTION('',(0.,0.,1.));
#12611=DIRECTION('',(0.34364319958948,0.939100288241839,0.));
#12612=DIRECTION('center_axis',(0.912869232656229,-0.408252083974629,0.));
#12613=DIRECTION('ref_axis',(0.408252083974629,0.912869232656229,0.));
#12614=DIRECTION('',(0.,0.,1.));
#12615=DIRECTION('',(0.408252083974629,0.912869232656229,0.));
#12616=DIRECTION('center_axis',(0.879991646643517,-0.474989159705389,0.));
#12617=DIRECTION('ref_axis',(0.474989159705389,0.879991646643517,0.));
#12618=DIRECTION('',(0.,0.,1.));
#12619=DIRECTION('',(0.474989159705389,0.879991646643517,0.));
#12620=DIRECTION('center_axis',(0.83979958606313,-0.54289654193796,0.));
#12621=DIRECTION('ref_axis',(0.54289654193796,0.83979958606313,0.));
#12622=DIRECTION('',(0.,0.,1.));
#12623=DIRECTION('',(0.54289654193796,0.83979958606313,0.));
#12624=DIRECTION('center_axis',(0.,0.,1.));
#12625=DIRECTION('ref_axis',(0.81887704237573,-0.57396897953633,0.));
#12626=DIRECTION('',(0.,0.,1.));
#12627=DIRECTION('center_axis',(0.,0.,1.));
#12628=DIRECTION('ref_axis',(0.81887704237573,-0.57396897953633,0.));
#12629=DIRECTION('center_axis',(0.603084138873198,-0.797677579877718,0.));
#12630=DIRECTION('ref_axis',(0.797677579877718,0.603084138873198,0.));
#12631=DIRECTION('',(0.,0.,1.));
#12632=DIRECTION('',(0.797677579877718,0.603084138873198,0.));
#12633=DIRECTION('center_axis',(0.528106062232268,-0.849178418845845,0.));
#12634=DIRECTION('ref_axis',(0.849178418845844,0.528106062232267,0.));
#12635=DIRECTION('',(0.,0.,1.));
#12636=DIRECTION('',(0.849178418845844,0.528106062232267,0.));
#12637=DIRECTION('center_axis',(0.449658094529123,-0.893200760201445,0.));
#12638=DIRECTION('ref_axis',(0.893200760201445,0.449658094529123,0.));
#12639=DIRECTION('',(0.,0.,1.));
#12640=DIRECTION('',(0.893200760201445,0.449658094529123,0.));
#12641=DIRECTION('center_axis',(0.,0.,1.));
#12642=DIRECTION('ref_axis',(-0.84900309991124,0.528387865437034,0.));
#12643=DIRECTION('',(0.,0.,1.));
#12644=DIRECTION('center_axis',(0.,0.,-1.));
#12645=DIRECTION('ref_axis',(-0.84900309991124,0.528387865437034,0.));
#12646=DIRECTION('center_axis',(0.863972361990186,-0.503539231557084,0.));
#12647=DIRECTION('ref_axis',(0.503539231557084,0.863972361990186,0.));
#12648=DIRECTION('',(0.,0.,1.));
#12649=DIRECTION('',(0.503539231557084,0.863972361990186,0.));
#12650=DIRECTION('center_axis',(0.,0.,1.));
#12651=DIRECTION('ref_axis',(-0.985807166019839,0.167881599420344,0.));
#12652=DIRECTION('',(0.,0.,1.));
#12653=DIRECTION('center_axis',(0.,0.,-1.));
#12654=DIRECTION('ref_axis',(-0.985807166019839,0.167881599420344,0.));
#12655=DIRECTION('center_axis',(0.989922578818908,-0.141609632244854,0.));
#12656=DIRECTION('ref_axis',(0.141609632244854,0.989922578818908,0.));
#12657=DIRECTION('',(0.,0.,1.));
#12658=DIRECTION('',(0.141609632244854,0.989922578818908,0.));
#12659=DIRECTION('center_axis',(0.,0.,1.));
#12660=DIRECTION('ref_axis',(-0.999999920078278,-0.000399804248429382,0.));
#12661=DIRECTION('',(0.,0.,1.));
#12662=DIRECTION('center_axis',(0.,0.,-1.));
#12663=DIRECTION('ref_axis',(-0.999999920078278,-0.000399804248429382,0.));
#12664=DIRECTION('center_axis',(1.,7.24376770183335E-14,0.));
#12665=DIRECTION('ref_axis',(-7.24376770183335E-14,1.,0.));
#12666=DIRECTION('',(0.,0.,1.));
#12667=DIRECTION('',(-7.24376770183335E-14,1.,0.));
#12668=DIRECTION('center_axis',(0.945024195852498,0.327000411702096,0.));
#12669=DIRECTION('ref_axis',(-0.327000411702096,0.945024195852498,0.));
#12670=DIRECTION('',(0.,0.,1.));
#12671=DIRECTION('',(-0.327000411702096,0.945024195852498,0.));
#12672=DIRECTION('center_axis',(0.,0.,1.));
#12673=DIRECTION('ref_axis',(-0.595395962524908,-0.803432416453953,0.));
#12674=DIRECTION('',(0.,0.,1.));
#12675=DIRECTION('center_axis',(0.,0.,-1.));
#12676=DIRECTION('ref_axis',(-0.595395962524908,-0.803432416453953,0.));
#12677=DIRECTION('center_axis',(0.571208098703221,0.820805280182731,0.));
#12678=DIRECTION('ref_axis',(-0.820805280182731,0.571208098703221,0.));
#12679=DIRECTION('',(0.,0.,1.));
#12680=DIRECTION('',(-0.820805280182731,0.571208098703221,0.));
#12681=DIRECTION('center_axis',(0.,0.,1.));
#12682=DIRECTION('ref_axis',(-0.162771320720896,-0.986663821750233,0.));
#12683=DIRECTION('',(0.,0.,1.));
#12684=DIRECTION('center_axis',(0.,0.,-1.));
#12685=DIRECTION('ref_axis',(-0.162771320720896,-0.986663821750233,0.));
#12686=DIRECTION('center_axis',(0.163089475496079,0.986611282614594,0.));
#12687=DIRECTION('ref_axis',(-0.986611282614594,0.163089475496079,0.));
#12688=DIRECTION('',(0.,0.,1.));
#12689=DIRECTION('',(-0.986611282614594,0.163089475496079,0.));
#12690=DIRECTION('center_axis',(0.,0.,1.));
#12691=DIRECTION('ref_axis',(0.162088456003474,0.986776232197761,0.));
#12692=DIRECTION('',(0.,0.,1.));
#12693=DIRECTION('center_axis',(0.,0.,1.));
#12694=DIRECTION('ref_axis',(0.162088456003474,0.986776232197761,0.));
#12695=DIRECTION('center_axis',(0.397990898429287,0.917389363774973,0.));
#12696=DIRECTION('ref_axis',(-0.917389363774973,0.397990898429287,0.));
#12697=DIRECTION('',(0.,0.,1.));
#12698=DIRECTION('',(-0.917389363774973,0.397990898429287,0.));
#12699=DIRECTION('center_axis',(0.,0.,1.));
#12700=DIRECTION('ref_axis',(0.429295045134118,0.903164306327091,0.));
#12701=DIRECTION('',(0.,0.,1.));
#12702=DIRECTION('center_axis',(0.,0.,1.));
#12703=DIRECTION('ref_axis',(0.429295045134118,0.903164306327091,0.));
#12704=DIRECTION('center_axis',(0.884657559836382,0.466241355763662,0.));
#12705=DIRECTION('ref_axis',(-0.466241355763662,0.884657559836382,0.));
#12706=DIRECTION('',(0.,0.,1.));
#12707=DIRECTION('',(-0.466241355763662,0.884657559836382,0.));
#12708=DIRECTION('center_axis',(0.,0.,1.));
#12709=DIRECTION('ref_axis',(0.898659490074122,0.438646920540563,0.));
#12710=DIRECTION('',(0.,0.,1.));
#12711=DIRECTION('center_axis',(0.,0.,1.));
#12712=DIRECTION('ref_axis',(0.898659490074122,0.438646920540563,0.));
#12713=DIRECTION('center_axis',(0.999455683846933,0.0329899382548697,0.));
#12714=DIRECTION('ref_axis',(-0.0329899382548697,0.999455683846933,0.));
#12715=DIRECTION('',(0.,0.,1.));
#12716=DIRECTION('',(-0.0329899382548697,0.999455683846933,0.));
#12717=DIRECTION('center_axis',(0.,0.,1.));
#12718=DIRECTION('ref_axis',(0.999998422647506,0.00177614822013179,0.));
#12719=DIRECTION('',(0.,0.,1.));
#12720=DIRECTION('center_axis',(0.,0.,1.));
#12721=DIRECTION('ref_axis',(0.999998422647506,0.00177614822013179,0.));
#12722=DIRECTION('center_axis',(0.953579873610482,-0.301140207619335,0.));
#12723=DIRECTION('ref_axis',(0.301140207619335,0.953579873610482,0.));
#12724=DIRECTION('',(0.,0.,1.));
#12725=DIRECTION('',(0.301140207619335,0.953579873610482,0.));
#12726=DIRECTION('center_axis',(0.,0.,1.));
#12727=DIRECTION('ref_axis',(0.942631651642068,-0.333834643682387,0.));
#12728=DIRECTION('',(0.,0.,1.));
#12729=DIRECTION('center_axis',(0.,0.,1.));
#12730=DIRECTION('ref_axis',(0.942631651642068,-0.333834643682387,0.));
#12731=DIRECTION('center_axis',(0.79009014113799,-0.612990676011104,0.));
#12732=DIRECTION('ref_axis',(0.612990676011104,0.79009014113799,0.));
#12733=DIRECTION('',(0.,0.,1.));
#12734=DIRECTION('',(0.612990676011104,0.79009014113799,0.));
#12735=DIRECTION('center_axis',(0.744852838799166,-0.667228782752081,0.));
#12736=DIRECTION('ref_axis',(0.667228782752081,0.744852838799166,0.));
#12737=DIRECTION('',(0.,0.,1.));
#12738=DIRECTION('',(0.667228782752081,0.744852838799166,0.));
#12739=DIRECTION('center_axis',(0.721078056000787,-0.692853835346335,0.));
#12740=DIRECTION('ref_axis',(0.692853835346335,0.721078056000787,0.));
#12741=DIRECTION('',(0.,0.,1.));
#12742=DIRECTION('',(0.692853835346335,0.721078056000787,0.));
#12743=DIRECTION('center_axis',(0.,0.,1.));
#12744=DIRECTION('ref_axis',(-0.93370693507943,0.358038209391927,0.));
#12745=DIRECTION('',(0.,0.,1.));
#12746=DIRECTION('center_axis',(0.,0.,-1.));
#12747=DIRECTION('ref_axis',(-0.93370693507943,0.358038209391927,0.));
#12748=DIRECTION('center_axis',(0.943868732878929,-0.330320776054921,0.));
#12749=DIRECTION('ref_axis',(0.330320776054921,0.943868732878929,0.));
#12750=DIRECTION('',(0.,0.,1.));
#12751=DIRECTION('',(0.330320776054921,0.943868732878929,0.));
#12752=DIRECTION('center_axis',(0.,0.,1.));
#12753=DIRECTION('ref_axis',(-0.988642078799512,-0.150289187990951,0.));
#12754=DIRECTION('',(0.,0.,1.));
#12755=DIRECTION('center_axis',(0.,0.,-1.));
#12756=DIRECTION('ref_axis',(-0.988642078799512,-0.150289187990951,0.));
#12757=DIRECTION('center_axis',(0.988683924091962,0.150013660185065,0.));
#12758=DIRECTION('ref_axis',(-0.150013660185065,0.988683924091962,0.));
#12759=DIRECTION('',(-0.150013660185065,0.988683924091962,0.));
#12760=DIRECTION('center_axis',(0.,0.,-1.));
#12761=DIRECTION('ref_axis',(1.,0.,0.));
#12762=DIRECTION('',(-1.0156910978097E-7,0.999999999999995,0.));
#12763=DIRECTION('',(0.336473869787596,0.941692802855666,0.));
#12764=DIRECTION('',(0.337016983410235,0.94149856765322,0.));
#12765=DIRECTION('',(0.348059386735592,0.937472486692406,0.));
#12766=DIRECTION('',(0.418434828199601,0.908246824684552,0.));
#12767=DIRECTION('',(0.467751606712043,0.883859963126684,0.));
#12768=DIRECTION('',(0.520332649744058,0.853963660591203,0.));
#12769=DIRECTION('center_axis',(0.,0.,1.));
#12770=DIRECTION('ref_axis',(0.591872421334843,-0.806031659963323,0.));
#12771=DIRECTION('',(0.820804142654566,0.571209733286386,0.));
#12772=DIRECTION('center_axis',(0.,0.,1.));
#12773=DIRECTION('ref_axis',(0.16286917900954,-0.986647672945494,0.));
#12774=DIRECTION('',(0.986611347393049,0.163089083617732,0.));
#12775=DIRECTION('',(0.980363210612858,0.19720034299374,0.));
#12776=DIRECTION('',(0.964174614984374,0.265268376968939,0.));
#12777=DIRECTION('',(0.943135346240667,0.332408962983095,0.));
#12778=DIRECTION('center_axis',(0.,0.,-1.));
#12779=DIRECTION('ref_axis',(-0.372656379119517,0.927969408494445,0.));
#12780=DIRECTION('',(0.772551558698289,0.634952036891642,0.));
#12781=DIRECTION('center_axis',(0.,0.,-1.));
#12782=DIRECTION('ref_axis',(-0.667735290271503,0.744398805833292,0.));
#12783=DIRECTION('',(0.522515327612761,0.852629891811054,0.));
#12784=DIRECTION('center_axis',(0.,0.,-1.));
#12785=DIRECTION('ref_axis',(-0.872994701021883,0.487729691517456,0.));
#12786=DIRECTION('',(0.0983800278337904,0.995148918566172,0.));
#12787=DIRECTION('center_axis',(0.,0.,-1.));
#12788=DIRECTION('ref_axis',(-0.998182363109994,0.0602658275986289,0.));
#12789=DIRECTION('',(-0.494795712398491,0.869009322730239,0.));
#12790=DIRECTION('center_axis',(0.,0.,-1.));
#12791=DIRECTION('ref_axis',(-0.84535676737382,-0.534202148868091,0.));
#12792=DIRECTION('',(-0.692851438011537,0.721080359492161,0.));
#12793=DIRECTION('',(-0.671843623120742,0.740693017431644,0.));
#12794=DIRECTION('',(-0.628051543443778,0.778171741184353,0.));
#12795=DIRECTION('',(-0.582336841294289,0.812947601799397,0.));
#12796=DIRECTION('center_axis',(0.,0.,1.));
#12797=DIRECTION('ref_axis',(0.988718846303003,-0.149783320050194,0.));
#12798=DIRECTION('',(0.15002149842139,0.988682734759438,0.));
#12799=DIRECTION('center_axis',(0.,0.,-1.));
#12800=DIRECTION('ref_axis',(-0.988274526264962,0.152687460964432,0.));
#12801=DIRECTION('',(-0.103804629198675,0.994597707094142,0.));
#12802=DIRECTION('center_axis',(0.,0.,-1.));
#12803=DIRECTION('ref_axis',(-0.988782085602142,-0.149365281080574,0.));
#12804=DIRECTION('',(-0.505782732858492,0.86266089927746,0.));
#12805=DIRECTION('center_axis',(0.,0.,-1.));
#12806=DIRECTION('ref_axis',(-0.839928349523304,-0.542697307591495,0.));
#12807=DIRECTION('',(-0.759203722967869,0.650853061014334,0.));
#12808=DIRECTION('center_axis',(0.,0.,-1.));
#12809=DIRECTION('ref_axis',(-0.620184243818145,-0.784456183428823,0.));
#12810=DIRECTION('',(-0.949597527721837,0.31347174568783,0.));
#12811=DIRECTION('center_axis',(0.,0.,-1.));
#12812=DIRECTION('ref_axis',(-0.276097226266971,-0.961129711146048,0.));
#12813=DIRECTION('',(-0.972379284393944,-0.23340635655766,0.));
#12814=DIRECTION('center_axis',(0.,0.,-1.));
#12815=DIRECTION('ref_axis',(0.278100686279333,-0.96055192899237,0.));
#12816=DIRECTION('',(-0.884024498348772,-0.467440569825943,0.));
#12817=DIRECTION('center_axis',(0.,0.,1.));
#12818=DIRECTION('ref_axis',(-0.175902451312284,0.984407602379385,0.));
#12819=DIRECTION('',(-0.988698405270286,-0.149918189076555,0.));
#12820=DIRECTION('center_axis',(0.,0.,1.));
#12821=DIRECTION('ref_axis',(0.467293554197242,0.884102219319525,0.));
#12822=DIRECTION('',(-0.88402324279706,0.467442944320021,0.));
#12823=DIRECTION('',(-0.900025065038917,0.435838137731995,0.));
#12824=DIRECTION('',(-0.928869964452443,0.370405978809897,0.));
#12825=DIRECTION('center_axis',(0.,0.,-1.));
#12826=DIRECTION('ref_axis',(-0.329751480623098,-0.944067773534758,0.));
#12827=DIRECTION('',(-0.995719582219465,0.0924257192814539,0.));
#12828=DIRECTION('center_axis',(0.,0.,-1.));
#12829=DIRECTION('ref_axis',(-0.0478494797650603,-0.998854557623988,0.));
#12830=DIRECTION('',(-0.968326790191597,-0.249686257926301,0.));
#12831=DIRECTION('center_axis',(0.,0.,-1.));
#12832=DIRECTION('ref_axis',(0.290313614693265,-0.956931557178323,0.));
#12833=DIRECTION('',(-0.799729012269087,-0.600361147089908,0.));
#12834=DIRECTION('center_axis',(0.,0.,-1.));
#12835=DIRECTION('ref_axis',(0.631254571630016,-0.775575699591087,0.));
#12836=DIRECTION('',(-0.563182926535945,-0.826332252340672,0.));
#12837=DIRECTION('center_axis',(0.,0.,-1.));
#12838=DIRECTION('ref_axis',(0.84855804082616,-0.529102307072337,0.));
#12839=DIRECTION('',(-0.103869745411171,-0.994590908860632,0.));
#12840=DIRECTION('center_axis',(0.,0.,-1.));
#12841=DIRECTION('ref_axis',(0.998387994761398,-0.0567574833507926,0.));
#12842=DIRECTION('',(0.150013655188551,-0.988683924850086,0.));
#12843=DIRECTION('center_axis',(0.,0.,1.));
#12844=DIRECTION('ref_axis',(-0.951710525030801,0.306996867322123,0.));
#12845=DIRECTION('',(-0.330320776178827,-0.943868732835566,0.));
#12846=DIRECTION('center_axis',(0.,0.,1.));
#12847=DIRECTION('ref_axis',(-0.720767051135809,0.693177364025247,0.));
#12848=DIRECTION('',(-0.692853834977476,-0.721078056355207,0.));
#12849=DIRECTION('',(-0.667228782752092,-0.744852838799156,0.));
#12850=DIRECTION('',(-0.612990676015024,-0.790090141134949,0.));
#12851=DIRECTION('center_axis',(0.,0.,-1.));
#12852=DIRECTION('ref_axis',(0.815579676321159,-0.578644788771034,0.));
#12853=DIRECTION('',(-0.301140207653006,-0.953579873599849,0.));
#12854=DIRECTION('center_axis',(0.,0.,-1.));
#12855=DIRECTION('ref_axis',(0.965966689705776,-0.258666492570773,0.));
#12856=DIRECTION('',(0.0329899382055305,-0.999455683848561,0.));
#12857=DIRECTION('center_axis',(0.,0.,-1.));
#12858=DIRECTION('ref_axis',(0.997212406612571,0.0746151197678143,0.));
#12859=DIRECTION('',(0.466241355758739,-0.884657559838977,0.));
#12860=DIRECTION('center_axis',(0.,0.,-1.));
#12861=DIRECTION('ref_axis',(0.86667402350783,0.498874871061621,0.));
#12862=DIRECTION('',(0.917389363783158,-0.397990898410419,0.));
#12863=DIRECTION('center_axis',(0.,0.,-1.));
#12864=DIRECTION('ref_axis',(0.356013267499288,0.934480900481374,0.));
#12865=DIRECTION('',(0.986611281809302,-0.163089480367698,0.));
#12866=DIRECTION('center_axis',(0.,0.,1.));
#12867=DIRECTION('ref_axis',(-0.549809987240721,-0.835289756869051,0.));
#12868=DIRECTION('',(0.820805280191265,-0.571208098690958,0.));
#12869=DIRECTION('center_axis',(0.,0.,1.));
#12870=DIRECTION('ref_axis',(-0.897827243615928,-0.440347863195706,0.));
#12871=DIRECTION('',(0.435635200370441,-0.900123309440549,0.));
#12872=DIRECTION('',(0.317311768276728,-0.948321275577584,0.));
#12873=DIRECTION('',(0.327000411702093,-0.945024195852499,0.));
#12874=DIRECTION('',(0.336899845202638,-0.941540489996282,0.));
#12875=DIRECTION('',(0.,-1.,0.));
#12876=DIRECTION('center_axis',(0.,0.,1.));
#12877=DIRECTION('ref_axis',(-0.991596100295118,0.129372229939482,0.));
#12878=DIRECTION('',(-0.141609632439572,-0.989922578791053,0.));
#12879=DIRECTION('center_axis',(0.,0.,1.));
#12880=DIRECTION('ref_axis',(-0.868962137539002,0.49487857452475,0.));
#12881=DIRECTION('',(-0.503539231860037,-0.863972361813619,0.));
#12882=DIRECTION('center_axis',(0.,0.,1.));
#12883=DIRECTION('ref_axis',(-0.423260009270924,0.906008258545129,0.));
#12884=DIRECTION('',(-0.893200760206623,-0.449658094518836,0.));
#12885=DIRECTION('',(-0.849178418845881,-0.528106062232209,0.));
#12886=DIRECTION('',(-0.797677579893231,-0.60308413885268,0.));
#12887=DIRECTION('center_axis',(0.,0.,-1.));
#12888=DIRECTION('ref_axis',(0.654903453378218,-0.75571255564089,0.));
#12889=DIRECTION('',(-0.542896541955462,-0.839799586051816,0.));
#12890=DIRECTION('',(-0.47498915970536,-0.879991646643532,0.));
#12891=DIRECTION('',(-0.408252083974684,-0.912869232656204,0.));
#12892=DIRECTION('',(-0.343643199589455,-0.939100288241848,0.));
#12893=DIRECTION('',(-0.28182105227102,-0.959466984578862,0.));
#12894=DIRECTION('',(-0.223178540412515,-0.974777584425975,0.));
#12895=DIRECTION('',(-0.167882818171033,-0.985806958467504,0.));
#12896=DIRECTION('',(-0.115958919214348,-0.993254010339067,0.));
#12897=DIRECTION('',(-0.0672990988329123,-0.997732845653724,0.));
#12898=DIRECTION('',(-0.0217439462511112,-0.999763572451722,0.));
#12899=DIRECTION('',(0.,-1.,0.));
#12900=DIRECTION('center_axis',(0.,0.,-1.));
#12901=DIRECTION('ref_axis',(0.999999059584667,0.0013714334766883,0.));
#12902=DIRECTION('',(0.280845746840566,-0.959752919496245,0.));
#12903=DIRECTION('center_axis',(0.,0.,-1.));
#12904=DIRECTION('ref_axis',(0.947421138397601,0.319989353756331,0.));
#12905=DIRECTION('',(0.489461802219415,-0.872024738277603,0.));
#12906=DIRECTION('center_axis',(0.,0.,-1.));
#12907=DIRECTION('ref_axis',(0.854395326182413,0.519623543151817,0.));
#12908=DIRECTION('',(0.653166856865065,-0.757214010100851,0.));
#12909=DIRECTION('center_axis',(0.,0.,-1.));
#12910=DIRECTION('ref_axis',(0.737512933172478,0.675333009265302,0.));
#12911=DIRECTION('',(0.778111404321188,-0.628126294995926,0.));
#12912=DIRECTION('center_axis',(0.,0.,-1.));
#12913=DIRECTION('ref_axis',(0.607251060832871,0.794510005674789,0.));
#12914=DIRECTION('',(0.926610774896307,-0.376021903412642,0.));
#12915=DIRECTION('center_axis',(0.,0.,-1.));
#12916=DIRECTION('ref_axis',(0.354034311528042,0.935232434350341,0.));
#12917=DIRECTION('',(0.985947103863182,-0.167057799529996,0.));
#12918=DIRECTION('center_axis',(0.,0.,-1.));
#12919=DIRECTION('ref_axis',(0.141303152399914,0.989966372722754,0.));
#12920=DIRECTION('',(1.,-3.85039335001403E-9,0.));
#12921=DIRECTION('',(0.999687101928343,0.0250139608641204,0.));
#12922=DIRECTION('center_axis',(0.,0.,-1.));
#12923=DIRECTION('ref_axis',(-0.0565164689262191,0.998401667035924,0.));
#12924=DIRECTION('',(0.977394186429758,0.211425174313068,0.));
#12925=DIRECTION('center_axis',(0.,0.,-1.));
#12926=DIRECTION('ref_axis',(-0.238168142282463,0.971223937102932,0.));
#12927=DIRECTION('',(0.910091788354123,0.414406728674131,0.));
#12928=DIRECTION('center_axis',(0.,0.,-1.));
#12929=DIRECTION('ref_axis',(-0.435916311480339,0.899987205123148,0.));
#12930=DIRECTION('',(0.778089379886838,0.628153577485089,0.));
#12931=DIRECTION('center_axis',(0.,0.,-1.));
#12932=DIRECTION('ref_axis',(-0.646950000011172,0.762532423891302,0.));
#12933=DIRECTION('',(0.653081463665032,0.757287661207509,0.));
#12934=DIRECTION('center_axis',(0.,0.,-1.));
#12935=DIRECTION('ref_axis',(-0.774682598230983,0.632350276348555,0.));
#12936=DIRECTION('',(0.489288788353059,0.872121827264973,0.));
#12937=DIRECTION('center_axis',(0.,0.,-1.));
#12938=DIRECTION('ref_axis',(-0.887356583687777,0.461083824684793,0.));
#12939=DIRECTION('',(0.280676214985053,0.959802512156362,0.));
#12940=DIRECTION('center_axis',(0.,0.,-1.));
#12941=DIRECTION('ref_axis',(-0.969933382924767,0.243370566601874,0.));
#12942=DIRECTION('',(5.81811857449066E-8,0.999999999999998,0.));
#12943=DIRECTION('',(-0.0217297306337889,0.999763881527325,0.));
#12944=DIRECTION('',(-0.0672614835715777,0.99773538216691,0.));
#12945=DIRECTION('',(-0.115896642290843,0.99326127897231,0.));
#12946=DIRECTION('center_axis',(0.,0.,-1.));
#12947=DIRECTION('ref_axis',(-0.989553529457907,-0.144165919472667,0.));
#12948=DIRECTION('',(-0.237375994157826,0.971417849021514,0.));
#12949=DIRECTION('center_axis',(0.,0.,-1.));
#12950=DIRECTION('ref_axis',(-0.967519557729479,-0.252796173647771,0.));
#12951=DIRECTION('',(-0.391691134666706,0.920096763945786,0.));
#12952=DIRECTION('center_axis',(0.,0.,-1.));
#12953=DIRECTION('ref_axis',(-0.911781082125546,-0.410676585987038,0.));
#12954=DIRECTION('',(-0.559730851685883,0.828674467852725,0.));
#12955=DIRECTION('center_axis',(0.,0.,-1.));
#12956=DIRECTION('ref_axis',(-0.814000348296072,-0.580864384322084,0.));
#12957=DIRECTION('',(-0.754636003215835,0.656143660070286,0.));
#12958=DIRECTION('center_axis',(0.,0.,-1.));
#12959=DIRECTION('ref_axis',(-0.63062320864793,-0.776089149978654,0.));
#12960=DIRECTION('',(-0.902889954469398,0.429871760084619,0.));
#12961=DIRECTION('center_axis',(0.,0.,1.));
#12962=DIRECTION('ref_axis',(0.689463039029961,0.724320866613389,0.));
#12963=DIRECTION('',(-0.709386754489849,0.704819432588488,0.));
#12964=DIRECTION('center_axis',(0.,0.,1.));
#12965=DIRECTION('ref_axis',(0.999997890563073,0.00205398865754428,0.));
#12966=DIRECTION('center_axis',(0.163089480367698,0.986611281809302,0.));
#12967=DIRECTION('ref_axis',(0.986611281809302,-0.163089480367698,0.));
#12968=DIRECTION('',(0.,0.,-1.));
#12969=DIRECTION('',(0.986611281809302,-0.163089480367698,0.));
#12970=DIRECTION('',(0.,0.,-1.));
#12971=DIRECTION('center_axis',(0.,0.,-1.));
#12972=DIRECTION('ref_axis',(0.356013267499288,0.934480900481374,0.));
#12973=DIRECTION('',(0.,0.,-1.));
#12974=DIRECTION('center_axis',(0.,0.,-1.));
#12975=DIRECTION('ref_axis',(0.356013267499288,0.934480900481374,0.));
#12976=DIRECTION('center_axis',(0.397990898410419,0.917389363783158,0.));
#12977=DIRECTION('ref_axis',(0.917389363783158,-0.397990898410419,0.));
#12978=DIRECTION('',(0.,0.,-1.));
#12979=DIRECTION('',(0.917389363783158,-0.397990898410419,0.));
#12980=DIRECTION('center_axis',(0.,0.,-1.));
#12981=DIRECTION('ref_axis',(0.86667402350783,0.498874871061621,0.));
#12982=DIRECTION('',(0.,0.,-1.));
#12983=DIRECTION('center_axis',(0.,0.,-1.));
#12984=DIRECTION('ref_axis',(0.86667402350783,0.498874871061621,0.));
#12985=DIRECTION('center_axis',(0.884657559838977,0.466241355758739,0.));
#12986=DIRECTION('ref_axis',(0.466241355758739,-0.884657559838977,0.));
#12987=DIRECTION('',(0.,0.,-1.));
#12988=DIRECTION('',(0.466241355758739,-0.884657559838977,0.));
#12989=DIRECTION('center_axis',(0.,0.,-1.));
#12990=DIRECTION('ref_axis',(0.997212406612571,0.0746151197678143,0.));
#12991=DIRECTION('',(0.,0.,-1.));
#12992=DIRECTION('center_axis',(0.,0.,-1.));
#12993=DIRECTION('ref_axis',(0.997212406612571,0.0746151197678143,0.));
#12994=DIRECTION('center_axis',(0.999455683848561,0.0329899382055305,0.));
#12995=DIRECTION('ref_axis',(0.0329899382055305,-0.999455683848561,0.));
#12996=DIRECTION('',(0.,0.,-1.));
#12997=DIRECTION('',(0.0329899382055305,-0.999455683848561,0.));
#12998=DIRECTION('center_axis',(0.,0.,-1.));
#12999=DIRECTION('ref_axis',(0.965966689705776,-0.258666492570773,0.));
#13000=DIRECTION('',(0.,0.,-1.));
#13001=DIRECTION('center_axis',(0.,0.,-1.));
#13002=DIRECTION('ref_axis',(0.965966689705776,-0.258666492570773,0.));
#13003=DIRECTION('center_axis',(0.953579873599849,-0.301140207653006,0.));
#13004=DIRECTION('ref_axis',(-0.301140207653006,-0.953579873599849,0.));
#13005=DIRECTION('',(0.,0.,-1.));
#13006=DIRECTION('',(-0.301140207653006,-0.953579873599849,0.));
#13007=DIRECTION('center_axis',(0.,0.,-1.));
#13008=DIRECTION('ref_axis',(0.815579676321159,-0.578644788771034,0.));
#13009=DIRECTION('',(0.,0.,-1.));
#13010=DIRECTION('center_axis',(0.,0.,-1.));
#13011=DIRECTION('ref_axis',(0.815579676321159,-0.578644788771034,0.));
#13012=DIRECTION('center_axis',(0.790090141134949,-0.612990676015024,0.));
#13013=DIRECTION('ref_axis',(-0.612990676015024,-0.790090141134949,0.));
#13014=DIRECTION('',(0.,0.,-1.));
#13015=DIRECTION('',(-0.612990676015024,-0.790090141134949,0.));
#13016=DIRECTION('center_axis',(0.744852838799156,-0.667228782752092,0.));
#13017=DIRECTION('ref_axis',(-0.667228782752092,-0.744852838799156,0.));
#13018=DIRECTION('',(0.,0.,-1.));
#13019=DIRECTION('',(-0.667228782752092,-0.744852838799156,0.));
#13020=DIRECTION('center_axis',(0.721078056355208,-0.692853834977477,0.));
#13021=DIRECTION('ref_axis',(-0.692853834977476,-0.721078056355207,0.));
#13022=DIRECTION('',(0.,0.,-1.));
#13023=DIRECTION('',(-0.692853834977476,-0.721078056355207,0.));
#13024=DIRECTION('center_axis',(0.,0.,-1.));
#13025=DIRECTION('ref_axis',(-0.720767051135809,0.693177364025247,0.));
#13026=DIRECTION('',(0.,0.,-1.));
#13027=DIRECTION('center_axis',(0.,0.,1.));
#13028=DIRECTION('ref_axis',(-0.720767051135809,0.693177364025247,0.));
#13029=DIRECTION('center_axis',(0.943868732835566,-0.330320776178827,0.));
#13030=DIRECTION('ref_axis',(-0.330320776178827,-0.943868732835566,0.));
#13031=DIRECTION('',(0.,0.,-1.));
#13032=DIRECTION('',(-0.330320776178827,-0.943868732835566,0.));
#13033=DIRECTION('center_axis',(0.,0.,-1.));
#13034=DIRECTION('ref_axis',(-0.951710525030801,0.306996867322123,0.));
#13035=DIRECTION('',(0.,0.,-1.));
#13036=DIRECTION('center_axis',(0.,0.,1.));
#13037=DIRECTION('ref_axis',(-0.951710525030801,0.306996867322123,0.));
#13038=DIRECTION('center_axis',(0.988683924850086,0.150013655188551,0.));
#13039=DIRECTION('ref_axis',(0.150013655188551,-0.988683924850086,0.));
#13040=DIRECTION('',(0.,0.,-1.));
#13041=DIRECTION('',(0.150013655188551,-0.988683924850086,0.));
#13042=DIRECTION('center_axis',(0.,0.,-1.));
#13043=DIRECTION('ref_axis',(0.998387994761398,-0.0567574833507926,0.));
#13044=DIRECTION('',(0.,0.,-1.));
#13045=DIRECTION('center_axis',(0.,0.,-1.));
#13046=DIRECTION('ref_axis',(0.998387994761398,-0.0567574833507926,0.));
#13047=DIRECTION('center_axis',(0.994590908860632,-0.103869745411171,0.));
#13048=DIRECTION('ref_axis',(-0.103869745411171,-0.994590908860632,0.));
#13049=DIRECTION('',(0.,0.,-1.));
#13050=DIRECTION('',(-0.103869745411171,-0.994590908860632,0.));
#13051=DIRECTION('center_axis',(0.,0.,-1.));
#13052=DIRECTION('ref_axis',(0.84855804082616,-0.529102307072337,0.));
#13053=DIRECTION('',(0.,0.,-1.));
#13054=DIRECTION('center_axis',(0.,0.,-1.));
#13055=DIRECTION('ref_axis',(0.84855804082616,-0.529102307072337,0.));
#13056=DIRECTION('center_axis',(0.826332252340672,-0.563182926535945,0.));
#13057=DIRECTION('ref_axis',(-0.563182926535945,-0.826332252340672,0.));
#13058=DIRECTION('',(0.,0.,-1.));
#13059=DIRECTION('',(-0.563182926535945,-0.826332252340672,0.));
#13060=DIRECTION('center_axis',(0.,0.,-1.));
#13061=DIRECTION('ref_axis',(0.631254571630016,-0.775575699591087,0.));
#13062=DIRECTION('',(0.,0.,-1.));
#13063=DIRECTION('center_axis',(0.,0.,-1.));
#13064=DIRECTION('ref_axis',(0.631254571630016,-0.775575699591087,0.));
#13065=DIRECTION('center_axis',(0.600361147089908,-0.799729012269088,0.));
#13066=DIRECTION('ref_axis',(-0.799729012269087,-0.600361147089908,0.));
#13067=DIRECTION('',(0.,0.,-1.));
#13068=DIRECTION('',(-0.799729012269087,-0.600361147089908,0.));
#13069=DIRECTION('center_axis',(0.,0.,-1.));
#13070=DIRECTION('ref_axis',(0.290313614693265,-0.956931557178323,0.));
#13071=DIRECTION('',(0.,0.,-1.));
#13072=DIRECTION('center_axis',(0.,0.,-1.));
#13073=DIRECTION('ref_axis',(0.290313614693265,-0.956931557178323,0.));
#13074=DIRECTION('center_axis',(0.249686257926301,-0.968326790191597,0.));
#13075=DIRECTION('ref_axis',(-0.968326790191597,-0.249686257926301,0.));
#13076=DIRECTION('',(0.,0.,-1.));
#13077=DIRECTION('',(-0.968326790191597,-0.249686257926301,0.));
#13078=DIRECTION('center_axis',(0.,0.,-1.));
#13079=DIRECTION('ref_axis',(-0.0478494797650603,-0.998854557623988,0.));
#13080=DIRECTION('',(0.,0.,-1.));
#13081=DIRECTION('center_axis',(0.,0.,-1.));
#13082=DIRECTION('ref_axis',(-0.0478494797650603,-0.998854557623988,0.));
#13083=DIRECTION('center_axis',(-0.0924257192814539,-0.995719582219465,
0.));
#13084=DIRECTION('ref_axis',(-0.995719582219465,0.0924257192814539,0.));
#13085=DIRECTION('',(0.,0.,-1.));
#13086=DIRECTION('',(-0.995719582219465,0.0924257192814539,0.));
#13087=DIRECTION('center_axis',(0.,0.,-1.));
#13088=DIRECTION('ref_axis',(-0.329751480623098,-0.944067773534758,0.));
#13089=DIRECTION('',(0.,0.,-1.));
#13090=DIRECTION('center_axis',(0.,0.,-1.));
#13091=DIRECTION('ref_axis',(-0.329751480623098,-0.944067773534758,0.));
#13092=DIRECTION('center_axis',(-0.370405978809897,-0.928869964452443,0.));
#13093=DIRECTION('ref_axis',(-0.928869964452443,0.370405978809897,0.));
#13094=DIRECTION('',(0.,0.,-1.));
#13095=DIRECTION('',(-0.928869964452443,0.370405978809897,0.));
#13096=DIRECTION('center_axis',(-0.435838137731995,-0.900025065038917,0.));
#13097=DIRECTION('ref_axis',(-0.900025065038917,0.435838137731995,0.));
#13098=DIRECTION('',(0.,0.,-1.));
#13099=DIRECTION('',(-0.900025065038917,0.435838137731995,0.));
#13100=DIRECTION('center_axis',(-0.467442944320021,-0.88402324279706,0.));
#13101=DIRECTION('ref_axis',(-0.88402324279706,0.467442944320021,0.));
#13102=DIRECTION('',(0.,0.,-1.));
#13103=DIRECTION('',(-0.88402324279706,0.467442944320021,0.));
#13104=DIRECTION('center_axis',(0.,0.,-1.));
#13105=DIRECTION('ref_axis',(0.467293554197242,0.884102219319525,0.));
#13106=DIRECTION('',(0.,0.,-1.));
#13107=DIRECTION('center_axis',(0.,0.,1.));
#13108=DIRECTION('ref_axis',(0.467293554197242,0.884102219319525,0.));
#13109=DIRECTION('center_axis',(0.149918189076555,-0.988698405270286,0.));
#13110=DIRECTION('ref_axis',(-0.988698405270286,-0.149918189076555,0.));
#13111=DIRECTION('',(0.,0.,-1.));
#13112=DIRECTION('',(-0.988698405270286,-0.149918189076555,0.));
#13113=DIRECTION('center_axis',(0.,0.,-1.));
#13114=DIRECTION('ref_axis',(-0.175902451312284,0.984407602379385,0.));
#13115=DIRECTION('',(0.,0.,-1.));
#13116=DIRECTION('center_axis',(0.,0.,1.));
#13117=DIRECTION('ref_axis',(-0.175902451312284,0.984407602379385,0.));
#13118=DIRECTION('center_axis',(0.467440569825943,-0.884024498348772,0.));
#13119=DIRECTION('ref_axis',(-0.884024498348772,-0.467440569825943,0.));
#13120=DIRECTION('',(0.,0.,-1.));
#13121=DIRECTION('',(-0.884024498348772,-0.467440569825943,0.));
#13122=DIRECTION('center_axis',(0.,0.,-1.));
#13123=DIRECTION('ref_axis',(0.278100686279333,-0.96055192899237,0.));
#13124=DIRECTION('',(0.,0.,-1.));
#13125=DIRECTION('center_axis',(0.,0.,-1.));
#13126=DIRECTION('ref_axis',(0.278100686279333,-0.96055192899237,0.));
#13127=DIRECTION('center_axis',(0.23340635655766,-0.972379284393944,0.));
#13128=DIRECTION('ref_axis',(-0.972379284393944,-0.23340635655766,0.));
#13129=DIRECTION('',(0.,0.,-1.));
#13130=DIRECTION('',(-0.972379284393944,-0.23340635655766,0.));
#13131=DIRECTION('center_axis',(0.,0.,-1.));
#13132=DIRECTION('ref_axis',(-0.276097226266971,-0.961129711146048,0.));
#13133=DIRECTION('',(0.,0.,-1.));
#13134=DIRECTION('center_axis',(0.,0.,-1.));
#13135=DIRECTION('ref_axis',(-0.276097226266971,-0.961129711146048,0.));
#13136=DIRECTION('center_axis',(-0.31347174568783,-0.949597527721837,0.));
#13137=DIRECTION('ref_axis',(-0.949597527721837,0.31347174568783,0.));
#13138=DIRECTION('',(0.,0.,-1.));
#13139=DIRECTION('',(-0.949597527721837,0.31347174568783,0.));
#13140=DIRECTION('center_axis',(0.,0.,-1.));
#13141=DIRECTION('ref_axis',(-0.620184243818145,-0.784456183428823,0.));
#13142=DIRECTION('',(0.,0.,-1.));
#13143=DIRECTION('center_axis',(0.,0.,-1.));
#13144=DIRECTION('ref_axis',(-0.620184243818145,-0.784456183428823,0.));
#13145=DIRECTION('center_axis',(-0.650853061014334,-0.759203722967869,0.));
#13146=DIRECTION('ref_axis',(-0.759203722967869,0.650853061014334,0.));
#13147=DIRECTION('',(0.,0.,-1.));
#13148=DIRECTION('',(-0.759203722967869,0.650853061014334,0.));
#13149=DIRECTION('center_axis',(0.,0.,-1.));
#13150=DIRECTION('ref_axis',(-0.839928349523304,-0.542697307591495,0.));
#13151=DIRECTION('',(0.,0.,-1.));
#13152=DIRECTION('center_axis',(0.,0.,-1.));
#13153=DIRECTION('ref_axis',(-0.839928349523304,-0.542697307591495,0.));
#13154=DIRECTION('center_axis',(-0.86266089927746,-0.505782732858492,0.));
#13155=DIRECTION('ref_axis',(-0.505782732858492,0.86266089927746,0.));
#13156=DIRECTION('',(0.,0.,-1.));
#13157=DIRECTION('',(-0.505782732858492,0.86266089927746,0.));
#13158=DIRECTION('center_axis',(0.,0.,-1.));
#13159=DIRECTION('ref_axis',(-0.988782085602142,-0.149365281080574,0.));
#13160=DIRECTION('',(0.,0.,-1.));
#13161=DIRECTION('center_axis',(0.,0.,-1.));
#13162=DIRECTION('ref_axis',(-0.988782085602142,-0.149365281080574,0.));
#13163=DIRECTION('center_axis',(-0.994597707094143,-0.103804629198675,0.));
#13164=DIRECTION('ref_axis',(-0.103804629198675,0.994597707094142,0.));
#13165=DIRECTION('',(0.,0.,-1.));
#13166=DIRECTION('',(-0.103804629198675,0.994597707094142,0.));
#13167=DIRECTION('center_axis',(0.,0.,-1.));
#13168=DIRECTION('ref_axis',(-0.988274526264962,0.152687460964432,0.));
#13169=DIRECTION('',(0.,0.,-1.));
#13170=DIRECTION('center_axis',(0.,0.,-1.));
#13171=DIRECTION('ref_axis',(-0.988274526264962,0.152687460964432,0.));
#13172=DIRECTION('center_axis',(-0.988682734759438,0.15002149842139,0.));
#13173=DIRECTION('ref_axis',(0.15002149842139,0.988682734759438,0.));
#13174=DIRECTION('',(0.,0.,-1.));
#13175=DIRECTION('',(0.15002149842139,0.988682734759438,0.));
#13176=DIRECTION('center_axis',(0.,0.,-1.));
#13177=DIRECTION('ref_axis',(0.988718846303003,-0.149783320050194,0.));
#13178=DIRECTION('',(0.,0.,-1.));
#13179=DIRECTION('center_axis',(0.,0.,1.));
#13180=DIRECTION('ref_axis',(0.988718846303003,-0.149783320050194,0.));
#13181=DIRECTION('center_axis',(-0.812947601799397,-0.582336841294289,0.));
#13182=DIRECTION('ref_axis',(-0.582336841294289,0.812947601799397,0.));
#13183=DIRECTION('',(0.,0.,-1.));
#13184=DIRECTION('',(-0.582336841294289,0.812947601799397,0.));
#13185=DIRECTION('center_axis',(-0.778171741184353,-0.628051543443778,0.));
#13186=DIRECTION('ref_axis',(-0.628051543443778,0.778171741184353,0.));
#13187=DIRECTION('',(0.,0.,-1.));
#13188=DIRECTION('',(-0.628051543443778,0.778171741184353,0.));
#13189=DIRECTION('center_axis',(-0.740693017431644,-0.671843623120742,0.));
#13190=DIRECTION('ref_axis',(-0.671843623120742,0.740693017431644,0.));
#13191=DIRECTION('',(0.,0.,-1.));
#13192=DIRECTION('',(-0.671843623120742,0.740693017431644,0.));
#13193=DIRECTION('center_axis',(-0.721080359492161,-0.692851438011537,0.));
#13194=DIRECTION('ref_axis',(-0.692851438011537,0.721080359492161,0.));
#13195=DIRECTION('',(0.,0.,-1.));
#13196=DIRECTION('',(-0.692851438011537,0.721080359492161,0.));
#13197=DIRECTION('center_axis',(0.,0.,-1.));
#13198=DIRECTION('ref_axis',(-0.84535676737382,-0.534202148868091,0.));
#13199=DIRECTION('',(0.,0.,-1.));
#13200=DIRECTION('center_axis',(0.,0.,-1.));
#13201=DIRECTION('ref_axis',(-0.84535676737382,-0.534202148868091,0.));
#13202=DIRECTION('center_axis',(-0.869009322730239,-0.494795712398491,0.));
#13203=DIRECTION('ref_axis',(-0.494795712398491,0.869009322730239,0.));
#13204=DIRECTION('',(0.,0.,-1.));
#13205=DIRECTION('',(-0.494795712398491,0.869009322730239,0.));
#13206=DIRECTION('center_axis',(0.,0.,-1.));
#13207=DIRECTION('ref_axis',(-0.998182363109994,0.0602658275986289,0.));
#13208=DIRECTION('',(0.,0.,-1.));
#13209=DIRECTION('center_axis',(0.,0.,-1.));
#13210=DIRECTION('ref_axis',(-0.998182363109994,0.0602658275986289,0.));
#13211=DIRECTION('center_axis',(-0.995148918566173,0.0983800278337904,0.));
#13212=DIRECTION('ref_axis',(0.0983800278337904,0.995148918566172,0.));
#13213=DIRECTION('',(0.,0.,-1.));
#13214=DIRECTION('',(0.0983800278337904,0.995148918566172,0.));
#13215=DIRECTION('center_axis',(0.,0.,-1.));
#13216=DIRECTION('ref_axis',(-0.872994701021883,0.487729691517456,0.));
#13217=DIRECTION('',(0.,0.,-1.));
#13218=DIRECTION('center_axis',(0.,0.,-1.));
#13219=DIRECTION('ref_axis',(-0.872994701021883,0.487729691517456,0.));
#13220=DIRECTION('center_axis',(-0.852629891811054,0.522515327612761,0.));
#13221=DIRECTION('ref_axis',(0.522515327612761,0.852629891811054,0.));
#13222=DIRECTION('',(0.,0.,-1.));
#13223=DIRECTION('',(0.522515327612761,0.852629891811054,0.));
#13224=DIRECTION('center_axis',(0.,0.,-1.));
#13225=DIRECTION('ref_axis',(-0.667735290271503,0.744398805833292,0.));
#13226=DIRECTION('',(0.,0.,-1.));
#13227=DIRECTION('center_axis',(0.,0.,-1.));
#13228=DIRECTION('ref_axis',(-0.667735290271503,0.744398805833292,0.));
#13229=DIRECTION('center_axis',(-0.634952036891642,0.772551558698289,0.));
#13230=DIRECTION('ref_axis',(0.772551558698289,0.634952036891642,0.));
#13231=DIRECTION('',(0.,0.,-1.));
#13232=DIRECTION('',(0.772551558698289,0.634952036891642,0.));
#13233=DIRECTION('center_axis',(0.,0.,-1.));
#13234=DIRECTION('ref_axis',(-0.372656379119517,0.927969408494445,0.));
#13235=DIRECTION('',(0.,0.,-1.));
#13236=DIRECTION('center_axis',(0.,0.,-1.));
#13237=DIRECTION('ref_axis',(-0.372656379119517,0.927969408494445,0.));
#13238=DIRECTION('center_axis',(-0.332408962983095,0.943135346240667,0.));
#13239=DIRECTION('ref_axis',(0.943135346240667,0.332408962983095,0.));
#13240=DIRECTION('',(0.,0.,-1.));
#13241=DIRECTION('',(0.943135346240667,0.332408962983095,0.));
#13242=DIRECTION('center_axis',(-0.265268376968939,0.964174614984374,0.));
#13243=DIRECTION('ref_axis',(0.964174614984374,0.265268376968939,0.));
#13244=DIRECTION('',(0.,0.,-1.));
#13245=DIRECTION('',(0.964174614984374,0.265268376968939,0.));
#13246=DIRECTION('center_axis',(-0.19720034299374,0.980363210612858,0.));
#13247=DIRECTION('ref_axis',(0.980363210612858,0.19720034299374,0.));
#13248=DIRECTION('',(0.,0.,-1.));
#13249=DIRECTION('',(0.980363210612858,0.19720034299374,0.));
#13250=DIRECTION('center_axis',(-0.163089083617732,0.986611347393049,0.));
#13251=DIRECTION('ref_axis',(0.986611347393049,0.163089083617732,0.));
#13252=DIRECTION('',(0.,0.,-1.));
#13253=DIRECTION('',(0.986611347393049,0.163089083617732,0.));
#13254=DIRECTION('center_axis',(0.,0.,-1.));
#13255=DIRECTION('ref_axis',(0.16286917900954,-0.986647672945494,0.));
#13256=DIRECTION('',(0.,0.,-1.));
#13257=DIRECTION('center_axis',(0.,0.,1.));
#13258=DIRECTION('ref_axis',(0.16286917900954,-0.986647672945494,0.));
#13259=DIRECTION('center_axis',(-0.571209733286386,0.820804142654565,0.));
#13260=DIRECTION('ref_axis',(0.820804142654566,0.571209733286386,0.));
#13261=DIRECTION('',(0.,0.,-1.));
#13262=DIRECTION('',(0.820804142654566,0.571209733286386,0.));
#13263=DIRECTION('center_axis',(0.,0.,-1.));
#13264=DIRECTION('ref_axis',(0.591872421334843,-0.806031659963323,0.));
#13265=DIRECTION('',(0.,0.,-1.));
#13266=DIRECTION('center_axis',(0.,0.,1.));
#13267=DIRECTION('ref_axis',(0.591872421334843,-0.806031659963323,0.));
#13268=DIRECTION('center_axis',(-0.853963660591203,0.520332649744058,0.));
#13269=DIRECTION('ref_axis',(0.520332649744058,0.853963660591203,0.));
#13270=DIRECTION('',(0.,0.,-1.));
#13271=DIRECTION('',(0.520332649744058,0.853963660591203,0.));
#13272=DIRECTION('center_axis',(-0.883859963126684,0.467751606712043,0.));
#13273=DIRECTION('ref_axis',(0.467751606712043,0.883859963126684,0.));
#13274=DIRECTION('',(0.,0.,-1.));
#13275=DIRECTION('',(0.467751606712043,0.883859963126684,0.));
#13276=DIRECTION('center_axis',(-0.908246824684552,0.418434828199601,0.));
#13277=DIRECTION('ref_axis',(0.418434828199601,0.908246824684552,0.));
#13278=DIRECTION('',(0.,0.,-1.));
#13279=DIRECTION('',(0.418434828199601,0.908246824684552,0.));
#13280=DIRECTION('center_axis',(-0.937472486692406,0.348059386735592,0.));
#13281=DIRECTION('ref_axis',(0.348059386735592,0.937472486692406,0.));
#13282=DIRECTION('',(0.,0.,-1.));
#13283=DIRECTION('',(0.348059386735592,0.937472486692406,0.));
#13284=DIRECTION('center_axis',(-0.94149856765322,0.337016983410235,0.));
#13285=DIRECTION('ref_axis',(0.337016983410235,0.94149856765322,0.));
#13286=DIRECTION('',(0.,0.,-1.));
#13287=DIRECTION('',(0.337016983410235,0.94149856765322,0.));
#13288=DIRECTION('center_axis',(-0.941692802855666,0.336473869787596,0.));
#13289=DIRECTION('ref_axis',(0.336473869787596,0.941692802855666,0.));
#13290=DIRECTION('',(0.,0.,-1.));
#13291=DIRECTION('',(0.336473869787596,0.941692802855666,0.));
#13292=DIRECTION('center_axis',(-0.853963660582952,0.5203326497576,0.));
#13293=DIRECTION('ref_axis',(-0.5203326497576,-0.853963660582952,0.));
#13294=DIRECTION('',(0.,0.,-1.));
#13295=DIRECTION('',(-0.5203326497576,-0.853963660582952,0.));
#13296=DIRECTION('',(0.,0.,-1.));
#13297=DIRECTION('center_axis',(0.,0.,1.));
#13298=DIRECTION('ref_axis',(0.832611357894217,-0.553857677301262,0.));
#13299=DIRECTION('',(0.,0.,-1.));
#13300=DIRECTION('center_axis',(0.,0.,-1.));
#13301=DIRECTION('ref_axis',(0.832611357894217,-0.553857677301262,0.));
#13302=DIRECTION('center_axis',(-0.571209733253553,0.820804142677414,0.));
#13303=DIRECTION('ref_axis',(-0.820804142677414,-0.571209733253553,0.));
#13304=DIRECTION('',(0.,0.,-1.));
#13305=DIRECTION('',(-0.820804142677414,-0.571209733253553,0.));
#13306=DIRECTION('center_axis',(0.,0.,-1.));
#13307=DIRECTION('ref_axis',(-1.,0.,0.));
#13308=DIRECTION('center_axis',(0.,0.,1.));
#13309=DIRECTION('ref_axis',(0.53920972830721,-0.842171519881114,0.));
#13310=DIRECTION('',(0.986611347415368,0.163089083482716,0.));
#13311=DIRECTION('',(0.980363210612862,0.19720034299372,0.));
#13312=DIRECTION('',(0.964174614984365,0.26526837696897,0.));
#13313=DIRECTION('',(0.943135346243159,0.332408962976024,0.));
#13314=DIRECTION('center_axis',(0.,0.,-1.));
#13315=DIRECTION('ref_axis',(-0.612662326740627,0.790344781340879,0.));
#13316=DIRECTION('',(0.772551558721234,0.634952036863723,0.));
#13317=DIRECTION('center_axis',(0.,0.,-1.));
#13318=DIRECTION('ref_axis',(-0.838569978206979,0.544793898322978,0.));
#13319=DIRECTION('',(0.522515327657466,0.852629891783657,0.));
#13320=DIRECTION('center_axis',(0.,0.,-1.));
#13321=DIRECTION('ref_axis',(-0.992092406958571,0.125509585511024,0.));
#13322=DIRECTION('',(0.0983800278597763,0.995148918563604,0.));
#13323=DIRECTION('center_axis',(0.,0.,-1.));
#13324=DIRECTION('ref_axis',(-0.883292481224497,-0.468822346536801,0.));
#13325=DIRECTION('',(-0.494795712389854,0.869009322735158,0.));
#13326=DIRECTION('center_axis',(0.,0.,-1.));
#13327=DIRECTION('ref_axis',(-0.720443086847689,-0.693514065187846,0.));
#13328=DIRECTION('',(-0.692851441911076,0.721080355745283,0.));
#13329=DIRECTION('',(-0.671843623120738,0.740693017431648,0.));
#13330=DIRECTION('',(-0.628051543443758,0.778171741184369,0.));
#13331=DIRECTION('',(-0.582336841303919,0.812947601792498,0.));
#13332=DIRECTION('center_axis',(0.,0.,1.));
#13333=DIRECTION('ref_axis',(0.833793435088761,0.552076541435048,0.));
#13334=DIRECTION('',(0.150021482022787,0.988682737247741,0.));
#13335=DIRECTION('center_axis',(0.,0.,-1.));
#13336=DIRECTION('ref_axis',(-0.997324366872776,-0.0731034010277004,0.));
#13337=DIRECTION('',(-0.103804629189708,0.994597707095078,0.));
#13338=DIRECTION('center_axis',(0.,0.,-1.));
#13339=DIRECTION('ref_axis',(-0.876297174665871,-0.481770963916063,0.));
#13340=DIRECTION('',(-0.50578273295052,0.862660899223503,0.));
#13341=DIRECTION('center_axis',(0.,0.,-1.));
#13342=DIRECTION('ref_axis',(-0.670513191339272,-0.741897607652178,0.));
#13343=DIRECTION('',(-0.759203722961735,0.650853061021488,0.));
#13344=DIRECTION('center_axis',(0.,0.,-1.));
#13345=DIRECTION('ref_axis',(-0.339658917104074,-0.940548680309365,0.));
#13346=DIRECTION('',(-0.949597527794507,0.313471745467689,0.));
#13347=DIRECTION('center_axis',(0.,0.,-1.));
#13348=DIRECTION('ref_axis',(0.204347492477331,-0.978898412665087,0.));
#13349=DIRECTION('',(-0.972379284289253,-0.233406356993804,0.));
#13350=DIRECTION('center_axis',(0.,0.,-1.));
#13351=DIRECTION('ref_axis',(0.468248448507461,-0.88359684838186,0.));
#13352=DIRECTION('',(-0.884024495834568,-0.467440574580811,0.));
#13353=DIRECTION('center_axis',(0.,0.,1.));
#13354=DIRECTION('ref_axis',(-0.467562738030013,0.883959889364827,0.));
#13355=DIRECTION('',(-0.988698405212076,-0.149918189460442,0.));
#13356=DIRECTION('center_axis',(0.,0.,1.));
#13357=DIRECTION('ref_axis',(-0.111409692710675,0.993774562146825,0.));
#13358=DIRECTION('',(-0.884023242761326,0.467442944387601,0.));
#13359=DIRECTION('',(-0.900025065038916,0.435838137731998,0.));
#13360=DIRECTION('',(-0.928869964472622,0.370405978759294,0.));
#13361=DIRECTION('center_axis',(0.,0.,-1.));
#13362=DIRECTION('ref_axis',(-0.121836133649711,-0.992550228722602,0.));
#13363=DIRECTION('',(-0.995719582235507,0.0924257191086314,0.));
#13364=DIRECTION('center_axis',(0.,0.,-1.));
#13365=DIRECTION('ref_axis',(0.223356607479589,-0.974736798266696,0.));
#13366=DIRECTION('',(-0.968326790135529,-0.249686258143743,0.));
#13367=DIRECTION('center_axis',(0.,0.,-1.));
#13368=DIRECTION('ref_axis',(0.578938796285081,-0.815371001542231,0.));
#13369=DIRECTION('',(-0.799729012064218,-0.60036114736281,0.));
#13370=DIRECTION('center_axis',(0.,0.,-1.));
#13371=DIRECTION('ref_axis',(0.809959956115489,-0.586485182668237,0.));
#13372=DIRECTION('',(-0.563182926352797,-0.826332252465496,0.));
#13373=DIRECTION('center_axis',(0.,0.,-1.));
#13374=DIRECTION('ref_axis',(0.990998823839587,-0.133870576111985,0.));
#13375=DIRECTION('',(-0.103869745366113,-0.994590908865338,0.));
#13376=DIRECTION('center_axis',(0.,0.,-1.));
#13377=DIRECTION('ref_axis',(0.988549034919466,0.150899985287581,0.));
#13378=DIRECTION('',(0.150013659712071,-0.988683924163729,0.));
#13379=DIRECTION('center_axis',(0.,0.,1.));
#13380=DIRECTION('ref_axis',(-0.988628947634799,-0.150375542886836,0.));
#13381=DIRECTION('',(-0.330320776054598,-0.943868732879042,0.));
#13382=DIRECTION('center_axis',(0.,0.,1.));
#13383=DIRECTION('ref_axis',(-0.930873166195709,0.365342508417479,0.));
#13384=DIRECTION('',(-0.692853835367226,-0.721078055980713,0.));
#13385=DIRECTION('',(-0.667228782752096,-0.744852838799152,0.));
#13386=DIRECTION('',(-0.612990676011166,-0.790090141137943,0.));
#13387=DIRECTION('center_axis',(0.,0.,-1.));
#13388=DIRECTION('ref_axis',(0.944331143613268,-0.328996491169827,0.));
#13389=DIRECTION('',(-0.301140207620219,-0.953579873610203,0.));
#13390=DIRECTION('center_axis',(0.,0.,-1.));
#13391=DIRECTION('ref_axis',(0.999979316849296,0.00643163071193866,0.));
#13392=DIRECTION('',(0.0329899382538139,-0.999455683846967,0.));
#13393=DIRECTION('center_axis',(0.,0.,-1.));
#13394=DIRECTION('ref_axis',(0.896680950708477,0.442677391151324,0.));
#13395=DIRECTION('',(0.466241355761365,-0.884657559837593,0.));
#13396=DIRECTION('center_axis',(0.,0.,-1.));
#13397=DIRECTION('ref_axis',(0.424693422317427,0.905337228352127,0.));
#13398=DIRECTION('',(0.917389363774566,-0.397990898430225,0.));
#13399=DIRECTION('center_axis',(0.,0.,-1.));
#13400=DIRECTION('ref_axis',(0.162215741117134,0.986755315837629,0.));
#13401=DIRECTION('',(0.986611282501375,-0.163089476181,0.));
#13402=DIRECTION('center_axis',(0.,0.,1.));
#13403=DIRECTION('ref_axis',(-0.162674959445154,-0.986679713772163,0.));
#13404=DIRECTION('',(0.820805280181983,-0.571208098704296,0.));
#13405=DIRECTION('center_axis',(0.,0.,1.));
#13406=DIRECTION('ref_axis',(-0.601696684503249,-0.798724670870881,0.));
#13407=DIRECTION('',(0.327000411702094,-0.945024195852498,0.));
#13408=DIRECTION('',(7.21282392114666E-14,-1.,0.));
#13409=DIRECTION('',(-0.849178418845867,-0.528106062232231,0.));
#13410=DIRECTION('',(-0.797677579878425,-0.603084138872263,0.));
#13411=DIRECTION('center_axis',(0.,0.,-1.));
#13412=DIRECTION('ref_axis',(0.82280648331261,-0.568321643982293,0.));
#13413=DIRECTION('',(-0.542896541938699,-0.839799586062653,0.));
#13414=DIRECTION('',(-0.474989159705435,-0.879991646643492,0.));
#13415=DIRECTION('',(-0.408252083974581,-0.912869232656251,0.));
#13416=DIRECTION('',(-0.34364319958957,-0.939100288241806,0.));
#13417=DIRECTION('',(-0.281821052271021,-0.959466984578862,0.));
#13418=DIRECTION('',(-0.223178540412525,-0.974777584425973,0.));
#13419=DIRECTION('',(-0.167882818170969,-0.985806958467515,0.));
#13420=DIRECTION('',(-0.115958919214423,-0.993254010339059,0.));
#13421=DIRECTION('',(-0.0672990988329584,-0.997732845653721,0.));
#13422=DIRECTION('',(-0.021743946251211,-0.999763572451719,0.));
#13423=DIRECTION('',(3.59752433298871E-8,-0.999999999999999,0.));
#13424=DIRECTION('center_axis',(0.,0.,-1.));
#13425=DIRECTION('ref_axis',(0.965879727257277,0.258991027785538,0.));
#13426=DIRECTION('',(0.280845746828397,-0.959752919499805,0.));
#13427=DIRECTION('center_axis',(0.,0.,-1.));
#13428=DIRECTION('ref_axis',(0.882041526077748,0.471171673888018,0.));
#13429=DIRECTION('',(0.48946180220775,-0.872024738284151,0.));
#13430=DIRECTION('center_axis',(0.,0.,-1.));
#13431=DIRECTION('ref_axis',(0.769423804084096,0.638738608281008,0.));
#13432=DIRECTION('',(0.653166856856814,-0.757214010107969,0.));
#13433=DIRECTION('center_axis',(0.,0.,-1.));
#13434=DIRECTION('ref_axis',(0.641928282322442,0.766764683820636,0.));
#13435=DIRECTION('',(0.778111404319006,-0.628126294998629,0.));
#13436=DIRECTION('center_axis',(0.,0.,-1.));
#13437=DIRECTION('ref_axis',(0.392378532407021,0.919803830882494,0.));
#13438=DIRECTION('',(0.926610774880675,-0.376021903451161,0.));
#13439=DIRECTION('center_axis',(0.,0.,-1.));
#13440=DIRECTION('ref_axis',(0.187195518431411,0.98232267503056,0.));
#13441=DIRECTION('',(0.985947103856249,-0.167057799570915,0.));
#13442=DIRECTION('center_axis',(0.,0.,-1.));
#13443=DIRECTION('ref_axis',(0.000691926961939874,0.999999760618511,0.));
#13444=DIRECTION('',(1.,0.,0.));
#13445=DIRECTION('',(0.999687101928363,0.0250139608633004,0.));
#13446=DIRECTION('center_axis',(0.,0.,-1.));
#13447=DIRECTION('ref_axis',(-0.193513592872522,0.981097594214545,0.));
#13448=DIRECTION('',(0.977394186431257,0.21142517430614,0.));
#13449=DIRECTION('center_axis',(0.,0.,-1.));
#13450=DIRECTION('ref_axis',(-0.398778079779735,0.917047459560947,0.));
#13451=DIRECTION('',(0.910091788378668,0.414406728620226,0.));
#13452=DIRECTION('center_axis',(0.,0.,-1.));
#13453=DIRECTION('ref_axis',(-0.613182503430011,0.789941274708003,0.));
#13454=DIRECTION('',(0.778089379934364,0.628153577426219,0.));
#13455=DIRECTION('center_axis',(0.,0.,-1.));
#13456=DIRECTION('ref_axis',(-0.743787761201632,0.668415863281733,0.));
#13457=DIRECTION('',(0.653081463713402,0.757287661165795,0.));
#13458=DIRECTION('center_axis',(0.,0.,-1.));
#13459=DIRECTION('ref_axis',(-0.860798680740759,0.508945607344213,0.));
#13460=DIRECTION('',(0.489288788398493,0.872121827239483,0.));
#13461=DIRECTION('center_axis',(0.,0.,-1.));
#13462=DIRECTION('ref_axis',(-0.952510689890895,0.304505148796489,0.));
#13463=DIRECTION('',(0.28067621503708,0.959802512141148,0.));
#13464=DIRECTION('center_axis',(0.,0.,-1.));
#13465=DIRECTION('ref_axis',(-0.999999693752013,0.000782621160534626,0.));
#13466=DIRECTION('',(0.,1.,0.));
#13467=DIRECTION('',(-0.0217297306338146,0.999763881527324,0.));
#13468=DIRECTION('',(-0.0672614835716004,0.997735382166909,0.));
#13469=DIRECTION('',(-0.11589664229074,0.993261278972322,0.));
#13470=DIRECTION('center_axis',(0.,0.,-1.));
#13471=DIRECTION('ref_axis',(-0.974473465468216,-0.224502706216128,0.));
#13472=DIRECTION('',(-0.237375994153997,0.971417849022449,0.));
#13473=DIRECTION('center_axis',(0.,0.,-1.));
#13474=DIRECTION('ref_axis',(-0.926378234159098,-0.376594433411158,0.));
#13475=DIRECTION('',(-0.391691134627906,0.920096763962304,0.));
#13476=DIRECTION('center_axis',(0.,0.,-1.));
#13477=DIRECTION('ref_axis',(-0.838569156762708,-0.544795162722908,0.));
#13478=DIRECTION('',(-0.5597308516508,0.828674467876421,0.));
#13479=DIRECTION('center_axis',(0.,0.,-1.));
#13480=DIRECTION('ref_axis',(-0.669951720922458,-0.742404668380417,0.));
#13481=DIRECTION('',(-0.754636003225322,0.656143660059375,0.));
#13482=DIRECTION('center_axis',(0.,0.,-1.));
#13483=DIRECTION('ref_axis',(-0.52866987526755,-0.848827522518322,0.));
#13484=DIRECTION('',(0.,1.,0.));
#13485=DIRECTION('',(0.337016983410236,0.94149856765322,0.));
#13486=DIRECTION('',(0.467751606711997,0.883859963126708,0.));
#13487=DIRECTION('',(0.5203326497576,0.853963660582952,0.));
#13488=DIRECTION('center_axis',(0.,0.,1.));
#13489=DIRECTION('ref_axis',(0.832611357894217,-0.553857677301262,0.));
#13490=DIRECTION('',(0.820804142677414,0.571209733253553,0.));
#13491=DIRECTION('',(-1.0156910978097E-7,0.999999999999995,0.));
#13492=DIRECTION('center_axis',(0.,0.,1.));
#13493=DIRECTION('ref_axis',(0.999997890563073,0.00205398865754428,0.));
#13494=DIRECTION('',(-0.709386754489849,0.704819432588488,0.));
#13495=DIRECTION('center_axis',(0.,0.,1.));
#13496=DIRECTION('ref_axis',(0.689463039029961,0.724320866613389,0.));
#13497=DIRECTION('',(-0.902889954469398,0.429871760084619,0.));
#13498=DIRECTION('center_axis',(0.,0.,-1.));
#13499=DIRECTION('ref_axis',(-0.63062320864793,-0.776089149978654,0.));
#13500=DIRECTION('',(-0.754636003215835,0.656143660070286,0.));
#13501=DIRECTION('center_axis',(0.,0.,-1.));
#13502=DIRECTION('ref_axis',(-0.814000348296072,-0.580864384322084,0.));
#13503=DIRECTION('',(-0.559730851685883,0.828674467852725,0.));
#13504=DIRECTION('center_axis',(0.,0.,-1.));
#13505=DIRECTION('ref_axis',(-0.911781082125546,-0.410676585987038,0.));
#13506=DIRECTION('',(-0.391691134666706,0.920096763945786,0.));
#13507=DIRECTION('center_axis',(0.,0.,-1.));
#13508=DIRECTION('ref_axis',(-0.967519557729479,-0.252796173647771,0.));
#13509=DIRECTION('',(-0.237375994157826,0.971417849021514,0.));
#13510=DIRECTION('center_axis',(0.,0.,-1.));
#13511=DIRECTION('ref_axis',(-0.989553529457907,-0.144165919472667,0.));
#13512=DIRECTION('',(-0.115896642290843,0.99326127897231,0.));
#13513=DIRECTION('',(-0.0672614835715777,0.99773538216691,0.));
#13514=DIRECTION('',(-0.0217297306337889,0.999763881527325,0.));
#13515=DIRECTION('',(5.81811857449066E-8,0.999999999999998,0.));
#13516=DIRECTION('center_axis',(0.,0.,-1.));
#13517=DIRECTION('ref_axis',(-0.969933382924767,0.243370566601874,0.));
#13518=DIRECTION('',(0.280676214985053,0.959802512156362,0.));
#13519=DIRECTION('center_axis',(0.,0.,-1.));
#13520=DIRECTION('ref_axis',(-0.887356583687777,0.461083824684793,0.));
#13521=DIRECTION('',(0.489288788353059,0.872121827264973,0.));
#13522=DIRECTION('center_axis',(0.,0.,-1.));
#13523=DIRECTION('ref_axis',(-0.774682598230983,0.632350276348555,0.));
#13524=DIRECTION('',(0.653081463665032,0.757287661207509,0.));
#13525=DIRECTION('center_axis',(0.,0.,-1.));
#13526=DIRECTION('ref_axis',(-0.646950000011172,0.762532423891302,0.));
#13527=DIRECTION('',(0.778089379886838,0.628153577485089,0.));
#13528=DIRECTION('center_axis',(0.,0.,-1.));
#13529=DIRECTION('ref_axis',(-0.435916311480339,0.899987205123148,0.));
#13530=DIRECTION('',(0.910091788354123,0.414406728674131,0.));
#13531=DIRECTION('center_axis',(0.,0.,-1.));
#13532=DIRECTION('ref_axis',(-0.238168142282463,0.971223937102932,0.));
#13533=DIRECTION('',(0.977394186429758,0.211425174313068,0.));
#13534=DIRECTION('center_axis',(0.,0.,-1.));
#13535=DIRECTION('ref_axis',(-0.0565164689262191,0.998401667035924,0.));
#13536=DIRECTION('',(0.999687101928343,0.0250139608641204,0.));
#13537=DIRECTION('',(1.,-3.85039335001403E-9,0.));
#13538=DIRECTION('center_axis',(0.,0.,-1.));
#13539=DIRECTION('ref_axis',(0.141303152399914,0.989966372722754,0.));
#13540=DIRECTION('',(0.985947103863182,-0.167057799529996,0.));
#13541=DIRECTION('center_axis',(0.,0.,-1.));
#13542=DIRECTION('ref_axis',(0.354034311528042,0.935232434350341,0.));
#13543=DIRECTION('',(0.926610774896307,-0.376021903412642,0.));
#13544=DIRECTION('center_axis',(0.,0.,-1.));
#13545=DIRECTION('ref_axis',(0.607251060832871,0.794510005674789,0.));
#13546=DIRECTION('',(0.778111404321188,-0.628126294995926,0.));
#13547=DIRECTION('center_axis',(0.,0.,-1.));
#13548=DIRECTION('ref_axis',(0.737512933172478,0.675333009265302,0.));
#13549=DIRECTION('',(0.653166856865065,-0.757214010100851,0.));
#13550=DIRECTION('center_axis',(0.,0.,-1.));
#13551=DIRECTION('ref_axis',(0.854395326182413,0.519623543151817,0.));
#13552=DIRECTION('',(0.489461802219415,-0.872024738277603,0.));
#13553=DIRECTION('center_axis',(0.,0.,-1.));
#13554=DIRECTION('ref_axis',(0.947421138397601,0.319989353756331,0.));
#13555=DIRECTION('',(0.280845746840566,-0.959752919496245,0.));
#13556=DIRECTION('center_axis',(0.,0.,-1.));
#13557=DIRECTION('ref_axis',(0.999999059584667,0.0013714334766883,0.));
#13558=DIRECTION('',(0.,-1.,0.));
#13559=DIRECTION('',(-0.0217439462511112,-0.999763572451722,0.));
#13560=DIRECTION('',(-0.0672990988329123,-0.997732845653724,0.));
#13561=DIRECTION('',(-0.115958919214348,-0.993254010339067,0.));
#13562=DIRECTION('',(-0.167882818171033,-0.985806958467504,0.));
#13563=DIRECTION('',(-0.223178540412515,-0.974777584425975,0.));
#13564=DIRECTION('',(-0.28182105227102,-0.959466984578862,0.));
#13565=DIRECTION('',(-0.343643199589455,-0.939100288241848,0.));
#13566=DIRECTION('',(-0.408252083974684,-0.912869232656204,0.));
#13567=DIRECTION('',(-0.47498915970536,-0.879991646643532,0.));
#13568=DIRECTION('',(-0.542896541955462,-0.839799586051816,0.));
#13569=DIRECTION('center_axis',(0.,0.,-1.));
#13570=DIRECTION('ref_axis',(0.654903453378218,-0.75571255564089,0.));
#13571=DIRECTION('',(-0.797677579893231,-0.60308413885268,0.));
#13572=DIRECTION('',(-0.849178418845881,-0.528106062232209,0.));
#13573=DIRECTION('',(-0.893200760206623,-0.449658094518836,0.));
#13574=DIRECTION('center_axis',(0.,0.,1.));
#13575=DIRECTION('ref_axis',(-0.423260009270924,0.906008258545129,0.));
#13576=DIRECTION('',(-0.503539231860037,-0.863972361813619,0.));
#13577=DIRECTION('center_axis',(0.,0.,1.));
#13578=DIRECTION('ref_axis',(-0.868962137539002,0.49487857452475,0.));
#13579=DIRECTION('',(-0.141609632439572,-0.989922578791053,0.));
#13580=DIRECTION('center_axis',(0.,0.,1.));
#13581=DIRECTION('ref_axis',(-0.991596100295118,0.129372229939482,0.));
#13582=DIRECTION('',(0.,-1.,0.));
#13583=DIRECTION('',(0.336899845202638,-0.941540489996282,0.));
#13584=DIRECTION('',(0.327000411702093,-0.945024195852499,0.));
#13585=DIRECTION('',(0.317311768276728,-0.948321275577584,0.));
#13586=DIRECTION('',(0.435635200370441,-0.900123309440549,0.));
#13587=DIRECTION('center_axis',(0.,0.,1.));
#13588=DIRECTION('ref_axis',(-0.897827243615928,-0.440347863195706,0.));
#13589=DIRECTION('',(0.820805280191265,-0.571208098690958,0.));
#13590=DIRECTION('center_axis',(0.,0.,1.));
#13591=DIRECTION('ref_axis',(-0.549809987240721,-0.835289756869051,0.));
#13592=DIRECTION('center_axis',(0.,0.,1.));
#13593=DIRECTION('ref_axis',(0.53920972830721,-0.842171519881114,0.));
#13594=DIRECTION('',(0.,0.,-1.));
#13595=DIRECTION('center_axis',(0.,0.,-1.));
#13596=DIRECTION('ref_axis',(0.53920972830721,-0.842171519881114,0.));
#13597=DIRECTION('center_axis',(-0.163089083482716,0.986611347415368,0.));
#13598=DIRECTION('ref_axis',(-0.986611347415368,-0.163089083482716,0.));
#13599=DIRECTION('',(0.,0.,-1.));
#13600=DIRECTION('',(-0.986611347415368,-0.163089083482716,0.));
#13601=DIRECTION('center_axis',(-0.19720034299372,0.980363210612862,0.));
#13602=DIRECTION('ref_axis',(-0.980363210612862,-0.19720034299372,0.));
#13603=DIRECTION('',(0.,0.,-1.));
#13604=DIRECTION('',(-0.980363210612862,-0.19720034299372,0.));
#13605=DIRECTION('center_axis',(-0.26526837696897,0.964174614984365,0.));
#13606=DIRECTION('ref_axis',(-0.964174614984365,-0.26526837696897,0.));
#13607=DIRECTION('',(0.,0.,-1.));
#13608=DIRECTION('',(-0.964174614984365,-0.26526837696897,0.));
#13609=DIRECTION('center_axis',(-0.332408962976024,0.943135346243159,0.));
#13610=DIRECTION('ref_axis',(-0.943135346243159,-0.332408962976024,0.));
#13611=DIRECTION('',(0.,0.,-1.));
#13612=DIRECTION('',(-0.943135346243159,-0.332408962976024,0.));
#13613=DIRECTION('center_axis',(0.,0.,1.));
#13614=DIRECTION('ref_axis',(-0.612662326740627,0.790344781340879,0.));
#13615=DIRECTION('',(0.,0.,-1.));
#13616=DIRECTION('center_axis',(0.,0.,1.));
#13617=DIRECTION('ref_axis',(-0.612662326740627,0.790344781340879,0.));
#13618=DIRECTION('center_axis',(-0.634952036863723,0.772551558721234,0.));
#13619=DIRECTION('ref_axis',(-0.772551558721234,-0.634952036863723,0.));
#13620=DIRECTION('',(0.,0.,-1.));
#13621=DIRECTION('',(-0.772551558721234,-0.634952036863723,0.));
#13622=DIRECTION('center_axis',(0.,0.,1.));
#13623=DIRECTION('ref_axis',(-0.838569978206979,0.544793898322978,0.));
#13624=DIRECTION('',(0.,0.,-1.));
#13625=DIRECTION('center_axis',(0.,0.,1.));
#13626=DIRECTION('ref_axis',(-0.838569978206979,0.544793898322978,0.));
#13627=DIRECTION('center_axis',(-0.852629891783657,0.522515327657466,0.));
#13628=DIRECTION('ref_axis',(-0.522515327657466,-0.852629891783657,0.));
#13629=DIRECTION('',(0.,0.,-1.));
#13630=DIRECTION('',(-0.522515327657466,-0.852629891783657,0.));
#13631=DIRECTION('center_axis',(0.,0.,1.));
#13632=DIRECTION('ref_axis',(-0.992092406958571,0.125509585511024,0.));
#13633=DIRECTION('',(0.,0.,-1.));
#13634=DIRECTION('center_axis',(0.,0.,1.));
#13635=DIRECTION('ref_axis',(-0.992092406958571,0.125509585511024,0.));
#13636=DIRECTION('center_axis',(-0.995148918563604,0.0983800278597763,0.));
#13637=DIRECTION('ref_axis',(-0.0983800278597763,-0.995148918563604,0.));
#13638=DIRECTION('',(0.,0.,-1.));
#13639=DIRECTION('',(-0.0983800278597763,-0.995148918563604,0.));
#13640=DIRECTION('center_axis',(0.,0.,1.));
#13641=DIRECTION('ref_axis',(-0.883292481224496,-0.468822346536801,0.));
#13642=DIRECTION('',(0.,0.,-1.));
#13643=DIRECTION('center_axis',(0.,0.,1.));
#13644=DIRECTION('ref_axis',(-0.883292481224497,-0.468822346536801,0.));
#13645=DIRECTION('center_axis',(-0.869009322735158,-0.494795712389854,0.));
#13646=DIRECTION('ref_axis',(0.494795712389854,-0.869009322735158,0.));
#13647=DIRECTION('',(0.,0.,-1.));
#13648=DIRECTION('',(0.494795712389854,-0.869009322735158,0.));
#13649=DIRECTION('center_axis',(0.,0.,1.));
#13650=DIRECTION('ref_axis',(-0.720443086847689,-0.693514065187847,0.));
#13651=DIRECTION('',(0.,0.,-1.));
#13652=DIRECTION('center_axis',(0.,0.,1.));
#13653=DIRECTION('ref_axis',(-0.72044308684769,-0.693514065187846,0.));
#13654=DIRECTION('center_axis',(-0.721080355745283,-0.692851441911076,0.));
#13655=DIRECTION('ref_axis',(0.692851441911076,-0.721080355745283,0.));
#13656=DIRECTION('',(0.,0.,-1.));
#13657=DIRECTION('',(0.692851441911076,-0.721080355745283,0.));
#13658=DIRECTION('center_axis',(-0.740693017431648,-0.671843623120738,0.));
#13659=DIRECTION('ref_axis',(0.671843623120738,-0.740693017431648,0.));
#13660=DIRECTION('',(0.,0.,-1.));
#13661=DIRECTION('',(0.671843623120738,-0.740693017431648,0.));
#13662=DIRECTION('center_axis',(-0.778171741184369,-0.628051543443758,0.));
#13663=DIRECTION('ref_axis',(0.628051543443758,-0.778171741184369,0.));
#13664=DIRECTION('',(0.,0.,-1.));
#13665=DIRECTION('',(0.628051543443758,-0.778171741184369,0.));
#13666=DIRECTION('center_axis',(-0.812947601792498,-0.582336841303919,0.));
#13667=DIRECTION('ref_axis',(0.582336841303919,-0.812947601792498,0.));
#13668=DIRECTION('',(0.,0.,-1.));
#13669=DIRECTION('',(0.582336841303919,-0.812947601792498,0.));
#13670=DIRECTION('center_axis',(0.,0.,1.));
#13671=DIRECTION('ref_axis',(0.833793435088761,0.552076541435048,0.));
#13672=DIRECTION('',(0.,0.,-1.));
#13673=DIRECTION('center_axis',(0.,0.,-1.));
#13674=DIRECTION('ref_axis',(0.833793435088761,0.552076541435047,0.));
#13675=DIRECTION('center_axis',(-0.988682737247741,0.150021482022787,0.));
#13676=DIRECTION('ref_axis',(-0.150021482022787,-0.988682737247741,0.));
#13677=DIRECTION('',(0.,0.,-1.));
#13678=DIRECTION('',(-0.150021482022787,-0.988682737247741,0.));
#13679=DIRECTION('center_axis',(0.,0.,1.));
#13680=DIRECTION('ref_axis',(-0.997324366872776,-0.0731034010277004,0.));
#13681=DIRECTION('',(0.,0.,-1.));
#13682=DIRECTION('center_axis',(0.,0.,1.));
#13683=DIRECTION('ref_axis',(-0.997324366872776,-0.0731034010277004,0.));
#13684=DIRECTION('center_axis',(-0.994597707095078,-0.103804629189708,0.));
#13685=DIRECTION('ref_axis',(0.103804629189708,-0.994597707095078,0.));
#13686=DIRECTION('',(0.,0.,-1.));
#13687=DIRECTION('',(0.103804629189708,-0.994597707095078,0.));
#13688=DIRECTION('center_axis',(0.,0.,1.));
#13689=DIRECTION('ref_axis',(-0.876297174665871,-0.481770963916063,0.));
#13690=DIRECTION('',(0.,0.,-1.));
#13691=DIRECTION('center_axis',(0.,0.,1.));
#13692=DIRECTION('ref_axis',(-0.876297174665871,-0.481770963916063,0.));
#13693=DIRECTION('center_axis',(-0.862660899223503,-0.50578273295052,0.));
#13694=DIRECTION('ref_axis',(0.50578273295052,-0.862660899223503,0.));
#13695=DIRECTION('',(0.,0.,-1.));
#13696=DIRECTION('',(0.50578273295052,-0.862660899223503,0.));
#13697=DIRECTION('center_axis',(0.,0.,1.));
#13698=DIRECTION('ref_axis',(-0.670513191339272,-0.741897607652178,0.));
#13699=DIRECTION('',(0.,0.,-1.));
#13700=DIRECTION('center_axis',(0.,0.,1.));
#13701=DIRECTION('ref_axis',(-0.670513191339272,-0.741897607652178,0.));
#13702=DIRECTION('center_axis',(-0.650853061021488,-0.759203722961735,0.));
#13703=DIRECTION('ref_axis',(0.759203722961735,-0.650853061021488,0.));
#13704=DIRECTION('',(0.,0.,-1.));
#13705=DIRECTION('',(0.759203722961735,-0.650853061021488,0.));
#13706=DIRECTION('center_axis',(0.,0.,1.));
#13707=DIRECTION('ref_axis',(-0.339658917104074,-0.940548680309365,0.));
#13708=DIRECTION('',(0.,0.,-1.));
#13709=DIRECTION('center_axis',(0.,0.,1.));
#13710=DIRECTION('ref_axis',(-0.339658917104074,-0.940548680309365,0.));
#13711=DIRECTION('center_axis',(-0.313471745467689,-0.949597527794507,0.));
#13712=DIRECTION('ref_axis',(0.949597527794507,-0.313471745467689,0.));
#13713=DIRECTION('',(0.,0.,-1.));
#13714=DIRECTION('',(0.949597527794507,-0.313471745467689,0.));
#13715=DIRECTION('center_axis',(0.,0.,1.));
#13716=DIRECTION('ref_axis',(0.20434749247733,-0.978898412665087,0.));
#13717=DIRECTION('',(0.,0.,-1.));
#13718=DIRECTION('center_axis',(0.,0.,1.));
#13719=DIRECTION('ref_axis',(0.204347492477331,-0.978898412665087,0.));
#13720=DIRECTION('center_axis',(0.233406356993804,-0.972379284289253,0.));
#13721=DIRECTION('ref_axis',(0.972379284289253,0.233406356993804,0.));
#13722=DIRECTION('',(0.,0.,-1.));
#13723=DIRECTION('',(0.972379284289253,0.233406356993804,0.));
#13724=DIRECTION('center_axis',(0.,0.,1.));
#13725=DIRECTION('ref_axis',(0.468248448507462,-0.88359684838186,0.));
#13726=DIRECTION('',(0.,0.,-1.));
#13727=DIRECTION('center_axis',(0.,0.,1.));
#13728=DIRECTION('ref_axis',(0.468248448507462,-0.88359684838186,0.));
#13729=DIRECTION('center_axis',(0.467440574580811,-0.884024495834568,0.));
#13730=DIRECTION('ref_axis',(0.884024495834568,0.467440574580811,0.));
#13731=DIRECTION('',(0.,0.,-1.));
#13732=DIRECTION('',(0.884024495834568,0.467440574580811,0.));
#13733=DIRECTION('center_axis',(0.,0.,1.));
#13734=DIRECTION('ref_axis',(-0.467562738030013,0.883959889364827,0.));
#13735=DIRECTION('',(0.,0.,-1.));
#13736=DIRECTION('center_axis',(0.,0.,-1.));
#13737=DIRECTION('ref_axis',(-0.467562738030013,0.883959889364827,0.));
#13738=DIRECTION('center_axis',(0.149918189460442,-0.988698405212076,0.));
#13739=DIRECTION('ref_axis',(0.988698405212076,0.149918189460442,0.));
#13740=DIRECTION('',(0.,0.,-1.));
#13741=DIRECTION('',(0.988698405212076,0.149918189460442,0.));
#13742=DIRECTION('center_axis',(0.,0.,1.));
#13743=DIRECTION('ref_axis',(-0.111409692710675,0.993774562146825,0.));
#13744=DIRECTION('',(0.,0.,-1.));
#13745=DIRECTION('center_axis',(0.,0.,-1.));
#13746=DIRECTION('ref_axis',(-0.111409692710675,0.993774562146825,0.));
#13747=DIRECTION('center_axis',(-0.467442944387602,-0.884023242761326,0.));
#13748=DIRECTION('ref_axis',(0.884023242761326,-0.467442944387601,0.));
#13749=DIRECTION('',(0.,0.,-1.));
#13750=DIRECTION('',(0.884023242761326,-0.467442944387601,0.));
#13751=DIRECTION('center_axis',(-0.435838137731998,-0.900025065038916,0.));
#13752=DIRECTION('ref_axis',(0.900025065038916,-0.435838137731998,0.));
#13753=DIRECTION('',(0.,0.,-1.));
#13754=DIRECTION('',(0.900025065038916,-0.435838137731998,0.));
#13755=DIRECTION('center_axis',(-0.370405978759294,-0.928869964472622,0.));
#13756=DIRECTION('ref_axis',(0.928869964472622,-0.370405978759294,0.));
#13757=DIRECTION('',(0.,0.,-1.));
#13758=DIRECTION('',(0.928869964472622,-0.370405978759294,0.));
#13759=DIRECTION('center_axis',(0.,0.,1.));
#13760=DIRECTION('ref_axis',(-0.121836133649711,-0.992550228722602,0.));
#13761=DIRECTION('',(0.,0.,-1.));
#13762=DIRECTION('center_axis',(0.,0.,1.));
#13763=DIRECTION('ref_axis',(-0.121836133649711,-0.992550228722602,0.));
#13764=DIRECTION('center_axis',(-0.0924257191086314,-0.995719582235507,
0.));
#13765=DIRECTION('ref_axis',(0.995719582235507,-0.0924257191086314,0.));
#13766=DIRECTION('',(0.,0.,-1.));
#13767=DIRECTION('',(0.995719582235507,-0.0924257191086314,0.));
#13768=DIRECTION('center_axis',(0.,0.,1.));
#13769=DIRECTION('ref_axis',(0.223356607479589,-0.974736798266696,0.));
#13770=DIRECTION('',(0.,0.,-1.));
#13771=DIRECTION('center_axis',(0.,0.,1.));
#13772=DIRECTION('ref_axis',(0.223356607479589,-0.974736798266696,0.));
#13773=DIRECTION('center_axis',(0.249686258143742,-0.968326790135529,0.));
#13774=DIRECTION('ref_axis',(0.968326790135529,0.249686258143743,0.));
#13775=DIRECTION('',(0.,0.,-1.));
#13776=DIRECTION('',(0.968326790135529,0.249686258143743,0.));
#13777=DIRECTION('center_axis',(0.,0.,1.));
#13778=DIRECTION('ref_axis',(0.578938796285081,-0.815371001542231,0.));
#13779=DIRECTION('',(0.,0.,-1.));
#13780=DIRECTION('center_axis',(0.,0.,1.));
#13781=DIRECTION('ref_axis',(0.578938796285081,-0.815371001542231,0.));
#13782=DIRECTION('center_axis',(0.60036114736281,-0.799729012064218,0.));
#13783=DIRECTION('ref_axis',(0.799729012064218,0.60036114736281,0.));
#13784=DIRECTION('',(0.,0.,-1.));
#13785=DIRECTION('',(0.799729012064218,0.60036114736281,0.));
#13786=DIRECTION('center_axis',(0.,0.,1.));
#13787=DIRECTION('ref_axis',(0.809959956115489,-0.586485182668237,0.));
#13788=DIRECTION('',(0.,0.,-1.));
#13789=DIRECTION('center_axis',(0.,0.,1.));
#13790=DIRECTION('ref_axis',(0.809959956115489,-0.586485182668237,0.));
#13791=DIRECTION('center_axis',(0.826332252465496,-0.563182926352797,0.));
#13792=DIRECTION('ref_axis',(0.563182926352797,0.826332252465496,0.));
#13793=DIRECTION('',(0.,0.,-1.));
#13794=DIRECTION('',(0.563182926352797,0.826332252465496,0.));
#13795=DIRECTION('center_axis',(0.,0.,1.));
#13796=DIRECTION('ref_axis',(0.990998823839587,-0.133870576111985,0.));
#13797=DIRECTION('',(0.,0.,-1.));
#13798=DIRECTION('center_axis',(0.,0.,1.));
#13799=DIRECTION('ref_axis',(0.990998823839587,-0.133870576111985,0.));
#13800=DIRECTION('center_axis',(0.994590908865338,-0.103869745366113,0.));
#13801=DIRECTION('ref_axis',(0.103869745366113,0.994590908865338,0.));
#13802=DIRECTION('',(0.,0.,-1.));
#13803=DIRECTION('',(0.103869745366113,0.994590908865338,0.));
#13804=DIRECTION('center_axis',(0.,0.,1.));
#13805=DIRECTION('ref_axis',(0.988549034919466,0.150899985287581,0.));
#13806=DIRECTION('',(0.,0.,-1.));
#13807=DIRECTION('center_axis',(0.,0.,1.));
#13808=DIRECTION('ref_axis',(0.988549034919466,0.150899985287581,0.));
#13809=DIRECTION('center_axis',(0.98868392416373,0.150013659712071,0.));
#13810=DIRECTION('ref_axis',(-0.150013659712071,0.988683924163729,0.));
#13811=DIRECTION('',(0.,0.,-1.));
#13812=DIRECTION('',(-0.150013659712071,0.988683924163729,0.));
#13813=DIRECTION('center_axis',(0.,0.,1.));
#13814=DIRECTION('ref_axis',(-0.988628947634799,-0.150375542886836,0.));
#13815=DIRECTION('',(0.,0.,-1.));
#13816=DIRECTION('center_axis',(0.,0.,-1.));
#13817=DIRECTION('ref_axis',(-0.988628947634799,-0.150375542886836,0.));
#13818=DIRECTION('center_axis',(0.943868732879042,-0.330320776054598,0.));
#13819=DIRECTION('ref_axis',(0.330320776054598,0.943868732879042,0.));
#13820=DIRECTION('',(0.,0.,-1.));
#13821=DIRECTION('',(0.330320776054598,0.943868732879042,0.));
#13822=DIRECTION('center_axis',(0.,0.,1.));
#13823=DIRECTION('ref_axis',(-0.930873166195709,0.365342508417479,0.));
#13824=DIRECTION('',(0.,0.,-1.));
#13825=DIRECTION('center_axis',(0.,0.,-1.));
#13826=DIRECTION('ref_axis',(-0.930873166195709,0.365342508417479,0.));
#13827=DIRECTION('center_axis',(0.721078055980713,-0.692853835367226,0.));
#13828=DIRECTION('ref_axis',(0.692853835367226,0.721078055980713,0.));
#13829=DIRECTION('',(0.,0.,-1.));
#13830=DIRECTION('',(0.692853835367226,0.721078055980713,0.));
#13831=DIRECTION('center_axis',(0.744852838799152,-0.667228782752096,0.));
#13832=DIRECTION('ref_axis',(0.667228782752096,0.744852838799152,0.));
#13833=DIRECTION('',(0.,0.,-1.));
#13834=DIRECTION('',(0.667228782752096,0.744852838799152,0.));
#13835=DIRECTION('center_axis',(0.790090141137943,-0.612990676011166,0.));
#13836=DIRECTION('ref_axis',(0.612990676011166,0.790090141137943,0.));
#13837=DIRECTION('',(0.,0.,-1.));
#13838=DIRECTION('',(0.612990676011166,0.790090141137943,0.));
#13839=DIRECTION('center_axis',(0.,0.,1.));
#13840=DIRECTION('ref_axis',(0.944331143613268,-0.328996491169827,0.));
#13841=DIRECTION('',(0.,0.,-1.));
#13842=DIRECTION('center_axis',(0.,0.,1.));
#13843=DIRECTION('ref_axis',(0.944331143613268,-0.328996491169827,0.));
#13844=DIRECTION('center_axis',(0.953579873610204,-0.301140207620219,0.));
#13845=DIRECTION('ref_axis',(0.301140207620219,0.953579873610203,0.));
#13846=DIRECTION('',(0.,0.,-1.));
#13847=DIRECTION('',(0.301140207620219,0.953579873610203,0.));
#13848=DIRECTION('center_axis',(0.,0.,1.));
#13849=DIRECTION('ref_axis',(0.999979316849296,0.00643163071193866,0.));
#13850=DIRECTION('',(0.,0.,-1.));
#13851=DIRECTION('center_axis',(0.,0.,1.));
#13852=DIRECTION('ref_axis',(0.999979316849296,0.00643163071193866,0.));
#13853=DIRECTION('center_axis',(0.999455683846968,0.0329899382538139,0.));
#13854=DIRECTION('ref_axis',(-0.0329899382538139,0.999455683846967,0.));
#13855=DIRECTION('',(0.,0.,-1.));
#13856=DIRECTION('',(-0.0329899382538139,0.999455683846967,0.));
#13857=DIRECTION('center_axis',(0.,0.,1.));
#13858=DIRECTION('ref_axis',(0.896680950708477,0.442677391151324,0.));
#13859=DIRECTION('',(0.,0.,-1.));
#13860=DIRECTION('center_axis',(0.,0.,1.));
#13861=DIRECTION('ref_axis',(0.896680950708477,0.442677391151324,0.));
#13862=DIRECTION('center_axis',(0.884657559837593,0.466241355761365,0.));
#13863=DIRECTION('ref_axis',(-0.466241355761365,0.884657559837593,0.));
#13864=DIRECTION('',(0.,0.,-1.));
#13865=DIRECTION('',(-0.466241355761365,0.884657559837593,0.));
#13866=DIRECTION('center_axis',(0.,0.,1.));
#13867=DIRECTION('ref_axis',(0.424693422317427,0.905337228352127,0.));
#13868=DIRECTION('',(0.,0.,-1.));
#13869=DIRECTION('center_axis',(0.,0.,1.));
#13870=DIRECTION('ref_axis',(0.424693422317427,0.905337228352127,0.));
#13871=DIRECTION('center_axis',(0.093544280554257,0.565896983480873,0.819152044288992));
#13872=DIRECTION('ref_axis',(0.993542670448339,0.,-0.113459076315576));
#13873=DIRECTION('',(-0.986611282501375,0.163089476181,0.));
#13874=DIRECTION('',(0.133255525584122,0.808240704594946,-0.573576436351045));
#13875=DIRECTION('center_axis',(0.,0.,1.));
#13876=DIRECTION('ref_axis',(-0.162674959445154,-0.986679713772163,0.));
#13877=DIRECTION('center_axis',(0.,0.,-1.));
#13878=DIRECTION('ref_axis',(-0.162674959445154,-0.986679713772163,0.));
#13879=DIRECTION('center_axis',(0.327631505669668,0.470794567544905,0.81915204428899));
#13880=DIRECTION('ref_axis',(0.928488147155045,0.,-0.371362034398497));
#13881=DIRECTION('',(-0.820805280181983,0.571208098704296,0.));
#13882=DIRECTION('center_axis',(0.,0.,1.));
#13883=DIRECTION('ref_axis',(-0.601696684503249,-0.798724670870882,0.));
#13884=DIRECTION('center_axis',(0.,0.,-1.));
#13885=DIRECTION('ref_axis',(-0.601696684503249,-0.798724670870882,0.));
#13886=DIRECTION('center_axis',(0.542043610522589,0.187559730829412,0.819152044288992));
#13887=DIRECTION('ref_axis',(0.833952024734895,0.,-0.55183695095614));
#13888=DIRECTION('',(-0.327000411702094,0.945024195852498,0.));
#13889=DIRECTION('',(0.811492805914022,0.136429398766941,-0.568213379903957));
#13890=DIRECTION('center_axis',(0.573576436351046,4.13710584071888E-14,
0.819152044288992));
#13891=DIRECTION('ref_axis',(0.819152044288992,0.,-0.573576436351046));
#13892=DIRECTION('',(-7.21282392114666E-14,1.,0.));
#13893=DIRECTION('',(0.745542344956699,-0.41430270144215,-0.522034369993206));
#13894=DIRECTION('center_axis',(0.302909193190547,-0.487068731307829,0.819152044288991));
#13895=DIRECTION('ref_axis',(0.937927805779328,0.,-0.34683055105624));
#13896=DIRECTION('',(0.849178418845867,0.528106062232231,0.));
#13897=DIRECTION('',(0.463946196146739,-0.675441296665998,-0.573177966986805));
#13898=DIRECTION('center_axis',(0.345914851194194,-0.457529063623797,0.819152044288989));
#13899=DIRECTION('ref_axis',(0.921229146584291,0.,-0.38902038440624));
#13900=DIRECTION('',(0.797677579878425,0.603084138872263,0.));
#13901=DIRECTION('center_axis',(0.413593381680359,-0.39740463380209,0.81915204428899));
#13902=DIRECTION('ref_axis',(0.892669170356579,0.,-0.450712494052358));
#13903=DIRECTION('',(-0.590281304874961,0.567959552061541,0.573576436351046));
#13904=DIRECTION('',(0.60053204610063,-0.55717032803795,-0.573517643285953));
#13905=DIRECTION('center_axis',(0.,0.,-1.));
#13906=DIRECTION('ref_axis',(0.82280648331261,-0.568321643982293,0.));
#13907=DIRECTION('center_axis',(0.,0.,1.));
#13908=DIRECTION('ref_axis',(0.82280648331261,-0.568321643982293,0.));
#13909=DIRECTION('center_axis',(0.481689253822901,-0.311392663832506,0.819152044288991));
#13910=DIRECTION('ref_axis',(0.862010035528147,0.,-0.506891209875219));
#13911=DIRECTION('',(0.542896541938699,0.839799586062653,0.));
#13912=DIRECTION('',(0.705114734252281,-0.417333332304905,-0.573276635916394));
#13913=DIRECTION('center_axis',(0.504742472700457,-0.272442589529218,0.819152044288997));
#13914=DIRECTION('ref_axis',(0.851357148053983,0.,-0.524586509984186));
#13915=DIRECTION('',(0.474989159705435,0.879991646643492,0.));
#13916=DIRECTION('',(0.734988697115102,-0.362087398094261,-0.57330997833142));
#13917=DIRECTION('center_axis',(0.,0.,1.));
#13918=DIRECTION('ref_axis',(-0.988628947634799,-0.150375542886836,0.));
#13919=DIRECTION('',(-0.809882457634381,-0.122883996024415,0.573576436351046));
#13920=DIRECTION('center_axis',(0.523600281321483,-0.234163775459027,0.819152044288994));
#13921=DIRECTION('ref_axis',(0.8425781049086,0.,-0.538574170498951));
#13922=DIRECTION('',(0.408252083974581,0.912869232656251,0.));
#13923=DIRECTION('',(0.759135569095265,-0.308207261268374,-0.573342368777903));
#13924=DIRECTION('center_axis',(0.5670858018994,0.0860443003416281,0.819152044288992));
#13925=DIRECTION('ref_axis',(0.822201332499449,0.,-0.569196775145582));
#13926=DIRECTION('center_axis',(0.538645796705972,-0.197105641796855,0.819152044288994));
#13927=DIRECTION('ref_axis',(0.835543524057792,0.,-0.549424261755054));
#13928=DIRECTION('',(0.34364319958957,0.939100288241806,0.));
#13929=DIRECTION('',(0.778155369467143,-0.256355607179445,-0.573372499896108));
#13930=DIRECTION('center_axis',(0.550327653811228,-0.161645914850315,0.819152044288991));
#13931=DIRECTION('ref_axis',(0.830068421546157,0.,-0.557661560045044));
#13932=DIRECTION('',(0.281821052271021,0.959466984578862,0.));
#13933=DIRECTION('',(0.792703967470074,-0.206962029055742,-0.573399632443495));
#13934=DIRECTION('center_axis',(0.559109453109931,-0.128009951879844,0.819152044288992));
#13935=DIRECTION('ref_axis',(0.825947208288615,0.,-0.563747469280566));
#13936=DIRECTION('',(0.223178540412525,0.974777584425973,0.));
#13937=DIRECTION('',(0.803432780747078,-0.160253999710598,-0.573423423307571));
#13938=DIRECTION('center_axis',(0.565435642167861,-0.0962936285710752,0.819152044288992));
#13939=DIRECTION('ref_axis',(0.822976439579876,0.,-0.568075505453659));
#13940=DIRECTION('',(0.167882818170969,0.985806958467515,0.));
#13941=DIRECTION('',(0.810946622674593,-0.116307936912816,-0.573444015561899));
#13942=DIRECTION('center_axis',(0.569707095641659,-0.0665113036461271,0.819152044288994));
#13943=DIRECTION('ref_axis',(0.820969941330395,0.,-0.570971413848336));
#13944=DIRECTION('',(0.115958919214423,0.993254010339059,0.));
#13945=DIRECTION('',(0.815784095445716,-0.0750878771679519,-0.573461524707826));
#13946=DIRECTION('center_axis',(0.57227605004045,-0.0386011772782451,0.819152044288992));
#13947=DIRECTION('ref_axis',(0.819763016273547,0.,-0.572702887324742));
#13948=DIRECTION('',(0.0672990988329584,0.997732845653721,0.));
#13949=DIRECTION('',(0.818409358505901,-0.0364824991657077,-0.573476371932256));
#13950=DIRECTION('center_axis',(0.573440827080452,-0.0124718152029784,0.819152044288989));
#13951=DIRECTION('ref_axis',(0.819215759705497,0.,-0.573485430547408));
#13952=DIRECTION('',(0.021743946251211,0.999763572451719,0.));
#13953=DIRECTION('',(0.819119553945467,-0.00890648391274973,-0.573553686143234));
#13954=DIRECTION('center_axis',(0.573576436351046,2.06345518660184E-8,0.819152044288992));
#13955=DIRECTION('ref_axis',(0.819152044288992,0.,-0.573576436351046));
#13956=DIRECTION('',(-3.59752433298871E-8,0.999999999999999,0.));
#13957=DIRECTION('',(0.81915178737244,0.000648773739877389,-0.573576436351051));
#13958=DIRECTION('center_axis',(0.,0.,-1.));
#13959=DIRECTION('ref_axis',(0.965879727257276,0.258991027785538,0.));
#13960=DIRECTION('center_axis',(0.,0.,1.));
#13961=DIRECTION('ref_axis',(0.965879727257276,0.258991027785538,0.));
#13962=DIRECTION('center_axis',(0.550491659344211,0.16108650263018,0.819152044288992));
#13963=DIRECTION('ref_axis',(0.829991491356346,0.,-0.557776052081899));
#13964=DIRECTION('',(-0.280845746828397,0.959752919499805,0.));
#13965=DIRECTION('center_axis',(0.,0.,-1.));
#13966=DIRECTION('ref_axis',(0.882041526077748,0.471171673888018,0.));
#13967=DIRECTION('center_axis',(0.,0.,1.));
#13968=DIRECTION('ref_axis',(0.882041526077748,0.471171673888018,0.));
#13969=DIRECTION('center_axis',(0.500172841794977,0.280743756240282,0.819152044288991));
#13970=DIRECTION('ref_axis',(0.853476515508599,0.,-0.521131305407093));
#13971=DIRECTION('',(-0.48946180220775,0.872024738284151,0.));
#13972=DIRECTION('center_axis',(0.,0.,-1.));
#13973=DIRECTION('ref_axis',(0.769423804084095,0.638738608281008,0.));
#13974=DIRECTION('center_axis',(0.,0.,1.));
#13975=DIRECTION('ref_axis',(0.769423804084096,0.638738608281008,0.));
#13976=DIRECTION('center_axis',(0.434320113472811,0.374641118098543,0.819152044288994));
#13977=DIRECTION('ref_axis',(0.883497231653967,0.,-0.468436379522103));
#13978=DIRECTION('',(-0.653166856856814,0.757214010107969,0.));
#13979=DIRECTION('center_axis',(-0.26811425823928,-0.507054901234536,0.819152044288993));
#13980=DIRECTION('ref_axis',(0.950387479242907,0.,0.31106854437296));
#13981=DIRECTION('',(0.382720537386023,0.724247928492577,0.573576436351045));
#13982=DIRECTION('',(-0.370039417532719,-0.730855776498615,-0.573516053332993));
#13983=DIRECTION('center_axis',(0.,0.,-1.));
#13984=DIRECTION('ref_axis',(0.641928282322442,0.766764683820636,0.));
#13985=DIRECTION('center_axis',(0.,0.,1.));
#13986=DIRECTION('ref_axis',(0.641928282322442,0.766764683820636,0.));
#13987=DIRECTION('center_axis',(0.360278441863699,0.446306366373403,0.819152044288992));
#13988=DIRECTION('ref_axis',(0.915376176797831,0.,-0.40259962115107));
#13989=DIRECTION('',(-0.778111404319006,0.628126294998629,0.));
#13990=DIRECTION('center_axis',(0.,0.,-1.));
#13991=DIRECTION('ref_axis',(0.392378532407021,0.919803830882494,0.));
#13992=DIRECTION('center_axis',(0.,0.,1.));
#13993=DIRECTION('ref_axis',(0.392378532407021,0.919803830882494,0.));
#13994=DIRECTION('center_axis',(0.,0.,1.));
#13995=DIRECTION('ref_axis',(-0.467562738030013,0.883959889364827,0.));
#13996=DIRECTION('',(-0.382904902251493,0.724150472964432,0.573576436351044));
#13997=DIRECTION('center_axis',(0.268112898973946,-0.50705561996782,0.819152044288993));
#13998=DIRECTION('ref_axis',(0.950387945468865,0.,-0.311067119939523));
#13999=DIRECTION('center_axis',(0.,0.,-1.));
#14000=DIRECTION('ref_axis',(0.187195518431411,0.98232267503056,0.));
#14001=DIRECTION('',(-0.301562651451013,-0.761633753627943,0.573562544614312));
#14002=DIRECTION('center_axis',(0.,0.,1.));
#14003=DIRECTION('ref_axis',(0.187195518431411,0.98232267503056,0.));
#14004=DIRECTION('center_axis',(0.0958204173425329,0.565516026260503,0.819152044288991));
#14005=DIRECTION('ref_axis',(0.993227829332685,0.,-0.116182955028188));
#14006=DIRECTION('',(-0.985947103856248,0.167057799570915,0.));
#14007=DIRECTION('center_axis',(0.,0.,-1.));
#14008=DIRECTION('ref_axis',(0.000691926961939875,0.999999760618511,0.));
#14009=DIRECTION('center_axis',(0.,0.,1.));
#14010=DIRECTION('ref_axis',(0.000691926961939874,0.999999760618511,0.));
#14011=DIRECTION('',(0.,0.819152044288992,-0.573576436351046));
#14012=DIRECTION('center_axis',(0.,0.573576436351046,0.819152044288992));
#14013=DIRECTION('ref_axis',(1.,0.,0.));
#14014=DIRECTION('',(-1.,0.,0.));
#14015=DIRECTION('',(-0.0102461837917844,0.819109044115646,-0.573546327305525));
#14016=DIRECTION('center_axis',(-0.0143474185309964,0.573396965390175,0.819152044288992));
#14017=DIRECTION('ref_axis',(0.999846648301122,0.,0.017512278007487));
#14018=DIRECTION('',(-0.999687101928363,-0.0250139608633004,0.));
#14019=DIRECTION('center_axis',(0.,0.,-1.));
#14020=DIRECTION('ref_axis',(-0.193513592872522,0.981097594214545,0.));
#14021=DIRECTION('center_axis',(0.,0.,1.));
#14022=DIRECTION('ref_axis',(-0.193513592872522,0.981097594214545,0.));
#14023=DIRECTION('center_axis',(-0.121268498033415,0.56061027436347,0.819152044288992));
#14024=DIRECTION('ref_axis',(0.989218750570454,0.,0.146445428470234));
#14025=DIRECTION('',(-0.977394186431257,-0.21142517430614,0.));
#14026=DIRECTION('center_axis',(0.,0.,-1.));
#14027=DIRECTION('ref_axis',(-0.613182503430011,0.789941274708003,0.));
#14028=DIRECTION('',(0.345913672457578,-0.742543183469557,0.573561986092007));
#14029=DIRECTION('center_axis',(0.,0.,1.));
#14030=DIRECTION('ref_axis',(-0.613182503430011,0.789941274708003,0.));
#14031=DIRECTION('center_axis',(0.,0.,-1.));
#14032=DIRECTION('ref_axis',(-0.997324366872776,-0.0731034010277004,0.));
#14033=DIRECTION('',(0.809771038915532,-0.123616802267267,0.573576281527466));
#14034=DIRECTION('center_axis',(0.,0.,-1.));
#14035=DIRECTION('ref_axis',(-0.743787761201632,0.668415863281733,0.));
#14036=DIRECTION('',(0.520032172940997,-0.632924165447474,0.573562149988024));
#14037=DIRECTION('center_axis',(0.,0.,1.));
#14038=DIRECTION('ref_axis',(-0.743787761201632,0.668415863281733,0.));
#14039=DIRECTION('center_axis',(-0.567085121112356,0.0860487870347325,0.819152044288993));
#14040=DIRECTION('ref_axis',(0.822201652289935,0.,0.569196313209863));
#14041=DIRECTION('',(0.809926989674056,-0.122590142590505,0.573576436351043));
#14042=DIRECTION('center_axis',(-0.434362357984093,0.374592138603656,0.819152044288994));
#14043=DIRECTION('ref_axis',(0.883478374593715,0.,0.468471943263679));
#14044=DIRECTION('',(-0.653081463713402,-0.757287661165795,0.));
#14045=DIRECTION('center_axis',(0.,0.,-1.));
#14046=DIRECTION('ref_axis',(-0.860798680740759,0.508945607344213,0.));
#14047=DIRECTION('center_axis',(0.,0.,1.));
#14048=DIRECTION('ref_axis',(-0.860798680740759,0.508945607344213,0.));
#14049=DIRECTION('center_axis',(-0.500228529731986,0.280644519596129,0.819152044288991));
#14050=DIRECTION('ref_axis',(0.853450708872267,0.,0.521173567562117));
#14051=DIRECTION('',(-0.489288788398493,-0.872121827239483,0.));
#14052=DIRECTION('center_axis',(0.,0.,-1.));
#14053=DIRECTION('ref_axis',(-0.952510689890895,0.304505148796489,0.));
#14054=DIRECTION('center_axis',(0.,0.,1.));
#14055=DIRECTION('ref_axis',(-0.952510689890895,0.304505148796489,0.));
#14056=DIRECTION('center_axis',(-0.424844061368547,-0.385353671134767,0.819152044288993));
#14057=DIRECTION('ref_axis',(0.887710881480822,0.,0.460401336771019));
#14058=DIRECTION('',(0.598787821179969,0.559024853056541,0.573536711006068));
#14059=DIRECTION('',(-0.622434150071949,-0.532699925120729,-0.573416531502694));
#14060=DIRECTION('center_axis',(-0.550520104514702,0.160989263189468,0.819152044288992));
#14061=DIRECTION('ref_axis',(0.829978148404647,0.,0.55779590637687));
#14062=DIRECTION('',(-0.28067621503708,-0.959802512141148,0.));
#14063=DIRECTION('center_axis',(-0.413594700771123,-0.397403260972038,0.819152044288993));
#14064=DIRECTION('ref_axis',(0.892668592006101,0.,0.450713639516097));
#14065=DIRECTION('center_axis',(0.,0.,-1.));
#14066=DIRECTION('ref_axis',(-0.999999693752013,0.000782621160534626,0.));
#14067=DIRECTION('center_axis',(0.,0.,1.));
#14068=DIRECTION('ref_axis',(-0.999999693752013,0.000782621160534626,0.));
#14069=DIRECTION('',(-0.819152044288992,0.,-0.573576436351046));
#14070=DIRECTION('center_axis',(-0.573576436351046,0.,0.819152044288992));
#14071=DIRECTION('ref_axis',(0.819152044288992,0.,0.573576436351046));
#14072=DIRECTION('',(0.,-1.,0.));
#14073=DIRECTION('',(-0.819119596209115,-0.00890067489807324,-0.573553715960916));
#14074=DIRECTION('center_axis',(-0.573441004358932,-0.0124636614598116,
0.819152044288992));
#14075=DIRECTION('ref_axis',(0.819215676412117,0.,0.573485549530795));
#14076=DIRECTION('',(0.0217297306338146,-0.999763881527324,0.));
#14077=DIRECTION('',(-0.818410233258424,-0.0364612501740444,-0.573476474960951));
#14078=DIRECTION('center_axis',(-0.572277504924645,-0.038579602050683,0.819152044288992));
#14079=DIRECTION('ref_axis',(0.819762332724109,0.,0.572703865751512));
#14080=DIRECTION('',(0.0672614835716004,-0.997735382166909,0.));
#14081=DIRECTION('',(-0.815787781907581,-0.075046917029972,-0.573461642252213));
#14082=DIRECTION('center_axis',(-0.569711264758425,-0.0664755830701747,
0.819152044288993));
#14083=DIRECTION('ref_axis',(0.820967982718207,0.,0.570974230024085));
#14084=DIRECTION('',(0.11589664229074,-0.993261278972322,0.));
#14085=DIRECTION('center_axis',(0.,0.,-1.));
#14086=DIRECTION('ref_axis',(-0.838569156762708,-0.544795162722908,0.));
#14087=DIRECTION('',(0.75164386159196,0.32565402623803,0.573568618847028));
#14088=DIRECTION('center_axis',(0.,0.,1.));
#14089=DIRECTION('ref_axis',(-0.838569156762708,-0.544795162722908,0.));
#14090=DIRECTION('center_axis',(0.,0.,-1.));
#14091=DIRECTION('ref_axis',(-0.669951720922458,-0.742404668380417,0.));
#14092=DIRECTION('',(0.675500161958569,0.463380003277208,0.573566477190536));
#14093=DIRECTION('center_axis',(-0.376348542271188,-0.432841429472177,0.819152044288992));
#14094=DIRECTION('ref_axis',(0.9086846769481,0.,0.417483122868132));
#14095=DIRECTION('center_axis',(-0.0935440553117744,0.56589702071401,0.819152044288992));
#14096=DIRECTION('ref_axis',(0.99354270124457,0.,0.113458806637664));
#14097=DIRECTION('',(0.133320243809056,-0.80823003176913,0.573576436351046));
#14098=DIRECTION('',(-0.147595397959901,0.80578660192298,-0.573518570459994));
#14099=DIRECTION('center_axis',(0.,0.,-1.));
#14100=DIRECTION('ref_axis',(-0.52866987526755,-0.848827522518322,0.));
#14101=DIRECTION('center_axis',(-0.573576436351046,0.,0.819152044288992));
#14102=DIRECTION('ref_axis',(0.819152044288992,0.,0.573576436351046));
#14103=DIRECTION('',(-0.810994348384606,0.140777270408035,-0.567864356184372));
#14104=DIRECTION('center_axis',(-0.540021393264149,0.193305000334223,0.819152044288991));
#14105=DIRECTION('ref_axis',(0.834899318809014,0.,0.550402695716731));
#14106=DIRECTION('',(-0.337016983410236,-0.94149856765322,0.));
#14107=DIRECTION('',(-0.750168166144576,0.330735999116239,-0.572591845376675));
#14108=DIRECTION('center_axis',(-0.506961247883583,0.268291299675342,0.819152044288993));
#14109=DIRECTION('ref_axis',(0.850326870904399,0.,0.526254893200941));
#14110=DIRECTION('',(-0.467751606711997,-0.883859963126708,0.));
#14111=DIRECTION('',(-0.712203778656005,0.404941750984891,-0.573400345288873));
#14112=DIRECTION('center_axis',(-0.489813433210464,0.298450546965062,0.819152044288992));
#14113=DIRECTION('ref_axis',(0.858267499996591,0.,0.513202590065173));
#14114=DIRECTION('center_axis',(0.,0.,1.));
#14115=DIRECTION('ref_axis',(0.832611357894216,-0.553857677301262,0.));
#14116=DIRECTION('center_axis',(-0.327632443208604,0.470793915099086,0.819152044288993));
#14117=DIRECTION('ref_axis',(0.928487780738237,0.,0.371362950521163));
#14118=DIRECTION('center_axis',(0.,0.,1.));
#14119=DIRECTION('ref_axis',(0.53920972830721,-0.842171519881114,0.));
#14120=DIRECTION('center_axis',(-0.113109469981542,0.562313236672996,0.819152044288991));
#14121=DIRECTION('ref_axis',(0.990600988212181,0.,0.136783340188238));
#14122=DIRECTION('',(-0.189570278953954,0.797084347812245,-0.57334078156891));
#14123=DIRECTION('center_axis',(-0.152151690338488,0.553027839682873,0.819152044288992));
#14124=DIRECTION('ref_axis',(0.98318368213694,0.,0.182619405265841));
#14125=DIRECTION('',(-0.244995812402929,0.781831470301619,-0.5733381235807));
#14126=DIRECTION('center_axis',(-0.475308148179658,-0.321048427205603,0.819152044288991));
#14127=DIRECTION('ref_axis',(0.864939539851904,0.,0.501876072751808));
#14128=DIRECTION('center_axis',(-0.190661948394935,0.540960210894861,0.819152044288992));
#14129=DIRECTION('ref_axis',(0.97396565199457,0.,0.226695630162542));
#14130=DIRECTION('center_axis',(0.,0.,-1.));
#14131=DIRECTION('ref_axis',(-0.612662326740627,0.790344781340879,0.));
#14132=DIRECTION('center_axis',(-0.527745822971626,-0.224664805150172,0.819152044288993));
#14133=DIRECTION('ref_axis',(0.840642130319879,0.,0.54159099764606));
#14134=DIRECTION('',(0.391691134627906,-0.920096763962304,0.));
#14135=DIRECTION('center_axis',(-0.364193526558133,0.443117369948772,0.819152044288992));
#14136=DIRECTION('ref_axis',(0.913759397511545,0.,0.406255785754909));
#14137=DIRECTION('center_axis',(0.,0.,-1.));
#14138=DIRECTION('ref_axis',(-0.926378234159098,-0.376594433411158,0.));
#14139=DIRECTION('',(0.794680439789558,0.198744850766846,0.573570817693455));
#14140=DIRECTION('center_axis',(0.,0.,1.));
#14141=DIRECTION('ref_axis',(-0.926378234159098,-0.376594433411158,0.));
#14142=DIRECTION('center_axis',(0.,0.,-1.));
#14143=DIRECTION('ref_axis',(-0.838569978206978,0.544793898322978,0.));
#14144=DIRECTION('center_axis',(-0.557182388050095,-0.136153276802136,0.819152044288992));
#14145=DIRECTION('ref_axis',(0.826851867542477,0.,0.562419762403063));
#14146=DIRECTION('',(0.237375994153997,-0.971417849022449,0.));
#14147=DIRECTION('center_axis',(-0.489048414855648,0.299702479576568,0.819152044288992));
#14148=DIRECTION('ref_axis',(0.858620496246379,0.,0.512611786272635));
#14149=DIRECTION('center_axis',(0.,0.,-1.));
#14150=DIRECTION('ref_axis',(-0.974473465468216,-0.224502706216128,0.));
#14151=DIRECTION('center_axis',(0.,0.,-1.));
#14152=DIRECTION('ref_axis',(-0.992092406958571,0.125509585511024,0.));
#14153=DIRECTION('center_axis',(-0.570793970348311,0.0564284657879273,0.819152044288991));
#14154=DIRECTION('ref_axis',(0.820459327479043,0.,0.571704899360357));
#14155=DIRECTION('center_axis',(0.,0.,-1.));
#14156=DIRECTION('ref_axis',(-0.883292481224497,-0.468822346536801,0.));
#14157=DIRECTION('center_axis',(-0.498443270490269,-0.28380316143435,0.819152044288991));
#14158=DIRECTION('ref_axis',(0.854277757994879,0.,0.519816806380134));
#14159=DIRECTION('center_axis',(0.,0.,-1.));
#14160=DIRECTION('ref_axis',(-0.72044308684769,-0.693514065187847,0.));
#14161=DIRECTION('center_axis',(-0.446340974177619,-0.360235566133245,0.819152044288992));
#14162=DIRECTION('ref_axis',(0.878106940690033,0.,0.478464419483822));
#14163=DIRECTION('',(-0.652041723693042,-0.496017933671639,-0.573417648873423));
#14164=DIRECTION('center_axis',(-0.466287588376269,-0.334014690191025,0.819152044288993));
#14165=DIRECTION('ref_axis',(0.869064256973792,0.,0.494699218971074));
#14166=DIRECTION('center_axis',(0.,0.,1.));
#14167=DIRECTION('ref_axis',(0.833793435088761,0.552076541435048,0.));
#14168=DIRECTION('center_axis',(-0.360294090421291,0.446293733705347,0.819152044288992));
#14169=DIRECTION('ref_axis',(0.915369732327758,0.,0.402614273391056));
#14170=DIRECTION('',(-0.778089379934364,-0.628153577426219,0.));
#14171=DIRECTION('center_axis',(-0.570477808438516,-0.0595398892873745,
0.819152044288992));
#14172=DIRECTION('ref_axis',(0.820607862439135,0.,0.571491676320027));
#14173=DIRECTION('center_axis',(0.,0.,-1.));
#14174=DIRECTION('ref_axis',(-0.876297174665871,-0.481770963916063,0.));
#14175=DIRECTION('center_axis',(-0.237693934601884,0.522007204730586,0.819152044288993));
#14176=DIRECTION('ref_axis',(0.960385269106437,0.,0.278675680466303));
#14177=DIRECTION('',(-0.910091788378668,-0.414406728620226,0.));
#14178=DIRECTION('center_axis',(-0.494801964356005,-0.290105057533651,0.819152044288992));
#14179=DIRECTION('ref_axis',(0.855962896086207,0.,0.517037252549284));
#14180=DIRECTION('center_axis',(0.,0.,-1.));
#14181=DIRECTION('ref_axis',(-0.398778079779735,0.917047459560947,0.));
#14182=DIRECTION('center_axis',(0.,0.,1.));
#14183=DIRECTION('ref_axis',(-0.398778079779735,0.917047459560947,0.));
#14184=DIRECTION('center_axis',(0.,0.,-1.));
#14185=DIRECTION('ref_axis',(-0.670513191339272,-0.741897607652177,0.));
#14186=DIRECTION('center_axis',(-0.373313979328873,-0.435461365880836,0.819152044288994));
#14187=DIRECTION('ref_axis',(0.909959222941082,0.,0.414697736411067));
#14188=DIRECTION('center_axis',(0.,0.,-1.));
#14189=DIRECTION('ref_axis',(-0.339658917104074,-0.940548680309365,0.));
#14190=DIRECTION('center_axis',(-0.179800006662099,-0.544666765960137,0.819152044288992));
#14191=DIRECTION('ref_axis',(0.976747803225373,0.,0.214391531769352));
#14192=DIRECTION('center_axis',(0.,0.,-1.));
#14193=DIRECTION('ref_axis',(0.20434749247733,-0.978898412665087,0.));
#14194=DIRECTION('center_axis',(0.133876386466186,-0.55773384466421,0.819152044288993));
#14195=DIRECTION('ref_axis',(0.986906566216307,0.,-0.161292992901546));
#14196=DIRECTION('center_axis',(0.,0.,-1.));
#14197=DIRECTION('ref_axis',(0.468248448507462,-0.88359684838186,0.));
#14198=DIRECTION('center_axis',(0.215677303371456,0.531482106140543,0.819152044288989));
#14199=DIRECTION('ref_axis',(0.967042285714924,0.,-0.254615823623071));
#14200=DIRECTION('',(-0.926610774880675,0.376021903451161,0.));
#14201=DIRECTION('center_axis',(0.0859895408549219,-0.567094107887509,0.819152044288989));
#14202=DIRECTION('ref_axis',(0.994535367713702,0.,-0.104400202904837));
#14203=DIRECTION('center_axis',(0.,0.,1.));
#14204=DIRECTION('ref_axis',(-0.111409692710675,0.993774562146825,0.));
#14205=DIRECTION('center_axis',(-0.249986485866194,-0.516233169431637,0.819152044288994));
#14206=DIRECTION('ref_axis',(0.956452659344705,0.,0.29188749619064));
#14207=DIRECTION('',(-0.330499033056997,-0.749708464784566,-0.573330277395813));
#14208=DIRECTION('center_axis',(-0.212456141299877,-0.532777924055729,0.819152044288992));
#14209=DIRECTION('ref_axis',(0.967972955640137,0.,0.251054490398595));
#14210=DIRECTION('center_axis',(0.,0.,-1.));
#14211=DIRECTION('ref_axis',(-0.121836133649711,-0.992550228722602,0.));
#14212=DIRECTION('center_axis',(-0.0530132145935115,-0.571121289583594,
0.819152044288992));
#14213=DIRECTION('ref_axis',(0.99791239833159,0.,0.064582081540426));
#14214=DIRECTION('center_axis',(0.,0.,-1.));
#14215=DIRECTION('ref_axis',(0.223356607479589,-0.974736798266696,0.));
#14216=DIRECTION('center_axis',(0.143214154151916,-0.555409429509186,0.81915204428899));
#14217=DIRECTION('ref_axis',(0.985058520776618,0.,-0.172219948453661));
#14218=DIRECTION('center_axis',(0.,0.,-1.));
#14219=DIRECTION('ref_axis',(0.578938796285081,-0.815371001542231,0.));
#14220=DIRECTION('center_axis',(0.344353007427985,-0.458705716786337,0.819152044288992));
#14221=DIRECTION('ref_axis',(0.921857846816094,0.,-0.3875282057652));
#14222=DIRECTION('center_axis',(0.,0.,-1.));
#14223=DIRECTION('ref_axis',(0.809959956115489,-0.586485182668237,0.));
#14224=DIRECTION('center_axis',(0.473964708611094,-0.323028455911192,0.81915204428899));
#14225=DIRECTION('ref_axis',(0.865555100492158,0.,-0.500813705894728));
#14226=DIRECTION('center_axis',(0.,0.,-1.));
#14227=DIRECTION('ref_axis',(0.990998823839587,-0.133870576111985,0.));
#14228=DIRECTION('center_axis',(0.570473909134125,-0.0595772383917855,0.819152044288994));
#14229=DIRECTION('ref_axis',(0.820609694347924,0.,-0.571489045863704));
#14230=DIRECTION('center_axis',(0.,0.,-1.));
#14231=DIRECTION('ref_axis',(0.988549034919466,0.150899985287581,0.));
#14232=DIRECTION('center_axis',(0.54138086418794,-0.189464213582109,0.81915204428899));
#14233=DIRECTION('ref_axis',(0.834262518321388,0.,-0.551367436945687));
#14234=DIRECTION('center_axis',(0.,0.,1.));
#14235=DIRECTION('ref_axis',(-0.930873166195709,0.365342508417479,0.));
#14236=DIRECTION('center_axis',(0.427230036884379,-0.382706707441794,0.819152044288991));
#14237=DIRECTION('ref_axis',(0.886653036308739,0.,-0.462435285423263));
#14238=DIRECTION('',(0.629197283210089,-0.524782103240908,-0.573336308739549));
#14239=DIRECTION('center_axis',(0.453177087549996,-0.351597007462903,0.819152044288992));
#14240=DIRECTION('ref_axis',(0.87502085374618,0.,-0.484085225460669));
#14241=DIRECTION('center_axis',(0.,0.,-1.));
#14242=DIRECTION('ref_axis',(0.944331143613268,-0.328996491169827,0.));
#14243=DIRECTION('center_axis',(0.546950945681422,-0.172726927128819,0.819152044288992));
#14244=DIRECTION('ref_axis',(0.831651981385289,0.,-0.555297201377716));
#14245=DIRECTION('center_axis',(0.,0.,-1.));
#14246=DIRECTION('ref_axis',(0.999979316849296,0.00643163071193866,0.));
#14247=DIRECTION('center_axis',(0.573264229431738,0.0189222512190635,0.819152044288994));
#14248=DIRECTION('ref_axis',(0.819298733028217,0.,-0.573366886084606));
#14249=DIRECTION('center_axis',(0.,0.,-1.));
#14250=DIRECTION('ref_axis',(0.896680950708477,0.442677391151324,0.));
#14251=DIRECTION('center_axis',(0.507418730562662,0.267425055317086,0.819152044288989));
#14252=DIRECTION('ref_axis',(0.850114345349595,0.,-0.526598138841022));
#14253=DIRECTION('center_axis',(0.,0.,-1.));
#14254=DIRECTION('ref_axis',(0.162215741117134,0.986755315837629,0.));
#14255=DIRECTION('center_axis',(0.,0.,1.));
#14256=DIRECTION('ref_axis',(0.162215741117134,0.986755315837629,0.));
#14257=DIRECTION('center_axis',(0.,0.,-1.));
#14258=DIRECTION('ref_axis',(0.424693422317427,0.905337228352127,0.));
#14259=DIRECTION('center_axis',(0.22827820122176,0.52619292202017,0.819152044288991));
#14260=DIRECTION('ref_axis',(0.963294387179793,0.,-0.268447245521177));
#14261=DIRECTION('',(-0.917389363774566,0.397990898430225,0.));
#14262=DIRECTION('center_axis',(-0.999999999999995,-1.0156910978097E-7,
0.));
#14263=DIRECTION('ref_axis',(-1.0156910978097E-7,0.999999999999995,0.));
#14264=DIRECTION('',(0.,0.,-1.));
#14265=DIRECTION('center_axis',(0.,0.,-1.));
#14266=DIRECTION('ref_axis',(0.999997890563073,0.00205398865754428,0.));
#14267=DIRECTION('',(0.,0.,-1.));
#14268=DIRECTION('center_axis',(-0.704819432588488,-0.709386754489849,0.));
#14269=DIRECTION('ref_axis',(-0.709386754489849,0.704819432588488,0.));
#14270=DIRECTION('',(0.,0.,-1.));
#14271=DIRECTION('center_axis',(0.,0.,-1.));
#14272=DIRECTION('ref_axis',(0.689463039029961,0.724320866613389,0.));
#14273=DIRECTION('',(0.,0.,-1.));
#14274=DIRECTION('center_axis',(-0.429871760084619,-0.902889954469398,0.));
#14275=DIRECTION('ref_axis',(-0.902889954469398,0.429871760084619,0.));
#14276=DIRECTION('',(0.,0.,-1.));
#14277=DIRECTION('center_axis',(0.,0.,-1.));
#14278=DIRECTION('ref_axis',(-0.63062320864793,-0.776089149978654,0.));
#14279=DIRECTION('',(0.,0.,-1.));
#14280=DIRECTION('center_axis',(-0.656143660070286,-0.754636003215835,0.));
#14281=DIRECTION('ref_axis',(-0.754636003215835,0.656143660070286,0.));
#14282=DIRECTION('',(0.,0.,-1.));
#14283=DIRECTION('center_axis',(0.,0.,-1.));
#14284=DIRECTION('ref_axis',(-0.814000348296072,-0.580864384322084,0.));
#14285=DIRECTION('',(0.,0.,-1.));
#14286=DIRECTION('center_axis',(-0.828674467852725,-0.559730851685883,0.));
#14287=DIRECTION('ref_axis',(-0.559730851685883,0.828674467852725,0.));
#14288=DIRECTION('',(0.,0.,-1.));
#14289=DIRECTION('center_axis',(0.,0.,-1.));
#14290=DIRECTION('ref_axis',(-0.911781082125546,-0.410676585987038,0.));
#14291=DIRECTION('',(0.,0.,-1.));
#14292=DIRECTION('center_axis',(-0.920096763945786,-0.391691134666706,0.));
#14293=DIRECTION('ref_axis',(-0.391691134666706,0.920096763945786,0.));
#14294=DIRECTION('',(0.,0.,-1.));
#14295=DIRECTION('center_axis',(0.,0.,-1.));
#14296=DIRECTION('ref_axis',(-0.967519557729479,-0.252796173647771,0.));
#14297=DIRECTION('',(0.,0.,-1.));
#14298=DIRECTION('center_axis',(-0.971417849021514,-0.237375994157826,0.));
#14299=DIRECTION('ref_axis',(-0.237375994157826,0.971417849021514,0.));
#14300=DIRECTION('',(0.,0.,-1.));
#14301=DIRECTION('center_axis',(0.,0.,-1.));
#14302=DIRECTION('ref_axis',(-0.989553529457907,-0.144165919472667,0.));
#14303=DIRECTION('',(0.,0.,-1.));
#14304=DIRECTION('center_axis',(-0.99326127897231,-0.115896642290843,0.));
#14305=DIRECTION('ref_axis',(-0.115896642290843,0.99326127897231,0.));
#14306=DIRECTION('',(0.,0.,-1.));
#14307=DIRECTION('center_axis',(-0.99773538216691,-0.0672614835715777,0.));
#14308=DIRECTION('ref_axis',(-0.0672614835715777,0.99773538216691,0.));
#14309=DIRECTION('',(0.,0.,-1.));
#14310=DIRECTION('center_axis',(-0.999763881527325,-0.0217297306337889,
0.));
#14311=DIRECTION('ref_axis',(-0.0217297306337889,0.999763881527325,0.));
#14312=DIRECTION('',(0.,0.,-1.));
#14313=DIRECTION('center_axis',(-0.999999999999998,5.81811857449066E-8,
0.));
#14314=DIRECTION('ref_axis',(5.81811857449066E-8,0.999999999999998,0.));
#14315=DIRECTION('',(0.,0.,-1.));
#14316=DIRECTION('center_axis',(0.,0.,-1.));
#14317=DIRECTION('ref_axis',(-0.969933382924767,0.243370566601874,0.));
#14318=DIRECTION('',(0.,0.,-1.));
#14319=DIRECTION('center_axis',(-0.959802512156362,0.280676214985053,0.));
#14320=DIRECTION('ref_axis',(0.280676214985053,0.959802512156362,0.));
#14321=DIRECTION('',(0.,0.,-1.));
#14322=DIRECTION('center_axis',(0.,0.,-1.));
#14323=DIRECTION('ref_axis',(-0.887356583687777,0.461083824684793,0.));
#14324=DIRECTION('',(0.,0.,-1.));
#14325=DIRECTION('center_axis',(-0.872121827264973,0.489288788353059,0.));
#14326=DIRECTION('ref_axis',(0.489288788353059,0.872121827264973,0.));
#14327=DIRECTION('',(0.,0.,-1.));
#14328=DIRECTION('center_axis',(0.,0.,-1.));
#14329=DIRECTION('ref_axis',(-0.774682598230983,0.632350276348555,0.));
#14330=DIRECTION('',(0.,0.,-1.));
#14331=DIRECTION('center_axis',(-0.757287661207509,0.653081463665032,0.));
#14332=DIRECTION('ref_axis',(0.653081463665032,0.757287661207509,0.));
#14333=DIRECTION('',(0.,0.,-1.));
#14334=DIRECTION('center_axis',(0.,0.,-1.));
#14335=DIRECTION('ref_axis',(-0.646950000011172,0.762532423891302,0.));
#14336=DIRECTION('',(0.,0.,-1.));
#14337=DIRECTION('center_axis',(-0.628153577485089,0.778089379886838,0.));
#14338=DIRECTION('ref_axis',(0.778089379886838,0.628153577485089,0.));
#14339=DIRECTION('',(0.,0.,-1.));
#14340=DIRECTION('center_axis',(0.,0.,-1.));
#14341=DIRECTION('ref_axis',(-0.435916311480339,0.899987205123148,0.));
#14342=DIRECTION('',(0.,0.,-1.));
#14343=DIRECTION('center_axis',(-0.414406728674131,0.910091788354123,0.));
#14344=DIRECTION('ref_axis',(0.910091788354123,0.414406728674131,0.));
#14345=DIRECTION('',(0.,0.,-1.));
#14346=DIRECTION('center_axis',(0.,0.,-1.));
#14347=DIRECTION('ref_axis',(-0.238168142282463,0.971223937102932,0.));
#14348=DIRECTION('',(0.,0.,-1.));
#14349=DIRECTION('center_axis',(-0.211425174313068,0.977394186429758,0.));
#14350=DIRECTION('ref_axis',(0.977394186429758,0.211425174313068,0.));
#14351=DIRECTION('',(0.,0.,-1.));
#14352=DIRECTION('center_axis',(0.,0.,-1.));
#14353=DIRECTION('ref_axis',(-0.0565164689262191,0.998401667035924,0.));
#14354=DIRECTION('',(0.,0.,-1.));
#14355=DIRECTION('center_axis',(-0.0250139608641204,0.999687101928343,0.));
#14356=DIRECTION('ref_axis',(0.999687101928343,0.0250139608641204,0.));
#14357=DIRECTION('',(0.,0.,-1.));
#14358=DIRECTION('center_axis',(3.85039335001403E-9,1.,0.));
#14359=DIRECTION('ref_axis',(1.,-3.85039335001403E-9,0.));
#14360=DIRECTION('',(0.,0.,-1.));
#14361=DIRECTION('center_axis',(0.,0.,-1.));
#14362=DIRECTION('ref_axis',(0.141303152399914,0.989966372722754,0.));
#14363=DIRECTION('',(0.,0.,-1.));
#14364=DIRECTION('center_axis',(0.167057799529996,0.985947103863182,0.));
#14365=DIRECTION('ref_axis',(0.985947103863182,-0.167057799529996,0.));
#14366=DIRECTION('',(0.,0.,-1.));
#14367=DIRECTION('center_axis',(0.,0.,-1.));
#14368=DIRECTION('ref_axis',(0.354034311528042,0.935232434350341,0.));
#14369=DIRECTION('',(0.,0.,-1.));
#14370=DIRECTION('center_axis',(0.376021903412642,0.926610774896307,0.));
#14371=DIRECTION('ref_axis',(0.926610774896307,-0.376021903412642,0.));
#14372=DIRECTION('',(0.,0.,-1.));
#14373=DIRECTION('center_axis',(0.,0.,-1.));
#14374=DIRECTION('ref_axis',(0.607251060832871,0.794510005674789,0.));
#14375=DIRECTION('',(0.,0.,-1.));
#14376=DIRECTION('center_axis',(0.628126294995926,0.778111404321188,0.));
#14377=DIRECTION('ref_axis',(0.778111404321188,-0.628126294995926,0.));
#14378=DIRECTION('',(0.,0.,-1.));
#14379=DIRECTION('center_axis',(0.,0.,-1.));
#14380=DIRECTION('ref_axis',(0.737512933172478,0.675333009265302,0.));
#14381=DIRECTION('',(0.,0.,-1.));
#14382=DIRECTION('center_axis',(0.757214010100851,0.653166856865065,0.));
#14383=DIRECTION('ref_axis',(0.653166856865065,-0.757214010100851,0.));
#14384=DIRECTION('',(0.,0.,-1.));
#14385=DIRECTION('center_axis',(0.,0.,-1.));
#14386=DIRECTION('ref_axis',(0.854395326182413,0.519623543151817,0.));
#14387=DIRECTION('',(0.,0.,-1.));
#14388=DIRECTION('center_axis',(0.872024738277603,0.489461802219415,0.));
#14389=DIRECTION('ref_axis',(0.489461802219415,-0.872024738277603,0.));
#14390=DIRECTION('',(0.,0.,-1.));
#14391=DIRECTION('center_axis',(0.,0.,-1.));
#14392=DIRECTION('ref_axis',(0.947421138397601,0.319989353756331,0.));
#14393=DIRECTION('',(0.,0.,-1.));
#14394=DIRECTION('center_axis',(0.959752919496245,0.280845746840566,0.));
#14395=DIRECTION('ref_axis',(0.280845746840566,-0.959752919496245,0.));
#14396=DIRECTION('',(0.,0.,-1.));
#14397=DIRECTION('center_axis',(0.,0.,-1.));
#14398=DIRECTION('ref_axis',(0.999999059584667,0.0013714334766883,0.));
#14399=DIRECTION('',(0.,0.,-1.));
#14400=DIRECTION('center_axis',(1.,0.,0.));
#14401=DIRECTION('ref_axis',(0.,-1.,0.));
#14402=DIRECTION('',(0.,0.,-1.));
#14403=DIRECTION('center_axis',(0.999763572451722,-0.0217439462511112,0.));
#14404=DIRECTION('ref_axis',(-0.0217439462511112,-0.999763572451722,0.));
#14405=DIRECTION('',(0.,0.,-1.));
#14406=DIRECTION('center_axis',(0.997732845653724,-0.0672990988329123,0.));
#14407=DIRECTION('ref_axis',(-0.0672990988329123,-0.997732845653724,0.));
#14408=DIRECTION('',(0.,0.,-1.));
#14409=DIRECTION('center_axis',(0.993254010339067,-0.115958919214348,0.));
#14410=DIRECTION('ref_axis',(-0.115958919214348,-0.993254010339067,0.));
#14411=DIRECTION('',(0.,0.,-1.));
#14412=DIRECTION('center_axis',(0.985806958467504,-0.167882818171033,0.));
#14413=DIRECTION('ref_axis',(-0.167882818171033,-0.985806958467504,0.));
#14414=DIRECTION('',(0.,0.,-1.));
#14415=DIRECTION('center_axis',(0.974777584425975,-0.223178540412515,0.));
#14416=DIRECTION('ref_axis',(-0.223178540412515,-0.974777584425975,0.));
#14417=DIRECTION('',(0.,0.,-1.));
#14418=DIRECTION('center_axis',(0.959466984578862,-0.28182105227102,0.));
#14419=DIRECTION('ref_axis',(-0.28182105227102,-0.959466984578862,0.));
#14420=DIRECTION('',(0.,0.,-1.));
#14421=DIRECTION('center_axis',(0.939100288241848,-0.343643199589455,0.));
#14422=DIRECTION('ref_axis',(-0.343643199589455,-0.939100288241848,0.));
#14423=DIRECTION('',(0.,0.,-1.));
#14424=DIRECTION('center_axis',(0.912869232656204,-0.408252083974684,0.));
#14425=DIRECTION('ref_axis',(-0.408252083974684,-0.912869232656204,0.));
#14426=DIRECTION('',(0.,0.,-1.));
#14427=DIRECTION('center_axis',(0.879991646643532,-0.47498915970536,0.));
#14428=DIRECTION('ref_axis',(-0.47498915970536,-0.879991646643532,0.));
#14429=DIRECTION('',(0.,0.,-1.));
#14430=DIRECTION('center_axis',(0.839799586051816,-0.542896541955462,0.));
#14431=DIRECTION('ref_axis',(-0.542896541955462,-0.839799586051816,0.));
#14432=DIRECTION('',(0.,0.,-1.));
#14433=DIRECTION('center_axis',(0.,0.,-1.));
#14434=DIRECTION('ref_axis',(0.654903453378218,-0.75571255564089,0.));
#14435=DIRECTION('',(0.,0.,-1.));
#14436=DIRECTION('center_axis',(0.60308413885268,-0.797677579893231,0.));
#14437=DIRECTION('ref_axis',(-0.797677579893231,-0.60308413885268,0.));
#14438=DIRECTION('',(0.,0.,-1.));
#14439=DIRECTION('center_axis',(0.528106062232209,-0.849178418845881,0.));
#14440=DIRECTION('ref_axis',(-0.849178418845881,-0.528106062232209,0.));
#14441=DIRECTION('',(0.,0.,-1.));
#14442=DIRECTION('center_axis',(0.449658094518836,-0.893200760206623,0.));
#14443=DIRECTION('ref_axis',(-0.893200760206623,-0.449658094518836,0.));
#14444=DIRECTION('',(0.,0.,-1.));
#14445=DIRECTION('center_axis',(0.,0.,-1.));
#14446=DIRECTION('ref_axis',(-0.423260009270924,0.906008258545129,0.));
#14447=DIRECTION('',(0.,0.,-1.));
#14448=DIRECTION('center_axis',(0.863972361813619,-0.503539231860037,0.));
#14449=DIRECTION('ref_axis',(-0.503539231860037,-0.863972361813619,0.));
#14450=DIRECTION('',(0.,0.,-1.));
#14451=DIRECTION('center_axis',(0.,0.,-1.));
#14452=DIRECTION('ref_axis',(-0.868962137539002,0.49487857452475,0.));
#14453=DIRECTION('',(0.,0.,-1.));
#14454=DIRECTION('center_axis',(0.989922578791053,-0.141609632439572,0.));
#14455=DIRECTION('ref_axis',(-0.141609632439572,-0.989922578791053,0.));
#14456=DIRECTION('',(0.,0.,-1.));
#14457=DIRECTION('center_axis',(0.,0.,-1.));
#14458=DIRECTION('ref_axis',(-0.991596100295118,0.129372229939482,0.));
#14459=DIRECTION('',(0.,0.,-1.));
#14460=DIRECTION('center_axis',(1.,0.,0.));
#14461=DIRECTION('ref_axis',(0.,-1.,0.));
#14462=DIRECTION('',(0.,0.,-1.));
#14463=DIRECTION('center_axis',(0.941540489996282,0.336899845202638,0.));
#14464=DIRECTION('ref_axis',(0.336899845202638,-0.941540489996282,0.));
#14465=DIRECTION('',(0.,0.,-1.));
#14466=DIRECTION('center_axis',(0.945024195852499,0.327000411702093,0.));
#14467=DIRECTION('ref_axis',(0.327000411702093,-0.945024195852499,0.));
#14468=DIRECTION('',(0.,0.,-1.));
#14469=DIRECTION('center_axis',(0.948321275577584,0.317311768276728,0.));
#14470=DIRECTION('ref_axis',(0.317311768276728,-0.948321275577584,0.));
#14471=DIRECTION('',(0.,0.,-1.));
#14472=DIRECTION('center_axis',(0.900123309440549,0.435635200370441,0.));
#14473=DIRECTION('ref_axis',(0.435635200370441,-0.900123309440549,0.));
#14474=DIRECTION('',(0.,0.,-1.));
#14475=DIRECTION('center_axis',(0.,0.,-1.));
#14476=DIRECTION('ref_axis',(-0.897827243615928,-0.440347863195706,0.));
#14477=DIRECTION('',(0.,0.,-1.));
#14478=DIRECTION('center_axis',(0.571208098690958,0.820805280191265,0.));
#14479=DIRECTION('ref_axis',(0.820805280191265,-0.571208098690958,0.));
#14480=DIRECTION('',(0.,0.,-1.));
#14481=DIRECTION('center_axis',(0.,0.,-1.));
#14482=DIRECTION('ref_axis',(-0.549809987240721,-0.835289756869051,0.));
#14483=DIRECTION('center_axis',(-0.883859963126708,0.467751606711997,0.));
#14484=DIRECTION('ref_axis',(-0.467751606711997,-0.883859963126708,0.));
#14485=DIRECTION('',(0.,0.,-1.));
#14486=DIRECTION('center_axis',(-0.94149856765322,0.337016983410237,0.));
#14487=DIRECTION('ref_axis',(-0.337016983410236,-0.94149856765322,0.));
#14488=DIRECTION('center_axis',(0.,0.,1.));
#14489=DIRECTION('ref_axis',(-0.838569156762708,-0.544795162722908,0.));
#14490=DIRECTION('',(0.,0.,-1.));
#14491=DIRECTION('center_axis',(-0.920096763962304,-0.391691134627906,0.));
#14492=DIRECTION('ref_axis',(0.391691134627906,-0.920096763962304,0.));
#14493=DIRECTION('',(0.,0.,-1.));
#14494=DIRECTION('center_axis',(0.,0.,1.));
#14495=DIRECTION('ref_axis',(-0.926378234159098,-0.376594433411158,0.));
#14496=DIRECTION('',(0.,0.,-1.));
#14497=DIRECTION('center_axis',(-0.971417849022449,-0.237375994153997,0.));
#14498=DIRECTION('ref_axis',(0.237375994153997,-0.971417849022449,0.));
#14499=DIRECTION('center_axis',(-0.993261278972322,-0.11589664229074,0.));
#14500=DIRECTION('ref_axis',(0.11589664229074,-0.993261278972322,0.));
#14501=DIRECTION('',(0.,0.,-1.));
#14502=DIRECTION('center_axis',(-0.997735382166909,-0.0672614835716004,
0.));
#14503=DIRECTION('ref_axis',(0.0672614835716004,-0.997735382166909,0.));
#14504=DIRECTION('',(0.,0.,-1.));
#14505=DIRECTION('center_axis',(-0.999763881527324,-0.0217297306338146,
0.));
#14506=DIRECTION('ref_axis',(0.0217297306338146,-0.999763881527324,0.));
#14507=DIRECTION('',(0.,0.,-1.));
#14508=DIRECTION('center_axis',(-1.,0.,0.));
#14509=DIRECTION('ref_axis',(0.,-1.,0.));
#14510=DIRECTION('',(0.,0.,-1.));
#14511=DIRECTION('center_axis',(0.,0.,1.));
#14512=DIRECTION('ref_axis',(-0.999999693752013,0.000782621160534626,0.));
#14513=DIRECTION('',(0.,0.,-1.));
#14514=DIRECTION('center_axis',(-0.959802512141148,0.28067621503708,0.));
#14515=DIRECTION('ref_axis',(-0.28067621503708,-0.959802512141148,0.));
#14516=DIRECTION('',(0.,0.,-1.));
#14517=DIRECTION('center_axis',(0.,0.,1.));
#14518=DIRECTION('ref_axis',(-0.952510689890895,0.304505148796489,0.));
#14519=DIRECTION('',(0.,0.,-1.));
#14520=DIRECTION('center_axis',(-0.872121827239483,0.489288788398493,0.));
#14521=DIRECTION('ref_axis',(-0.489288788398493,-0.872121827239483,0.));
#14522=DIRECTION('',(0.,0.,-1.));
#14523=DIRECTION('center_axis',(0.,0.,1.));
#14524=DIRECTION('ref_axis',(-0.860798680740759,0.508945607344213,0.));
#14525=DIRECTION('',(0.,0.,-1.));
#14526=DIRECTION('center_axis',(-0.757287661165795,0.653081463713402,0.));
#14527=DIRECTION('ref_axis',(-0.653081463713402,-0.757287661165795,0.));
#14528=DIRECTION('',(0.,0.,-1.));
#14529=DIRECTION('center_axis',(0.,0.,1.));
#14530=DIRECTION('ref_axis',(-0.743787761201632,0.668415863281733,0.));
#14531=DIRECTION('',(0.,0.,-1.));
#14532=DIRECTION('center_axis',(-0.628153577426219,0.778089379934364,0.));
#14533=DIRECTION('ref_axis',(-0.778089379934364,-0.628153577426219,0.));
#14534=DIRECTION('',(0.,0.,-1.));
#14535=DIRECTION('center_axis',(0.,0.,1.));
#14536=DIRECTION('ref_axis',(-0.613182503430011,0.789941274708003,0.));
#14537=DIRECTION('',(0.,0.,-1.));
#14538=DIRECTION('center_axis',(-0.414406728620226,0.910091788378668,0.));
#14539=DIRECTION('ref_axis',(-0.910091788378668,-0.414406728620226,0.));
#14540=DIRECTION('',(0.,0.,-1.));
#14541=DIRECTION('center_axis',(0.,0.,1.));
#14542=DIRECTION('ref_axis',(-0.398778079779735,0.917047459560947,0.));
#14543=DIRECTION('',(0.,0.,-1.));
#14544=DIRECTION('center_axis',(-0.21142517430614,0.977394186431257,0.));
#14545=DIRECTION('ref_axis',(-0.977394186431257,-0.21142517430614,0.));
#14546=DIRECTION('',(0.,0.,-1.));
#14547=DIRECTION('center_axis',(0.,0.,1.));
#14548=DIRECTION('ref_axis',(-0.193513592872522,0.981097594214545,0.));
#14549=DIRECTION('',(0.,0.,-1.));
#14550=DIRECTION('center_axis',(-0.0250139608633004,0.999687101928363,0.));
#14551=DIRECTION('ref_axis',(-0.999687101928363,-0.0250139608633004,0.));
#14552=DIRECTION('',(0.,0.,-1.));
#14553=DIRECTION('center_axis',(0.,1.,0.));
#14554=DIRECTION('ref_axis',(-1.,0.,0.));
#14555=DIRECTION('',(0.,0.,-1.));
#14556=DIRECTION('center_axis',(0.,0.,1.));
#14557=DIRECTION('ref_axis',(0.000691926961939874,0.999999760618511,0.));
#14558=DIRECTION('',(0.,0.,-1.));
#14559=DIRECTION('center_axis',(0.167057799570915,0.985947103856249,0.));
#14560=DIRECTION('ref_axis',(-0.985947103856249,0.167057799570915,0.));
#14561=DIRECTION('',(0.,0.,-1.));
#14562=DIRECTION('center_axis',(0.,0.,1.));
#14563=DIRECTION('ref_axis',(0.187195518431411,0.98232267503056,0.));
#14564=DIRECTION('',(0.,0.,-1.));
#14565=DIRECTION('center_axis',(0.376021903451161,0.926610774880675,0.));
#14566=DIRECTION('ref_axis',(-0.926610774880675,0.376021903451161,0.));
#14567=DIRECTION('',(0.,0.,-1.));
#14568=DIRECTION('center_axis',(0.,0.,1.));
#14569=DIRECTION('ref_axis',(0.392378532407021,0.919803830882494,0.));
#14570=DIRECTION('',(0.,0.,-1.));
#14571=DIRECTION('center_axis',(0.628126294998629,0.778111404319006,0.));
#14572=DIRECTION('ref_axis',(-0.778111404319006,0.628126294998629,0.));
#14573=DIRECTION('',(0.,0.,-1.));
#14574=DIRECTION('center_axis',(0.,0.,1.));
#14575=DIRECTION('ref_axis',(0.641928282322442,0.766764683820636,0.));
#14576=DIRECTION('',(0.,0.,-1.));
#14577=DIRECTION('center_axis',(0.757214010107969,0.653166856856814,0.));
#14578=DIRECTION('ref_axis',(-0.653166856856814,0.757214010107969,0.));
#14579=DIRECTION('',(0.,0.,-1.));
#14580=DIRECTION('center_axis',(0.,0.,1.));
#14581=DIRECTION('ref_axis',(0.769423804084095,0.638738608281008,0.));
#14582=DIRECTION('',(0.,0.,-1.));
#14583=DIRECTION('center_axis',(0.872024738284151,0.48946180220775,0.));
#14584=DIRECTION('ref_axis',(-0.48946180220775,0.872024738284151,0.));
#14585=DIRECTION('',(0.,0.,-1.));
#14586=DIRECTION('center_axis',(0.,0.,1.));
#14587=DIRECTION('ref_axis',(0.882041526077748,0.471171673888018,0.));
#14588=DIRECTION('',(0.,0.,-1.));
#14589=DIRECTION('center_axis',(0.959752919499806,0.280845746828397,0.));
#14590=DIRECTION('ref_axis',(-0.280845746828397,0.959752919499805,0.));
#14591=DIRECTION('',(0.,0.,-1.));
#14592=DIRECTION('center_axis',(0.,0.,1.));
#14593=DIRECTION('ref_axis',(0.965879727257276,0.258991027785538,0.));
#14594=DIRECTION('',(0.,0.,-1.));
#14595=DIRECTION('center_axis',(0.999999999999999,3.59752433298871E-8,0.));
#14596=DIRECTION('ref_axis',(-3.59752433298871E-8,0.999999999999999,0.));
#14597=DIRECTION('',(0.,0.,-1.));
#14598=DIRECTION('center_axis',(0.999763572451719,-0.021743946251211,0.));
#14599=DIRECTION('ref_axis',(0.021743946251211,0.999763572451719,0.));
#14600=DIRECTION('',(0.,0.,-1.));
#14601=DIRECTION('center_axis',(0.997732845653721,-0.0672990988329584,0.));
#14602=DIRECTION('ref_axis',(0.0672990988329584,0.997732845653721,0.));
#14603=DIRECTION('',(0.,0.,-1.));
#14604=DIRECTION('center_axis',(0.993254010339059,-0.115958919214423,0.));
#14605=DIRECTION('ref_axis',(0.115958919214423,0.993254010339059,0.));
#14606=DIRECTION('',(0.,0.,-1.));
#14607=DIRECTION('center_axis',(0.985806958467515,-0.167882818170969,0.));
#14608=DIRECTION('ref_axis',(0.167882818170969,0.985806958467515,0.));
#14609=DIRECTION('',(0.,0.,-1.));
#14610=DIRECTION('center_axis',(0.974777584425973,-0.223178540412525,0.));
#14611=DIRECTION('ref_axis',(0.223178540412525,0.974777584425973,0.));
#14612=DIRECTION('',(0.,0.,-1.));
#14613=DIRECTION('center_axis',(0.959466984578862,-0.281821052271021,0.));
#14614=DIRECTION('ref_axis',(0.281821052271021,0.959466984578862,0.));
#14615=DIRECTION('',(0.,0.,-1.));
#14616=DIRECTION('center_axis',(0.939100288241806,-0.34364319958957,0.));
#14617=DIRECTION('ref_axis',(0.34364319958957,0.939100288241806,0.));
#14618=DIRECTION('',(0.,0.,-1.));
#14619=DIRECTION('center_axis',(0.912869232656251,-0.408252083974581,0.));
#14620=DIRECTION('ref_axis',(0.408252083974581,0.912869232656251,0.));
#14621=DIRECTION('',(0.,0.,-1.));
#14622=DIRECTION('center_axis',(0.879991646643492,-0.474989159705435,0.));
#14623=DIRECTION('ref_axis',(0.474989159705435,0.879991646643492,0.));
#14624=DIRECTION('',(0.,0.,-1.));
#14625=DIRECTION('center_axis',(0.839799586062653,-0.542896541938699,0.));
#14626=DIRECTION('ref_axis',(0.542896541938699,0.839799586062653,0.));
#14627=DIRECTION('',(0.,0.,-1.));
#14628=DIRECTION('center_axis',(0.,0.,1.));
#14629=DIRECTION('ref_axis',(0.82280648331261,-0.568321643982293,0.));
#14630=DIRECTION('',(0.,0.,-1.));
#14631=DIRECTION('center_axis',(0.603084138872263,-0.797677579878425,0.));
#14632=DIRECTION('ref_axis',(0.797677579878425,0.603084138872263,0.));
#14633=DIRECTION('',(0.,0.,-1.));
#14634=DIRECTION('center_axis',(0.528106062232231,-0.849178418845867,0.));
#14635=DIRECTION('ref_axis',(0.849178418845867,0.528106062232231,0.));
#14636=DIRECTION('',(0.,0.,-1.));
#14637=DIRECTION('center_axis',(1.,7.21282392114666E-14,0.));
#14638=DIRECTION('ref_axis',(-7.21282392114666E-14,1.,0.));
#14639=DIRECTION('',(0.,0.,-1.));
#14640=DIRECTION('center_axis',(0.945024195852498,0.327000411702094,0.));
#14641=DIRECTION('ref_axis',(-0.327000411702094,0.945024195852498,0.));
#14642=DIRECTION('',(0.,0.,-1.));
#14643=DIRECTION('center_axis',(0.,0.,1.));
#14644=DIRECTION('ref_axis',(-0.601696684503249,-0.798724670870882,0.));
#14645=DIRECTION('',(0.,0.,-1.));
#14646=DIRECTION('center_axis',(0.571208098704296,0.820805280181983,0.));
#14647=DIRECTION('ref_axis',(-0.820805280181983,0.571208098704296,0.));
#14648=DIRECTION('',(0.,0.,-1.));
#14649=DIRECTION('center_axis',(0.,0.,1.));
#14650=DIRECTION('ref_axis',(-0.162674959445154,-0.986679713772163,0.));
#14651=DIRECTION('',(0.,0.,-1.));
#14652=DIRECTION('center_axis',(0.163089476181,0.986611282501375,0.));
#14653=DIRECTION('ref_axis',(-0.986611282501375,0.163089476181,0.));
#14654=DIRECTION('',(0.,0.,-1.));
#14655=DIRECTION('center_axis',(0.,0.,1.));
#14656=DIRECTION('ref_axis',(0.162215741117134,0.986755315837629,0.));
#14657=DIRECTION('',(0.,0.,-1.));
#14658=DIRECTION('center_axis',(0.397990898430225,0.917389363774566,0.));
#14659=DIRECTION('ref_axis',(-0.917389363774566,0.397990898430225,0.));
#14660=CARTESIAN_POINT('',(0.,0.,0.));
#14661=CARTESIAN_POINT('Origin',(138.00000205636,-55.0000008195639,-0.45));
#14662=CARTESIAN_POINT('',(139.830823334003,-49.1812300344812,-0.05));
#14663=CARTESIAN_POINT('',(139.950877188274,-48.7996712944758,-0.45));
#14664=CARTESIAN_POINT('Origin',(139.830823334003,-49.1812300344812,-0.45));
#14665=CARTESIAN_POINT('',(140.460863572655,-61.0161591118313,-0.45));
#14666=CARTESIAN_POINT('Origin',(138.00000205636,-55.0000008195639,-0.45));
#14667=CARTESIAN_POINT('',(140.309425940883,-60.6459339861534,-0.05));
#14668=CARTESIAN_POINT('Origin',(140.309425940883,-60.6459339861534,-0.45));
#14669=CARTESIAN_POINT('Origin',(138.00000205636,-55.0000008195639,-0.05));
#14670=CARTESIAN_POINT('Origin',(141.218051731515,-62.8672847402213,-0.45));
#14671=CARTESIAN_POINT('',(143.076702,-62.1287597376221,-0.45));
#14672=CARTESIAN_POINT('',(143.076702,-61.3489240520247,-0.05));
#14673=CARTESIAN_POINT('Ctrl Pts',(143.076702,-61.3489240520247,-0.05));
#14674=CARTESIAN_POINT('Ctrl Pts',(143.076702,-61.4434406812639,-0.0499999999999997));
#14675=CARTESIAN_POINT('Ctrl Pts',(143.076702,-61.5556650323608,-0.0664250185035351));
#14676=CARTESIAN_POINT('Ctrl Pts',(143.076702,-61.7381654011849,-0.115683010484269));
#14677=CARTESIAN_POINT('Ctrl Pts',(143.076702,-61.8436200944041,-0.157429749685963));
#14678=CARTESIAN_POINT('Ctrl Pts',(143.076702,-61.9829663625293,-0.238772620899355));
#14679=CARTESIAN_POINT('Ctrl Pts',(143.076702,-62.0478328203569,-0.285941991421054));
#14680=CARTESIAN_POINT('Ctrl Pts',(143.076702,-62.1000306616003,-0.356259414948538));
#14681=CARTESIAN_POINT('Ctrl Pts',(143.076702,-62.1124442733683,-0.377827015330132));
#14682=CARTESIAN_POINT('Ctrl Pts',(143.076702,-62.1250408682554,-0.413251881243889));
#14683=CARTESIAN_POINT('Ctrl Pts',(143.076702,-62.1287597376243,-0.433139621512206));
#14684=CARTESIAN_POINT('Ctrl Pts',(143.076702,-62.1287597376243,-0.449999999999999));
#14685=CARTESIAN_POINT('Origin',(141.218051731515,-62.8672847402213,-0.05));
#14686=CARTESIAN_POINT('Origin',(141.218051731515,-62.8672847402213,-0.45));
#14687=CARTESIAN_POINT('Origin',(140.326045482873,-47.6073002319588,-0.45));
#14688=CARTESIAN_POINT('',(140.567657452501,-48.833727402442,-0.45));
#14689=CARTESIAN_POINT('',(140.632808146309,-49.2285333022858,-0.05));
#14690=CARTESIAN_POINT('Ctrl Pts',(140.567657455327,-48.8337274229354,-0.449999999999983));
#14691=CARTESIAN_POINT('Ctrl Pts',(140.567657455327,-48.8337274229354,-0.40176420293089));
#14692=CARTESIAN_POINT('Ctrl Pts',(140.568837332535,-48.8423876618996,-0.353898795949796));
#14693=CARTESIAN_POINT('Ctrl Pts',(140.573805862275,-48.8775282685784,-0.260022977700283));
#14694=CARTESIAN_POINT('Ctrl Pts',(140.577747709656,-48.9049959238378,-0.215381754456882));
#14695=CARTESIAN_POINT('Ctrl Pts',(140.588456399835,-48.9752434794967,-0.139183772241635));
#14696=CARTESIAN_POINT('Ctrl Pts',(140.595138735344,-49.0173761291449,-0.108363092605316));
#14697=CARTESIAN_POINT('Ctrl Pts',(140.610960664925,-49.1107163486924,-0.0648344761633538));
#14698=CARTESIAN_POINT('Ctrl Pts',(140.619955901578,-49.1610176958858,-0.0525230437648389));
#14699=CARTESIAN_POINT('Ctrl Pts',(140.630711167813,-49.2176002219027,-0.0501160883170496));
#14700=CARTESIAN_POINT('Ctrl Pts',(140.631757058255,-49.223069541384,-0.0499999999999987));
#14701=CARTESIAN_POINT('Ctrl Pts',(140.632808146309,-49.2285333022859,-0.0500000000000003));
#14702=CARTESIAN_POINT('Origin',(140.326045482873,-47.6073002319588,-0.45));
#14703=CARTESIAN_POINT('Origin',(140.326045482873,-47.6073002319588,-0.05));
#14704=CARTESIAN_POINT('Origin',(141.218051731515,-62.8672847402213,-0.05));
#14705=CARTESIAN_POINT('',(140.460863572655,-61.0161591118313,-2.05));
#14706=CARTESIAN_POINT('',(140.460863572655,-61.0161591118313,-0.05));
#14707=CARTESIAN_POINT('',(143.076702,-62.1287597376221,-2.05));
#14708=CARTESIAN_POINT('Origin',(141.218051731515,-62.8672847402213,-2.05));
#14709=CARTESIAN_POINT('',(143.076702,-62.1287597376221,-0.05));
#14710=CARTESIAN_POINT('Origin',(138.00000205636,-55.0000008195639,-2.05));
#14711=CARTESIAN_POINT('',(139.950877188274,-48.7996712944758,-2.05));
#14712=CARTESIAN_POINT('',(139.950877188274,-48.7996712944758,-6.55));
#14713=CARTESIAN_POINT('Origin',(138.00000205636,-55.0000008195639,-2.05));
#14714=CARTESIAN_POINT('Origin',(138.00000205636,-55.0000008195639,-0.45));
#14715=CARTESIAN_POINT('',(142.40000205636,-55.0000008195639,-0.05));
#14716=CARTESIAN_POINT('Origin',(138.00000205636,-55.0000008195639,-0.05));
#14717=CARTESIAN_POINT('',(142.00000205636,-55.0000008195639,-0.45));
#14718=CARTESIAN_POINT('Origin',(142.40000205636,-55.0000008195639,-0.45));
#14719=CARTESIAN_POINT('',(134.00000205636,-55.0000008195639,-0.45));
#14720=CARTESIAN_POINT('Origin',(138.00000205636,-55.0000008195639,-0.45));
#14721=CARTESIAN_POINT('Origin',(138.00000205636,-55.0000008195639,-0.45));
#14722=CARTESIAN_POINT('Origin',(138.00000205636,-55.0000008195639,-2.05));
#14723=CARTESIAN_POINT('',(134.00000205636,-55.0000008195639,-2.05));
#14724=CARTESIAN_POINT('',(134.00000205636,-55.0000008195639,-2.05));
#14725=CARTESIAN_POINT('Origin',(138.00000205636,-55.0000008195639,-2.05));
#14726=CARTESIAN_POINT('Origin',(138.00000205636,-55.0000008195639,-0.05));
#14727=CARTESIAN_POINT('',(143.076702,-53.0074024837926,-0.05));
#14728=CARTESIAN_POINT('',(143.076702,-54.0037016516782,-0.05));
#14729=CARTESIAN_POINT('',(142.503361244869,-52.5918968688015,-0.05));
#14730=CARTESIAN_POINT('Origin',(145.74946976061,-48.71603098214,-0.05));
#14731=CARTESIAN_POINT('',(142.36967677335,-52.4756604076987,-0.05));
#14732=CARTESIAN_POINT('',(141.750428541377,-51.937234199997,-0.05));
#14733=CARTESIAN_POINT('',(141.602791035746,-51.6057725134535,-0.05));
#14734=CARTESIAN_POINT('Origin',(145.78157981972,-48.6947719189,-0.05));
#14735=CARTESIAN_POINT('',(141.506124411654,-51.4626587954157,-0.05));
#14736=CARTESIAN_POINT('',(141.777263680418,-51.864077063858,-0.05));
#14737=CARTESIAN_POINT('',(141.07569750067,-50.666614649498,-0.05));
#14738=CARTESIAN_POINT('Origin',(146.226811701,-48.39575897061,-0.05));
#14739=CARTESIAN_POINT('',(141.00738154825,-50.5061379851284,-0.05));
#14740=CARTESIAN_POINT('',(141.586462572038,-51.8664204346295,-0.05));
#14741=CARTESIAN_POINT('',(140.731596807548,-49.6691515453482,-0.05));
#14742=CARTESIAN_POINT('Origin',(147.03038059747,-48.0576479076,-0.05));
#14743=CARTESIAN_POINT('',(140.689581295628,-49.4972107458575,-0.05));
#14744=CARTESIAN_POINT('',(141.248253644179,-51.7834751723489,-0.05));
#14745=CARTESIAN_POINT('Origin',(148.04568406112,-47.80248530019,-0.05));
#14746=CARTESIAN_POINT('Origin',(140.326045482873,-47.6073002319588,-6.55));
#14747=CARTESIAN_POINT('',(140.567657452501,-48.833727402442,-2.05));
#14748=CARTESIAN_POINT('',(140.567657452501,-48.833727402442,-6.55));
#14749=CARTESIAN_POINT('Origin',(140.326045482873,-47.6073002319588,-2.05));
#14750=CARTESIAN_POINT('Origin',(148.04568406112,-47.80248530019,-6.55));
#14751=CARTESIAN_POINT('',(140.689581295628,-49.4972107458575,2.0495849235806));
#14752=CARTESIAN_POINT('',(140.689581295628,-49.4972107458575,-6.55));
#14753=CARTESIAN_POINT('',(140.567657452501,-48.833727402442,2.0495849235806));
#14754=CARTESIAN_POINT('Origin',(148.04568406112,-47.80248530019,2.0495849235806));
#14755=CARTESIAN_POINT('',(140.567657452501,-48.833727402442,-6.55));
#14756=CARTESIAN_POINT('Origin',(143.076702,-53.0074024837926,-6.55));
#14757=CARTESIAN_POINT('',(143.076702,-62.1287597376221,2.04958492358058));
#14758=CARTESIAN_POINT('',(143.076702,-62.1287597376221,-0.05));
#14759=CARTESIAN_POINT('',(143.076702,-53.0074024837926,2.04958492358059));
#14760=CARTESIAN_POINT('',(143.076702,-69.2155398884299,2.04958492358059));
#14761=CARTESIAN_POINT('',(143.076702,-53.0074024837926,-0.05));
#14762=CARTESIAN_POINT('Origin',(141.506124411654,-51.4626587954157,-6.55));
#14763=CARTESIAN_POINT('',(141.602791035746,-51.6057725134535,2.04958492358058));
#14764=CARTESIAN_POINT('',(141.602791035746,-51.6057725134535,-6.55));
#14765=CARTESIAN_POINT('',(141.506124411654,-51.4626587954157,2.04958492358058));
#14766=CARTESIAN_POINT('',(151.486964000566,-66.239165952218,2.04958492358058));
#14767=CARTESIAN_POINT('',(141.506124411654,-51.4626587954157,-6.55));
#14768=CARTESIAN_POINT('Origin',(145.78157981972,-48.6947719189,-6.55));
#14769=CARTESIAN_POINT('',(142.36967677335,-52.4756604076987,2.04958492358058));
#14770=CARTESIAN_POINT('',(142.36967677335,-52.4756604076987,-6.55));
#14771=CARTESIAN_POINT('Origin',(145.78157981972,-48.6947719189,2.04958492358057));
#14772=CARTESIAN_POINT('Origin',(142.36967677335,-52.4756604076987,-6.55));
#14773=CARTESIAN_POINT('',(142.503361244869,-52.5918968688015,2.04958492358057));
#14774=CARTESIAN_POINT('',(142.503361244869,-52.5918968688015,-0.05));
#14775=CARTESIAN_POINT('',(154.106536564824,-62.6806679984668,2.04958492358058));
#14776=CARTESIAN_POINT('Origin',(145.74946976061,-48.71603098214,-6.55));
#14777=CARTESIAN_POINT('Origin',(145.74946976061,-48.71603098214,2.04958492358057));
#14778=CARTESIAN_POINT('Origin',(158.456925947073,-38.894409,-0.785000014900997));
#14779=CARTESIAN_POINT('',(152.016925947073,-40.594409000455,-0.785000014900998));
#14780=CARTESIAN_POINT('',(158.456925947073,-40.5944090010838,-0.785000014900997));
#14781=CARTESIAN_POINT('',(160.666666586246,-40.5944090012995,-0.785000014900997));
#14782=CARTESIAN_POINT('',(152.016925947073,-38.894409,-0.785000014900998));
#14783=CARTESIAN_POINT('',(152.016925947073,-38.894409,-0.785000014900998));
#14784=CARTESIAN_POINT('',(158.456925947073,-38.894409,-0.785000014900997));
#14785=CARTESIAN_POINT('',(160.667012892028,-38.894409,-0.785000014900997));
#14786=CARTESIAN_POINT('',(158.456925947073,-38.894409,-0.785000014900997));
#14787=CARTESIAN_POINT('Origin',(158.456925947073,-38.894409,-2.335000014901));
#14788=CARTESIAN_POINT('',(159.980499047225,-40.5944090012325,-2.05));
#14789=CARTESIAN_POINT('Origin',(158.456925947073,-40.5944090015153,-2.335000014901));
#14790=CARTESIAN_POINT('',(159.980499047225,-38.894409,-2.05));
#14791=CARTESIAN_POINT('Origin',(158.456925947073,-38.894409,-2.335000014901));
#14792=CARTESIAN_POINT('',(159.980499047225,-38.894409,-2.05));
#14793=CARTESIAN_POINT('Origin',(152.016925947073,-38.894409,-2.335000014901));
#14794=CARTESIAN_POINT('',(150.493352846921,-40.5944090003063,-2.05));
#14795=CARTESIAN_POINT('Origin',(152.016925947073,-40.5944090015153,-2.335000014901));
#14796=CARTESIAN_POINT('',(150.493352846921,-38.894409,-2.05));
#14797=CARTESIAN_POINT('',(150.493352846921,-38.894409,-2.05));
#14798=CARTESIAN_POINT('Origin',(152.016925947073,-38.894409,-2.335000014901));
#14799=CARTESIAN_POINT('Origin',(162.876407225585,-40.5944090015153,-0.05));
#14800=CARTESIAN_POINT('',(162.876407225585,-40.5944090015153,-2.05));
#14801=CARTESIAN_POINT('',(158.909108104105,-40.5944090011279,-2.05));
#14802=CARTESIAN_POINT('',(162.876407225585,-40.5944090015153,1.55));
#14803=CARTESIAN_POINT('',(162.876407225585,-40.5944090015153,-0.05));
#14804=CARTESIAN_POINT('',(147.356348318767,-40.594409,1.55));
#14805=CARTESIAN_POINT('',(147.356348318767,-40.594409,1.55));
#14806=CARTESIAN_POINT('',(147.356348318767,-40.594409,-2.05));
#14807=CARTESIAN_POINT('',(147.356348318767,-40.594409,-0.05));
#14808=CARTESIAN_POINT('',(158.909108104105,-40.5944090011279,-2.05));
#14809=CARTESIAN_POINT('Origin',(154.941808978248,-85.4236772930672,-2.05));
#14810=CARTESIAN_POINT('',(168.239299772511,-71.1736527712652,-2.05));
#14811=CARTESIAN_POINT('',(165.459683,-63.1406161483059,-2.05));
#14812=CARTESIAN_POINT('',(169.730131394065,-75.4821206697365,-2.05));
#14813=CARTESIAN_POINT('',(165.459682999999,-52.3506924303174,-2.05));
#14814=CARTESIAN_POINT('',(165.459683000001,-74.2821467206861,-2.05));
#14815=CARTESIAN_POINT('',(165.463616152992,-52.2832997609123,-2.05));
#14816=CARTESIAN_POINT('Origin',(166.035078358034,-52.3504623847903,-2.05));
#14817=CARTESIAN_POINT('',(165.467581608512,-52.2555792385921,-2.05));
#14818=CARTESIAN_POINT('',(163.035266054134,-69.2586887582047,-2.05));
#14819=CARTESIAN_POINT('',(165.532334835659,-52.0713861903383,-2.05));
#14820=CARTESIAN_POINT('Origin',(166.03849064929,-52.3528042600701,-2.05));
#14821=CARTESIAN_POINT('',(165.545767310489,-52.0483387567345,-2.05));
#14822=CARTESIAN_POINT('',(156.934854893409,-66.8229379808507,-2.05));
#14823=CARTESIAN_POINT('',(165.856770685014,-51.7797283569086,-2.05));
#14824=CARTESIAN_POINT('Origin',(166.13282952823,-52.4137043863102,-2.05));
#14825=CARTESIAN_POINT('',(166.129621929341,-51.6423686768895,-2.05));
#14826=CARTESIAN_POINT('',(154.746458088365,-57.372918840429,-2.05));
#14827=CARTESIAN_POINT('',(166.388555239774,-51.4813374402037,-2.05));
#14828=CARTESIAN_POINT('',(154.521113822508,-58.8617272576494,-2.05));
#14829=CARTESIAN_POINT('',(166.623023426566,-51.3040677662258,-2.05));
#14830=CARTESIAN_POINT('',(154.582568239525,-60.4072539799226,-2.05));
#14831=CARTESIAN_POINT('',(167.234318264242,-50.6406467428507,-2.05));
#14832=CARTESIAN_POINT('Origin',(164.45279637142,-48.69101670102,-2.05));
#14833=CARTESIAN_POINT('',(167.392696891796,-50.3956529077705,-2.05));
#14834=CARTESIAN_POINT('',(157.493577453858,-65.7084717676857,-2.05));
#14835=CARTESIAN_POINT('',(167.535767762923,-50.1305917608022,-2.05));
#14836=CARTESIAN_POINT('',(158.667524678649,-66.5603979471278,-2.05));
#14837=CARTESIAN_POINT('',(167.660294525595,-49.8521445593109,-2.05));
#14838=CARTESIAN_POINT('',(159.90972460683,-67.1827525148373,-2.05));
#14839=CARTESIAN_POINT('',(167.766738053721,-49.5612581164429,-2.05));
#14840=CARTESIAN_POINT('',(161.16958622009,-67.5898039917541,-2.05));
#14841=CARTESIAN_POINT('',(167.855579374289,-49.2587955670183,-2.05));
#14842=CARTESIAN_POINT('',(162.408877081774,-67.8022329092035,-2.05));
#14843=CARTESIAN_POINT('',(167.92729961296,-48.9455428641477,-2.05));
#14844=CARTESIAN_POINT('',(163.600145712181,-67.8452660142512,-2.05));
#14845=CARTESIAN_POINT('',(167.982359491574,-48.6222315684438,-2.05));
#14846=CARTESIAN_POINT('',(164.725737376931,-67.745098200611,-2.05));
#14847=CARTESIAN_POINT('',(168.021198415673,-48.289554122152,-2.05));
#14848=CARTESIAN_POINT('',(165.775350970496,-67.5265131818258,-2.05));
#14849=CARTESIAN_POINT('',(168.04422530319,-47.9481724037141,-2.05));
#14850=CARTESIAN_POINT('',(166.74486543715,-67.2116401046612,-2.05));
#14851=CARTESIAN_POINT('',(168.051757,-47.6018729775474,-2.05));
#14852=CARTESIAN_POINT('',(167.633791543505,-66.8194810933213,-2.05));
#14853=CARTESIAN_POINT('',(168.051756998532,-45.1501768318743,-2.05));
#14854=CARTESIAN_POINT('',(168.051756999999,-66.5127751353075,-2.05));
#14855=CARTESIAN_POINT('',(167.932005950989,-44.2274582776044,-2.05));
#14856=CARTESIAN_POINT('Origin',(164.41075458704,-45.15357865536,-2.05));
#14857=CARTESIAN_POINT('',(167.869989332413,-44.0155247468018,-2.05));
#14858=CARTESIAN_POINT('',(172.971775842935,-61.4502003772802,-2.05));
#14859=CARTESIAN_POINT('',(167.597366487169,-43.3725190060093,-2.05));
#14860=CARTESIAN_POINT('Origin',(163.98897433014,-45.28170870362,-2.05));
#14861=CARTESIAN_POINT('',(167.488032067235,-43.1777288947126,-2.05));
#14862=CARTESIAN_POINT('',(175.055599021016,-56.6600998632147,-2.05));
#14863=CARTESIAN_POINT('',(167.080504397778,-42.5999541429832,-2.05));
#14864=CARTESIAN_POINT('Origin',(163.46000420187,-45.58624808279,-2.05));
#14865=CARTESIAN_POINT('',(166.931158266629,-42.42681770522,-2.05));
#14866=CARTESIAN_POINT('',(175.08118755286,-51.8751176205188,-2.05));
#14867=CARTESIAN_POINT('',(166.411862169685,-41.9260106030288,-2.05));
#14868=CARTESIAN_POINT('Origin',(162.97386791459,-46.0105674793,-2.05));
#14869=CARTESIAN_POINT('',(166.22956472048,-41.7788519561797,-2.05));
#14870=CARTESIAN_POINT('',(173.569338994914,-47.703845723877,-2.05));
#14871=CARTESIAN_POINT('',(164.976015188539,-41.0420622826738,-2.05));
#14872=CARTESIAN_POINT('Origin',(162.68810701634,-46.36940207249,-2.05));
#14873=CARTESIAN_POINT('',(164.757810824293,-40.9535141860966,-2.05));
#14874=CARTESIAN_POINT('',(168.40014581995,-42.4315865064026,-2.05));
#14875=CARTESIAN_POINT('',(163.824766620479,-40.6865729691969,-2.05));
#14876=CARTESIAN_POINT('Origin',(162.76850870819,-46.14264262185,-2.05));
#14877=CARTESIAN_POINT('',(163.594915369001,-40.6476272243891,-2.05));
#14878=CARTESIAN_POINT('',(163.191569623891,-40.5792847622213,-2.05));
#14879=CARTESIAN_POINT('Origin',(162.87251267879,-45.52394845475,-2.05));
#14880=CARTESIAN_POINT('',(162.877099836982,-38.894409,-2.05));
#14881=CARTESIAN_POINT('',(158.909454407615,-38.894409,-2.05));
#14882=CARTESIAN_POINT('',(163.862794148537,-38.9687858808069,-2.05));
#14883=CARTESIAN_POINT('Origin',(162.87251267879,-45.52394845475,-2.05));
#14884=CARTESIAN_POINT('',(164.127056109093,-39.0135621385474,-2.05));
#14885=CARTESIAN_POINT('',(163.48471349781,-38.9047243086152,-2.05));
#14886=CARTESIAN_POINT('',(165.382771212905,-39.3724822740924,-2.05));
#14887=CARTESIAN_POINT('Origin',(162.76850870819,-46.14264262185,-2.05));
#14888=CARTESIAN_POINT('',(165.630102680401,-39.4728502513624,-2.05));
#14889=CARTESIAN_POINT('',(169.04680818394,-40.8593613321752,-2.05));
#14890=CARTESIAN_POINT('',(167.283735209817,-40.4450483510977,-2.05));
#14891=CARTESIAN_POINT('Origin',(162.68810701634,-46.36940207249,-2.05));
#14892=CARTESIAN_POINT('',(167.492310218354,-40.6134194180357,-2.05));
#14893=CARTESIAN_POINT('',(174.643470369956,-46.3861554376279,-2.05));
#14894=CARTESIAN_POINT('',(168.205941382361,-41.3019652158358,-2.05));
#14895=CARTESIAN_POINT('Origin',(162.97386791459,-46.0105674793,-2.05));
#14896=CARTESIAN_POINT('',(168.379071918102,-41.5026748291056,-2.05));
#14897=CARTESIAN_POINT('',(176.374103221615,-50.7712861352661,-2.05));
#14898=CARTESIAN_POINT('',(168.959941351367,-42.3268786550236,-2.05));
#14899=CARTESIAN_POINT('Origin',(163.46000420187,-45.58624808279,-2.05));
#14900=CARTESIAN_POINT('',(169.089238261576,-42.5572339223343,-2.05));
#14901=CARTESIAN_POINT('',(176.542755935746,-55.8364147895584,-2.05));
#14902=CARTESIAN_POINT('',(169.49487919056,-43.5152244347471,-2.05));
#14903=CARTESIAN_POINT('Origin',(163.98897433014,-45.28170870362,-2.05));
#14904=CARTESIAN_POINT('',(169.56952207307,-43.7703065401999,-2.05));
#14905=CARTESIAN_POINT('',(174.606323885561,-60.9829056237605,-2.05));
#14906=CARTESIAN_POINT('',(169.751756911105,-45.1493485455002,-2.05));
#14907=CARTESIAN_POINT('Origin',(164.41075458704,-45.15357865536,-2.05));
#14908=CARTESIAN_POINT('',(169.751757,-47.6203575169895,-2.05));
#14909=CARTESIAN_POINT('',(169.751757679992,-66.5220171386326,-2.05));
#14910=CARTESIAN_POINT('',(169.7429803546,-48.0238983580933,-2.05));
#14911=CARTESIAN_POINT('',(169.332968105795,-66.8758264248243,-2.05));
#14912=CARTESIAN_POINT('',(169.714548104487,-48.445416481011,-2.05));
#14913=CARTESIAN_POINT('',(168.439613200363,-67.3467755180986,-2.05));
#14914=CARTESIAN_POINT('',(169.665719277157,-48.8636631229621,-2.05));
#14915=CARTESIAN_POINT('',(167.461296772076,-67.7457940404173,-2.05));
#14916=CARTESIAN_POINT('',(169.595122086403,-49.2782094276498,-2.05));
#14917=CARTESIAN_POINT('',(166.397584528348,-68.0541318778073,-2.05));
#14918=CARTESIAN_POINT('',(169.501198495257,-49.6884397801225,-2.05));
#14919=CARTESIAN_POINT('',(165.251516219427,-68.249789880154,-2.05));
#14920=CARTESIAN_POINT('',(169.382231358137,-50.0934664429517,-2.05));
#14921=CARTESIAN_POINT('',(164.032170670876,-68.3078849668887,-2.05));
#14922=CARTESIAN_POINT('',(169.236384503965,-50.4920333954052,-2.05));
#14923=CARTESIAN_POINT('',(162.755866454279,-68.2018451294518,-2.05));
#14924=CARTESIAN_POINT('',(169.06181108615,-50.8823870720167,-2.05));
#14925=CARTESIAN_POINT('',(161.448685116203,-67.9056644418233,-2.05));
#14926=CARTESIAN_POINT('',(168.856798611977,-51.2622047184678,-2.05));
#14927=CARTESIAN_POINT('',(160.147568438385,-67.3974146382254,-2.05));
#14928=CARTESIAN_POINT('',(168.64643662061,-51.5876109416181,-2.05));
#14929=CARTESIAN_POINT('',(158.913466280184,-66.6434159277055,-2.05));
#14930=CARTESIAN_POINT('',(167.676136466701,-52.6390485352945,-2.05));
#14931=CARTESIAN_POINT('Origin',(164.45279637142,-48.69101670102,-2.05));
#14932=CARTESIAN_POINT('',(167.352059931825,-52.8840666013589,-2.05));
#14933=CARTESIAN_POINT('',(155.576942103591,-61.7866445033759,-2.05));
#14934=CARTESIAN_POINT('',(167.159682999999,-53.0037062691554,-2.05));
#14935=CARTESIAN_POINT('',(155.485034510735,-60.2641977098006,-2.05));
#14936=CARTESIAN_POINT('',(167.159683,-62.8548095752672,-2.05));
#14937=CARTESIAN_POINT('',(167.159683000001,-74.1392434341667,-2.05));
#14938=CARTESIAN_POINT('',(169.807269908769,-70.506279114359,-2.05));
#14939=CARTESIAN_POINT('',(171.317405286156,-74.8705380558558,-2.05));
#14940=CARTESIAN_POINT('',(170.604988468698,-71.4387414162193,-2.05));
#14941=CARTESIAN_POINT('Origin',(172.3158514214,-69.1676495455201,-2.05));
#14942=CARTESIAN_POINT('',(170.786200724915,-71.5648491677586,-2.05));
#14943=CARTESIAN_POINT('',(168.697708662861,-70.1114428499285,-2.05));
#14944=CARTESIAN_POINT('',(171.876538864078,-71.9833494901072,-2.05));
#14945=CARTESIAN_POINT('Origin',(172.34752290837,-69.1266688823598,-2.05));
#14946=CARTESIAN_POINT('',(192.130447503882,-75.3313746032082,-2.05));
#14947=CARTESIAN_POINT('',(174.842658851268,-72.4736570343048,-2.05));
#14948=CARTESIAN_POINT('',(193.472085732853,-75.7038091675778,-2.05));
#14949=CARTESIAN_POINT('Origin',(191.08122368684,-81.71378343628,-2.05));
#14950=CARTESIAN_POINT('',(193.807653907333,-75.8493886614324,-2.05));
#14951=CARTESIAN_POINT('',(179.200690095453,-69.5124516089809,-2.05));
#14952=CARTESIAN_POINT('',(196.588018680161,-78.4390089626002,-2.05));
#14953=CARTESIAN_POINT('Origin',(191.17328347827,-81.46518937171,-2.05));
#14954=CARTESIAN_POINT('',(196.7439219068,-78.7348234937342,-2.05));
#14955=CARTESIAN_POINT('',(193.57988480981,-72.7313034222728,-2.05));
#14956=CARTESIAN_POINT('',(197.384890779197,-81.1471210427342,-2.05));
#14957=CARTESIAN_POINT('Origin',(191.07969815967,-81.53116235796,-2.05));
#14958=CARTESIAN_POINT('',(197.396061531827,-81.485547629744,-2.05));
#14959=CARTESIAN_POINT('',(197.437883254375,-82.752569046613,-2.05));
#14960=CARTESIAN_POINT('',(197.161695357227,-83.2085594661683,-2.05));
#14961=CARTESIAN_POINT('Origin',(191.23651841257,-81.52516435584,-2.05));
#14962=CARTESIAN_POINT('',(197.055969427749,-83.5433474350872,-2.05));
#14963=CARTESIAN_POINT('',(194.876420237904,-90.4450303999879,-2.05));
#14964=CARTESIAN_POINT('',(196.208144946228,-85.1581822417722,-2.05));
#14965=CARTESIAN_POINT('Origin',(191.22472522352,-81.51179431379,-2.05));
#14966=CARTESIAN_POINT('',(195.955972515119,-85.4832099452636,-2.05));
#14967=CARTESIAN_POINT('',(188.264697689298,-95.3965751080198,-2.05));
#14968=CARTESIAN_POINT('',(195.673935830849,-85.7980582107383,-2.05));
#14969=CARTESIAN_POINT('',(186.700112800122,-95.8158777834313,-2.05));
#14970=CARTESIAN_POINT('',(180.898788406141,-101.175088810544,-2.05));
#14971=CARTESIAN_POINT('',(178.603226585591,-103.564162991349,-2.05));
#14972=CARTESIAN_POINT('',(180.304127014509,-102.102711350182,-2.05));
#14973=CARTESIAN_POINT('Origin',(182.936680852889,-103.1359174386,-2.05));
#14974=CARTESIAN_POINT('',(180.235067383785,-102.30004446051,-2.05));
#14975=CARTESIAN_POINT('',(181.486022973121,-98.7255255304632,-2.05));
#14976=CARTESIAN_POINT('',(180.142090402871,-103.547589033107,-2.05));
#14977=CARTESIAN_POINT('Origin',(182.909721962791,-103.1266180517,-2.05));
#14978=CARTESIAN_POINT('',(183.359730278934,-124.75385001839,-2.05));
#14979=CARTESIAN_POINT('',(180.123321641749,-103.423891148302,-2.05));
#14980=CARTESIAN_POINT('',(183.415946252697,-126.174013279172,-2.05));
#14981=CARTESIAN_POINT('Origin',(177.06952306671,-125.7140372648,-2.05));
#14982=CARTESIAN_POINT('',(183.377335819901,-126.543722334595,-2.05));
#14983=CARTESIAN_POINT('',(185.347954292879,-107.674327679228,-2.05));
#14984=CARTESIAN_POINT('',(182.458653971151,-129.03772989256,-2.05));
#14985=CARTESIAN_POINT('Origin',(177.30621788274,-125.7235961787,-2.05));
#14986=CARTESIAN_POINT('',(182.263589206894,-129.323939396582,-2.05));
#14987=CARTESIAN_POINT('',(188.145765199681,-120.693294698249,-2.05));
#14988=CARTESIAN_POINT('',(181.066580203205,-130.574166379432,-2.05));
#14989=CARTESIAN_POINT('Origin',(177.12888199968,-125.6059411528,-2.05));
#14990=CARTESIAN_POINT('',(180.79297836026,-130.77956084915,-2.05));
#14991=CARTESIAN_POINT('',(183.414482120818,-128.81158296944,-2.05));
#14992=CARTESIAN_POINT('',(178.865055414986,-131.708655661822,-2.05));
#14993=CARTESIAN_POINT('Origin',(177.0957447183,-125.5724178542,-2.05));
#14994=CARTESIAN_POINT('',(178.527816271221,-131.795613887871,-2.05));
#14995=CARTESIAN_POINT('',(173.075881093588,-133.201413363846,-2.05));
#14996=CARTESIAN_POINT('',(176.745122985491,-131.940571552568,-2.05));
#14997=CARTESIAN_POINT('Origin',(177.13705503567,-125.7262785358,-2.05));
#14998=CARTESIAN_POINT('',(176.383544289787,-131.907008718653,-2.05));
#14999=CARTESIAN_POINT('',(163.615327008302,-130.721823968819,-2.05));
#15000=CARTESIAN_POINT('',(174.995020996184,-131.57254302217,-2.05));
#15001=CARTESIAN_POINT('Origin',(177.14683233057,-125.6888064763,-2.05));
#15002=CARTESIAN_POINT('',(174.602975902987,-131.416206988046,-2.05));
#15003=CARTESIAN_POINT('',(158.209082664048,-124.878805303094,-2.05));
#15004=CARTESIAN_POINT('',(174.212825442093,-131.227276193875,-2.05));
#15005=CARTESIAN_POINT('',(157.424048995299,-123.097292546083,-2.05));
#15006=CARTESIAN_POINT('',(156.29978330166,-121.755437955019,-2.05));
#15007=CARTESIAN_POINT('',(148.262462315869,-117.505562147353,-2.05));
#15008=CARTESIAN_POINT('',(154.618496490867,-121.436887510935,-2.05));
#15009=CARTESIAN_POINT('Origin',(154.94221493099,-124.3244562966,-2.05));
#15010=CARTESIAN_POINT('',(154.39270031562,-121.471125407549,-2.05));
#15011=CARTESIAN_POINT('',(157.332630129737,-121.025338347967,-2.05));
#15012=CARTESIAN_POINT('',(153.584404963734,-121.755302974185,-2.05));
#15013=CARTESIAN_POINT('Origin',(154.93864046916,-124.3155794252,-2.05));
#15014=CARTESIAN_POINT('',(135.703263880671,-131.210211634987,-2.05));
#15015=CARTESIAN_POINT('',(152.680878761767,-122.233055354336,-2.05));
#15016=CARTESIAN_POINT('',(134.379687232103,-131.734433755118,-2.05));
#15017=CARTESIAN_POINT('Origin',(132.672564751,-125.4912045397,-2.05));
#15018=CARTESIAN_POINT('',(134.016288940009,-131.821662548312,-2.05));
#15019=CARTESIAN_POINT('',(149.174285114722,-128.183192741695,-2.05));
#15020=CARTESIAN_POINT('',(130.948159665056,-131.687837933627,-2.05));
#15021=CARTESIAN_POINT('Origin',(132.74494573923,-125.731468702,-2.05));
#15022=CARTESIAN_POINT('',(130.620356624888,-131.579626835595,-2.05));
#15023=CARTESIAN_POINT('',(134.716447916177,-132.931787987128,-2.05));
#15024=CARTESIAN_POINT('',(128.761435260558,-130.529388473545,-2.05));
#15025=CARTESIAN_POINT('Origin',(132.79257991906,-125.5645286009,-2.05));
#15026=CARTESIAN_POINT('',(128.501586322589,-130.306624185693,-2.05));
#15027=CARTESIAN_POINT('',(125.03252338554,-127.332652690077,-2.05));
#15028=CARTESIAN_POINT('',(127.385067500746,-128.97442738716,-2.05));
#15029=CARTESIAN_POINT('Origin',(132.72718799784,-125.6311549865,-2.05));
#15030=CARTESIAN_POINT('',(127.208580289671,-128.673411543225,-2.05));
#15031=CARTESIAN_POINT('',(121.320544380257,-118.630802293509,-2.05));
#15032=CARTESIAN_POINT('',(126.506602693986,-126.543412885751,-2.05));
#15033=CARTESIAN_POINT('Origin',(132.57008337375,-125.7257625224,-2.05));
#15034=CARTESIAN_POINT('',(126.468133379224,-126.174821498687,-2.05));
#15035=CARTESIAN_POINT('',(124.517888584102,-107.488670248562,-2.05));
#15036=CARTESIAN_POINT('',(126.524486568565,-124.752779258041,-2.05));
#15037=CARTESIAN_POINT('Origin',(132.77426207553,-125.7125852691,-2.05));
#15038=CARTESIAN_POINT('',(129.742056500775,-103.548110311422,-2.05));
#15039=CARTESIAN_POINT('',(131.3697759615,-92.8209924554224,-2.05));
#15040=CARTESIAN_POINT('',(129.306891557038,-101.577286941413,-2.05));
#15041=CARTESIAN_POINT('Origin',(126.96517018298,-103.1278021923,-2.05));
#15042=CARTESIAN_POINT('',(129.197573220667,-101.424677535513,-2.05));
#15043=CARTESIAN_POINT('',(129.775205409064,-102.231057398453,-2.05));
#15044=CARTESIAN_POINT('',(129.094976623214,-101.297557757346,-2.05));
#15045=CARTESIAN_POINT('',(130.313565485943,-102.807420167521,-2.05));
#15046=CARTESIAN_POINT('',(128.964754713778,-101.153990927631,-2.05));
#15047=CARTESIAN_POINT('',(130.913499215587,-103.302439458769,-2.05));
#15048=CARTESIAN_POINT('',(114.234950262398,-85.8240486176857,-2.05));
#15049=CARTESIAN_POINT('',(123.905460935416,-95.8885658496974,-2.05));
#15050=CARTESIAN_POINT('',(113.385047164852,-84.7231612716693,-2.05));
#15051=CARTESIAN_POINT('Origin',(118.84402654569,-81.38725230672,-2.05));
#15052=CARTESIAN_POINT('',(113.204644741108,-84.4063206359231,-2.05));
#15053=CARTESIAN_POINT('',(118.532471954076,-93.7635794036453,-2.05));
#15054=CARTESIAN_POINT('',(112.503999826517,-81.0742219589911,-2.05));
#15055=CARTESIAN_POINT('Origin',(118.63284043599,-81.52521443698,-2.05));
#15056=CARTESIAN_POINT('',(112.537035850312,-80.7400508465398,-2.05));
#15057=CARTESIAN_POINT('',(112.512975881579,-80.9834259744625,-2.05));
#15058=CARTESIAN_POINT('',(113.332062280409,-78.3754805968542,-2.05));
#15059=CARTESIAN_POINT('Origin',(118.8119414893,-81.53388900148,-2.05));
#15060=CARTESIAN_POINT('',(113.5083532289,-78.087812610141,-2.05));
#15061=CARTESIAN_POINT('',(117.530372691036,-71.5247629975534,-2.05));
#15062=CARTESIAN_POINT('',(114.640884997616,-76.7839523166502,-2.05));
#15063=CARTESIAN_POINT('Origin',(118.73282749286,-81.48199768106,-2.05));
#15064=CARTESIAN_POINT('',(114.910185767067,-76.5626168340386,-2.05));
#15065=CARTESIAN_POINT('',(124.683018810512,-68.5304276852193,-2.05));
#15066=CARTESIAN_POINT('',(116.482882802527,-75.6760179454061,-2.05));
#15067=CARTESIAN_POINT('Origin',(118.70932993504,-81.46357717657,-2.05));
#15068=CARTESIAN_POINT('',(116.866767041665,-75.5407175748465,-2.05));
#15069=CARTESIAN_POINT('',(132.25153668986,-70.1183406649443,-2.05));
#15070=CARTESIAN_POINT('',(117.302758602515,-75.4207654708172,-2.05));
#15071=CARTESIAN_POINT('',(133.518806845869,-70.9593279557518,-2.05));
#15072=CARTESIAN_POINT('',(117.718187218377,-75.3372018847395,-2.05));
#15073=CARTESIAN_POINT('',(134.631223592799,-71.9351397326763,-2.05));
#15074=CARTESIAN_POINT('',(138.00733993952,-71.9833591161482,-2.05));
#15075=CARTESIAN_POINT('',(145.168051711029,-70.7996773026848,-2.05));
#15076=CARTESIAN_POINT('',(139.097784791493,-71.5648132356969,-2.05));
#15077=CARTESIAN_POINT('Origin',(137.53590546611,-69.1253722978301,-2.05));
#15078=CARTESIAN_POINT('',(139.278743125868,-71.4388816564881,-2.05));
#15079=CARTESIAN_POINT('',(141.276604193376,-70.0485406139512,-2.05));
#15080=CARTESIAN_POINT('',(139.936444023325,-70.7412535295124,-2.05));
#15081=CARTESIAN_POINT('Origin',(137.56276062621,-69.1622662138697,-2.05));
#15082=CARTESIAN_POINT('',(140.038529440335,-70.5737121760303,-2.05));
#15083=CARTESIAN_POINT('',(138.75677642684,-72.6773097416971,-2.05));
#15084=CARTESIAN_POINT('',(140.085605094383,-70.4847583696636,-2.05));
#15085=CARTESIAN_POINT('',(138.62273554422,-73.248985810281,-2.05));
#15086=CARTESIAN_POINT('',(140.054773676806,-70.5708897426082,-2.05));
#15087=CARTESIAN_POINT('',(140.522334301377,-48.4452974172157,-2.05));
#15088=CARTESIAN_POINT('',(142.747570786803,-67.5160935493915,-2.05));
#15089=CARTESIAN_POINT('',(140.493921868326,-48.0238364525863,-2.05));
#15090=CARTESIAN_POINT('',(141.781539752351,-67.1239492271603,-2.05));
#15091=CARTESIAN_POINT('',(140.485152,-47.6203432963321,-2.05));
#15092=CARTESIAN_POINT('',(140.899196232678,-66.6701178269788,-2.05));
#15093=CARTESIAN_POINT('',(140.485152,-45.1493601836191,-2.05));
#15094=CARTESIAN_POINT('',(140.485152,-65.2865187383431,-2.05));
#15095=CARTESIAN_POINT('',(140.667207192253,-43.7706531765634,-2.05));
#15096=CARTESIAN_POINT('Origin',(145.82833572819,-45.15354187355,-2.05));
#15097=CARTESIAN_POINT('',(140.74154247496,-43.5164556804447,-2.05));
#15098=CARTESIAN_POINT('',(135.656113346095,-60.9066276711711,-2.05));
#15099=CARTESIAN_POINT('',(141.147658659287,-42.5567977260956,-2.05));
#15100=CARTESIAN_POINT('Origin',(146.20774525861,-45.26392886857,-2.05));
#15101=CARTESIAN_POINT('',(141.276031968068,-42.3279816009826,-2.05));
#15102=CARTESIAN_POINT('',(133.716964119689,-55.8014725545226,-2.05));
#15103=CARTESIAN_POINT('',(141.857805111284,-41.5022029246857,-2.05));
#15104=CARTESIAN_POINT('Origin',(146.7306302913,-45.5530026408,-2.05));
#15105=CARTESIAN_POINT('',(142.029930833979,-41.3026126848631,-2.05));
#15106=CARTESIAN_POINT('',(133.872999011869,-50.7610710320529,-2.05));
#15107=CARTESIAN_POINT('',(142.744545805721,-40.6130408371144,-2.05));
#15108=CARTESIAN_POINT('Origin',(147.22469001525,-45.97095979114,-2.05));
#15109=CARTESIAN_POINT('',(142.952347781984,-40.4452817619336,-2.05));
#15110=CARTESIAN_POINT('',(135.589884139367,-46.3890177838424,-2.05));
#15111=CARTESIAN_POINT('',(144.321119125504,-39.6016430412462,-2.05));
#15112=CARTESIAN_POINT('Origin',(147.53709552965,-46.35164970255,-2.05));
#15113=CARTESIAN_POINT('',(144.563961560293,-39.4910656904162,-2.05));
#15114=CARTESIAN_POINT('',(140.200076169719,-41.4781437982221,-2.05));
#15115=CARTESIAN_POINT('',(145.799313970735,-39.0795663073762,-2.05));
#15116=CARTESIAN_POINT('Origin',(147.49671447906,-46.23535217467,-2.05));
#15117=CARTESIAN_POINT('',(146.061783084842,-39.0227902604439,-2.05));
#15118=CARTESIAN_POINT('',(145.509052038255,-39.1423543621047,-2.05));
#15119=CARTESIAN_POINT('',(147.062435967001,-38.9012311199707,-2.05));
#15120=CARTESIAN_POINT('Origin',(147.38357428135,-45.724160142,-2.05));
#15121=CARTESIAN_POINT('',(147.335083125113,-38.894409,-2.05));
#15122=CARTESIAN_POINT('',(150.554307734265,-38.8138582374382,-2.05));
#15123=CARTESIAN_POINT('',(158.909454407615,-38.894409,-2.05));
#15124=CARTESIAN_POINT('',(147.125004893804,-40.6001976266281,-2.05));
#15125=CARTESIAN_POINT('',(150.586202197831,-40.513592274078,-2.05));
#15126=CARTESIAN_POINT('',(146.404924312091,-40.6878823275043,-2.05));
#15127=CARTESIAN_POINT('Origin',(147.38357428135,-45.724160142,-2.05));
#15128=CARTESIAN_POINT('',(146.176327816973,-40.7373312136317,-2.05));
#15129=CARTESIAN_POINT('',(145.86033405,-40.8056854541112,-2.05));
#15130=CARTESIAN_POINT('',(145.254350715883,-41.0446431499777,-2.05));
#15131=CARTESIAN_POINT('Origin',(147.49671447906,-46.23535217467,-2.05));
#15132=CARTESIAN_POINT('',(145.039882201688,-41.1423005472802,-2.05));
#15133=CARTESIAN_POINT('',(140.897516466844,-43.0285105481224,-2.05));
#15134=CARTESIAN_POINT('',(144.006766256062,-41.7788859598107,-2.05));
#15135=CARTESIAN_POINT('Origin',(147.53709552965,-46.35164970255,-2.05));
#15136=CARTESIAN_POINT('',(143.824598641084,-41.9259503485429,-2.05));
#15137=CARTESIAN_POINT('',(136.65102391725,-47.7171958556613,-2.05));
#15138=CARTESIAN_POINT('',(143.30518839258,-42.4269183448156,-2.05));
#15139=CARTESIAN_POINT('Origin',(147.22469001525,-45.97095979114,-2.05));
#15140=CARTESIAN_POINT('',(143.156029311966,-42.5998773668917,-2.05));
#15141=CARTESIAN_POINT('',(135.154322303161,-51.8783431061773,-2.05));
#15142=CARTESIAN_POINT('',(142.748468524869,-43.1779008091238,-2.05));
#15143=CARTESIAN_POINT('Origin',(146.7306302913,-45.5530026408,-2.05));
#15144=CARTESIAN_POINT('',(142.639322859583,-43.3724450523245,-2.05));
#15145=CARTESIAN_POINT('',(135.194485951254,-56.6423276287707,-2.05));
#15146=CARTESIAN_POINT('',(142.366740138156,-44.0157185058322,-2.05));
#15147=CARTESIAN_POINT('Origin',(146.20774525861,-45.26392886857,-2.05));
#15148=CARTESIAN_POINT('',(142.304805642953,-44.2275101750207,-2.05));
#15149=CARTESIAN_POINT('',(137.284544313019,-61.3948338666544,-2.05));
#15150=CARTESIAN_POINT('',(142.185152002863,-45.1501785774813,-2.05));
#15151=CARTESIAN_POINT('Origin',(145.82833572819,-45.15354187355,-2.05));
#15152=CARTESIAN_POINT('',(142.185152,-47.6018708444505,-2.05));
#15153=CARTESIAN_POINT('',(142.185151979351,-65.2869279278269,-2.05));
#15154=CARTESIAN_POINT('',(142.192678430249,-47.9481546178879,-2.05));
#15155=CARTESIAN_POINT('',(142.598995531976,-66.6424113299992,-2.05));
#15156=CARTESIAN_POINT('',(142.215691295207,-48.2895201125824,-2.05));
#15157=CARTESIAN_POINT('',(143.478993108154,-67.0289360487751,-2.05));
#15158=CARTESIAN_POINT('',(142.254013466811,-48.6179500690384,-2.05));
#15159=CARTESIAN_POINT('',(144.438521370856,-67.3396927511289,-2.05));
#15160=CARTESIAN_POINT('',(142.343831373588,-49.105292650452,-2.05));
#15161=CARTESIAN_POINT('Origin',(148.04568406112,-47.80248530019,-2.05));
#15162=CARTESIAN_POINT('',(142.380661646042,-49.256013805616,-2.05));
#15163=CARTESIAN_POINT('',(146.886114138005,-67.6937542533505,-2.05));
#15164=CARTESIAN_POINT('',(142.577401982175,-49.85401886164,-2.05));
#15165=CARTESIAN_POINT('Origin',(147.03038059747,-48.0576479076,-2.05));
#15166=CARTESIAN_POINT('',(142.635237261696,-49.9898760430423,-2.05));
#15167=CARTESIAN_POINT('',(149.935428880015,-67.1382924623039,-2.05));
#15168=CARTESIAN_POINT('',(142.924159377565,-50.5248676630416,-2.05));
#15169=CARTESIAN_POINT('Origin',(146.226811701,-48.39575897061,-2.05));
#15170=CARTESIAN_POINT('',(143.00399904611,-50.6430692855751,-2.05));
#15171=CARTESIAN_POINT('',(152.900354781193,-65.2944991621548,-2.05));
#15172=CARTESIAN_POINT('',(143.498151298249,-51.2041088373421,-2.05));
#15173=CARTESIAN_POINT('Origin',(145.78157981972,-48.6947719189,-2.05));
#15174=CARTESIAN_POINT('',(143.605730779124,-51.2976474361191,-2.05));
#15175=CARTESIAN_POINT('',(155.228495938323,-61.4034516105509,-2.05));
#15176=CARTESIAN_POINT('',(144.24666300779,-51.7163529981708,-2.05));
#15177=CARTESIAN_POINT('Origin',(145.74946976061,-48.71603098214,-2.05));
#15178=CARTESIAN_POINT('',(144.381876149504,-51.780728851423,-2.05));
#15179=CARTESIAN_POINT('',(155.147418964129,-56.9062735701805,-2.05));
#15180=CARTESIAN_POINT('',(144.57277806979,-51.9058677459438,-2.05));
#15181=CARTESIAN_POINT('Origin',(144.09359400953,-52.4286909215803,-2.05));
#15182=CARTESIAN_POINT('',(144.613329413908,-51.9461580039329,-2.05));
#15183=CARTESIAN_POINT('',(155.561057126961,-62.8233997712208,-2.05));
#15184=CARTESIAN_POINT('',(144.776701828888,-52.351189063994,-2.05));
#15185=CARTESIAN_POINT('Origin',(144.18745464125,-52.3534021862901,-2.05));
#15186=CARTESIAN_POINT('',(144.776702,-62.423855949045,-2.05));
#15187=CARTESIAN_POINT('',(144.776702109802,-68.8874332648716,-2.05));
#15188=CARTESIAN_POINT('',(141.645661607691,-71.1708039953855,-2.05));
#15189=CARTESIAN_POINT('',(141.705047459312,-71.0049022842183,-2.05));
#15190=CARTESIAN_POINT('',(141.645051056725,-71.1724484697299,-2.05));
#15191=CARTESIAN_POINT('',(140.125716255809,-75.2646655689575,-2.05));
#15192=CARTESIAN_POINT('',(141.51703181605,-71.4143526764046,-2.05));
#15193=CARTESIAN_POINT('',(140.153739494049,-73.9904197260187,-2.05));
#15194=CARTESIAN_POINT('',(141.372646406034,-71.6513162675407,-2.05));
#15195=CARTESIAN_POINT('',(140.221896726194,-73.5399127441765,-2.05));
#15196=CARTESIAN_POINT('',(140.273174290144,-72.8179819571064,-2.05));
#15197=CARTESIAN_POINT('Origin',(137.56276062621,-69.1622662138697,-2.05));
#15198=CARTESIAN_POINT('',(140.045077778622,-72.9767176904292,-2.05));
#15199=CARTESIAN_POINT('',(142.259348048778,-71.4357742855364,-2.05));
#15200=CARTESIAN_POINT('',(138.284379641172,-73.6606334188943,-2.05));
#15201=CARTESIAN_POINT('Origin',(137.53590546611,-69.1253722978301,-2.05));
#15202=CARTESIAN_POINT('',(118.024525332756,-77.0096330827109,-2.05));
#15203=CARTESIAN_POINT('',(145.445197281843,-72.476934093806,-2.05));
#15204=CARTESIAN_POINT('',(117.696338690377,-77.0756479206226,-2.05));
#15205=CARTESIAN_POINT('',(134.952012941533,-73.6046640606825,-2.05));
#15206=CARTESIAN_POINT('',(117.37542230625,-77.1639399862269,-2.05));
#15207=CARTESIAN_POINT('',(133.941075010224,-72.6063176033912,-2.05));
#15208=CARTESIAN_POINT('',(117.07255584684,-77.2706855621339,-2.05));
#15209=CARTESIAN_POINT('',(132.788411940665,-71.7316169149278,-2.05));
#15210=CARTESIAN_POINT('',(115.969376161092,-77.892579721679,-2.05));
#15211=CARTESIAN_POINT('Origin',(118.70932993504,-81.46357717657,-2.05));
#15212=CARTESIAN_POINT('',(115.740583760048,-78.0806218004521,-2.05));
#15213=CARTESIAN_POINT('',(125.752323238892,-69.8520779539528,-2.05));
#15214=CARTESIAN_POINT('',(114.945192211984,-78.9967010354255,-2.05));
#15215=CARTESIAN_POINT('Origin',(118.73282749286,-81.48199768106,-2.05));
#15216=CARTESIAN_POINT('',(114.79443322807,-79.2427064812697,-2.05));
#15217=CARTESIAN_POINT('',(118.973527590572,-72.4233452387207,-2.05));
#15218=CARTESIAN_POINT('',(114.226327431918,-80.9321966492696,-2.05));
#15219=CARTESIAN_POINT('Origin',(118.8119414893,-81.53388900148,-2.05));
#15220=CARTESIAN_POINT('',(114.198020414389,-81.2185321839821,-2.05));
#15221=CARTESIAN_POINT('',(114.203498253157,-81.1631218995481,-2.05));
#15222=CARTESIAN_POINT('',(114.695435957466,-83.5888347026297,-2.05));
#15223=CARTESIAN_POINT('Origin',(118.63284043599,-81.52521443698,-2.05));
#15224=CARTESIAN_POINT('',(114.848349877742,-83.8573973012299,-2.05));
#15225=CARTESIAN_POINT('',(120.016525486581,-92.9342600814676,-2.05));
#15226=CARTESIAN_POINT('',(115.460145141473,-84.6455332907482,-2.05));
#15227=CARTESIAN_POINT('Origin',(118.84402654569,-81.38725230672,-2.05));
#15228=CARTESIAN_POINT('',(130.207518707067,-99.9937605391447,-2.05));
#15229=CARTESIAN_POINT('',(125.130976675725,-94.7103844595658,-2.05));
#15230=CARTESIAN_POINT('',(130.387084893482,-100.191728363602,-2.05));
#15231=CARTESIAN_POINT('',(132.164470277048,-102.151257184873,-2.05));
#15232=CARTESIAN_POINT('',(130.5511410831,-100.394998130327,-2.05));
#15233=CARTESIAN_POINT('',(131.621065601084,-101.720661658722,-2.05));
#15234=CARTESIAN_POINT('',(130.704950931856,-100.609718097894,-2.05));
#15235=CARTESIAN_POINT('',(131.142994801809,-101.221231380758,-2.05));
#15236=CARTESIAN_POINT('',(131.422852026902,-103.802917096985,-2.05));
#15237=CARTESIAN_POINT('Origin',(126.96517018298,-103.1278021923,-2.05));
#15238=CARTESIAN_POINT('',(128.20497513741,-125.009606531991,-2.05));
#15239=CARTESIAN_POINT('',(133.050554249777,-93.0759139646088,-2.05));
#15240=CARTESIAN_POINT('',(128.161881912392,-126.026450538406,-2.05));
#15241=CARTESIAN_POINT('Origin',(132.77426207553,-125.7125852691,-2.05));
#15242=CARTESIAN_POINT('',(128.194551998857,-126.33947697414,-2.05));
#15243=CARTESIAN_POINT('',(126.2101709017,-107.326250833627,-2.05));
#15244=CARTESIAN_POINT('',(128.68794077841,-127.835475562222,-2.05));
#15245=CARTESIAN_POINT('Origin',(132.57008337375,-125.7257625224,-2.05));
#15246=CARTESIAN_POINT('',(128.838186815914,-128.091734571031,-2.05));
#15247=CARTESIAN_POINT('',(122.793486388965,-117.781918979959,-2.05));
#15248=CARTESIAN_POINT('',(129.626266361184,-129.031605998961,-2.05));
#15249=CARTESIAN_POINT('Origin',(132.72718799784,-125.6311549865,-2.05));
#15250=CARTESIAN_POINT('',(129.849303840696,-129.222812419415,-2.05));
#15251=CARTESIAN_POINT('',(126.148088506721,-126.049820432211,-2.05));
#15252=CARTESIAN_POINT('',(131.177348960613,-129.973263512545,-2.05));
#15253=CARTESIAN_POINT('Origin',(132.79257991906,-125.5645286009,-2.05));
#15254=CARTESIAN_POINT('',(131.458516500316,-130.066079760334,-2.05));
#15255=CARTESIAN_POINT('',(135.261395067702,-131.32144842698,-2.05));
#15256=CARTESIAN_POINT('',(133.646076282616,-130.162238043496,-2.05));
#15257=CARTESIAN_POINT('Origin',(132.74494573923,-125.731468702,-2.05));
#15258=CARTESIAN_POINT('',(133.955028059165,-130.088078392199,-2.05));
#15259=CARTESIAN_POINT('',(148.790783382591,-126.526958097627,-2.05));
#15260=CARTESIAN_POINT('',(134.907802530891,-129.707799542771,-2.05));
#15261=CARTESIAN_POINT('Origin',(132.672564751,-125.4912045397,-2.05));
#15262=CARTESIAN_POINT('',(152.789678794417,-120.252502145858,-2.05));
#15263=CARTESIAN_POINT('',(151.885823597646,-120.730428486655,-2.05));
#15264=CARTESIAN_POINT('',(154.1087246758,-119.794752837825,-2.05));
#15265=CARTESIAN_POINT('Origin',(154.93864046916,-124.3155794252,-2.05));
#15266=CARTESIAN_POINT('',(154.392539714899,-119.751717432307,-2.05));
#15267=CARTESIAN_POINT('',(157.063211848797,-119.346758418671,-2.05));
#15268=CARTESIAN_POINT('',(157.094292495675,-120.252522392448,-2.05));
#15269=CARTESIAN_POINT('Origin',(154.94221493099,-124.3244562966,-2.05));
#15270=CARTESIAN_POINT('',(174.980855316314,-129.710359229081,-2.05));
#15271=CARTESIAN_POINT('',(149.057043414153,-116.002684612509,-2.05));
#15272=CARTESIAN_POINT('',(175.289160585448,-129.859656398207,-2.05));
#15273=CARTESIAN_POINT('',(158.178526349482,-121.573812758403,-2.05));
#15274=CARTESIAN_POINT('',(175.600145218226,-129.983667908632,-2.05));
#15275=CARTESIAN_POINT('',(158.86702008723,-123.310990538389,-2.05));
#15276=CARTESIAN_POINT('',(176.56768470359,-130.216793200285,-2.05));
#15277=CARTESIAN_POINT('Origin',(177.14683233057,-125.6888064763,-2.05));
#15278=CARTESIAN_POINT('',(176.875224889401,-130.245340015408,-2.05));
#15279=CARTESIAN_POINT('',(163.785959076504,-129.030354564778,-2.05));
#15280=CARTESIAN_POINT('',(178.127430765595,-130.143248944977,-2.05));
#15281=CARTESIAN_POINT('Origin',(177.13705503567,-125.7262785358,-2.05));
#15282=CARTESIAN_POINT('',(178.415434945205,-130.068986116901,-2.05));
#15283=CARTESIAN_POINT('',(172.663455021357,-131.552153120784,-2.05));
#15284=CARTESIAN_POINT('',(179.791789912649,-129.40543869241,-2.05));
#15285=CARTESIAN_POINT('Origin',(177.0957447183,-125.5724178542,-2.05));
#15286=CARTESIAN_POINT('',(180.026734453624,-129.229064480571,-2.05));
#15287=CARTESIAN_POINT('',(182.403580921797,-127.444752230774,-2.05));
#15288=CARTESIAN_POINT('',(180.873521006764,-128.344964737893,-2.05));
#15289=CARTESIAN_POINT('Origin',(177.12888199968,-125.6059411528,-2.05));
#15290=CARTESIAN_POINT('',(181.040101068375,-128.100549520232,-2.05));
#15291=CARTESIAN_POINT('',(186.748348685027,-119.72510188147,-2.05));
#15292=CARTESIAN_POINT('',(181.68941562457,-126.3395250608,-2.05));
#15293=CARTESIAN_POINT('Origin',(177.30621788274,-125.7235961787,-2.05));
#15294=CARTESIAN_POINT('',(181.722125001181,-126.02632078272,-2.05));
#15295=CARTESIAN_POINT('',(183.658591922697,-107.483939758789,-2.05));
#15296=CARTESIAN_POINT('',(181.679103239129,-125.009767153084,-2.05));
#15297=CARTESIAN_POINT('Origin',(177.06952306671,-125.7140372648,-2.05));
#15298=CARTESIAN_POINT('',(178.461362108504,-103.802838905261,-2.05));
#15299=CARTESIAN_POINT('',(178.442626774018,-103.67936132331,-2.05));
#15300=CARTESIAN_POINT('',(178.621349118618,-101.76462011347,-2.05));
#15301=CARTESIAN_POINT('Origin',(182.909721962791,-103.1266180517,-2.05));
#15302=CARTESIAN_POINT('',(178.70881119093,-101.51470330123,-2.05));
#15303=CARTESIAN_POINT('',(179.87687541759,-98.1770406973018,-2.05));
#15304=CARTESIAN_POINT('',(179.673255506408,-99.9969252172536,-2.05));
#15305=CARTESIAN_POINT('Origin',(182.936680852889,-103.1359174386,-2.05));
#15306=CARTESIAN_POINT('',(194.427513824627,-84.6416347316108,-2.05));
#15307=CARTESIAN_POINT('',(177.377543805214,-102.386155450507,-2.05));
#15308=CARTESIAN_POINT('',(194.649641927268,-84.3936646917897,-2.05));
#15309=CARTESIAN_POINT('',(185.443776884032,-94.6705215785283,-2.05));
#15310=CARTESIAN_POINT('',(194.849143825738,-84.1365245927824,-2.05));
#15311=CARTESIAN_POINT('',(186.939955775407,-94.330760406673,-2.05));
#15312=CARTESIAN_POINT('',(195.443001258129,-83.0057041294793,-2.05));
#15313=CARTESIAN_POINT('Origin',(191.22472522352,-81.51179431379,-2.05));
#15314=CARTESIAN_POINT('',(195.532567428426,-82.7220870793774,-2.05));
#15315=CARTESIAN_POINT('',(193.259393260537,-89.9202395706921,-2.05));
#15316=CARTESIAN_POINT('',(195.696181898748,-81.5172433199824,-2.05));
#15317=CARTESIAN_POINT('Origin',(191.23651841257,-81.52516435584,-2.05));
#15318=CARTESIAN_POINT('',(195.686657849503,-81.2287048850939,-2.05));
#15319=CARTESIAN_POINT('',(195.738406106566,-82.7964583392264,-2.05));
#15320=CARTESIAN_POINT('',(195.228698964531,-79.5059832478807,-2.05));
#15321=CARTESIAN_POINT('Origin',(191.07969815967,-81.53116235796,-2.05));
#15322=CARTESIAN_POINT('',(195.094628308203,-79.2515943606507,-2.05));
#15323=CARTESIAN_POINT('',(192.070314412775,-73.5131884517072,-2.05));
#15324=CARTESIAN_POINT('',(193.106396165844,-77.3982466028277,-2.05));
#15325=CARTESIAN_POINT('Origin',(191.17328347827,-81.46518937171,-2.05));
#15326=CARTESIAN_POINT('',(192.82126769465,-77.2745493583433,-2.05));
#15327=CARTESIAN_POINT('',(178.511768961026,-71.0666615388972,-2.05));
#15328=CARTESIAN_POINT('',(191.85407382508,-77.0087589930222,-2.05));
#15329=CARTESIAN_POINT('Origin',(191.08122368684,-81.71378343628,-2.05));
#15330=CARTESIAN_POINT('',(171.599548629205,-73.6606319760034,-2.05));
#15331=CARTESIAN_POINT('',(174.565845950014,-74.1509688318056,-2.05));
#15332=CARTESIAN_POINT('',(169.838863252205,-72.9767225942123,-2.05));
#15333=CARTESIAN_POINT('Origin',(172.34752290837,-69.1266688823598,-2.05));
#15334=CARTESIAN_POINT('',(169.610730790619,-72.817962517028,-2.05));
#15335=CARTESIAN_POINT('',(167.738513042595,-71.5150640513058,-2.05));
#15336=CARTESIAN_POINT('Origin',(172.3158514214,-69.1676495455201,-2.05));
#15337=CARTESIAN_POINT('Origin',(177.06952306671,-125.7140372648,-0.05));
#15338=CARTESIAN_POINT('',(181.722125001181,-126.02632078272,1.55));
#15339=CARTESIAN_POINT('',(181.722125001181,-126.02632078272,-0.05));
#15340=CARTESIAN_POINT('',(181.679103239129,-125.009767153084,1.55));
#15341=CARTESIAN_POINT('Origin',(177.06952306671,-125.7140372648,1.55));
#15342=CARTESIAN_POINT('',(181.679103239129,-125.009767153084,-0.05));
#15343=CARTESIAN_POINT('Origin',(181.68941562457,-126.3395250608,-0.05));
#15344=CARTESIAN_POINT('',(181.68941562457,-126.3395250608,1.55));
#15345=CARTESIAN_POINT('',(181.68941562457,-126.3395250608,-0.05));
#15346=CARTESIAN_POINT('',(181.722125001181,-126.02632078272,1.55));
#15347=CARTESIAN_POINT('Origin',(177.30621788274,-125.7235961787,-0.05));
#15348=CARTESIAN_POINT('',(181.040101068375,-128.100549520232,1.55));
#15349=CARTESIAN_POINT('',(181.040101068375,-128.100549520232,-0.05));
#15350=CARTESIAN_POINT('Origin',(177.30621788274,-125.7235961787,1.55));
#15351=CARTESIAN_POINT('Origin',(180.873521006764,-128.344964737893,-0.05));
#15352=CARTESIAN_POINT('',(180.873521006764,-128.344964737893,1.55));
#15353=CARTESIAN_POINT('',(180.873521006764,-128.344964737893,-0.05));
#15354=CARTESIAN_POINT('',(181.040101068375,-128.100549520232,1.55));
#15355=CARTESIAN_POINT('Origin',(177.12888199968,-125.6059411528,-0.05));
#15356=CARTESIAN_POINT('',(180.026734453624,-129.229064480571,1.55));
#15357=CARTESIAN_POINT('',(180.026734453624,-129.229064480571,-0.05));
#15358=CARTESIAN_POINT('Origin',(177.12888199968,-125.6059411528,1.55));
#15359=CARTESIAN_POINT('Origin',(179.791789912649,-129.40543869241,-0.05));
#15360=CARTESIAN_POINT('',(179.791789912649,-129.40543869241,1.55));
#15361=CARTESIAN_POINT('',(179.791789912649,-129.40543869241,-0.05));
#15362=CARTESIAN_POINT('',(180.026734453624,-129.229064480571,1.55));
#15363=CARTESIAN_POINT('Origin',(177.0957447183,-125.5724178542,-0.05));
#15364=CARTESIAN_POINT('',(178.415434945205,-130.068986116901,1.55));
#15365=CARTESIAN_POINT('',(178.415434945205,-130.068986116901,-0.05));
#15366=CARTESIAN_POINT('Origin',(177.0957447183,-125.5724178542,1.55));
#15367=CARTESIAN_POINT('Origin',(178.127430765595,-130.143248944977,-0.05));
#15368=CARTESIAN_POINT('',(178.127430765595,-130.143248944977,1.55));
#15369=CARTESIAN_POINT('',(178.127430765595,-130.143248944977,-0.05));
#15370=CARTESIAN_POINT('',(178.415434945205,-130.068986116901,1.55));
#15371=CARTESIAN_POINT('Origin',(177.13705503567,-125.7262785358,-0.05));
#15372=CARTESIAN_POINT('',(176.875224889401,-130.245340015408,1.55));
#15373=CARTESIAN_POINT('',(176.875224889401,-130.245340015408,-0.05));
#15374=CARTESIAN_POINT('Origin',(177.13705503567,-125.7262785358,1.55));
#15375=CARTESIAN_POINT('Origin',(176.56768470359,-130.216793200285,-0.05));
#15376=CARTESIAN_POINT('',(176.56768470359,-130.216793200285,1.55));
#15377=CARTESIAN_POINT('',(176.56768470359,-130.216793200285,-0.05));
#15378=CARTESIAN_POINT('',(176.875224889401,-130.245340015408,1.55));
#15379=CARTESIAN_POINT('Origin',(177.14683233057,-125.6888064763,-0.05));
#15380=CARTESIAN_POINT('',(175.600145218226,-129.983667908632,1.55));
#15381=CARTESIAN_POINT('',(175.600145218226,-129.983667908632,-0.05));
#15382=CARTESIAN_POINT('Origin',(177.14683233057,-125.6888064763,1.55));
#15383=CARTESIAN_POINT('Origin',(175.289160585448,-129.859656398207,-0.05));
#15384=CARTESIAN_POINT('',(175.289160585448,-129.859656398207,1.55));
#15385=CARTESIAN_POINT('',(175.289160585448,-129.859656398207,-0.05));
#15386=CARTESIAN_POINT('',(175.600145218226,-129.983667908632,1.55));
#15387=CARTESIAN_POINT('Origin',(174.980855316314,-129.710359229081,-0.05));
#15388=CARTESIAN_POINT('',(174.980855316314,-129.710359229081,1.55));
#15389=CARTESIAN_POINT('',(174.980855316314,-129.710359229081,-0.05));
#15390=CARTESIAN_POINT('',(175.289160585448,-129.859656398207,1.55));
#15391=CARTESIAN_POINT('Origin',(157.094292495675,-120.252522392448,-0.05));
#15392=CARTESIAN_POINT('',(157.094292495675,-120.252522392448,1.55));
#15393=CARTESIAN_POINT('',(157.094292495675,-120.252522392448,-0.05));
#15394=CARTESIAN_POINT('',(174.980855316314,-129.710359229081,1.55));
#15395=CARTESIAN_POINT('Origin',(154.94221493099,-124.3244562966,-0.05));
#15396=CARTESIAN_POINT('',(154.392539714899,-119.751717432307,1.55));
#15397=CARTESIAN_POINT('',(154.392539714899,-119.751717432307,-0.05));
#15398=CARTESIAN_POINT('Origin',(154.94221493099,-124.3244562966,1.55));
#15399=CARTESIAN_POINT('Origin',(154.1087246758,-119.794752837825,-0.05));
#15400=CARTESIAN_POINT('',(154.1087246758,-119.794752837825,1.55));
#15401=CARTESIAN_POINT('',(154.1087246758,-119.794752837825,-0.05));
#15402=CARTESIAN_POINT('',(154.392539714899,-119.751717432307,1.55));
#15403=CARTESIAN_POINT('Origin',(154.93864046916,-124.3155794252,-0.05));
#15404=CARTESIAN_POINT('',(152.789678794417,-120.252502145858,1.55));
#15405=CARTESIAN_POINT('',(152.789678794417,-120.252502145858,-0.05));
#15406=CARTESIAN_POINT('Origin',(154.93864046916,-124.3155794252,1.55));
#15407=CARTESIAN_POINT('Origin',(134.907802530891,-129.707799542771,-0.05));
#15408=CARTESIAN_POINT('',(134.907802530891,-129.707799542771,1.55));
#15409=CARTESIAN_POINT('',(134.907802530891,-129.707799542771,-0.05));
#15410=CARTESIAN_POINT('',(152.789678794417,-120.252502145858,1.55));
#15411=CARTESIAN_POINT('Origin',(132.672564751,-125.4912045397,-0.05));
#15412=CARTESIAN_POINT('',(133.955028059165,-130.088078392199,1.55));
#15413=CARTESIAN_POINT('',(133.955028059165,-130.088078392199,-0.05));
#15414=CARTESIAN_POINT('Origin',(132.672564751,-125.4912045397,1.55));
#15415=CARTESIAN_POINT('Origin',(133.646076282616,-130.162238043496,-0.05));
#15416=CARTESIAN_POINT('',(133.646076282616,-130.162238043496,1.55));
#15417=CARTESIAN_POINT('',(133.646076282616,-130.162238043496,-0.05));
#15418=CARTESIAN_POINT('',(133.955028059165,-130.088078392199,1.55));
#15419=CARTESIAN_POINT('Origin',(132.74494573923,-125.731468702,-0.05));
#15420=CARTESIAN_POINT('',(131.458516500316,-130.066079760334,1.55));
#15421=CARTESIAN_POINT('',(131.458516500316,-130.066079760334,-0.05));
#15422=CARTESIAN_POINT('Origin',(132.74494573923,-125.731468702,1.55));
#15423=CARTESIAN_POINT('Origin',(131.177348960613,-129.973263512545,-0.05));
#15424=CARTESIAN_POINT('',(131.177348960613,-129.973263512545,1.55));
#15425=CARTESIAN_POINT('',(131.177348960613,-129.973263512545,-0.05));
#15426=CARTESIAN_POINT('',(131.458516500316,-130.066079760334,1.55));
#15427=CARTESIAN_POINT('Origin',(132.79257991906,-125.5645286009,-0.05));
#15428=CARTESIAN_POINT('',(129.849303840696,-129.222812419415,1.55));
#15429=CARTESIAN_POINT('',(129.849303840696,-129.222812419415,-0.05));
#15430=CARTESIAN_POINT('Origin',(132.79257991906,-125.5645286009,1.55));
#15431=CARTESIAN_POINT('Origin',(129.626266361184,-129.031605998961,-0.05));
#15432=CARTESIAN_POINT('',(129.626266361184,-129.031605998961,1.55));
#15433=CARTESIAN_POINT('',(129.626266361184,-129.031605998961,-0.05));
#15434=CARTESIAN_POINT('',(129.849303840696,-129.222812419415,1.55));
#15435=CARTESIAN_POINT('Origin',(132.72718799784,-125.6311549865,-0.05));
#15436=CARTESIAN_POINT('',(128.838186815914,-128.091734571031,1.55));
#15437=CARTESIAN_POINT('',(128.838186815914,-128.091734571031,-0.05));
#15438=CARTESIAN_POINT('Origin',(132.72718799784,-125.6311549865,1.55));
#15439=CARTESIAN_POINT('Origin',(128.68794077841,-127.835475562222,-0.05));
#15440=CARTESIAN_POINT('',(128.68794077841,-127.835475562222,1.55));
#15441=CARTESIAN_POINT('',(128.68794077841,-127.835475562222,-0.05));
#15442=CARTESIAN_POINT('',(128.838186815914,-128.091734571031,1.55));
#15443=CARTESIAN_POINT('Origin',(132.57008337375,-125.7257625224,-0.05));
#15444=CARTESIAN_POINT('',(128.194551998857,-126.33947697414,1.55));
#15445=CARTESIAN_POINT('',(128.194551998857,-126.33947697414,-0.05));
#15446=CARTESIAN_POINT('Origin',(132.57008337375,-125.7257625224,1.55));
#15447=CARTESIAN_POINT('Origin',(128.161881912392,-126.026450538406,-0.05));
#15448=CARTESIAN_POINT('',(128.161881912392,-126.026450538406,1.55));
#15449=CARTESIAN_POINT('',(128.161881912392,-126.026450538406,-0.05));
#15450=CARTESIAN_POINT('',(128.194551998857,-126.33947697414,1.55));
#15451=CARTESIAN_POINT('Origin',(132.77426207553,-125.7125852691,-0.05));
#15452=CARTESIAN_POINT('',(128.20497513741,-125.009606531991,1.55));
#15453=CARTESIAN_POINT('',(128.20497513741,-125.009606531991,-0.05));
#15454=CARTESIAN_POINT('Origin',(132.77426207553,-125.7125852691,1.55));
#15455=CARTESIAN_POINT('Origin',(131.422852026902,-103.802917096985,-0.05));
#15456=CARTESIAN_POINT('',(131.422852026902,-103.802917096985,1.55));
#15457=CARTESIAN_POINT('',(131.422852026902,-103.802917096985,-0.05));
#15458=CARTESIAN_POINT('',(128.204975131948,-125.009606531133,1.55));
#15459=CARTESIAN_POINT('Origin',(126.96517018298,-103.1278021923,-0.05));
#15460=CARTESIAN_POINT('',(130.704950931856,-100.609718097894,1.55));
#15461=CARTESIAN_POINT('',(130.704950931856,-100.609718097894,-0.05));
#15462=CARTESIAN_POINT('Origin',(126.96517018298,-103.1278021923,1.55));
#15463=CARTESIAN_POINT('Origin',(130.5511410831,-100.394998130327,-0.05));
#15464=CARTESIAN_POINT('',(130.5511410831,-100.394998130327,1.55));
#15465=CARTESIAN_POINT('',(130.5511410831,-100.394998130327,-0.05));
#15466=CARTESIAN_POINT('',(130.704950931856,-100.609718097894,1.55));
#15467=CARTESIAN_POINT('Origin',(130.387084893482,-100.191728363602,-0.05));
#15468=CARTESIAN_POINT('',(130.387084893482,-100.191728363602,1.55));
#15469=CARTESIAN_POINT('',(130.387084893482,-100.191728363602,-0.05));
#15470=CARTESIAN_POINT('',(130.5511410831,-100.394998130327,1.55));
#15471=CARTESIAN_POINT('Origin',(130.207518707067,-99.9937605391447,-0.05));
#15472=CARTESIAN_POINT('',(130.207518707067,-99.9937605391447,1.55));
#15473=CARTESIAN_POINT('',(130.207518707067,-99.9937605391447,-0.05));
#15474=CARTESIAN_POINT('',(130.387084893482,-100.191728363602,1.55));
#15475=CARTESIAN_POINT('Origin',(115.460145141473,-84.6455332907482,-0.05));
#15476=CARTESIAN_POINT('',(115.460145141473,-84.6455332907482,1.55));
#15477=CARTESIAN_POINT('',(115.460145141473,-84.6455332907482,-0.05));
#15478=CARTESIAN_POINT('',(130.207518707067,-99.9937605391447,1.55));
#15479=CARTESIAN_POINT('Origin',(118.84402654569,-81.38725230672,-0.05));
#15480=CARTESIAN_POINT('',(114.848349877742,-83.8573973012299,1.55));
#15481=CARTESIAN_POINT('',(114.848349877742,-83.8573973012299,-0.05));
#15482=CARTESIAN_POINT('Origin',(118.84402654569,-81.38725230672,1.55));
#15483=CARTESIAN_POINT('Origin',(114.695435957466,-83.5888347026297,-0.05));
#15484=CARTESIAN_POINT('',(114.695435957466,-83.5888347026297,1.55));
#15485=CARTESIAN_POINT('',(114.695435957466,-83.5888347026297,-0.05));
#15486=CARTESIAN_POINT('',(114.848349877742,-83.8573973012299,1.55));
#15487=CARTESIAN_POINT('Origin',(118.63284043599,-81.52521443698,-0.05));
#15488=CARTESIAN_POINT('',(114.198020414389,-81.2185321839821,1.55));
#15489=CARTESIAN_POINT('',(114.198020414389,-81.2185321839821,-0.05));
#15490=CARTESIAN_POINT('Origin',(118.63284043599,-81.52521443698,1.55));
#15491=CARTESIAN_POINT('Origin',(114.226327431918,-80.9321966492696,-0.05));
#15492=CARTESIAN_POINT('',(114.226327431918,-80.9321966492696,1.55));
#15493=CARTESIAN_POINT('',(114.226327431918,-80.9321966492696,-0.05));
#15494=CARTESIAN_POINT('',(114.198020414389,-81.2185321839821,1.55));
#15495=CARTESIAN_POINT('Origin',(118.8119414893,-81.53388900148,-0.05));
#15496=CARTESIAN_POINT('',(114.79443322807,-79.2427064812697,1.55));
#15497=CARTESIAN_POINT('',(114.79443322807,-79.2427064812697,-0.05));
#15498=CARTESIAN_POINT('Origin',(118.8119414893,-81.53388900148,1.55));
#15499=CARTESIAN_POINT('Origin',(114.945192211984,-78.9967010354255,-0.05));
#15500=CARTESIAN_POINT('',(114.945192211984,-78.9967010354255,1.55));
#15501=CARTESIAN_POINT('',(114.945192211984,-78.9967010354255,-0.05));
#15502=CARTESIAN_POINT('',(114.79443322807,-79.2427064812697,1.55));
#15503=CARTESIAN_POINT('Origin',(118.73282749286,-81.48199768106,-0.05));
#15504=CARTESIAN_POINT('',(115.740583760048,-78.0806218004521,1.55));
#15505=CARTESIAN_POINT('',(115.740583760048,-78.0806218004521,-0.05));
#15506=CARTESIAN_POINT('Origin',(118.73282749286,-81.48199768106,1.55));
#15507=CARTESIAN_POINT('Origin',(115.969376161092,-77.892579721679,-0.05));
#15508=CARTESIAN_POINT('',(115.969376161092,-77.892579721679,1.55));
#15509=CARTESIAN_POINT('',(115.969376161092,-77.892579721679,-0.05));
#15510=CARTESIAN_POINT('',(115.740583760048,-78.0806218004521,1.55));
#15511=CARTESIAN_POINT('Origin',(118.70932993504,-81.46357717657,-0.05));
#15512=CARTESIAN_POINT('',(117.07255584684,-77.2706855621339,1.55));
#15513=CARTESIAN_POINT('',(117.07255584684,-77.2706855621339,-0.05));
#15514=CARTESIAN_POINT('Origin',(118.70932993504,-81.46357717657,1.55));
#15515=CARTESIAN_POINT('Origin',(117.37542230625,-77.1639399862269,-0.05));
#15516=CARTESIAN_POINT('',(117.37542230625,-77.1639399862269,1.55));
#15517=CARTESIAN_POINT('',(117.37542230625,-77.1639399862269,-0.05));
#15518=CARTESIAN_POINT('',(117.07255584684,-77.2706855621339,1.55));
#15519=CARTESIAN_POINT('Origin',(117.696338690377,-77.0756479206226,-0.05));
#15520=CARTESIAN_POINT('',(117.696338690377,-77.0756479206226,1.55));
#15521=CARTESIAN_POINT('',(117.696338690377,-77.0756479206226,-0.05));
#15522=CARTESIAN_POINT('',(117.37542230625,-77.1639399862269,1.55));
#15523=CARTESIAN_POINT('Origin',(118.024525332756,-77.0096330827109,-0.05));
#15524=CARTESIAN_POINT('',(118.024525332756,-77.0096330827109,1.55));
#15525=CARTESIAN_POINT('',(118.024525332756,-77.0096330827109,-0.05));
#15526=CARTESIAN_POINT('',(117.696338690377,-77.0756479206226,1.55));
#15527=CARTESIAN_POINT('Origin',(138.284379641172,-73.6606334188943,-0.05));
#15528=CARTESIAN_POINT('',(138.284379641172,-73.6606334188943,1.55));
#15529=CARTESIAN_POINT('',(138.284379641172,-73.6606334188943,-0.05));
#15530=CARTESIAN_POINT('',(118.024525332756,-77.0096330827109,1.55));
#15531=CARTESIAN_POINT('Origin',(137.53590546611,-69.1253722978301,-0.05));
#15532=CARTESIAN_POINT('',(140.045077778622,-72.9767176904292,1.55));
#15533=CARTESIAN_POINT('',(140.045077778622,-72.9767176904292,-0.05));
#15534=CARTESIAN_POINT('Origin',(137.53590546611,-69.1253722978301,1.55));
#15535=CARTESIAN_POINT('Origin',(140.273174290144,-72.8179819571064,-0.05));
#15536=CARTESIAN_POINT('',(140.273174290144,-72.8179819571064,1.55));
#15537=CARTESIAN_POINT('',(140.273174290144,-72.8179819571064,-0.05));
#15538=CARTESIAN_POINT('',(140.045077778622,-72.9767176904292,1.55));
#15539=CARTESIAN_POINT('Origin',(137.56276062621,-69.1622662138697,-0.05));
#15540=CARTESIAN_POINT('',(141.372646406034,-71.6513162675407,1.55));
#15541=CARTESIAN_POINT('',(141.372646406034,-71.6513162675407,-0.05));
#15542=CARTESIAN_POINT('Origin',(137.56276062621,-69.1622662138697,1.55));
#15543=CARTESIAN_POINT('Origin',(141.51703181605,-71.4143526764046,-0.05));
#15544=CARTESIAN_POINT('',(141.51703181605,-71.4143526764046,1.55));
#15545=CARTESIAN_POINT('',(141.51703181605,-71.4143526764046,-0.05));
#15546=CARTESIAN_POINT('',(141.372646406034,-71.6513162675407,1.55));
#15547=CARTESIAN_POINT('Origin',(141.645051056725,-71.1724484697299,-0.05));
#15548=CARTESIAN_POINT('',(141.645051056725,-71.1724484697299,1.55));
#15549=CARTESIAN_POINT('',(141.645051056725,-71.1724484697299,-0.05));
#15550=CARTESIAN_POINT('',(141.51703181605,-71.4143526764046,1.55));
#15551=CARTESIAN_POINT('Origin',(141.645661607691,-71.1708039953855,-0.05));
#15552=CARTESIAN_POINT('',(141.645661607691,-71.1708039953855,1.55));
#15553=CARTESIAN_POINT('',(141.645661607691,-71.1708039953855,-0.05));
#15554=CARTESIAN_POINT('',(141.645051056725,-71.1724484697299,1.55));
#15555=CARTESIAN_POINT('Origin',(144.776702,-62.423855949045,-0.05));
#15556=CARTESIAN_POINT('',(144.776702,-62.423855949045,1.55));
#15557=CARTESIAN_POINT('',(144.776702,-62.423855949045,-0.05));
#15558=CARTESIAN_POINT('',(141.645661607691,-71.1708039953855,1.55));
#15559=CARTESIAN_POINT('Origin',(144.776701828888,-52.351189063994,-0.05));
#15560=CARTESIAN_POINT('',(144.776701828888,-52.351189063994,1.55));
#15561=CARTESIAN_POINT('',(144.776701828888,-52.351189063994,-0.05));
#15562=CARTESIAN_POINT('',(144.776702,-62.423855949045,1.55));
#15563=CARTESIAN_POINT('Origin',(144.18745464125,-52.3534021862901,-0.05));
#15564=CARTESIAN_POINT('',(144.613329413908,-51.9461580039329,1.55));
#15565=CARTESIAN_POINT('',(144.613329413908,-51.9461580039329,-0.05));
#15566=CARTESIAN_POINT('Origin',(144.18745464125,-52.3534021862901,1.55));
#15567=CARTESIAN_POINT('Origin',(144.57277806979,-51.9058677459438,-0.05));
#15568=CARTESIAN_POINT('',(144.57277806979,-51.9058677459438,1.55));
#15569=CARTESIAN_POINT('',(144.57277806979,-51.9058677459438,-0.05));
#15570=CARTESIAN_POINT('',(144.613329413908,-51.9461580039329,1.55));
#15571=CARTESIAN_POINT('Origin',(144.09359400953,-52.4286909215803,-0.05));
#15572=CARTESIAN_POINT('',(144.381876149504,-51.780728851423,1.55));
#15573=CARTESIAN_POINT('',(144.381876149504,-51.780728851423,-0.05));
#15574=CARTESIAN_POINT('Origin',(144.09359400953,-52.4286909215803,1.55));
#15575=CARTESIAN_POINT('Origin',(144.24666300779,-51.7163529981708,-0.05));
#15576=CARTESIAN_POINT('',(144.24666300779,-51.7163529981708,1.55));
#15577=CARTESIAN_POINT('',(144.24666300779,-51.7163529981708,-0.05));
#15578=CARTESIAN_POINT('',(144.381876149504,-51.780728851423,1.55));
#15579=CARTESIAN_POINT('Origin',(145.74946976061,-48.71603098214,-0.05));
#15580=CARTESIAN_POINT('',(143.605730779124,-51.2976474361191,1.55));
#15581=CARTESIAN_POINT('',(143.605730779124,-51.2976474361191,-0.05));
#15582=CARTESIAN_POINT('Origin',(145.74946976061,-48.71603098214,1.55));
#15583=CARTESIAN_POINT('Origin',(143.498151298249,-51.2041088373421,-0.05));
#15584=CARTESIAN_POINT('',(143.498151298249,-51.2041088373421,1.55));
#15585=CARTESIAN_POINT('',(143.498151298249,-51.2041088373421,-0.05));
#15586=CARTESIAN_POINT('',(143.605730779124,-51.2976474361191,1.55));
#15587=CARTESIAN_POINT('Origin',(145.78157981972,-48.6947719189,-0.05));
#15588=CARTESIAN_POINT('',(143.00399904611,-50.6430692855751,1.55));
#15589=CARTESIAN_POINT('',(143.00399904611,-50.6430692855751,-0.05));
#15590=CARTESIAN_POINT('Origin',(145.78157981972,-48.6947719189,1.55));
#15591=CARTESIAN_POINT('Origin',(142.924159377565,-50.5248676630416,-0.05));
#15592=CARTESIAN_POINT('',(142.924159377565,-50.5248676630416,1.55));
#15593=CARTESIAN_POINT('',(142.924159377565,-50.5248676630416,-0.05));
#15594=CARTESIAN_POINT('',(143.00399904611,-50.6430692855751,1.55));
#15595=CARTESIAN_POINT('Origin',(146.226811701,-48.39575897061,-0.05));
#15596=CARTESIAN_POINT('',(142.635237261696,-49.9898760430423,1.55));
#15597=CARTESIAN_POINT('',(142.635237261696,-49.9898760430423,-0.05));
#15598=CARTESIAN_POINT('Origin',(146.226811701,-48.39575897061,1.55));
#15599=CARTESIAN_POINT('Origin',(142.577401982175,-49.85401886164,-0.05));
#15600=CARTESIAN_POINT('',(142.577401982175,-49.85401886164,1.55));
#15601=CARTESIAN_POINT('',(142.577401982175,-49.85401886164,-0.05));
#15602=CARTESIAN_POINT('',(142.635237261696,-49.9898760430423,1.55));
#15603=CARTESIAN_POINT('Origin',(147.03038059747,-48.0576479076,-0.05));
#15604=CARTESIAN_POINT('',(142.380661646042,-49.256013805616,1.55));
#15605=CARTESIAN_POINT('',(142.380661646042,-49.256013805616,-0.05));
#15606=CARTESIAN_POINT('Origin',(147.03038059747,-48.0576479076,1.55));
#15607=CARTESIAN_POINT('Origin',(142.343831373588,-49.105292650452,-0.05));
#15608=CARTESIAN_POINT('',(142.343831373588,-49.105292650452,1.55));
#15609=CARTESIAN_POINT('',(142.343831373588,-49.105292650452,-0.05));
#15610=CARTESIAN_POINT('',(142.380661646042,-49.256013805616,1.55));
#15611=CARTESIAN_POINT('Origin',(148.04568406112,-47.80248530019,-0.05));
#15612=CARTESIAN_POINT('',(142.254013466811,-48.6179500690384,1.55));
#15613=CARTESIAN_POINT('',(142.254013466811,-48.6179500690384,-0.05));
#15614=CARTESIAN_POINT('Origin',(148.04568406112,-47.80248530019,1.55));
#15615=CARTESIAN_POINT('Origin',(142.215691295207,-48.2895201125824,-0.05));
#15616=CARTESIAN_POINT('',(142.215691295207,-48.2895201125824,1.55));
#15617=CARTESIAN_POINT('',(142.215691295207,-48.2895201125824,-0.05));
#15618=CARTESIAN_POINT('',(142.254013466811,-48.6179500690384,1.55));
#15619=CARTESIAN_POINT('Origin',(142.192678430249,-47.9481546178879,-0.05));
#15620=CARTESIAN_POINT('',(142.192678430249,-47.9481546178879,1.55));
#15621=CARTESIAN_POINT('',(142.192678430249,-47.9481546178879,-0.05));
#15622=CARTESIAN_POINT('',(142.215691295207,-48.2895201125824,1.55));
#15623=CARTESIAN_POINT('Origin',(142.185152,-47.6018708444505,-0.05));
#15624=CARTESIAN_POINT('',(142.185152,-47.6018708444505,1.55));
#15625=CARTESIAN_POINT('',(142.185152,-47.6018708444505,-0.05));
#15626=CARTESIAN_POINT('',(142.192678430249,-47.9481546178879,1.55));
#15627=CARTESIAN_POINT('Origin',(142.185152002863,-45.1501785774813,-0.05));
#15628=CARTESIAN_POINT('',(142.185152002863,-45.1501785774813,1.55));
#15629=CARTESIAN_POINT('',(142.185152002863,-45.1501785774813,-0.05));
#15630=CARTESIAN_POINT('',(142.185152,-47.6018708444505,1.55));
#15631=CARTESIAN_POINT('Origin',(145.82833572819,-45.15354187355,-0.05));
#15632=CARTESIAN_POINT('',(142.304805642953,-44.2275101750207,1.55));
#15633=CARTESIAN_POINT('',(142.304805642953,-44.2275101750207,-0.05));
#15634=CARTESIAN_POINT('Origin',(145.82833572819,-45.15354187355,1.55));
#15635=CARTESIAN_POINT('Origin',(142.366740138156,-44.0157185058322,-0.05));
#15636=CARTESIAN_POINT('',(142.366740138156,-44.0157185058322,1.55));
#15637=CARTESIAN_POINT('',(142.366740138156,-44.0157185058322,-0.05));
#15638=CARTESIAN_POINT('',(142.304805642953,-44.2275101750207,1.55));
#15639=CARTESIAN_POINT('Origin',(146.20774525861,-45.26392886857,-0.05));
#15640=CARTESIAN_POINT('',(142.639322859583,-43.3724450523245,1.55));
#15641=CARTESIAN_POINT('',(142.639322859583,-43.3724450523245,-0.05));
#15642=CARTESIAN_POINT('Origin',(146.20774525861,-45.26392886857,1.55));
#15643=CARTESIAN_POINT('Origin',(142.748468524869,-43.1779008091238,-0.05));
#15644=CARTESIAN_POINT('',(142.748468524869,-43.1779008091238,1.55));
#15645=CARTESIAN_POINT('',(142.748468524869,-43.1779008091238,-0.05));
#15646=CARTESIAN_POINT('',(142.639322859583,-43.3724450523245,1.55));
#15647=CARTESIAN_POINT('Origin',(146.7306302913,-45.5530026408,-0.05));
#15648=CARTESIAN_POINT('',(143.156029311966,-42.5998773668917,1.55));
#15649=CARTESIAN_POINT('',(143.156029311966,-42.5998773668917,-0.05));
#15650=CARTESIAN_POINT('Origin',(146.7306302913,-45.5530026408,1.55));
#15651=CARTESIAN_POINT('Origin',(143.30518839258,-42.4269183448156,-0.05));
#15652=CARTESIAN_POINT('',(143.30518839258,-42.4269183448156,1.55));
#15653=CARTESIAN_POINT('',(143.30518839258,-42.4269183448156,-0.05));
#15654=CARTESIAN_POINT('',(143.156029311966,-42.5998773668917,1.55));
#15655=CARTESIAN_POINT('Origin',(147.22469001525,-45.97095979114,-0.05));
#15656=CARTESIAN_POINT('',(143.824598641084,-41.9259503485428,1.55));
#15657=CARTESIAN_POINT('',(143.824598641084,-41.9259503485428,-0.05));
#15658=CARTESIAN_POINT('Origin',(147.22469001525,-45.97095979114,1.55));
#15659=CARTESIAN_POINT('Origin',(144.006766256062,-41.7788859598107,-0.05));
#15660=CARTESIAN_POINT('',(144.006766256062,-41.7788859598107,1.55));
#15661=CARTESIAN_POINT('',(144.006766256062,-41.7788859598107,-0.05));
#15662=CARTESIAN_POINT('',(143.824598641084,-41.9259503485428,1.55));
#15663=CARTESIAN_POINT('Origin',(147.53709552965,-46.35164970255,-0.05));
#15664=CARTESIAN_POINT('',(145.039882201688,-41.1423005472802,1.55));
#15665=CARTESIAN_POINT('',(145.039882201688,-41.1423005472802,-0.05));
#15666=CARTESIAN_POINT('Origin',(147.53709552965,-46.35164970255,1.55));
#15667=CARTESIAN_POINT('Origin',(145.254350715883,-41.0446431499777,-0.05));
#15668=CARTESIAN_POINT('',(145.254350715883,-41.0446431499777,1.55));
#15669=CARTESIAN_POINT('',(145.254350715883,-41.0446431499777,-0.05));
#15670=CARTESIAN_POINT('',(145.039882201688,-41.1423005472802,1.55));
#15671=CARTESIAN_POINT('Origin',(147.49671447906,-46.23535217467,-0.05));
#15672=CARTESIAN_POINT('',(146.176327816973,-40.7373312136317,1.55));
#15673=CARTESIAN_POINT('',(146.176327816973,-40.7373312136317,-0.05));
#15674=CARTESIAN_POINT('Origin',(147.49671447906,-46.23535217467,1.55));
#15675=CARTESIAN_POINT('Origin',(146.404924312091,-40.6878823275043,-0.05));
#15676=CARTESIAN_POINT('',(146.404924312091,-40.6878823275043,1.55));
#15677=CARTESIAN_POINT('',(146.404924312091,-40.6878823275043,-0.05));
#15678=CARTESIAN_POINT('',(146.176327816973,-40.7373312136317,1.55));
#15679=CARTESIAN_POINT('Origin',(147.38357428135,-45.724160142,-0.05));
#15680=CARTESIAN_POINT('',(147.125004893804,-40.6001976266281,1.55));
#15681=CARTESIAN_POINT('',(147.125004893804,-40.6001976266281,-0.05));
#15682=CARTESIAN_POINT('Origin',(147.38357428135,-45.724160142,1.55));
#15683=CARTESIAN_POINT('Origin',(147.356348318767,-40.594409,-0.05));
#15684=CARTESIAN_POINT('',(147.125004893804,-40.6001976266281,1.55));
#15685=CARTESIAN_POINT('Origin',(162.87251267879,-45.52394845475,-0.05));
#15686=CARTESIAN_POINT('',(163.594915369001,-40.6476272243891,1.55));
#15687=CARTESIAN_POINT('',(163.594915369001,-40.6476272243891,-0.05));
#15688=CARTESIAN_POINT('Origin',(162.87251267879,-45.52394845475,1.55));
#15689=CARTESIAN_POINT('Origin',(163.824766620479,-40.6865729691969,-0.05));
#15690=CARTESIAN_POINT('',(163.824766620479,-40.6865729691969,1.55));
#15691=CARTESIAN_POINT('',(163.824766620479,-40.6865729691969,-0.05));
#15692=CARTESIAN_POINT('',(163.594915369001,-40.6476272243891,1.55));
#15693=CARTESIAN_POINT('Origin',(162.76850870819,-46.14264262185,-0.05));
#15694=CARTESIAN_POINT('',(164.757810824293,-40.9535141860966,1.55));
#15695=CARTESIAN_POINT('',(164.757810824293,-40.9535141860966,-0.05));
#15696=CARTESIAN_POINT('Origin',(162.76850870819,-46.14264262185,1.55));
#15697=CARTESIAN_POINT('Origin',(164.976015188539,-41.0420622826738,-0.05));
#15698=CARTESIAN_POINT('',(164.976015188539,-41.0420622826738,1.55));
#15699=CARTESIAN_POINT('',(164.976015188539,-41.0420622826738,-0.05));
#15700=CARTESIAN_POINT('',(164.757810824293,-40.9535141860966,1.55));
#15701=CARTESIAN_POINT('Origin',(162.68810701634,-46.36940207249,-0.05));
#15702=CARTESIAN_POINT('',(166.22956472048,-41.7788519561797,1.55));
#15703=CARTESIAN_POINT('',(166.22956472048,-41.7788519561797,-0.05));
#15704=CARTESIAN_POINT('Origin',(162.68810701634,-46.36940207249,1.55));
#15705=CARTESIAN_POINT('Origin',(166.411862169685,-41.9260106030288,-0.05));
#15706=CARTESIAN_POINT('',(166.411862169685,-41.9260106030288,1.55));
#15707=CARTESIAN_POINT('',(166.411862169685,-41.9260106030288,-0.05));
#15708=CARTESIAN_POINT('',(166.22956472048,-41.7788519561797,1.55));
#15709=CARTESIAN_POINT('Origin',(162.97386791459,-46.0105674793,-0.05));
#15710=CARTESIAN_POINT('',(166.931158266629,-42.42681770522,1.55));
#15711=CARTESIAN_POINT('',(166.931158266629,-42.42681770522,-0.05));
#15712=CARTESIAN_POINT('Origin',(162.97386791459,-46.0105674793,1.55));
#15713=CARTESIAN_POINT('Origin',(167.080504397778,-42.5999541429832,-0.05));
#15714=CARTESIAN_POINT('',(167.080504397778,-42.5999541429832,1.55));
#15715=CARTESIAN_POINT('',(167.080504397778,-42.5999541429832,-0.05));
#15716=CARTESIAN_POINT('',(166.931158266629,-42.42681770522,1.55));
#15717=CARTESIAN_POINT('Origin',(163.46000420187,-45.58624808279,-0.05));
#15718=CARTESIAN_POINT('',(167.488032067235,-43.1777288947126,1.55));
#15719=CARTESIAN_POINT('',(167.488032067235,-43.1777288947126,-0.05));
#15720=CARTESIAN_POINT('Origin',(163.46000420187,-45.58624808279,1.55));
#15721=CARTESIAN_POINT('Origin',(167.597366487169,-43.3725190060092,-0.05));
#15722=CARTESIAN_POINT('',(167.597366487169,-43.3725190060092,1.55));
#15723=CARTESIAN_POINT('',(167.597366487169,-43.3725190060092,-0.05));
#15724=CARTESIAN_POINT('',(167.488032067235,-43.1777288947126,1.55));
#15725=CARTESIAN_POINT('Origin',(163.98897433014,-45.28170870362,-0.05));
#15726=CARTESIAN_POINT('',(167.869989332413,-44.0155247468018,1.55));
#15727=CARTESIAN_POINT('',(167.869989332413,-44.0155247468018,-0.05));
#15728=CARTESIAN_POINT('Origin',(163.98897433014,-45.28170870362,1.55));
#15729=CARTESIAN_POINT('Origin',(167.932005950989,-44.2274582776044,-0.05));
#15730=CARTESIAN_POINT('',(167.932005950989,-44.2274582776044,1.55));
#15731=CARTESIAN_POINT('',(167.932005950989,-44.2274582776044,-0.05));
#15732=CARTESIAN_POINT('',(167.869989332413,-44.0155247468018,1.55));
#15733=CARTESIAN_POINT('Origin',(164.41075458704,-45.15357865536,-0.05));
#15734=CARTESIAN_POINT('',(168.051756998532,-45.1501768318743,1.55));
#15735=CARTESIAN_POINT('',(168.051756998532,-45.1501768318743,-0.05));
#15736=CARTESIAN_POINT('Origin',(164.41075458704,-45.15357865536,1.55));
#15737=CARTESIAN_POINT('Origin',(168.051757,-47.6018729775474,-0.05));
#15738=CARTESIAN_POINT('',(168.051757,-47.6018729775474,1.55));
#15739=CARTESIAN_POINT('',(168.051757,-47.6018729775474,-0.05));
#15740=CARTESIAN_POINT('',(168.051757,-45.1501768318709,1.55));
#15741=CARTESIAN_POINT('Origin',(168.04422530319,-47.9481724037141,-0.05));
#15742=CARTESIAN_POINT('',(168.04422530319,-47.9481724037141,1.55));
#15743=CARTESIAN_POINT('',(168.04422530319,-47.9481724037141,-0.05));
#15744=CARTESIAN_POINT('',(168.051757,-47.6018729775474,1.55));
#15745=CARTESIAN_POINT('Origin',(168.021198415673,-48.289554122152,-0.05));
#15746=CARTESIAN_POINT('',(168.021198415673,-48.289554122152,1.55));
#15747=CARTESIAN_POINT('',(168.021198415673,-48.289554122152,-0.05));
#15748=CARTESIAN_POINT('',(168.04422530319,-47.9481724037141,1.55));
#15749=CARTESIAN_POINT('Origin',(167.982359491574,-48.6222315684438,-0.05));
#15750=CARTESIAN_POINT('',(167.982359491574,-48.6222315684438,1.55));
#15751=CARTESIAN_POINT('',(167.982359491574,-48.6222315684438,-0.05));
#15752=CARTESIAN_POINT('',(168.021198415673,-48.289554122152,1.55));
#15753=CARTESIAN_POINT('Origin',(167.92729961296,-48.9455428641477,-0.05));
#15754=CARTESIAN_POINT('',(167.92729961296,-48.9455428641477,1.55));
#15755=CARTESIAN_POINT('',(167.92729961296,-48.9455428641477,-0.05));
#15756=CARTESIAN_POINT('',(167.982359491574,-48.6222315684438,1.55));
#15757=CARTESIAN_POINT('Origin',(167.855579374289,-49.2587955670183,-0.05));
#15758=CARTESIAN_POINT('',(167.855579374289,-49.2587955670183,1.55));
#15759=CARTESIAN_POINT('',(167.855579374289,-49.2587955670183,-0.05));
#15760=CARTESIAN_POINT('',(167.92729961296,-48.9455428641477,1.55));
#15761=CARTESIAN_POINT('Origin',(167.766738053721,-49.5612581164429,-0.05));
#15762=CARTESIAN_POINT('',(167.766738053721,-49.5612581164429,1.55));
#15763=CARTESIAN_POINT('',(167.766738053721,-49.5612581164429,-0.05));
#15764=CARTESIAN_POINT('',(167.855579374289,-49.2587955670183,1.55));
#15765=CARTESIAN_POINT('Origin',(167.660294525595,-49.8521445593109,-0.05));
#15766=CARTESIAN_POINT('',(167.660294525595,-49.8521445593109,1.55));
#15767=CARTESIAN_POINT('',(167.660294525595,-49.8521445593109,-0.05));
#15768=CARTESIAN_POINT('',(167.766738053721,-49.5612581164429,1.55));
#15769=CARTESIAN_POINT('Origin',(167.535767762923,-50.1305917608022,-0.05));
#15770=CARTESIAN_POINT('',(167.535767762923,-50.1305917608022,1.55));
#15771=CARTESIAN_POINT('',(167.535767762923,-50.1305917608022,-0.05));
#15772=CARTESIAN_POINT('',(167.660294525595,-49.8521445593109,1.55));
#15773=CARTESIAN_POINT('Origin',(167.392696891796,-50.3956529077705,-0.05));
#15774=CARTESIAN_POINT('',(167.392696891796,-50.3956529077705,1.55));
#15775=CARTESIAN_POINT('',(167.392696891796,-50.3956529077705,-0.05));
#15776=CARTESIAN_POINT('',(167.535767762923,-50.1305917608022,1.55));
#15777=CARTESIAN_POINT('Origin',(167.234318264242,-50.6406467428507,-0.05));
#15778=CARTESIAN_POINT('',(167.234318264242,-50.6406467428507,1.55));
#15779=CARTESIAN_POINT('',(167.234318264242,-50.6406467428507,-0.05));
#15780=CARTESIAN_POINT('',(167.392696891796,-50.3956529077705,1.55));
#15781=CARTESIAN_POINT('Origin',(164.45279637142,-48.69101670102,-0.05));
#15782=CARTESIAN_POINT('',(166.623023426566,-51.3040677662258,1.55));
#15783=CARTESIAN_POINT('',(166.623023426566,-51.3040677662258,-0.05));
#15784=CARTESIAN_POINT('Origin',(164.45279637142,-48.69101670102,1.55));
#15785=CARTESIAN_POINT('Origin',(166.388555239774,-51.4813374402037,-0.05));
#15786=CARTESIAN_POINT('',(166.388555239774,-51.4813374402037,1.55));
#15787=CARTESIAN_POINT('',(166.388555239774,-51.4813374402037,-0.05));
#15788=CARTESIAN_POINT('',(166.623023426566,-51.3040677662258,1.55));
#15789=CARTESIAN_POINT('Origin',(166.129621929341,-51.6423686768895,-0.05));
#15790=CARTESIAN_POINT('',(166.129621929341,-51.6423686768895,1.55));
#15791=CARTESIAN_POINT('',(166.129621929341,-51.6423686768895,-0.05));
#15792=CARTESIAN_POINT('',(166.388555239774,-51.4813374402037,1.55));
#15793=CARTESIAN_POINT('Origin',(165.856770685014,-51.7797283569086,-0.05));
#15794=CARTESIAN_POINT('',(165.856770685014,-51.7797283569086,1.55));
#15795=CARTESIAN_POINT('',(165.856770685014,-51.7797283569086,-0.05));
#15796=CARTESIAN_POINT('',(166.129621929341,-51.6423686768895,1.55));
#15797=CARTESIAN_POINT('Origin',(166.13282952823,-52.4137043863102,-0.05));
#15798=CARTESIAN_POINT('',(165.545767310489,-52.0483387567345,1.55));
#15799=CARTESIAN_POINT('',(165.545767310489,-52.0483387567345,-0.05));
#15800=CARTESIAN_POINT('Origin',(166.13282952823,-52.4137043863102,1.55));
#15801=CARTESIAN_POINT('Origin',(165.532334835659,-52.0713861903383,-0.05));
#15802=CARTESIAN_POINT('',(165.532334835659,-52.0713861903383,1.55));
#15803=CARTESIAN_POINT('',(165.532334835659,-52.0713861903383,-0.05));
#15804=CARTESIAN_POINT('',(165.545767310489,-52.0483387567345,1.55));
#15805=CARTESIAN_POINT('Origin',(166.03849064929,-52.3528042600701,-0.05));
#15806=CARTESIAN_POINT('',(165.467581608512,-52.2555792385921,1.55));
#15807=CARTESIAN_POINT('',(165.467581608512,-52.2555792385921,-0.05));
#15808=CARTESIAN_POINT('Origin',(166.03849064929,-52.3528042600701,1.55));
#15809=CARTESIAN_POINT('Origin',(165.463616153965,-52.2832997610515,-0.05));
#15810=CARTESIAN_POINT('',(165.463616152992,-52.2832997609123,1.55));
#15811=CARTESIAN_POINT('',(165.463616152992,-52.2832997609123,-0.05));
#15812=CARTESIAN_POINT('',(165.467581608512,-52.2555792385921,1.55));
#15813=CARTESIAN_POINT('Origin',(166.035078358034,-52.3504623847903,-0.05));
#15814=CARTESIAN_POINT('',(165.459682999999,-52.3506924303174,1.55));
#15815=CARTESIAN_POINT('',(165.459682999999,-52.3506924303174,-0.05));
#15816=CARTESIAN_POINT('Origin',(166.035078358034,-52.3504623847903,1.55));
#15817=CARTESIAN_POINT('Origin',(165.459683,-63.1406161483059,-0.05));
#15818=CARTESIAN_POINT('',(165.459683,-63.1406161483059,1.55));
#15819=CARTESIAN_POINT('',(165.459683,-63.1406161483059,-0.05));
#15820=CARTESIAN_POINT('',(165.459682999999,-52.3506924303174,1.55));
#15821=CARTESIAN_POINT('Origin',(168.239263257536,-71.1735436422268,-0.05));
#15822=CARTESIAN_POINT('',(168.239299772511,-71.1736527712652,1.55));
#15823=CARTESIAN_POINT('',(168.239336287487,-71.1737619003036,-0.05));
#15824=CARTESIAN_POINT('',(165.459683,-63.1406161483059,1.55));
#15825=CARTESIAN_POINT('Origin',(172.3158514214,-69.1676495455201,-0.05));
#15826=CARTESIAN_POINT('',(169.610730790619,-72.817962517028,1.55));
#15827=CARTESIAN_POINT('',(169.610730790619,-72.817962517028,-0.05));
#15828=CARTESIAN_POINT('Origin',(172.3158514214,-69.1676495455201,1.55));
#15829=CARTESIAN_POINT('Origin',(169.838863252205,-72.9767225942123,-0.05));
#15830=CARTESIAN_POINT('',(169.838863252205,-72.9767225942123,1.55));
#15831=CARTESIAN_POINT('',(169.838863252205,-72.9767225942123,-0.05));
#15832=CARTESIAN_POINT('',(169.610730790619,-72.817962517028,1.55));
#15833=CARTESIAN_POINT('Origin',(172.34752290837,-69.1266688823598,-0.05));
#15834=CARTESIAN_POINT('',(171.599548629205,-73.6606319760034,1.55));
#15835=CARTESIAN_POINT('',(171.599548629205,-73.6606319760034,-0.05));
#15836=CARTESIAN_POINT('Origin',(172.34752290837,-69.1266688823598,1.55));
#15837=CARTESIAN_POINT('Origin',(191.85407382508,-77.0087589930222,-0.05));
#15838=CARTESIAN_POINT('',(191.85407382508,-77.0087589930222,1.55));
#15839=CARTESIAN_POINT('',(191.85407382508,-77.0087589930222,-0.05));
#15840=CARTESIAN_POINT('',(171.599548629205,-73.6606319760034,1.55));
#15841=CARTESIAN_POINT('Origin',(191.08122368684,-81.71378343628,-0.05));
#15842=CARTESIAN_POINT('',(192.82126769465,-77.2745493583433,1.55));
#15843=CARTESIAN_POINT('',(192.82126769465,-77.2745493583433,-0.05));
#15844=CARTESIAN_POINT('Origin',(191.08122368684,-81.71378343628,1.55));
#15845=CARTESIAN_POINT('Origin',(193.106396165844,-77.3982466028277,-0.05));
#15846=CARTESIAN_POINT('',(193.106396165844,-77.3982466028277,1.55));
#15847=CARTESIAN_POINT('',(193.106396165844,-77.3982466028277,-0.05));
#15848=CARTESIAN_POINT('',(192.82126769465,-77.2745493583433,1.55));
#15849=CARTESIAN_POINT('Origin',(191.17328347827,-81.46518937171,-0.05));
#15850=CARTESIAN_POINT('',(195.094628308203,-79.2515943606507,1.55));
#15851=CARTESIAN_POINT('',(195.094628308203,-79.2515943606507,-0.05));
#15852=CARTESIAN_POINT('Origin',(191.17328347827,-81.46518937171,1.55));
#15853=CARTESIAN_POINT('Origin',(195.228698964531,-79.5059832478807,-0.05));
#15854=CARTESIAN_POINT('',(195.228698964531,-79.5059832478807,1.55));
#15855=CARTESIAN_POINT('',(195.228698964531,-79.5059832478807,-0.05));
#15856=CARTESIAN_POINT('',(195.094628308203,-79.2515943606507,1.55));
#15857=CARTESIAN_POINT('Origin',(191.07969815967,-81.53116235796,-0.05));
#15858=CARTESIAN_POINT('',(195.686657849503,-81.2287048850939,1.55));
#15859=CARTESIAN_POINT('',(195.686657849503,-81.2287048850939,-0.05));
#15860=CARTESIAN_POINT('Origin',(191.07969815967,-81.53116235796,1.55));
#15861=CARTESIAN_POINT('Origin',(195.696181898748,-81.5172433199824,-0.05));
#15862=CARTESIAN_POINT('',(195.696181898748,-81.5172433199824,1.55));
#15863=CARTESIAN_POINT('',(195.696181898748,-81.5172433199824,-0.05));
#15864=CARTESIAN_POINT('',(195.686657849503,-81.2287048850939,1.55));
#15865=CARTESIAN_POINT('Origin',(191.23651841257,-81.52516435584,-0.05));
#15866=CARTESIAN_POINT('',(195.532567428426,-82.7220870793774,1.55));
#15867=CARTESIAN_POINT('',(195.532567428426,-82.7220870793774,-0.05));
#15868=CARTESIAN_POINT('Origin',(191.23651841257,-81.52516435584,1.55));
#15869=CARTESIAN_POINT('Origin',(195.443001258129,-83.0057041294793,-0.05));
#15870=CARTESIAN_POINT('',(195.443001258129,-83.0057041294793,1.55));
#15871=CARTESIAN_POINT('',(195.443001258129,-83.0057041294793,-0.05));
#15872=CARTESIAN_POINT('',(195.532567428426,-82.7220870793774,1.55));
#15873=CARTESIAN_POINT('Origin',(191.22472522352,-81.51179431379,-0.05));
#15874=CARTESIAN_POINT('',(194.849143825738,-84.1365245927824,1.55));
#15875=CARTESIAN_POINT('',(194.849143825738,-84.1365245927824,-0.05));
#15876=CARTESIAN_POINT('Origin',(191.22472522352,-81.51179431379,1.55));
#15877=CARTESIAN_POINT('Origin',(194.649641927268,-84.3936646917897,-0.05));
#15878=CARTESIAN_POINT('',(194.649641927268,-84.3936646917897,1.55));
#15879=CARTESIAN_POINT('',(194.649641927268,-84.3936646917897,-0.05));
#15880=CARTESIAN_POINT('',(194.849143825738,-84.1365245927824,1.55));
#15881=CARTESIAN_POINT('Origin',(194.427513824627,-84.6416347316108,-0.05));
#15882=CARTESIAN_POINT('',(194.427513824627,-84.6416347316108,1.55));
#15883=CARTESIAN_POINT('',(194.427513824627,-84.6416347316108,-0.05));
#15884=CARTESIAN_POINT('',(194.649641927268,-84.3936646917897,1.55));
#15885=CARTESIAN_POINT('Origin',(179.673255506408,-99.9969252172536,-0.05));
#15886=CARTESIAN_POINT('',(179.673255506408,-99.9969252172536,1.55));
#15887=CARTESIAN_POINT('',(179.673255506408,-99.9969252172536,-0.05));
#15888=CARTESIAN_POINT('',(194.427513824627,-84.6416347316108,1.55));
#15889=CARTESIAN_POINT('Origin',(182.936680852889,-103.1359174386,-0.05));
#15890=CARTESIAN_POINT('',(178.70881119093,-101.51470330123,1.55));
#15891=CARTESIAN_POINT('',(178.70881119093,-101.51470330123,-0.05));
#15892=CARTESIAN_POINT('Origin',(182.936680852889,-103.1359174386,1.55));
#15893=CARTESIAN_POINT('Origin',(178.621349118618,-101.76462011347,-0.05));
#15894=CARTESIAN_POINT('',(178.621349118618,-101.76462011347,1.55));
#15895=CARTESIAN_POINT('',(178.621349118618,-101.76462011347,-0.05));
#15896=CARTESIAN_POINT('',(178.70881119093,-101.51470330123,1.55));
#15897=CARTESIAN_POINT('Origin',(182.909721962791,-103.1266180517,-0.05));
#15898=CARTESIAN_POINT('',(178.461362108504,-103.802838905261,1.55));
#15899=CARTESIAN_POINT('',(178.461362108504,-103.802838905261,-0.05));
#15900=CARTESIAN_POINT('Origin',(182.909721962791,-103.1266180517,1.55));
#15901=CARTESIAN_POINT('Origin',(181.679103239129,-125.009767153084,-0.05));
#15902=CARTESIAN_POINT('',(178.461362108504,-103.802838905261,1.55));
#15903=CARTESIAN_POINT('Origin',(154.941808978248,-85.4236772930672,1.55));
#15904=CARTESIAN_POINT('',(146.576702,-62.7357783962294,1.55));
#15905=CARTESIAN_POINT('',(146.576700944973,-52.34849469113,1.55));
#15906=CARTESIAN_POINT('',(146.576703152195,-74.0797282694664,1.55));
#15907=CARTESIAN_POINT('',(146.472040645356,-63.0286951819147,1.55));
#15908=CARTESIAN_POINT('',(143.403510368311,-71.6166217245077,1.55));
#15909=CARTESIAN_POINT('',(143.336793961548,-71.78739402307,1.55));
#15910=CARTESIAN_POINT('',(141.832442150974,-75.9899866063001,1.55));
#15911=CARTESIAN_POINT('',(143.30811399272,-71.8646414202684,1.55));
#15912=CARTESIAN_POINT('',(141.800667686343,-75.9248377294331,1.55));
#15913=CARTESIAN_POINT('',(143.260097947883,-71.9688641505914,1.55));
#15914=CARTESIAN_POINT('',(141.726062189772,-75.2986135221988,1.55));
#15915=CARTESIAN_POINT('',(143.082504919755,-72.3044426179671,1.55));
#15916=CARTESIAN_POINT('',(141.667940392377,-74.9773932461783,1.55));
#15917=CARTESIAN_POINT('',(142.896271827514,-72.6100861197753,1.55));
#15918=CARTESIAN_POINT('',(141.680084026414,-74.6060788507808,1.55));
#15919=CARTESIAN_POINT('',(141.32167727028,-74.2812846257267,1.55));
#15920=CARTESIAN_POINT('Origin',(137.56276062621,-69.16226621387,1.55));
#15921=CARTESIAN_POINT('',(141.052548807433,-74.4685751003889,1.55));
#15922=CARTESIAN_POINT('',(143.163124067017,-72.9997945856987,1.55));
#15923=CARTESIAN_POINT('',(138.577715793554,-75.436570901976,1.55));
#15924=CARTESIAN_POINT('Origin',(137.53590546611,-69.12537229783,1.55));
#15925=CARTESIAN_POINT('',(118.348883336217,-78.7804425864453,1.55));
#15926=CARTESIAN_POINT('',(135.624229303341,-75.9247888881557,1.55));
#15927=CARTESIAN_POINT('',(118.113070548114,-78.8278763968871,1.55));
#15928=CARTESIAN_POINT('',(135.173765857906,-75.3961126073223,1.55));
#15929=CARTESIAN_POINT('',(117.913998468757,-78.8826460688638,1.55));
#15930=CARTESIAN_POINT('',(134.288646438686,-74.3775738309981,1.55));
#15931=CARTESIAN_POINT('',(117.702769800032,-78.9570938170082,1.55));
#15932=CARTESIAN_POINT('',(133.251253754145,-73.4770156418581,1.55));
#15933=CARTESIAN_POINT('',(117.086053674779,-79.3047357465388,1.55));
#15934=CARTESIAN_POINT('Origin',(118.709329935041,-81.463577176571,1.55));
#15935=CARTESIAN_POINT('',(116.909764192775,-79.449626225913,1.55));
#15936=CARTESIAN_POINT('',(126.793974087184,-71.3258976088941,1.55));
#15937=CARTESIAN_POINT('',(116.463565592374,-79.9639252339032,1.55));
#15938=CARTESIAN_POINT('Origin',(118.73282749286,-81.48199768106,1.55));
#15939=CARTESIAN_POINT('',(116.345800830033,-80.1560913795985,1.55));
#15940=CARTESIAN_POINT('',(120.441198801388,-73.4733042062666,1.55));
#15941=CARTESIAN_POINT('',(116.014421449547,-81.1413871985084,1.55));
#15942=CARTESIAN_POINT('Origin',(118.8119414893,-81.5338890014798,1.55));
#15943=CARTESIAN_POINT('',(115.992237420651,-81.3657865288541,1.55));
#15944=CARTESIAN_POINT('',(115.982087274188,-81.4684588648835,1.55));
#15945=CARTESIAN_POINT('',(116.277178771049,-82.7289833777783,1.55));
#15946=CARTESIAN_POINT('Origin',(118.63284043599,-81.5252144369801,1.55));
#15947=CARTESIAN_POINT('',(116.394556536594,-82.93513385561,1.55));
#15948=CARTESIAN_POINT('',(121.648194166778,-92.1620935168927,1.55));
#15949=CARTESIAN_POINT('',(116.757410385775,-83.3976934563282,1.55));
#15950=CARTESIAN_POINT('Origin',(118.844026545689,-81.3872523067206,1.55));
#15951=CARTESIAN_POINT('',(131.523386464666,-98.7652813042765,1.55));
#15952=CARTESIAN_POINT('',(133.811569597272,-101.146692131075,1.55));
#15953=CARTESIAN_POINT('',(131.75519953259,-99.0208501819905,1.55));
#15954=CARTESIAN_POINT('',(133.604934405498,-101.060142745487,1.55));
#15955=CARTESIAN_POINT('',(131.984330584505,-99.304749348372,1.55));
#15956=CARTESIAN_POINT('',(133.120043013662,-100.711925762008,1.55));
#15957=CARTESIAN_POINT('',(132.182184283436,-99.5809549370404,1.55));
#15958=CARTESIAN_POINT('',(132.690169243484,-100.290106626813,1.55));
#15959=CARTESIAN_POINT('',(133.20251786125,-104.072712514433,1.55));
#15960=CARTESIAN_POINT('Origin',(126.96517018298,-103.1278021923,1.55));
#15961=CARTESIAN_POINT('',(129.984316340216,-125.281541344328,1.55));
#15962=CARTESIAN_POINT('',(133.221100864358,-103.950245437874,1.55));
#15963=CARTESIAN_POINT('',(129.955939332255,-125.875834868168,1.55));
#15964=CARTESIAN_POINT('Origin',(132.774262075531,-125.7125852691,1.55));
#15965=CARTESIAN_POINT('',(129.981094216762,-126.116854855867,1.55));
#15966=CARTESIAN_POINT('',(128.014914990128,-107.278028826218,1.55));
#15967=CARTESIAN_POINT('',(130.25744879423,-126.953581470742,1.55));
#15968=CARTESIAN_POINT('Origin',(132.570083373749,-125.7257625224,1.55));
#15969=CARTESIAN_POINT('',(130.373674259787,-127.151815135364,1.55));
#15970=CARTESIAN_POINT('',(124.412747938901,-116.984884304332,1.55));
#15971=CARTESIAN_POINT('',(130.821332706062,-127.68521190157,1.55));
#15972=CARTESIAN_POINT('Origin',(132.72718799784,-125.6311549865,1.55));
#15973=CARTESIAN_POINT('',(130.996955691117,-127.835770643511,1.55));
#15974=CARTESIAN_POINT('',(127.419200926735,-124.768619403982,1.55));
#15975=CARTESIAN_POINT('',(131.772562475736,-128.274209615229,1.55));
#15976=CARTESIAN_POINT('Origin',(132.79257991906,-125.5645286009,1.55));
#15977=CARTESIAN_POINT('',(131.993553520173,-128.347160993533,1.55));
#15978=CARTESIAN_POINT('',(135.951621912797,-129.653759391661,1.55));
#15979=CARTESIAN_POINT('',(133.260383173288,-128.403688880506,1.55));
#15980=CARTESIAN_POINT('Origin',(132.74494573923,-125.731468702,1.55));
#15981=CARTESIAN_POINT('',(133.499195880836,-128.346365154196,1.55));
#15982=CARTESIAN_POINT('',(148.507277454008,-124.743880305809,1.55));
#15983=CARTESIAN_POINT('',(134.06554928715,-128.117010176344,1.55));
#15984=CARTESIAN_POINT('Origin',(132.672564751001,-125.491204539701,1.55));
#15985=CARTESIAN_POINT('',(151.948204028028,-118.661301270918,1.55));
#15986=CARTESIAN_POINT('',(159.985327785741,-114.411557382021,1.55));
#15987=CARTESIAN_POINT('',(153.813502998965,-118.018942447606,1.55));
#15988=CARTESIAN_POINT('Origin',(154.93864046916,-124.3155794252,1.55));
#15989=CARTESIAN_POINT('',(154.147882916492,-117.968239795076,1.55));
#15990=CARTESIAN_POINT('',(156.947864592635,-117.54367333467,1.55));
#15991=CARTESIAN_POINT('',(157.935537520848,-118.661200039238,1.55));
#15992=CARTESIAN_POINT('Origin',(154.94221493099,-124.3244562966,1.55));
#15993=CARTESIAN_POINT('',(175.794063418433,-128.104211854595,1.55));
#15994=CARTESIAN_POINT('',(158.827627525736,-119.132908426864,1.55));
#15995=CARTESIAN_POINT('',(176.015709072796,-128.211544008983,1.55));
#15996=CARTESIAN_POINT('',(159.088207551682,-120.014382589819,1.55));
#15997=CARTESIAN_POINT('',(176.235110995223,-128.29903503242,1.55));
#15998=CARTESIAN_POINT('',(159.673360672543,-121.694696886236,1.55));
#15999=CARTESIAN_POINT('',(176.76898503592,-128.427740635866,1.55));
#16000=CARTESIAN_POINT('Origin',(177.14683233057,-125.688806476299,1.55));
#16001=CARTESIAN_POINT('',(177.006586719633,-128.449795546618,1.55));
#16002=CARTESIAN_POINT('',(164.088593228346,-127.250708111334,1.55));
#16003=CARTESIAN_POINT('',(177.709190228759,-128.392217059197,1.55));
#16004=CARTESIAN_POINT('Origin',(177.13705503567,-125.7262785358,1.55));
#16005=CARTESIAN_POINT('',(177.933655245028,-128.334338014111,1.55));
#16006=CARTESIAN_POINT('',(172.341849623277,-129.77620354431,1.55));
#16007=CARTESIAN_POINT('',(178.736118244808,-127.947175044747,1.55));
#16008=CARTESIAN_POINT('Origin',(177.0957447183,-125.5724178542,1.55));
#16009=CARTESIAN_POINT('',(178.921302908403,-127.808155857805,1.55));
#16010=CARTESIAN_POINT('',(181.428012381076,-125.926354708482,1.55));
#16011=CARTESIAN_POINT('',(179.405060723271,-127.30344895521,1.55));
#16012=CARTESIAN_POINT('Origin',(177.128881999679,-125.605941152799,1.55));
#16013=CARTESIAN_POINT('',(179.534753192565,-127.11315719526,1.55));
#16014=CARTESIAN_POINT('',(185.335265749856,-118.602333481768,1.55));
#16015=CARTESIAN_POINT('',(179.902907000418,-126.116603903835,1.55));
#16016=CARTESIAN_POINT('Origin',(177.306217882739,-125.7235961787,1.55));
#16017=CARTESIAN_POINT('',(179.927978203742,-125.876537936583,1.55));
#16018=CARTESIAN_POINT('',(181.882741395069,-107.158963426576,1.55));
#16019=CARTESIAN_POINT('',(179.899615681032,-125.28073825359,1.55));
#16020=CARTESIAN_POINT('Origin',(177.069523066711,-125.7140372648,1.55));
#16021=CARTESIAN_POINT('',(176.681767460687,-104.073103473207,1.55));
#16022=CARTESIAN_POINT('',(175.054143412808,-93.3460418162643,1.55));
#16023=CARTESIAN_POINT('',(176.914455375653,-101.19270221006,1.55));
#16024=CARTESIAN_POINT('Origin',(182.90972196279,-103.1266180517,1.55));
#16025=CARTESIAN_POINT('',(177.017891959541,-100.897139337835,1.55));
#16026=CARTESIAN_POINT('',(178.225664978359,-97.4460116128036,1.55));
#16027=CARTESIAN_POINT('',(178.37563247846,-98.7494579238419,1.55));
#16028=CARTESIAN_POINT('Origin',(182.93668085289,-103.1359174386,1.55));
#16029=CARTESIAN_POINT('',(193.107772876864,-83.4171863419452,1.55));
#16030=CARTESIAN_POINT('',(183.445832249816,-93.4727175611642,1.55));
#16031=CARTESIAN_POINT('',(193.266468363663,-83.2400285410493,1.55));
#16032=CARTESIAN_POINT('',(184.192886598631,-93.3692125787706,1.55));
#16033=CARTESIAN_POINT('',(193.406400332935,-83.059668751452,1.55));
#16034=CARTESIAN_POINT('',(185.607253851123,-93.1120708281126,1.55));
#16035=CARTESIAN_POINT('',(193.737099681631,-82.4302692127605,1.55));
#16036=CARTESIAN_POINT('Origin',(191.224725223522,-81.5117943137911,1.55));
#16037=CARTESIAN_POINT('',(193.805671541112,-82.2131320008109,1.55));
#16038=CARTESIAN_POINT('',(191.582506515342,-89.2529273200308,1.55));
#16039=CARTESIAN_POINT('',(193.896115484774,-81.5449302847385,1.55));
#16040=CARTESIAN_POINT('Origin',(191.236518412569,-81.5251643558397,1.55));
#16041=CARTESIAN_POINT('',(193.888723378297,-81.3209807038521,1.55));
#16042=CARTESIAN_POINT('',(193.935166730843,-82.7280179765564,1.55));
#16043=CARTESIAN_POINT('',(193.621732885949,-80.3175485573646,1.55));
#16044=CARTESIAN_POINT('Origin',(191.079698159671,-81.5311623579598,1.55));
#16045=CARTESIAN_POINT('',(193.515897507865,-80.11673396603,1.55));
#16046=CARTESIAN_POINT('',(190.417721880669,-74.2381810310424,1.55));
#16047=CARTESIAN_POINT('',(192.358013903361,-79.0356654898296,1.55));
#16048=CARTESIAN_POINT('Origin',(191.17328347827,-81.4651893717098,1.55));
#16049=CARTESIAN_POINT('',(192.137898256411,-78.9401727497322,1.55));
#16050=CARTESIAN_POINT('',(177.669328197398,-72.6632750399591,1.55));
#16051=CARTESIAN_POINT('',(191.5614428558,-78.7848131502795,1.55));
#16052=CARTESIAN_POINT('Origin',(191.08122368684,-81.7137834362809,1.55));
#16053=CARTESIAN_POINT('',(171.306264854681,-75.4365781157127,1.55));
#16054=CARTESIAN_POINT('',(164.145160972865,-74.2528285193085,1.55));
#16055=CARTESIAN_POINT('',(168.831352723648,-74.4685524546213,1.55));
#16056=CARTESIAN_POINT('Origin',(172.34752290837,-69.12666888236,1.55));
#16057=CARTESIAN_POINT('',(168.562386116119,-74.2813754125071,1.55));
#16058=CARTESIAN_POINT('',(166.586187185595,-72.9061152125762,1.55));
#16059=CARTESIAN_POINT('',(166.620576173291,-71.9609511563239,1.55));
#16060=CARTESIAN_POINT('Origin',(172.3158514214,-69.16764954552,1.55));
#16061=CARTESIAN_POINT('',(166.568946933309,-71.8542731782412,1.55));
#16062=CARTESIAN_POINT('',(168.126113274644,-75.0717398093132,1.55));
#16063=CARTESIAN_POINT('',(166.53520771232,-71.7534397888643,1.55));
#16064=CARTESIAN_POINT('',(168.008336356696,-76.1560474914125,1.55));
#16065=CARTESIAN_POINT('',(163.761195526394,-63.7366039028037,1.55));
#16066=CARTESIAN_POINT('',(166.640575752227,-72.0579511705568,1.55));
#16067=CARTESIAN_POINT('',(163.659683,-63.452904888978,1.55));
#16068=CARTESIAN_POINT('',(166.649554817154,-71.8087572760754,1.55));
#16069=CARTESIAN_POINT('',(163.659683011907,-52.3509778484108,1.55));
#16070=CARTESIAN_POINT('',(163.659683,-68.8873275707403,1.55));
#16071=CARTESIAN_POINT('',(163.679645540697,-52.0431521846387,1.55));
#16072=CARTESIAN_POINT('Origin',(166.03507835803,-52.35046238479,1.55));
#16073=CARTESIAN_POINT('',(163.687960461689,-51.9850267034222,1.55));
#16074=CARTESIAN_POINT('',(161.256507883665,-68.9821035602739,1.55));
#16075=CARTESIAN_POINT('',(163.971118048847,-51.175424531632,1.55));
#16076=CARTESIAN_POINT('Origin',(166.03849064929,-52.35280426007,1.55));
#16077=CARTESIAN_POINT('',(163.99968979169,-51.1264011495726,1.55));
#16078=CARTESIAN_POINT('',(155.390957241292,-65.8972601476197,1.55));
#16079=CARTESIAN_POINT('',(165.078288893799,-50.1564098088896,1.55));
#16080=CARTESIAN_POINT('Origin',(166.13282952823,-52.41370438631,1.55));
#16081=CARTESIAN_POINT('',(165.247850353304,-50.071048615548,1.55));
#16082=CARTESIAN_POINT('',(154.037305637507,-55.7146982853682,1.55));
#16083=CARTESIAN_POINT('',(165.368373801147,-49.9960947989709,1.55));
#16084=CARTESIAN_POINT('',(153.665194302402,-57.2743297417276,1.55));
#16085=CARTESIAN_POINT('',(165.498514499594,-49.897701923164,1.55));
#16086=CARTESIAN_POINT('',(153.594772144445,-58.8975263990386,1.55));
#16087=CARTESIAN_POINT('',(165.744401373975,-49.6298309245523,1.55));
#16088=CARTESIAN_POINT('Origin',(164.45279637142,-48.6910167010198,1.55));
#16089=CARTESIAN_POINT('',(165.842471541025,-49.4781274611351,1.55));
#16090=CARTESIAN_POINT('',(156.041834464534,-64.6386052387885,1.55));
#16091=CARTESIAN_POINT('',(165.919957185388,-49.3345731959876,1.55));
#16092=CARTESIAN_POINT('',(157.139162343466,-65.6023678475018,1.55));
#16093=CARTESIAN_POINT('',(165.991493372026,-49.1746152034461,1.55));
#16094=CARTESIAN_POINT('',(158.31600510199,-66.3373373605814,1.55));
#16095=CARTESIAN_POINT('',(166.056215731397,-48.9977434177861,1.55));
#16096=CARTESIAN_POINT('',(159.522356563574,-66.8533245413614,1.55));
#16097=CARTESIAN_POINT('',(166.113159128557,-48.8038781649082,1.55));
#16098=CARTESIAN_POINT('',(160.718567333073,-67.1699039863927,1.55));
#16099=CARTESIAN_POINT('',(166.161369935198,-48.5933076792625,1.55));
#16100=CARTESIAN_POINT('',(161.875741166653,-67.3116613840021,1.55));
#16101=CARTESIAN_POINT('',(166.199978542133,-48.3665981577784,1.55));
#16102=CARTESIAN_POINT('',(162.974850578893,-67.3045313110724,1.55));
#16103=CARTESIAN_POINT('',(166.228239921635,-48.1245233892417,1.55));
#16104=CARTESIAN_POINT('',(164.004362576223,-67.1732960649317,1.55));
#16105=CARTESIAN_POINT('',(166.24554348405,-47.8679919814294,1.55));
#16106=CARTESIAN_POINT('',(164.959078410252,-66.9402898453499,1.55));
#16107=CARTESIAN_POINT('',(166.251757,-47.5823011122577,1.55));
#16108=CARTESIAN_POINT('',(165.837770176706,-66.6169758959664,1.55));
#16109=CARTESIAN_POINT('',(166.251757,-45.1510538406457,1.55));
#16110=CARTESIAN_POINT('',(166.251757,-65.2873655668564,1.55));
#16111=CARTESIAN_POINT('',(166.196327945133,-44.7052222034685,1.55));
#16112=CARTESIAN_POINT('Origin',(164.410754587041,-45.1535786553598,1.55));
#16113=CARTESIAN_POINT('',(166.15131141976,-44.5513842260798,1.55));
#16114=CARTESIAN_POINT('',(171.217650949961,-61.8649245234507,1.55));
#16115=CARTESIAN_POINT('',(166.015209575775,-44.2312581997943,1.55));
#16116=CARTESIAN_POINT('Origin',(163.988974330139,-45.2817087036205,1.55));
#16117=CARTESIAN_POINT('',(165.931926825797,-44.0828817219497,1.55));
#16118=CARTESIAN_POINT('',(173.43805692594,-57.4557968429556,1.55));
#16119=CARTESIAN_POINT('',(165.702989103189,-43.7588098195258,1.55));
#16120=CARTESIAN_POINT('Origin',(163.460004201866,-45.5862480827925,1.55));
#16121=CARTESIAN_POINT('',(165.583821778005,-43.6206595640016,1.55));
#16122=CARTESIAN_POINT('',(173.651353633854,-52.9733205019798,1.55));
#16123=CARTESIAN_POINT('',(165.265394831302,-43.3138243690383,1.55));
#16124=CARTESIAN_POINT('Origin',(162.973867914593,-46.0105674792969,1.55));
#16125=CARTESIAN_POINT('',(165.115806110734,-43.193069669516,1.55));
#16126=CARTESIAN_POINT('',(172.355997299866,-49.0376755208582,1.55));
#16127=CARTESIAN_POINT('',(164.2808160351,-42.7025112357368,1.55));
#16128=CARTESIAN_POINT('Origin',(162.688107016341,-46.3694020724884,1.55));
#16129=CARTESIAN_POINT('',(164.09874710349,-42.6286270245113,1.55));
#16130=CARTESIAN_POINT('',(167.623092063672,-44.0588185743114,1.55));
#16131=CARTESIAN_POINT('',(163.50128851497,-42.4574189432322,1.55));
#16132=CARTESIAN_POINT('Origin',(162.76850870819,-46.1426426218507,1.55));
#16133=CARTESIAN_POINT('',(163.314726686477,-42.4258081109449,1.55));
#16134=CARTESIAN_POINT('',(162.786197636353,-42.3362547264322,1.55));
#16135=CARTESIAN_POINT('',(162.875673871952,-42.3944090596688,1.55));
#16136=CARTESIAN_POINT('Origin',(162.87251267879,-45.5239484547522,1.55));
#16137=CARTESIAN_POINT('',(147.378864406165,-42.394409,1.55));
#16138=CARTESIAN_POINT('',(151.160336775046,-42.3944090145602,1.55));
#16139=CARTESIAN_POINT('',(147.195347174461,-42.3990009296577,1.55));
#16140=CARTESIAN_POINT('',(150.528214190432,-42.3156066306395,1.55));
#16141=CARTESIAN_POINT('',(146.764926138151,-42.4516400570946,1.55));
#16142=CARTESIAN_POINT('Origin',(147.38357428135,-45.7241601420019,1.55));
#16143=CARTESIAN_POINT('',(146.578731489413,-42.4919167812783,1.55));
#16144=CARTESIAN_POINT('',(146.137520295425,-42.5873574488134,1.55));
#16145=CARTESIAN_POINT('',(145.982775685564,-42.6907801774711,1.55));
#16146=CARTESIAN_POINT('Origin',(147.49671447906,-46.2353521746697,1.55));
#16147=CARTESIAN_POINT('',(145.803469034722,-42.7724267581299,1.55));
#16148=CARTESIAN_POINT('',(141.545041680988,-44.7114849625214,1.55));
#16149=CARTESIAN_POINT('',(145.120813467887,-43.1928716622664,1.55));
#16150=CARTESIAN_POINT('Origin',(147.53709552965,-46.3516497025503,1.55));
#16151=CARTESIAN_POINT('',(144.970589696013,-43.3141477035094,1.55));
#16152=CARTESIAN_POINT('',(137.698273856174,-49.1851071709947,1.55));
#16153=CARTESIAN_POINT('',(144.65306718814,-43.6201355201123,1.55));
#16154=CARTESIAN_POINT('Origin',(147.22469001525,-45.97095979114,1.55));
#16155=CARTESIAN_POINT('',(144.533110373177,-43.7592327398367,1.55));
#16156=CARTESIAN_POINT('',(136.449842188377,-53.1322736224054,1.55));
#16157=CARTESIAN_POINT('',(144.30518086934,-44.0819828076005,1.55));
#16158=CARTESIAN_POINT('Origin',(146.730630291302,-45.5530026408011,1.55));
#16159=CARTESIAN_POINT('',(144.221192417841,-44.2316861393237,1.55));
#16160=CARTESIAN_POINT('',(136.715757542566,-57.6095802044524,1.55));
#16161=CARTESIAN_POINT('',(144.085780807858,-44.550357490925,1.55));
#16162=CARTESIAN_POINT('Origin',(146.207745258611,-45.2639288685704,1.55));
#16163=CARTESIAN_POINT('',(144.040568796355,-44.7049648281443,1.55));
#16164=CARTESIAN_POINT('',(138.985280903814,-61.9920656221804,1.55));
#16165=CARTESIAN_POINT('',(143.985152141454,-45.1510451129459,1.55));
#16166=CARTESIAN_POINT('Origin',(145.82833572819,-45.15354187355,1.55));
#16167=CARTESIAN_POINT('',(143.985152,-47.5823117777483,1.55));
#16168=CARTESIAN_POINT('',(143.985150899172,-66.502994216672,1.55));
#16169=CARTESIAN_POINT('',(143.991361848756,-47.8680209105603,1.55));
#16170=CARTESIAN_POINT('',(144.401887949728,-66.7559296054836,1.55));
#16171=CARTESIAN_POINT('',(144.008657523967,-48.1245794370884,1.55));
#16172=CARTESIAN_POINT('',(145.284944498963,-67.056613123161,1.55));
#16173=CARTESIAN_POINT('',(144.039182300848,-48.3861839005628,1.55));
#16174=CARTESIAN_POINT('',(146.244202024742,-67.2837176670564,1.55));
#16175=CARTESIAN_POINT('',(144.095889346392,-48.6923628887651,1.55));
#16176=CARTESIAN_POINT('Origin',(148.04568406112,-47.8024853001902,1.55));
#16177=CARTESIAN_POINT('',(144.126212980844,-48.8164568177143,1.55));
#16178=CARTESIAN_POINT('',(148.651581005946,-67.3356979422113,1.55));
#16179=CARTESIAN_POINT('',(144.241068204815,-49.1665739122157,1.55));
#16180=CARTESIAN_POINT('Origin',(147.030380597468,-48.0576479076008,1.55));
#16181=CARTESIAN_POINT('',(144.285214963559,-49.2702762589458,1.55));
#16182=CARTESIAN_POINT('',(151.617422458977,-66.4938991393914,1.55));
#16183=CARTESIAN_POINT('',(144.428218664991,-49.5357771587372,1.55));
#16184=CARTESIAN_POINT('Origin',(146.226811700998,-48.3957589706114,1.55));
#16185=CARTESIAN_POINT('',(144.485072965021,-49.6199492330136,1.55));
#16186=CARTESIAN_POINT('',(154.426618596522,-64.3382821800074,1.55));
#16187=CARTESIAN_POINT('',(144.697428584794,-49.8616048917969,1.55));
#16188=CARTESIAN_POINT('Origin',(145.781579819719,-48.6947719189008,1.55));
#16189=CARTESIAN_POINT('',(144.768443264244,-49.9233509938841,1.55));
#16190=CARTESIAN_POINT('',(156.454171215337,-60.0839002861802,1.55));
#16191=CARTESIAN_POINT('',(145.039772853687,-50.1003593021684,1.55));
#16192=CARTESIAN_POINT('Origin',(145.74946976061,-48.7160309821397,1.55));
#16193=CARTESIAN_POINT('',(145.141124122009,-50.1486132980012,1.55));
#16194=CARTESIAN_POINT('',(155.981534105445,-55.3098027614031,1.55));
#16195=CARTESIAN_POINT('',(145.823593109932,-50.6112266389314,1.55));
#16196=CARTESIAN_POINT('Origin',(144.09359400953,-52.42869092158,1.55));
#16197=CARTESIAN_POINT('',(145.892846474048,-50.6800341215803,1.55));
#16198=CARTESIAN_POINT('',(156.855428818501,-61.5720348797265,1.55));
#16199=CARTESIAN_POINT('Origin',(144.18745464125,-52.35340218629,1.55));
#16200=CARTESIAN_POINT('Origin',(171.306264853982,-75.4365781199504,3.45));
#16201=CARTESIAN_POINT('',(191.5614428558,-78.7848131502795,3.45));
#16202=CARTESIAN_POINT('',(191.5614428558,-78.7848131502795,3.45));
#16203=CARTESIAN_POINT('',(171.306264854681,-75.4365781157127,3.45));
#16204=CARTESIAN_POINT('',(164.145160972865,-74.2528285193085,3.45));
#16205=CARTESIAN_POINT('',(171.306264854681,-75.4365781157127,3.45));
#16206=CARTESIAN_POINT('Origin',(191.08122368684,-81.7137834362809,3.45));
#16207=CARTESIAN_POINT('',(192.137898256411,-78.9401727497322,3.45));
#16208=CARTESIAN_POINT('',(192.137898256411,-78.9401727497322,3.45));
#16209=CARTESIAN_POINT('Origin',(191.08122368684,-81.7137834362809,3.45));
#16210=CARTESIAN_POINT('Origin',(192.137898256411,-78.9401727497322,3.45));
#16211=CARTESIAN_POINT('',(192.358013903361,-79.0356654898296,3.45));
#16212=CARTESIAN_POINT('',(192.358013903361,-79.0356654898296,3.45));
#16213=CARTESIAN_POINT('',(177.669328197398,-72.6632750399591,3.45));
#16214=CARTESIAN_POINT('Origin',(191.17328347827,-81.4651893717098,3.45));
#16215=CARTESIAN_POINT('',(193.515897507865,-80.11673396603,3.45));
#16216=CARTESIAN_POINT('',(193.515897507865,-80.11673396603,3.45));
#16217=CARTESIAN_POINT('Origin',(191.17328347827,-81.4651893717098,3.45));
#16218=CARTESIAN_POINT('Origin',(193.515897507865,-80.11673396603,3.45));
#16219=CARTESIAN_POINT('',(193.621732885949,-80.3175485573646,3.45));
#16220=CARTESIAN_POINT('',(193.621732885949,-80.3175485573646,3.45));
#16221=CARTESIAN_POINT('',(190.417721880669,-74.2381810310424,3.45));
#16222=CARTESIAN_POINT('Origin',(191.079698159671,-81.5311623579598,3.45));
#16223=CARTESIAN_POINT('',(193.888723378297,-81.3209807038521,3.45));
#16224=CARTESIAN_POINT('',(193.888723378297,-81.3209807038521,3.45));
#16225=CARTESIAN_POINT('Origin',(191.079698159671,-81.5311623579598,3.45));
#16226=CARTESIAN_POINT('Origin',(193.888723378297,-81.3209807038521,3.45));
#16227=CARTESIAN_POINT('',(193.896115484774,-81.5449302847385,3.45));
#16228=CARTESIAN_POINT('',(193.896115484774,-81.5449302847385,3.45));
#16229=CARTESIAN_POINT('',(193.935166730843,-82.7280179765564,3.45));
#16230=CARTESIAN_POINT('Origin',(191.236518412569,-81.5251643558397,3.45));
#16231=CARTESIAN_POINT('',(193.805671541112,-82.2131320008109,3.45));
#16232=CARTESIAN_POINT('',(193.805671541112,-82.2131320008109,3.45));
#16233=CARTESIAN_POINT('Origin',(191.236518412569,-81.5251643558397,3.45));
#16234=CARTESIAN_POINT('Origin',(193.805671541112,-82.2131320008109,3.45));
#16235=CARTESIAN_POINT('',(193.737099681631,-82.4302692127605,3.45));
#16236=CARTESIAN_POINT('',(193.737099681631,-82.4302692127605,3.45));
#16237=CARTESIAN_POINT('',(191.582506515342,-89.2529273200307,3.45));
#16238=CARTESIAN_POINT('Origin',(191.224725223522,-81.5117943137911,3.45));
#16239=CARTESIAN_POINT('',(193.406400332935,-83.059668751452,3.45));
#16240=CARTESIAN_POINT('',(193.406400332935,-83.059668751452,3.45));
#16241=CARTESIAN_POINT('Origin',(191.224725223522,-81.5117943137911,3.45));
#16242=CARTESIAN_POINT('Origin',(193.406400332935,-83.059668751452,3.45));
#16243=CARTESIAN_POINT('',(193.266468363663,-83.2400285410493,3.45));
#16244=CARTESIAN_POINT('',(193.266468363663,-83.2400285410493,3.45));
#16245=CARTESIAN_POINT('',(185.607253851123,-93.1120708281126,3.45));
#16246=CARTESIAN_POINT('Origin',(193.266468363663,-83.2400285410493,3.45));
#16247=CARTESIAN_POINT('',(193.107772876864,-83.4171863419452,3.45));
#16248=CARTESIAN_POINT('',(193.107772876864,-83.4171863419452,3.45));
#16249=CARTESIAN_POINT('',(184.192886598631,-93.3692125787706,3.45));
#16250=CARTESIAN_POINT('Origin',(193.107772876864,-83.4171863419452,3.45));
#16251=CARTESIAN_POINT('',(178.37563247846,-98.7494579238419,3.45));
#16252=CARTESIAN_POINT('',(178.37563247846,-98.7494579238419,3.45));
#16253=CARTESIAN_POINT('',(183.445832249816,-93.4727175611642,3.45));
#16254=CARTESIAN_POINT('Origin',(182.93668085289,-103.1359174386,3.45));
#16255=CARTESIAN_POINT('',(177.017891959541,-100.897139337835,3.45));
#16256=CARTESIAN_POINT('',(177.017891959541,-100.897139337835,3.45));
#16257=CARTESIAN_POINT('Origin',(182.93668085289,-103.1359174386,3.45));
#16258=CARTESIAN_POINT('Origin',(177.017891959541,-100.897139337835,3.45));
#16259=CARTESIAN_POINT('',(176.914455375653,-101.19270221006,3.45));
#16260=CARTESIAN_POINT('',(176.914455375653,-101.19270221006,3.45));
#16261=CARTESIAN_POINT('',(178.225664978359,-97.4460116128036,3.45));
#16262=CARTESIAN_POINT('Origin',(182.90972196279,-103.1266180517,3.45));
#16263=CARTESIAN_POINT('',(176.681767460687,-104.073103473207,3.45));
#16264=CARTESIAN_POINT('',(176.681767460687,-104.073103473207,3.45));
#16265=CARTESIAN_POINT('Origin',(182.90972196279,-103.1266180517,3.45));
#16266=CARTESIAN_POINT('Origin',(176.681767457477,-104.073103473695,3.45));
#16267=CARTESIAN_POINT('',(179.899615681032,-125.28073825359,3.45));
#16268=CARTESIAN_POINT('',(179.899615681032,-125.28073825359,3.45));
#16269=CARTESIAN_POINT('',(175.054143412808,-93.3460418162643,3.45));
#16270=CARTESIAN_POINT('Origin',(177.069523066711,-125.7140372648,3.45));
#16271=CARTESIAN_POINT('',(179.927978203742,-125.876537936583,3.45));
#16272=CARTESIAN_POINT('',(179.927978203742,-125.876537936583,3.45));
#16273=CARTESIAN_POINT('Origin',(177.069523066711,-125.7140372648,3.45));
#16274=CARTESIAN_POINT('Origin',(179.927978203742,-125.876537936583,3.45));
#16275=CARTESIAN_POINT('',(179.902907000418,-126.116603903835,3.45));
#16276=CARTESIAN_POINT('',(179.902907000418,-126.116603903835,3.45));
#16277=CARTESIAN_POINT('',(181.882741395069,-107.158963426576,3.45));
#16278=CARTESIAN_POINT('Origin',(177.306217882739,-125.7235961787,3.45));
#16279=CARTESIAN_POINT('',(179.534753192565,-127.11315719526,3.45));
#16280=CARTESIAN_POINT('',(179.534753192565,-127.11315719526,3.45));
#16281=CARTESIAN_POINT('Origin',(177.306217882739,-125.7235961787,3.45));
#16282=CARTESIAN_POINT('Origin',(179.534753192565,-127.11315719526,3.45));
#16283=CARTESIAN_POINT('',(179.405060723271,-127.30344895521,3.45));
#16284=CARTESIAN_POINT('',(179.405060723271,-127.30344895521,3.45));
#16285=CARTESIAN_POINT('',(185.335265749856,-118.602333481768,3.45));
#16286=CARTESIAN_POINT('Origin',(177.128881999679,-125.605941152799,3.45));
#16287=CARTESIAN_POINT('',(178.921302908403,-127.808155857805,3.45));
#16288=CARTESIAN_POINT('',(178.921302908403,-127.808155857805,3.45));
#16289=CARTESIAN_POINT('Origin',(177.128881999679,-125.605941152799,3.45));
#16290=CARTESIAN_POINT('Origin',(178.921302908403,-127.808155857805,3.45));
#16291=CARTESIAN_POINT('',(178.736118244808,-127.947175044747,3.45));
#16292=CARTESIAN_POINT('',(178.736118244808,-127.947175044747,3.45));
#16293=CARTESIAN_POINT('',(181.428012381076,-125.926354708482,3.45));
#16294=CARTESIAN_POINT('Origin',(177.0957447183,-125.5724178542,3.45));
#16295=CARTESIAN_POINT('',(177.933655245028,-128.334338014111,3.45));
#16296=CARTESIAN_POINT('',(177.933655245028,-128.334338014111,3.45));
#16297=CARTESIAN_POINT('Origin',(177.0957447183,-125.5724178542,3.45));
#16298=CARTESIAN_POINT('Origin',(177.933655245028,-128.334338014111,3.45));
#16299=CARTESIAN_POINT('',(177.709190228759,-128.392217059197,3.45));
#16300=CARTESIAN_POINT('',(177.709190228759,-128.392217059197,3.45));
#16301=CARTESIAN_POINT('',(172.341849623277,-129.77620354431,3.45));
#16302=CARTESIAN_POINT('Origin',(177.13705503567,-125.7262785358,3.45));
#16303=CARTESIAN_POINT('',(177.006586719633,-128.449795546618,3.45));
#16304=CARTESIAN_POINT('',(177.006586719633,-128.449795546618,3.45));
#16305=CARTESIAN_POINT('Origin',(177.13705503567,-125.7262785358,3.45));
#16306=CARTESIAN_POINT('Origin',(177.006586719633,-128.449795546618,3.45));
#16307=CARTESIAN_POINT('',(176.76898503592,-128.427740635866,3.45));
#16308=CARTESIAN_POINT('',(176.76898503592,-128.427740635866,3.45));
#16309=CARTESIAN_POINT('',(164.088593228346,-127.250708111334,3.45));
#16310=CARTESIAN_POINT('Origin',(177.14683233057,-125.688806476299,3.45));
#16311=CARTESIAN_POINT('',(176.235110995223,-128.29903503242,3.45));
#16312=CARTESIAN_POINT('',(176.235110995223,-128.29903503242,3.45));
#16313=CARTESIAN_POINT('Origin',(177.14683233057,-125.688806476299,3.45));
#16314=CARTESIAN_POINT('Origin',(176.235110995223,-128.29903503242,3.45));
#16315=CARTESIAN_POINT('',(176.015709072796,-128.211544008983,3.45));
#16316=CARTESIAN_POINT('',(176.015709072796,-128.211544008983,3.45));
#16317=CARTESIAN_POINT('',(159.673360672543,-121.694696886236,3.45));
#16318=CARTESIAN_POINT('Origin',(176.015709072796,-128.211544008983,3.45));
#16319=CARTESIAN_POINT('',(175.794063418433,-128.104211854595,3.45));
#16320=CARTESIAN_POINT('',(175.794063418433,-128.104211854595,3.45));
#16321=CARTESIAN_POINT('',(159.088207551682,-120.014382589819,3.45));
#16322=CARTESIAN_POINT('Origin',(175.794063418433,-128.104211854595,3.45));
#16323=CARTESIAN_POINT('',(157.935537520848,-118.661200039238,3.45));
#16324=CARTESIAN_POINT('',(157.935537520848,-118.661200039238,3.45));
#16325=CARTESIAN_POINT('',(158.827627525736,-119.132908426864,3.45));
#16326=CARTESIAN_POINT('Origin',(154.94221493099,-124.3244562966,3.45));
#16327=CARTESIAN_POINT('',(154.147882916492,-117.968239795076,3.45));
#16328=CARTESIAN_POINT('',(154.147882916492,-117.968239795076,3.45));
#16329=CARTESIAN_POINT('Origin',(154.94221493099,-124.3244562966,3.45));
#16330=CARTESIAN_POINT('Origin',(154.147882916492,-117.968239795076,3.45));
#16331=CARTESIAN_POINT('',(153.813502998965,-118.018942447606,3.45));
#16332=CARTESIAN_POINT('',(153.813502998965,-118.018942447606,3.45));
#16333=CARTESIAN_POINT('',(156.947864592635,-117.54367333467,3.45));
#16334=CARTESIAN_POINT('Origin',(154.93864046916,-124.3155794252,3.45));
#16335=CARTESIAN_POINT('',(151.948204028028,-118.661301270918,3.45));
#16336=CARTESIAN_POINT('',(151.948204028028,-118.661301270918,3.45));
#16337=CARTESIAN_POINT('Origin',(154.93864046916,-124.3155794252,3.45));
#16338=CARTESIAN_POINT('Origin',(151.948204027829,-118.661301270542,3.45));
#16339=CARTESIAN_POINT('',(134.06554928715,-128.117010176344,3.45));
#16340=CARTESIAN_POINT('',(134.06554928715,-128.117010176344,3.45));
#16341=CARTESIAN_POINT('',(159.985327785741,-114.411557382021,3.45));
#16342=CARTESIAN_POINT('Origin',(132.672564751001,-125.491204539701,3.45));
#16343=CARTESIAN_POINT('',(133.499195880836,-128.346365154196,3.45));
#16344=CARTESIAN_POINT('',(133.499195880836,-128.346365154196,3.45));
#16345=CARTESIAN_POINT('Origin',(132.672564751001,-125.491204539701,3.45));
#16346=CARTESIAN_POINT('Origin',(133.499195880836,-128.346365154196,3.45));
#16347=CARTESIAN_POINT('',(133.260383173288,-128.403688880506,3.45));
#16348=CARTESIAN_POINT('',(133.260383173288,-128.403688880506,3.45));
#16349=CARTESIAN_POINT('',(148.507277454008,-124.743880305809,3.45));
#16350=CARTESIAN_POINT('Origin',(132.74494573923,-125.731468702,3.45));
#16351=CARTESIAN_POINT('',(131.993553520173,-128.347160993533,3.45));
#16352=CARTESIAN_POINT('',(131.993553520173,-128.347160993533,3.45));
#16353=CARTESIAN_POINT('Origin',(132.74494573923,-125.731468702,3.45));
#16354=CARTESIAN_POINT('Origin',(131.993553520173,-128.347160993533,3.45));
#16355=CARTESIAN_POINT('',(131.772562475736,-128.274209615229,3.45));
#16356=CARTESIAN_POINT('',(131.772562475736,-128.274209615229,3.45));
#16357=CARTESIAN_POINT('',(135.951621912797,-129.653759391661,3.45));
#16358=CARTESIAN_POINT('Origin',(132.79257991906,-125.5645286009,3.45));
#16359=CARTESIAN_POINT('',(130.996955691117,-127.835770643511,3.45));
#16360=CARTESIAN_POINT('',(130.996955691117,-127.835770643511,3.45));
#16361=CARTESIAN_POINT('Origin',(132.79257991906,-125.5645286009,3.45));
#16362=CARTESIAN_POINT('Origin',(130.996955691117,-127.835770643511,3.45));
#16363=CARTESIAN_POINT('',(130.821332706062,-127.68521190157,3.45));
#16364=CARTESIAN_POINT('',(130.821332706062,-127.68521190157,3.45));
#16365=CARTESIAN_POINT('',(127.419200926735,-124.768619403982,3.45));
#16366=CARTESIAN_POINT('Origin',(132.72718799784,-125.6311549865,3.45));
#16367=CARTESIAN_POINT('',(130.373674259787,-127.151815135364,3.45));
#16368=CARTESIAN_POINT('',(130.373674259787,-127.151815135364,3.45));
#16369=CARTESIAN_POINT('Origin',(132.72718799784,-125.6311549865,3.45));
#16370=CARTESIAN_POINT('Origin',(130.373674259787,-127.151815135364,3.45));
#16371=CARTESIAN_POINT('',(130.25744879423,-126.953581470742,3.45));
#16372=CARTESIAN_POINT('',(130.25744879423,-126.953581470742,3.45));
#16373=CARTESIAN_POINT('',(124.412747938901,-116.984884304332,3.45));
#16374=CARTESIAN_POINT('Origin',(132.570083373749,-125.7257625224,3.45));
#16375=CARTESIAN_POINT('',(129.981094216762,-126.116854855867,3.45));
#16376=CARTESIAN_POINT('',(129.981094216762,-126.116854855867,3.45));
#16377=CARTESIAN_POINT('Origin',(132.570083373749,-125.7257625224,3.45));
#16378=CARTESIAN_POINT('Origin',(129.981094216762,-126.116854855867,3.45));
#16379=CARTESIAN_POINT('',(129.955939332255,-125.875834868168,3.45));
#16380=CARTESIAN_POINT('',(129.955939332255,-125.875834868168,3.45));
#16381=CARTESIAN_POINT('',(128.014914990128,-107.278028826218,3.45));
#16382=CARTESIAN_POINT('Origin',(132.774262075531,-125.7125852691,3.45));
#16383=CARTESIAN_POINT('',(129.984316340216,-125.281541344328,3.45));
#16384=CARTESIAN_POINT('',(129.984316340216,-125.281541344328,3.45));
#16385=CARTESIAN_POINT('Origin',(132.774262075531,-125.7125852691,3.45));
#16386=CARTESIAN_POINT('Origin',(129.984316340216,-125.281541344328,3.45));
#16387=CARTESIAN_POINT('',(133.20251786125,-104.072712514433,3.45));
#16388=CARTESIAN_POINT('',(133.20251786125,-104.072712514433,3.45));
#16389=CARTESIAN_POINT('',(133.221100864358,-103.950245437874,3.45));
#16390=CARTESIAN_POINT('Origin',(126.96517018298,-103.1278021923,3.45));
#16391=CARTESIAN_POINT('',(132.182184283436,-99.5809549370404,3.45));
#16392=CARTESIAN_POINT('',(132.182184283436,-99.5809549370404,3.45));
#16393=CARTESIAN_POINT('Origin',(126.96517018298,-103.1278021923,3.45));
#16394=CARTESIAN_POINT('Origin',(132.182184283436,-99.5809549370404,3.45));
#16395=CARTESIAN_POINT('',(131.984330584505,-99.304749348372,3.45));
#16396=CARTESIAN_POINT('',(131.984330584505,-99.304749348372,3.45));
#16397=CARTESIAN_POINT('',(132.690169243484,-100.290106626813,3.45));
#16398=CARTESIAN_POINT('Origin',(131.984330584505,-99.304749348372,3.45));
#16399=CARTESIAN_POINT('',(131.75519953259,-99.0208501819905,3.45));
#16400=CARTESIAN_POINT('',(131.75519953259,-99.0208501819905,3.45));
#16401=CARTESIAN_POINT('',(133.120043013662,-100.711925762008,3.45));
#16402=CARTESIAN_POINT('Origin',(131.75519953259,-99.0208501819905,3.45));
#16403=CARTESIAN_POINT('',(131.523386464666,-98.7652813042765,3.45));
#16404=CARTESIAN_POINT('',(131.523386464666,-98.7652813042765,3.45));
#16405=CARTESIAN_POINT('',(133.604934405498,-101.060142745487,3.45));
#16406=CARTESIAN_POINT('Origin',(131.523386464666,-98.7652813042765,3.45));
#16407=CARTESIAN_POINT('',(116.757410385775,-83.3976934563282,3.45));
#16408=CARTESIAN_POINT('',(116.757410385775,-83.3976934563282,3.45));
#16409=CARTESIAN_POINT('',(133.811569597272,-101.146692131075,3.45));
#16410=CARTESIAN_POINT('Origin',(118.844026545689,-81.3872523067206,3.45));
#16411=CARTESIAN_POINT('',(116.394556536594,-82.93513385561,3.45));
#16412=CARTESIAN_POINT('',(116.394556536594,-82.93513385561,3.45));
#16413=CARTESIAN_POINT('Origin',(118.844026545689,-81.3872523067206,3.45));
#16414=CARTESIAN_POINT('Origin',(116.394556536594,-82.93513385561,3.45));
#16415=CARTESIAN_POINT('',(116.277178771049,-82.7289833777783,3.45));
#16416=CARTESIAN_POINT('',(116.277178771049,-82.7289833777783,3.45));
#16417=CARTESIAN_POINT('',(121.648194166778,-92.1620935168927,3.45));
#16418=CARTESIAN_POINT('Origin',(118.63284043599,-81.5252144369801,3.45));
#16419=CARTESIAN_POINT('',(115.992237420651,-81.3657865288541,3.45));
#16420=CARTESIAN_POINT('',(115.992237420651,-81.3657865288541,3.45));
#16421=CARTESIAN_POINT('Origin',(118.63284043599,-81.5252144369801,3.45));
#16422=CARTESIAN_POINT('Origin',(115.992237420651,-81.3657865288541,3.45));
#16423=CARTESIAN_POINT('',(116.014421449547,-81.1413871985084,3.45));
#16424=CARTESIAN_POINT('',(116.014421449547,-81.1413871985084,3.45));
#16425=CARTESIAN_POINT('',(115.982087274188,-81.4684588648835,3.45));
#16426=CARTESIAN_POINT('Origin',(118.8119414893,-81.5338890014798,3.45));
#16427=CARTESIAN_POINT('',(116.345800830033,-80.1560913795985,3.45));
#16428=CARTESIAN_POINT('',(116.345800830033,-80.1560913795985,3.45));
#16429=CARTESIAN_POINT('Origin',(118.8119414893,-81.5338890014798,3.45));
#16430=CARTESIAN_POINT('Origin',(116.345800830033,-80.1560913795985,3.45));
#16431=CARTESIAN_POINT('',(116.463565592374,-79.9639252339032,3.45));
#16432=CARTESIAN_POINT('',(116.463565592374,-79.9639252339032,3.45));
#16433=CARTESIAN_POINT('',(120.441198801388,-73.4733042062666,3.45));
#16434=CARTESIAN_POINT('Origin',(118.73282749286,-81.48199768106,3.45));
#16435=CARTESIAN_POINT('',(116.909764192775,-79.449626225913,3.45));
#16436=CARTESIAN_POINT('',(116.909764192775,-79.449626225913,3.45));
#16437=CARTESIAN_POINT('Origin',(118.73282749286,-81.48199768106,3.45));
#16438=CARTESIAN_POINT('Origin',(116.909764192775,-79.449626225913,3.45));
#16439=CARTESIAN_POINT('',(117.086053674779,-79.3047357465388,3.45));
#16440=CARTESIAN_POINT('',(117.086053674779,-79.3047357465388,3.45));
#16441=CARTESIAN_POINT('',(126.793974087184,-71.3258976088941,3.45));
#16442=CARTESIAN_POINT('Origin',(118.709329935041,-81.463577176571,3.45));
#16443=CARTESIAN_POINT('',(117.702769800032,-78.9570938170082,3.45));
#16444=CARTESIAN_POINT('',(117.702769800032,-78.9570938170082,3.45));
#16445=CARTESIAN_POINT('Origin',(118.709329935041,-81.463577176571,3.45));
#16446=CARTESIAN_POINT('Origin',(117.702769800032,-78.9570938170082,3.45));
#16447=CARTESIAN_POINT('',(117.913998468757,-78.8826460688638,3.45));
#16448=CARTESIAN_POINT('',(117.913998468757,-78.8826460688638,3.45));
#16449=CARTESIAN_POINT('',(133.251253754145,-73.4770156418581,3.45));
#16450=CARTESIAN_POINT('Origin',(117.913998468757,-78.8826460688638,3.45));
#16451=CARTESIAN_POINT('',(118.113070548114,-78.8278763968871,3.45));
#16452=CARTESIAN_POINT('',(118.113070548114,-78.8278763968871,3.45));
#16453=CARTESIAN_POINT('',(134.288646438686,-74.3775738309981,3.45));
#16454=CARTESIAN_POINT('Origin',(118.113070548114,-78.8278763968871,3.45));
#16455=CARTESIAN_POINT('',(118.348883336217,-78.7804425864453,3.45));
#16456=CARTESIAN_POINT('',(118.348883336217,-78.7804425864453,3.45));
#16457=CARTESIAN_POINT('',(135.173765857906,-75.3961126073223,3.45));
#16458=CARTESIAN_POINT('Origin',(118.348883336217,-78.7804425864453,3.45));
#16459=CARTESIAN_POINT('',(138.577715793554,-75.436570901976,3.45));
#16460=CARTESIAN_POINT('',(138.577715793554,-75.436570901976,3.45));
#16461=CARTESIAN_POINT('',(135.624229303341,-75.9247888881557,3.45));
#16462=CARTESIAN_POINT('Origin',(137.53590546611,-69.12537229783,3.45));
#16463=CARTESIAN_POINT('',(141.052548807433,-74.4685751003889,3.45));
#16464=CARTESIAN_POINT('',(141.052548807433,-74.4685751003889,3.45));
#16465=CARTESIAN_POINT('Origin',(137.53590546611,-69.12537229783,3.45));
#16466=CARTESIAN_POINT('Origin',(141.052548807433,-74.4685751003889,3.45));
#16467=CARTESIAN_POINT('',(141.32167727028,-74.2812846257267,3.45));
#16468=CARTESIAN_POINT('',(141.32167727028,-74.2812846257267,3.45));
#16469=CARTESIAN_POINT('',(143.163124067017,-72.9997945856987,3.45));
#16470=CARTESIAN_POINT('Origin',(137.56276062621,-69.16226621387,3.45));
#16471=CARTESIAN_POINT('',(142.896271827514,-72.6100861197753,3.45));
#16472=CARTESIAN_POINT('',(142.896271827514,-72.6100861197753,3.45));
#16473=CARTESIAN_POINT('Origin',(137.56276062621,-69.16226621387,3.45));
#16474=CARTESIAN_POINT('Origin',(142.896271827514,-72.6100861197753,3.45));
#16475=CARTESIAN_POINT('',(143.082504919755,-72.3044426179671,3.45));
#16476=CARTESIAN_POINT('',(143.082504919755,-72.3044426179671,3.45));
#16477=CARTESIAN_POINT('',(141.680084026414,-74.6060788507808,3.45));
#16478=CARTESIAN_POINT('Origin',(143.082504919755,-72.3044426179671,3.45));
#16479=CARTESIAN_POINT('',(143.260097947883,-71.9688641505914,3.45));
#16480=CARTESIAN_POINT('',(143.260097947883,-71.9688641505914,3.45));
#16481=CARTESIAN_POINT('',(141.667940392377,-74.9773932461783,3.45));
#16482=CARTESIAN_POINT('Origin',(143.260097947883,-71.9688641505914,3.45));
#16483=CARTESIAN_POINT('',(143.30811399272,-71.8646414202684,3.45));
#16484=CARTESIAN_POINT('',(143.30811399272,-71.8646414202684,3.45));
#16485=CARTESIAN_POINT('',(141.726062189772,-75.2986135221988,3.45));
#16486=CARTESIAN_POINT('Origin',(143.30811399272,-71.8646414202684,3.45));
#16487=CARTESIAN_POINT('',(143.336793961548,-71.78739402307,3.45));
#16488=CARTESIAN_POINT('',(143.336793961548,-71.78739402307,3.45));
#16489=CARTESIAN_POINT('',(141.800667686343,-75.9248377294331,3.45));
#16490=CARTESIAN_POINT('Origin',(143.336793961548,-71.78739402307,3.45));
#16491=CARTESIAN_POINT('',(146.472040645356,-63.0286951819147,3.45));
#16492=CARTESIAN_POINT('',(146.472040645356,-63.0286951819147,3.45));
#16493=CARTESIAN_POINT('',(141.832442150974,-75.9899866063001,3.45));
#16494=CARTESIAN_POINT('Origin',(146.472040645356,-63.0286951819147,3.45));
#16495=CARTESIAN_POINT('',(146.576702,-62.7357783962294,3.45));
#16496=CARTESIAN_POINT('',(146.576702,-62.7357783962294,3.45));
#16497=CARTESIAN_POINT('',(143.403510368311,-71.6166217245077,3.45));
#16498=CARTESIAN_POINT('Origin',(140.038529440335,-70.5737121760303,-6.55));
#16499=CARTESIAN_POINT('',(139.936444023325,-70.7412535295124,2.04958492358059));
#16500=CARTESIAN_POINT('',(139.936444023325,-70.7412535295124,-0.05));
#16501=CARTESIAN_POINT('',(140.038529440335,-70.5737121760303,2.04958492358058));
#16502=CARTESIAN_POINT('',(138.75677642684,-72.6773097416971,2.04958492358058));
#16503=CARTESIAN_POINT('',(140.038529440335,-70.5737121760303,-0.05));
#16504=CARTESIAN_POINT('Origin',(137.56276062621,-69.1622662138697,-6.55));
#16505=CARTESIAN_POINT('',(139.278743125868,-71.4388816564881,2.04958492358058));
#16506=CARTESIAN_POINT('',(139.278743125868,-71.4388816564881,-0.05));
#16507=CARTESIAN_POINT('Origin',(137.56276062621,-69.1622662138697,2.04958492358059));
#16508=CARTESIAN_POINT('Origin',(139.278743125868,-71.4388816564881,-6.55));
#16509=CARTESIAN_POINT('',(139.097784791493,-71.5648132356969,2.04958492358059));
#16510=CARTESIAN_POINT('',(139.097784791493,-71.5648132356969,-0.05));
#16511=CARTESIAN_POINT('',(141.276604193376,-70.0485406139512,2.04958492358058));
#16512=CARTESIAN_POINT('Origin',(154.941808978248,-85.4236772930672,3.45));
#16513=CARTESIAN_POINT('',(138.332847871139,-73.9566924854634,3.45));
#16514=CARTESIAN_POINT('',(140.212738999998,-73.2255349999947,3.45));
#16515=CARTESIAN_POINT('Origin',(137.53590546611,-69.1253722978301,3.45));
#16516=CARTESIAN_POINT('',(118.078585,-77.304768,3.45));
#16517=CARTESIAN_POINT('',(145.494229877995,-72.7728999975156,3.45));
#16518=CARTESIAN_POINT('',(117.765794,-77.367686,3.45));
#16519=CARTESIAN_POINT('',(135.025624278786,-73.8958661539021,3.45));
#16520=CARTESIAN_POINT('',(117.465184999999,-77.4503910000002,3.45));
#16521=CARTESIAN_POINT('',(134.049343599807,-72.8876771857205,3.45));
#16522=CARTESIAN_POINT('',(117.177074000074,-77.5519359999713,3.45));
#16523=CARTESIAN_POINT('',(132.916354615812,-72.0046113574306,3.45));
#16524=CARTESIAN_POINT('',(116.155915000003,-78.1275889999977,3.45));
#16525=CARTESIAN_POINT('Origin',(118.70932993504,-81.46357717657,3.45));
#16526=CARTESIAN_POINT('',(115.935024000159,-78.3091369998591,3.45));
#16527=CARTESIAN_POINT('',(125.952922884239,-70.0755308026618,3.45));
#16528=CARTESIAN_POINT('',(115.198518000001,-79.1574749999979,3.45));
#16529=CARTESIAN_POINT('Origin',(118.73282749286,-81.48199768106,3.45));
#16530=CARTESIAN_POINT('',(115.052733000071,-79.3953639998702,3.45));
#16531=CARTESIAN_POINT('',(119.235632474604,-72.5697936528683,3.45));
#16532=CARTESIAN_POINT('',(114.524393000001,-80.9665569999908,3.45));
#16533=CARTESIAN_POINT('Origin',(118.8119414893,-81.53388900148,3.45));
#16534=CARTESIAN_POINT('',(114.497007999995,-81.2435660000225,3.45));
#16535=CARTESIAN_POINT('',(114.503273718706,-81.1801860301821,3.45));
#16536=CARTESIAN_POINT('',(114.958771000005,-83.4450190000093,3.45));
#16537=CARTESIAN_POINT('Origin',(118.63284043599,-81.52521443698,3.45));
#16538=CARTESIAN_POINT('',(115.106330230943,-83.7041771619133,3.45));
#16539=CARTESIAN_POINT('',(120.270490599546,-92.7739879788656,3.45));
#16540=CARTESIAN_POINT('',(115.676474078601,-84.4376827507918,3.45));
#16541=CARTESIAN_POINT('Origin',(118.84402654569,-81.38725230672,3.45));
#16542=CARTESIAN_POINT('',(130.426825887715,-99.7890097201681,3.45));
#16543=CARTESIAN_POINT('',(125.347621646907,-94.5028629658752,3.45));
#16544=CARTESIAN_POINT('',(130.615104,-99.9965820000001,3.45));
#16545=CARTESIAN_POINT('',(132.39488525045,-101.958752212528,3.45));
#16546=CARTESIAN_POINT('',(130.790006,-100.213290000001,3.45));
#16547=CARTESIAN_POINT('',(131.869908968312,-101.551317080634,3.45));
#16548=CARTESIAN_POINT('',(130.951328,-100.438496999994,3.45));
#16549=CARTESIAN_POINT('',(131.401100612649,-101.066383715845,3.45));
#16550=CARTESIAN_POINT('',(131.719533076267,-103.847420173236,3.45));
#16551=CARTESIAN_POINT('Origin',(126.96517018298,-103.1278021923,3.45));
#16552=CARTESIAN_POINT('',(128.501582916282,-125.054595841413,3.45));
#16553=CARTESIAN_POINT('',(133.347141435996,-93.121035419468,3.45));
#16554=CARTESIAN_POINT('',(128.460832,-126.000777999998,3.45));
#16555=CARTESIAN_POINT('Origin',(132.77426207553,-125.7125852691,3.45));
#16556=CARTESIAN_POINT('',(128.492371000094,-126.302967000837,3.45));
#16557=CARTESIAN_POINT('',(126.507083998292,-107.281060990183,3.45));
#16558=CARTESIAN_POINT('',(128.949248000002,-127.688020000003,3.45));
#16559=CARTESIAN_POINT('Origin',(132.57008337375,-125.7257625224,3.45));
#16560=CARTESIAN_POINT('',(129.094375000023,-127.935548000038,3.45));
#16561=CARTESIAN_POINT('',(123.045866178704,-117.619236827608,3.45));
#16562=CARTESIAN_POINT('',(129.825071999997,-128.806887999997,3.45));
#16563=CARTESIAN_POINT('Origin',(132.72718799784,-125.6311549865,3.45));
#16564=CARTESIAN_POINT('',(130.040947999957,-128.991954999968,3.45));
#16565=CARTESIAN_POINT('',(126.334229507583,-125.814245244153,3.45));
#16566=CARTESIAN_POINT('',(131.276073000006,-129.689930000002,3.45));
#16567=CARTESIAN_POINT('Origin',(132.79257991906,-125.5645286009,3.45));
#16568=CARTESIAN_POINT('',(131.548161002255,-129.779749000673,3.45));
#16569=CARTESIAN_POINT('',(135.343391407113,-131.032592931539,3.45));
#16570=CARTESIAN_POINT('',(133.581238,-129.86928,3.45));
#16571=CARTESIAN_POINT('Origin',(132.74494573923,-125.731468702,3.45));
#16572=CARTESIAN_POINT('',(133.879599331306,-129.797662440337,3.45));
#16573=CARTESIAN_POINT('',(148.707472400734,-126.238434173117,3.45));
#16574=CARTESIAN_POINT('',(134.767574618131,-129.442589839141,3.45));
#16575=CARTESIAN_POINT('Origin',(132.672564751,-125.4912045397,3.45));
#16576=CARTESIAN_POINT('',(152.649523814572,-119.987253982516,3.45));
#16577=CARTESIAN_POINT('',(151.745997612605,-120.465006362666,3.45));
#16578=CARTESIAN_POINT('',(154.059213998657,-119.498831000204,3.45));
#16579=CARTESIAN_POINT('Origin',(154.93864046916,-124.3155794252,3.45));
#16580=CARTESIAN_POINT('',(154.352067999992,-119.454424999926,3.45));
#16581=CARTESIAN_POINT('',(157.032793750816,-119.047941537543,3.45));
#16582=CARTESIAN_POINT('',(157.234214314936,-119.987151020885,3.45));
#16583=CARTESIAN_POINT('Origin',(154.94221493099,-124.3244562966,3.45));
#16584=CARTESIAN_POINT('',(175.11639,-129.442668,3.45));
#16585=CARTESIAN_POINT('',(149.197348204644,-115.737515661831,3.45));
#16586=CARTESIAN_POINT('',(175.410252,-129.584971,3.45));
#16587=CARTESIAN_POINT('',(158.295725270763,-121.297242416005,3.45));
#16588=CARTESIAN_POINT('',(175.706480000519,-129.703098000188,3.45));
#16589=CARTESIAN_POINT('',(158.949894621567,-123.021065374148,3.45));
#16590=CARTESIAN_POINT('',(176.600676999988,-129.918565999998,3.45));
#16591=CARTESIAN_POINT('Origin',(177.14683233057,-125.6888064763,3.45));
#16592=CARTESIAN_POINT('',(176.897683000988,-129.946135000058,3.45));
#16593=CARTESIAN_POINT('',(163.800178446519,-128.730384804348,3.45));
#16594=CARTESIAN_POINT('',(178.057220999985,-129.851540000003,3.45));
#16595=CARTESIAN_POINT('Origin',(177.13705503567,-125.7262785358,3.45));
#16596=CARTESIAN_POINT('',(178.335639000741,-129.779748999779,3.45));
#16597=CARTESIAN_POINT('',(172.5765085773,-131.264759783575,3.45));
#16598=CARTESIAN_POINT('',(179.615458000002,-129.162684999998,3.45));
#16599=CARTESIAN_POINT('Origin',(177.0957447183,-125.5724178542,3.45));
#16600=CARTESIAN_POINT('',(179.842884001355,-128.991954998894,3.45));
#16601=CARTESIAN_POINT('',(182.213759826092,-127.212124945311,3.45));
#16602=CARTESIAN_POINT('',(180.628480999994,-128.171814000008,3.45));
#16603=CARTESIAN_POINT('Origin',(177.12888199968,-125.6059411528,3.45));
#16604=CARTESIAN_POINT('',(180.789507000046,-127.935547999918,3.45));
#16605=CARTESIAN_POINT('',(186.49310069475,-119.566928845543,3.45));
#16606=CARTESIAN_POINT('',(181.391602,-126.302967000003,3.45));
#16607=CARTESIAN_POINT('Origin',(177.30621788274,-125.7235961787,3.45));
#16608=CARTESIAN_POINT('',(181.423161241219,-126.000775690142,3.45));
#16609=CARTESIAN_POINT('',(183.358772475148,-107.466588188496,3.45));
#16610=CARTESIAN_POINT('',(181.382496831529,-125.054763738034,3.45));
#16611=CARTESIAN_POINT('Origin',(177.06952306671,-125.7140372648,3.45));
#16612=CARTESIAN_POINT('',(178.164722554544,-103.847616352532,3.45));
#16613=CARTESIAN_POINT('',(178.145953793421,-103.723918467726,3.45));
#16614=CARTESIAN_POINT('',(178.33676899973,-101.669580000771,3.45));
#16615=CARTESIAN_POINT('Origin',(182.909721962791,-103.1266180517,3.45));
#16616=CARTESIAN_POINT('',(178.427089999983,-101.411494000008,3.45));
#16617=CARTESIAN_POINT('',(179.598285507363,-98.064883978354,3.45));
#16618=CARTESIAN_POINT('',(179.457587571717,-99.7883876333423,3.45));
#16619=CARTESIAN_POINT('Origin',(182.936680852889,-103.1359174386,3.45));
#16620=CARTESIAN_POINT('',(194.207557000001,-84.4375599999991,3.45));
#16621=CARTESIAN_POINT('',(177.16107047363,-102.178455320615,3.45));
#16622=CARTESIAN_POINT('',(194.419113,-84.2013919999998,3.45));
#16623=CARTESIAN_POINT('',(185.210407122524,-94.4814202179271,3.45));
#16624=CARTESIAN_POINT('',(194.609023000022,-83.9566149999693,3.45));
#16625=CARTESIAN_POINT('',(186.684517407022,-94.1705937559975,3.45));
#16626=CARTESIAN_POINT('',(195.158511999999,-82.9103440000025,3.45));
#16627=CARTESIAN_POINT('Origin',(191.22472522352,-81.51179431379,3.45));
#16628=CARTESIAN_POINT('',(195.244923000055,-82.6367179997992,3.45));
#16629=CARTESIAN_POINT('',(192.969260490684,-89.8427499847475,3.45));
#16630=CARTESIAN_POINT('',(195.396188,-81.5223779999902,3.45));
#16631=CARTESIAN_POINT('Origin',(191.23651841257,-81.52516435584,3.45));
#16632=CARTESIAN_POINT('',(195.386984999991,-81.2435659999195,3.45));
#16633=CARTESIAN_POINT('',(195.438971886681,-82.8185489231207,3.45));
#16634=CARTESIAN_POINT('',(194.961101000003,-79.6416800000068,3.45));
#16635=CARTESIAN_POINT('Origin',(191.07969815967,-81.53116235796,3.45));
#16636=CARTESIAN_POINT('',(194.831285000116,-79.395364000216,3.45));
#16637=CARTESIAN_POINT('',(191.810569690135,-73.6637861337955,3.45));
#16638=CARTESIAN_POINT('',(192.982185000003,-77.6713750000013,3.45));
#16639=CARTESIAN_POINT('Origin',(191.17328347827,-81.46518937171,3.45));
#16640=CARTESIAN_POINT('',(192.706869893317,-77.5519350860583,3.45));
#16641=CARTESIAN_POINT('',(178.404708298592,-71.34723033653,3.45));
#16642=CARTESIAN_POINT('',(191.805142208841,-77.3047416750379,3.45));
#16643=CARTESIAN_POINT('Origin',(191.08122368684,-81.71378343628,3.45));
#16644=CARTESIAN_POINT('',(171.551188945188,-73.9567089176516,3.45));
#16645=CARTESIAN_POINT('',(174.516479898906,-74.4468795993075,3.45));
#16646=CARTESIAN_POINT('',(169.671194999935,-73.2255349999547,3.45));
#16647=CARTESIAN_POINT('Origin',(172.34752290837,-69.1266688823598,3.45));
#16648=CARTESIAN_POINT('',(169.435760000008,-73.0616930000019,3.45));
#16649=CARTESIAN_POINT('',(167.555292465452,-71.7530534102925,3.45));
#16650=CARTESIAN_POINT('',(167.961839217206,-71.2892241368803,3.45));
#16651=CARTESIAN_POINT('Origin',(172.3158514214,-69.1676495455201,3.45));
#16652=CARTESIAN_POINT('',(165.159683,-63.1910526023715,3.45));
#16653=CARTESIAN_POINT('',(169.427356894451,-75.52453887926,3.45));
#16654=CARTESIAN_POINT('',(165.159682999999,-51.8922933380328,3.45));
#16655=CARTESIAN_POINT('',(165.159683000001,-74.1392434341669,3.45));
#16656=CARTESIAN_POINT('',(166.218525000001,-51.2337969999994,3.45));
#16657=CARTESIAN_POINT('',(154.42882238627,-58.5658408721088,3.45));
#16658=CARTESIAN_POINT('',(166.436500000086,-51.068996999927,3.45));
#16659=CARTESIAN_POINT('',(154.370773825846,-60.1912893436191,3.45));
#16660=CARTESIAN_POINT('',(166.985499999997,-50.4729490000039,3.45));
#16661=CARTESIAN_POINT('Origin',(164.45279637142,-48.69101670102,3.45));
#16662=CARTESIAN_POINT('',(167.134326,-50.2427319999993,3.45));
#16663=CARTESIAN_POINT('',(157.233867108058,-65.5576228438281,3.45));
#16664=CARTESIAN_POINT('',(167.266466,-49.9979220000002,3.45));
#16665=CARTESIAN_POINT('',(158.387585145098,-66.4474363188146,3.45));
#16666=CARTESIAN_POINT('',(167.382161,-49.7392230000001,3.45));
#16667=CARTESIAN_POINT('',(159.62294665089,-67.0891602738742,3.45));
#16668=CARTESIAN_POINT('',(167.481651,-49.4673390000001,3.45));
#16669=CARTESIAN_POINT('',(160.877665877795,-67.5145587302726,3.45));
#16670=CARTESIAN_POINT('',(167.565176,-49.1829759999995,3.45));
#16671=CARTESIAN_POINT('',(162.113236701718,-67.7442428623467,3.45));
#16672=CARTESIAN_POINT('',(167.632978,-48.8868369999999,3.45));
#16673=CARTESIAN_POINT('',(163.301961050576,-67.8034327993289,3.45));
#16674=CARTESIAN_POINT('',(167.685296,-48.5796260000001,3.45));
#16675=CARTESIAN_POINT('',(164.425970611413,-67.7183662414654,3.45));
#16676=CARTESIAN_POINT('',(167.722372,-48.2620490000001,3.45));
#16677=CARTESIAN_POINT('',(165.474788751397,-67.5138762019884,3.45));
#16678=CARTESIAN_POINT('',(167.744445,-47.934809,3.45));
#16679=CARTESIAN_POINT('',(166.444147509056,-67.2121773204327,3.45));
#16680=CARTESIAN_POINT('',(167.751757055116,-47.5986084658286,3.45));
#16681=CARTESIAN_POINT('',(167.333440960891,-66.8323385323219,3.45));
#16682=CARTESIAN_POINT('',(167.751757538379,-45.1509325584912,3.45));
#16683=CARTESIAN_POINT('',(167.751757679992,-66.5220172105831,3.45));
#16684=CARTESIAN_POINT('',(167.642896999999,-44.3076689999959,3.45));
#16685=CARTESIAN_POINT('Origin',(164.41075458704,-45.15357865536,3.45));
#16686=CARTESIAN_POINT('',(167.583381000016,-44.1042810000507,3.45));
#16687=CARTESIAN_POINT('',(172.686818046561,-61.5445971174173,3.45));
#16688=CARTESIAN_POINT('',(167.333902000002,-43.5160490000034,3.45));
#16689=CARTESIAN_POINT('Origin',(163.98897433014,-45.28170870362,3.45));
#16690=CARTESIAN_POINT('',(167.228472000044,-43.3282150000747,3.45));
#16691=CARTESIAN_POINT('',(174.798706459178,-56.8153383939739,3.45));
#16692=CARTESIAN_POINT('',(166.851142999988,-42.7933569999853,3.45));
#16693=CARTESIAN_POINT('Origin',(163.46000420187,-45.58624808279,3.45));
#16694=CARTESIAN_POINT('',(166.706394000019,-42.6255500000209,3.45));
#16695=CARTESIAN_POINT('',(174.859675201399,-52.0776198489797,3.45));
#16696=CARTESIAN_POINT('',(166.220995000007,-42.1574830000059,3.45));
#16697=CARTESIAN_POINT('Origin',(162.97386791459,-46.0105674793,3.45));
#16698=CARTESIAN_POINT('',(166.043734,-42.0143900000003,3.45));
#16699=CARTESIAN_POINT('',(173.387217779959,-47.942378246266,3.45));
#16700=CARTESIAN_POINT('',(164.860370999996,-41.3188939999984,3.45));
#16701=CARTESIAN_POINT('Origin',(162.68810701634,-46.36940207249,3.45));
#16702=CARTESIAN_POINT('',(164.646473336514,-41.2320935776996,3.45));
#16703=CARTESIAN_POINT('',(168.294764377037,-42.7125828819365,3.45));
#16704=CARTESIAN_POINT('',(163.771142999995,-40.9817629999991,3.45));
#16705=CARTESIAN_POINT('Origin',(162.76850870819,-46.14264262185,3.45));
#16706=CARTESIAN_POINT('',(163.547915696235,-40.9439396096524,3.45));
#16707=CARTESIAN_POINT('',(163.150597898668,-40.8766185163277,3.45));
#16708=CARTESIAN_POINT('',(162.877099836982,-40.894409,3.45));
#16709=CARTESIAN_POINT('Origin',(162.87251267879,-45.52394845475,3.45));
#16710=CARTESIAN_POINT('',(147.360097085977,-40.894409,3.45));
#16711=CARTESIAN_POINT('',(158.909454407615,-40.894409,3.45));
#16712=CARTESIAN_POINT('',(147.136376000004,-40.9000069999974,3.45));
#16713=CARTESIAN_POINT('',(150.604335655991,-40.813232441295,3.45));
#16714=CARTESIAN_POINT('',(146.465210999985,-40.9817800000002,3.45));
#16715=CARTESIAN_POINT('Origin',(147.38357428135,-45.724160142,3.45));
#16716=CARTESIAN_POINT('',(146.243123000111,-41.0298209999742,3.45));
#16717=CARTESIAN_POINT('',(145.931902386867,-41.0971427349672,3.45));
#16718=CARTESIAN_POINT('',(145.377215104307,-41.3183643968485,3.45));
#16719=CARTESIAN_POINT('Origin',(147.49671447906,-46.23535217467,3.45));
#16720=CARTESIAN_POINT('',(145.165705645873,-41.4146444155326,3.45));
#16721=CARTESIAN_POINT('',(141.02888962696,-43.2983273749794,3.45));
#16722=CARTESIAN_POINT('',(144.192642999989,-42.0143870000082,3.45));
#16723=CARTESIAN_POINT('Origin',(147.53709552965,-46.35164970255,3.45));
#16724=CARTESIAN_POINT('',(144.014261555313,-42.1583948036224,3.45));
#16725=CARTESIAN_POINT('',(136.846191294219,-47.9451965437111,3.45));
#16726=CARTESIAN_POINT('',(143.530040000009,-42.6255499999902,3.45));
#16727=CARTESIAN_POINT('Origin',(147.22469001525,-45.97095979114,3.45));
#16728=CARTESIAN_POINT('',(143.385324000208,-42.7933569997466,3.45));
#16729=CARTESIAN_POINT('',(135.3875743342,-52.0672339594797,3.45));
#16730=CARTESIAN_POINT('',(143.008125999997,-43.3282150000052,3.45));
#16731=CARTESIAN_POINT('Origin',(146.7306302913,-45.5530026408,3.45));
#16732=CARTESIAN_POINT('',(142.902745000047,-43.5160489999082,3.45));
#16733=CARTESIAN_POINT('',(135.461207774168,-56.7800501313196,3.45));
#16734=CARTESIAN_POINT('',(142.653406000001,-44.1042809999976,3.45));
#16735=CARTESIAN_POINT('Origin',(146.20774525861,-45.26392886857,3.45));
#16736=CARTESIAN_POINT('',(142.593928151724,-44.3076719007374,3.45));
#16737=CARTESIAN_POINT('',(137.575718370377,-61.4679801012452,3.45));
#16738=CARTESIAN_POINT('',(142.485152,-45.1493601836191,3.45));
#16739=CARTESIAN_POINT('Origin',(145.82833572819,-45.15354187355,3.45));
#16740=CARTESIAN_POINT('',(142.485152,-47.5986135656983,3.45));
#16741=CARTESIAN_POINT('',(142.485152,-65.2865187383431,3.45));
#16742=CARTESIAN_POINT('',(142.492459,-47.9347989999997,3.45));
#16743=CARTESIAN_POINT('',(142.898723995732,-66.6266583657111,3.45));
#16744=CARTESIAN_POINT('',(142.514519,-48.2620300000004,3.45));
#16745=CARTESIAN_POINT('',(143.777010516685,-66.9894262600171,3.45));
#16746=CARTESIAN_POINT('',(142.551574000003,-48.5796000000238,3.45));
#16747=CARTESIAN_POINT('',(144.734093344748,-67.28430026481,3.45));
#16748=CARTESIAN_POINT('',(142.635573330817,-49.035309093855,3.45));
#16749=CARTESIAN_POINT('Origin',(148.04568406112,-47.80248530019,3.45));
#16750=CARTESIAN_POINT('',(142.67186718827,-49.183901464994,3.45));
#16751=CARTESIAN_POINT('',(147.17611962552,-67.6167309077589,3.45));
#16752=CARTESIAN_POINT('',(142.854008117888,-49.7377914402717,3.45));
#16753=CARTESIAN_POINT('Origin',(147.03038059747,-48.0576479076,3.45));
#16754=CARTESIAN_POINT('',(142.910897965415,-49.8715034926897,3.45));
#16755=CARTESIAN_POINT('',(150.208529941621,-67.0139072192204,3.45));
#16756=CARTESIAN_POINT('',(143.174597999998,-50.3596669999973,3.45));
#16757=CARTESIAN_POINT('Origin',(146.226811701,-48.39575897061,3.45));
#16758=CARTESIAN_POINT('',(143.25208653775,-50.4743878030372,3.45));
#16759=CARTESIAN_POINT('',(153.144312936319,-65.1197042489164,3.45));
#16760=CARTESIAN_POINT('',(143.697612000007,-50.9799940000064,3.45));
#16761=CARTESIAN_POINT('Origin',(145.78157981972,-48.6947719189,3.45));
#16762=CARTESIAN_POINT('',(143.799944000085,-51.0689700000714,3.45));
#16763=CARTESIAN_POINT('',(155.418823884942,-61.1713959920162,3.45));
#16764=CARTESIAN_POINT('',(145.076702,-51.6966947091208,3.45));
#16765=CARTESIAN_POINT('Origin',(145.74946976061,-48.71603098214,3.45));
#16766=CARTESIAN_POINT('',(145.076702,-62.4759317510608,3.45));
#16767=CARTESIAN_POINT('',(145.076702,-69.2155398884299,3.45));
#16768=CARTESIAN_POINT('',(141.920327014021,-71.2936551138573,3.45));
#16769=CARTESIAN_POINT('',(141.937770812113,-71.2449237094286,3.45));
#16770=CARTESIAN_POINT('',(141.777944,-71.5627009999997,3.45));
#16771=CARTESIAN_POINT('',(140.390455470473,-74.184489023705,3.45));
#16772=CARTESIAN_POINT('',(141.626418999995,-71.811382,3.45));
#16773=CARTESIAN_POINT('',(140.464703748006,-73.7179750412123,3.45));
#16774=CARTESIAN_POINT('',(140.44817299984,-73.0616930001114,3.45));
#16775=CARTESIAN_POINT('Origin',(137.56276062621,-69.1622662138697,3.45));
#16776=CARTESIAN_POINT('',(142.419023659883,-71.6901488993061,3.45));
#16777=CARTESIAN_POINT('',(146.576700944973,-52.34849469113,3.45));
#16778=CARTESIAN_POINT('',(146.576703152195,-74.0797282694664,3.45));
#16779=CARTESIAN_POINT('',(145.892846474048,-50.6800341215803,3.45));
#16780=CARTESIAN_POINT('Origin',(144.18745464125,-52.35340218629,3.45));
#16781=CARTESIAN_POINT('',(145.823593109932,-50.6112266389314,3.45));
#16782=CARTESIAN_POINT('',(156.855428818501,-61.5720348797265,3.45));
#16783=CARTESIAN_POINT('',(145.141124122009,-50.1486132980012,3.45));
#16784=CARTESIAN_POINT('Origin',(144.09359400953,-52.42869092158,3.45));
#16785=CARTESIAN_POINT('',(145.039772853687,-50.1003593021684,3.45));
#16786=CARTESIAN_POINT('',(155.981534105445,-55.3098027614031,3.45));
#16787=CARTESIAN_POINT('',(144.768443264244,-49.9233509938841,3.45));
#16788=CARTESIAN_POINT('Origin',(145.74946976061,-48.7160309821397,3.45));
#16789=CARTESIAN_POINT('',(144.697428584794,-49.8616048917969,3.45));
#16790=CARTESIAN_POINT('',(156.454171215337,-60.0839002861802,3.45));
#16791=CARTESIAN_POINT('',(144.485072965021,-49.6199492330136,3.45));
#16792=CARTESIAN_POINT('Origin',(145.781579819719,-48.6947719189008,3.45));
#16793=CARTESIAN_POINT('',(144.428218664991,-49.5357771587372,3.45));
#16794=CARTESIAN_POINT('',(154.426618596522,-64.3382821800074,3.45));
#16795=CARTESIAN_POINT('',(144.285214963559,-49.2702762589458,3.45));
#16796=CARTESIAN_POINT('Origin',(146.226811700998,-48.3957589706114,3.45));
#16797=CARTESIAN_POINT('',(144.241068204815,-49.1665739122157,3.45));
#16798=CARTESIAN_POINT('',(151.617422458977,-66.4938991393914,3.45));
#16799=CARTESIAN_POINT('',(144.126212980844,-48.8164568177143,3.45));
#16800=CARTESIAN_POINT('Origin',(147.030380597468,-48.0576479076008,3.45));
#16801=CARTESIAN_POINT('',(144.095889346392,-48.6923628887651,3.45));
#16802=CARTESIAN_POINT('',(148.651581005946,-67.3356979422113,3.45));
#16803=CARTESIAN_POINT('',(144.039182300848,-48.3861839005628,3.45));
#16804=CARTESIAN_POINT('Origin',(148.04568406112,-47.8024853001902,3.45));
#16805=CARTESIAN_POINT('',(144.008657523967,-48.1245794370884,3.45));
#16806=CARTESIAN_POINT('',(146.244202024742,-67.2837176670564,3.45));
#16807=CARTESIAN_POINT('',(143.991361848756,-47.8680209105603,3.45));
#16808=CARTESIAN_POINT('',(145.284944498963,-67.056613123161,3.45));
#16809=CARTESIAN_POINT('',(143.985152,-47.5823117777483,3.45));
#16810=CARTESIAN_POINT('',(144.401887949728,-66.7559296054836,3.45));
#16811=CARTESIAN_POINT('',(143.985152141454,-45.1510451129459,3.45));
#16812=CARTESIAN_POINT('',(143.985150899172,-66.502994216672,3.45));
#16813=CARTESIAN_POINT('',(144.040568796355,-44.7049648281443,3.45));
#16814=CARTESIAN_POINT('Origin',(145.82833572819,-45.15354187355,3.45));
#16815=CARTESIAN_POINT('',(144.085780807858,-44.550357490925,3.45));
#16816=CARTESIAN_POINT('',(138.985280903814,-61.9920656221804,3.45));
#16817=CARTESIAN_POINT('',(144.221192417841,-44.2316861393237,3.45));
#16818=CARTESIAN_POINT('Origin',(146.207745258611,-45.2639288685704,3.45));
#16819=CARTESIAN_POINT('',(144.30518086934,-44.0819828076005,3.45));
#16820=CARTESIAN_POINT('',(136.715757542566,-57.6095802044524,3.45));
#16821=CARTESIAN_POINT('',(144.533110373177,-43.7592327398367,3.45));
#16822=CARTESIAN_POINT('Origin',(146.730630291302,-45.5530026408011,3.45));
#16823=CARTESIAN_POINT('',(144.65306718814,-43.6201355201123,3.45));
#16824=CARTESIAN_POINT('',(136.449842188377,-53.1322736224054,3.45));
#16825=CARTESIAN_POINT('',(144.970589696013,-43.3141477035094,3.45));
#16826=CARTESIAN_POINT('Origin',(147.22469001525,-45.97095979114,3.45));
#16827=CARTESIAN_POINT('',(145.120813467887,-43.1928716622664,3.45));
#16828=CARTESIAN_POINT('',(137.698273856174,-49.1851071709947,3.45));
#16829=CARTESIAN_POINT('',(145.803469034722,-42.7724267581299,3.45));
#16830=CARTESIAN_POINT('Origin',(147.53709552965,-46.3516497025503,3.45));
#16831=CARTESIAN_POINT('',(145.982775685564,-42.6907801774711,3.45));
#16832=CARTESIAN_POINT('',(141.545041680988,-44.7114849625214,3.45));
#16833=CARTESIAN_POINT('',(146.578731489413,-42.4919167812783,3.45));
#16834=CARTESIAN_POINT('Origin',(147.49671447906,-46.2353521746697,3.45));
#16835=CARTESIAN_POINT('',(146.764926138151,-42.4516400570946,3.45));
#16836=CARTESIAN_POINT('',(146.137520295425,-42.5873574488134,3.45));
#16837=CARTESIAN_POINT('',(147.195347174461,-42.3990009296577,3.45));
#16838=CARTESIAN_POINT('Origin',(147.38357428135,-45.7241601420019,3.45));
#16839=CARTESIAN_POINT('',(147.378864406165,-42.394409,3.45));
#16840=CARTESIAN_POINT('',(150.528214190432,-42.3156066306395,3.45));
#16841=CARTESIAN_POINT('',(162.875673871952,-42.3944090596688,3.45));
#16842=CARTESIAN_POINT('',(151.160336775046,-42.3944090145602,3.45));
#16843=CARTESIAN_POINT('',(163.314726686477,-42.4258081109449,3.45));
#16844=CARTESIAN_POINT('Origin',(162.87251267879,-45.5239484547522,3.45));
#16845=CARTESIAN_POINT('',(163.50128851497,-42.4574189432322,3.45));
#16846=CARTESIAN_POINT('',(162.786197636353,-42.3362547264322,3.45));
#16847=CARTESIAN_POINT('',(164.09874710349,-42.6286270245113,3.45));
#16848=CARTESIAN_POINT('Origin',(162.76850870819,-46.1426426218507,3.45));
#16849=CARTESIAN_POINT('',(164.2808160351,-42.7025112357368,3.45));
#16850=CARTESIAN_POINT('',(167.623092063672,-44.0588185743114,3.45));
#16851=CARTESIAN_POINT('',(165.115806110734,-43.193069669516,3.45));
#16852=CARTESIAN_POINT('Origin',(162.688107016341,-46.3694020724884,3.45));
#16853=CARTESIAN_POINT('',(165.265394831302,-43.3138243690383,3.45));
#16854=CARTESIAN_POINT('',(172.355997299866,-49.0376755208582,3.45));
#16855=CARTESIAN_POINT('',(165.583821778005,-43.6206595640016,3.45));
#16856=CARTESIAN_POINT('Origin',(162.973867914593,-46.0105674792969,3.45));
#16857=CARTESIAN_POINT('',(165.702989103189,-43.7588098195258,3.45));
#16858=CARTESIAN_POINT('',(173.651353633854,-52.9733205019798,3.45));
#16859=CARTESIAN_POINT('',(165.931926825797,-44.0828817219497,3.45));
#16860=CARTESIAN_POINT('Origin',(163.460004201866,-45.5862480827925,3.45));
#16861=CARTESIAN_POINT('',(166.015209575775,-44.2312581997943,3.45));
#16862=CARTESIAN_POINT('',(173.43805692594,-57.4557968429556,3.45));
#16863=CARTESIAN_POINT('',(166.15131141976,-44.5513842260798,3.45));
#16864=CARTESIAN_POINT('Origin',(163.988974330139,-45.2817087036205,3.45));
#16865=CARTESIAN_POINT('',(166.196327945133,-44.7052222034685,3.45));
#16866=CARTESIAN_POINT('',(171.217650949961,-61.8649245234507,3.45));
#16867=CARTESIAN_POINT('',(166.251757,-45.1510538406457,3.45));
#16868=CARTESIAN_POINT('Origin',(164.410754587041,-45.1535786553598,3.45));
#16869=CARTESIAN_POINT('',(166.251757,-47.5823011122577,3.45));
#16870=CARTESIAN_POINT('',(166.251757,-65.2873655668564,3.45));
#16871=CARTESIAN_POINT('',(166.24554348405,-47.8679919814294,3.45));
#16872=CARTESIAN_POINT('',(165.837770176706,-66.6169758959664,3.45));
#16873=CARTESIAN_POINT('',(166.228239921635,-48.1245233892417,3.45));
#16874=CARTESIAN_POINT('',(164.959078410252,-66.9402898453499,3.45));
#16875=CARTESIAN_POINT('',(166.199978542133,-48.3665981577784,3.45));
#16876=CARTESIAN_POINT('',(164.004362576223,-67.1732960649317,3.45));
#16877=CARTESIAN_POINT('',(166.161369935198,-48.5933076792625,3.45));
#16878=CARTESIAN_POINT('',(162.974850578893,-67.3045313110724,3.45));
#16879=CARTESIAN_POINT('',(166.113159128557,-48.8038781649082,3.45));
#16880=CARTESIAN_POINT('',(161.875741166653,-67.3116613840021,3.45));
#16881=CARTESIAN_POINT('',(166.056215731397,-48.9977434177861,3.45));
#16882=CARTESIAN_POINT('',(160.718567333073,-67.1699039863927,3.45));
#16883=CARTESIAN_POINT('',(165.991493372026,-49.1746152034461,3.45));
#16884=CARTESIAN_POINT('',(159.522356563574,-66.8533245413614,3.45));
#16885=CARTESIAN_POINT('',(165.919957185388,-49.3345731959876,3.45));
#16886=CARTESIAN_POINT('',(158.31600510199,-66.3373373605814,3.45));
#16887=CARTESIAN_POINT('',(165.842471541025,-49.4781274611351,3.45));
#16888=CARTESIAN_POINT('',(157.139162343466,-65.6023678475018,3.45));
#16889=CARTESIAN_POINT('',(165.744401373975,-49.6298309245523,3.45));
#16890=CARTESIAN_POINT('',(156.041834464534,-64.6386052387885,3.45));
#16891=CARTESIAN_POINT('',(165.498514499594,-49.897701923164,3.45));
#16892=CARTESIAN_POINT('Origin',(164.45279637142,-48.6910167010198,3.45));
#16893=CARTESIAN_POINT('',(165.368373801147,-49.9960947989709,3.45));
#16894=CARTESIAN_POINT('',(153.594772144445,-58.8975263990386,3.45));
#16895=CARTESIAN_POINT('',(165.247850353304,-50.071048615548,3.45));
#16896=CARTESIAN_POINT('',(153.665194302402,-57.2743297417276,3.45));
#16897=CARTESIAN_POINT('',(165.078288893799,-50.1564098088896,3.45));
#16898=CARTESIAN_POINT('',(154.037305637507,-55.7146982853682,3.45));
#16899=CARTESIAN_POINT('',(163.99968979169,-51.1264011495726,3.45));
#16900=CARTESIAN_POINT('Origin',(166.13282952823,-52.41370438631,3.45));
#16901=CARTESIAN_POINT('',(163.971118048847,-51.175424531632,3.45));
#16902=CARTESIAN_POINT('',(155.390957241292,-65.8972601476197,3.45));
#16903=CARTESIAN_POINT('',(163.687960461689,-51.9850267034222,3.45));
#16904=CARTESIAN_POINT('Origin',(166.03849064929,-52.35280426007,3.45));
#16905=CARTESIAN_POINT('',(163.679645540697,-52.0431521846387,3.45));
#16906=CARTESIAN_POINT('',(161.256507883665,-68.9821035602739,3.45));
#16907=CARTESIAN_POINT('',(163.659683011907,-52.3509778484108,3.45));
#16908=CARTESIAN_POINT('Origin',(166.03507835803,-52.35046238479,3.45));
#16909=CARTESIAN_POINT('',(163.659683,-63.452904888978,3.45));
#16910=CARTESIAN_POINT('',(163.659683,-68.8873275707403,3.45));
#16911=CARTESIAN_POINT('',(163.761195526394,-63.7366039028037,3.45));
#16912=CARTESIAN_POINT('',(166.649554817154,-71.8087572760754,3.45));
#16913=CARTESIAN_POINT('',(166.53520771232,-71.7534397888643,3.45));
#16914=CARTESIAN_POINT('',(166.640575752227,-72.0579511705568,3.45));
#16915=CARTESIAN_POINT('',(166.568946933309,-71.8542731782412,3.45));
#16916=CARTESIAN_POINT('',(168.008336356696,-76.1560474914125,3.45));
#16917=CARTESIAN_POINT('',(166.620576173291,-71.9609511563239,3.45));
#16918=CARTESIAN_POINT('',(168.126113274644,-75.0717398093132,3.45));
#16919=CARTESIAN_POINT('',(168.562386116119,-74.2813754125071,3.45));
#16920=CARTESIAN_POINT('Origin',(172.3158514214,-69.16764954552,3.45));
#16921=CARTESIAN_POINT('',(168.831352723648,-74.4685524546213,3.45));
#16922=CARTESIAN_POINT('',(166.586187185595,-72.9061152125762,3.45));
#16923=CARTESIAN_POINT('Origin',(172.34752290837,-69.12666888236,3.45));
#16924=CARTESIAN_POINT('Origin',(137.53590546611,-69.1253722978301,-6.55));
#16925=CARTESIAN_POINT('',(138.00733993952,-71.9833591161482,2.04958492358059));
#16926=CARTESIAN_POINT('',(138.00733993952,-71.9833591161482,-0.05));
#16927=CARTESIAN_POINT('Origin',(137.53590546611,-69.1253722978301,2.04958492358059));
#16928=CARTESIAN_POINT('Origin',(138.007339941312,-71.9833591270086,-6.55));
#16929=CARTESIAN_POINT('',(117.718187218377,-75.3372018847395,2.04958492358058));
#16930=CARTESIAN_POINT('',(117.718187218377,-75.3372018847395,-0.05));
#16931=CARTESIAN_POINT('',(145.168051711029,-70.7996773026848,2.04958492358058));
#16932=CARTESIAN_POINT('Origin',(117.718187218377,-75.3372018847395,-6.55));
#16933=CARTESIAN_POINT('',(117.302758602515,-75.4207654708172,2.04958492358058));
#16934=CARTESIAN_POINT('',(117.302758602515,-75.4207654708172,-0.05));
#16935=CARTESIAN_POINT('',(134.631223592799,-71.9351397326763,2.04958492358058));
#16936=CARTESIAN_POINT('Origin',(117.302758602515,-75.4207654708172,-6.55));
#16937=CARTESIAN_POINT('',(116.866767041665,-75.5407175748465,2.04958492358058));
#16938=CARTESIAN_POINT('',(116.866767041665,-75.5407175748465,-0.05));
#16939=CARTESIAN_POINT('',(133.518806845869,-70.9593279557518,2.04958492358058));
#16940=CARTESIAN_POINT('Origin',(116.866767041665,-75.5407175748465,-6.55));
#16941=CARTESIAN_POINT('',(116.482882802527,-75.6760179454061,2.04958492358057));
#16942=CARTESIAN_POINT('',(116.482882802527,-75.6760179454061,-0.05));
#16943=CARTESIAN_POINT('',(132.25153668986,-70.1183406649443,2.04958492358058));
#16944=CARTESIAN_POINT('Origin',(118.70932993504,-81.46357717657,-6.55));
#16945=CARTESIAN_POINT('',(114.910185767067,-76.5626168340386,2.04958492358058));
#16946=CARTESIAN_POINT('',(114.910185767067,-76.5626168340386,-0.05));
#16947=CARTESIAN_POINT('Origin',(118.70932993504,-81.46357717657,2.04958492358057));
#16948=CARTESIAN_POINT('Origin',(114.910185767067,-76.5626168340386,-6.55));
#16949=CARTESIAN_POINT('',(114.640884997616,-76.7839523166502,2.04958492358059));
#16950=CARTESIAN_POINT('',(114.640884997616,-76.7839523166502,-0.05));
#16951=CARTESIAN_POINT('',(124.683018810512,-68.5304276852193,2.04958492358058));
#16952=CARTESIAN_POINT('Origin',(118.73282749286,-81.48199768106,-6.55));
#16953=CARTESIAN_POINT('',(113.5083532289,-78.087812610141,2.04958492358058));
#16954=CARTESIAN_POINT('',(113.5083532289,-78.087812610141,-0.05));
#16955=CARTESIAN_POINT('Origin',(118.73282749286,-81.48199768106,2.04958492358059));
#16956=CARTESIAN_POINT('Origin',(113.5083532289,-78.087812610141,-6.55));
#16957=CARTESIAN_POINT('',(113.332062280409,-78.3754805968542,2.04958492358058));
#16958=CARTESIAN_POINT('',(113.332062280409,-78.3754805968542,-0.05));
#16959=CARTESIAN_POINT('',(117.530372691036,-71.5247629975534,2.04958492358058));
#16960=CARTESIAN_POINT('Origin',(118.8119414893,-81.53388900148,-6.55));
#16961=CARTESIAN_POINT('',(112.537035850312,-80.7400508465398,2.04958492358057));
#16962=CARTESIAN_POINT('',(112.537035850312,-80.7400508465398,-0.05));
#16963=CARTESIAN_POINT('Origin',(118.8119414893,-81.53388900148,2.04958492358058));
#16964=CARTESIAN_POINT('Origin',(112.537035850312,-80.7400508465398,-6.55));
#16965=CARTESIAN_POINT('',(112.503999826517,-81.0742219589911,2.04958492358058));
#16966=CARTESIAN_POINT('',(112.503999826517,-81.0742219589911,-0.05));
#16967=CARTESIAN_POINT('',(112.512975881579,-80.9834259744625,2.04958492358057));
#16968=CARTESIAN_POINT('Origin',(118.63284043599,-81.52521443698,-6.55));
#16969=CARTESIAN_POINT('',(113.204644741108,-84.4063206359231,2.04958492358057));
#16970=CARTESIAN_POINT('',(113.204644741108,-84.4063206359231,-0.05));
#16971=CARTESIAN_POINT('Origin',(118.63284043599,-81.52521443698,2.04958492358058));
#16972=CARTESIAN_POINT('Origin',(113.204644741108,-84.4063206359231,-6.55));
#16973=CARTESIAN_POINT('',(113.385047164852,-84.7231612716693,2.04958492358058));
#16974=CARTESIAN_POINT('',(113.385047164852,-84.7231612716693,-0.05));
#16975=CARTESIAN_POINT('',(118.532471954076,-93.7635794036453,2.04958492358057));
#16976=CARTESIAN_POINT('Origin',(118.84402654569,-81.38725230672,-6.55));
#16977=CARTESIAN_POINT('',(114.234950262398,-85.8240486176857,2.04958492358058));
#16978=CARTESIAN_POINT('',(114.234950262398,-85.8240486176857,-0.05));
#16979=CARTESIAN_POINT('Origin',(118.84402654569,-81.38725230672,2.04958492358058));
#16980=CARTESIAN_POINT('Origin',(114.234950262398,-85.8240486176857,-6.55));
#16981=CARTESIAN_POINT('',(128.964754713778,-101.153990927631,2.04958492358058));
#16982=CARTESIAN_POINT('',(128.964754713778,-101.153990927631,-0.05));
#16983=CARTESIAN_POINT('',(123.905460935416,-95.8885658496974,2.04958492358058));
#16984=CARTESIAN_POINT('Origin',(128.964754713778,-101.153990927631,-6.55));
#16985=CARTESIAN_POINT('',(129.094976623214,-101.297557757346,2.04958492358059));
#16986=CARTESIAN_POINT('',(129.094976623214,-101.297557757346,-0.05));
#16987=CARTESIAN_POINT('',(130.913499215587,-103.302439458769,2.04958492358059));
#16988=CARTESIAN_POINT('Origin',(129.094976623214,-101.297557757346,-6.55));
#16989=CARTESIAN_POINT('',(129.197573220667,-101.424677535513,2.04958492358057));
#16990=CARTESIAN_POINT('',(129.197573220667,-101.424677535513,-0.05));
#16991=CARTESIAN_POINT('',(130.313565485943,-102.807420167521,2.04958492358059));
#16992=CARTESIAN_POINT('Origin',(129.197573220667,-101.424677535513,-6.55));
#16993=CARTESIAN_POINT('',(129.306891557038,-101.577286941413,2.04958492358058));
#16994=CARTESIAN_POINT('',(129.306891557038,-101.577286941413,-0.05));
#16995=CARTESIAN_POINT('',(129.775205409064,-102.231057398453,2.04958492358057));
#16996=CARTESIAN_POINT('Origin',(126.96517018298,-103.1278021923,-6.55));
#16997=CARTESIAN_POINT('',(129.742056500775,-103.548110311422,2.04958492358058));
#16998=CARTESIAN_POINT('',(129.742056500775,-103.548110311422,-0.05));
#16999=CARTESIAN_POINT('Origin',(126.96517018298,-103.1278021923,2.04958492358058));
#17000=CARTESIAN_POINT('Origin',(129.742056513935,-103.548110313419,-6.55));
#17001=CARTESIAN_POINT('',(126.524486568565,-124.752779258041,2.04958492358057));
#17002=CARTESIAN_POINT('',(126.524486568565,-124.752779258041,-0.05));
#17003=CARTESIAN_POINT('',(131.3697759615,-92.8209924554224,2.04958492358057));
#17004=CARTESIAN_POINT('Origin',(132.77426207553,-125.7125852691,-6.55));
#17005=CARTESIAN_POINT('',(126.468133379224,-126.174821498687,2.04958492358058));
#17006=CARTESIAN_POINT('',(126.468133379224,-126.174821498687,-0.05));
#17007=CARTESIAN_POINT('Origin',(132.77426207553,-125.7125852691,2.04958492358058));
#17008=CARTESIAN_POINT('Origin',(126.468133379224,-126.174821498687,-6.55));
#17009=CARTESIAN_POINT('',(126.506602693986,-126.543412885751,2.04958492358057));
#17010=CARTESIAN_POINT('',(126.506602693986,-126.543412885751,-0.05));
#17011=CARTESIAN_POINT('',(124.517888584102,-107.488670248562,2.04958492358058));
#17012=CARTESIAN_POINT('Origin',(132.57008337375,-125.7257625224,-6.55));
#17013=CARTESIAN_POINT('',(127.208580289671,-128.673411543225,2.04958492358058));
#17014=CARTESIAN_POINT('',(127.208580289671,-128.673411543225,-0.05));
#17015=CARTESIAN_POINT('Origin',(132.57008337375,-125.7257625224,2.04958492358057));
#17016=CARTESIAN_POINT('Origin',(127.208580289671,-128.673411543225,-6.55));
#17017=CARTESIAN_POINT('',(127.385067500746,-128.97442738716,2.04958492358058));
#17018=CARTESIAN_POINT('',(127.385067500746,-128.97442738716,-0.05));
#17019=CARTESIAN_POINT('',(121.320544380257,-118.630802293509,2.04958492358058));
#17020=CARTESIAN_POINT('Origin',(132.72718799784,-125.6311549865,-6.55));
#17021=CARTESIAN_POINT('',(128.501586322589,-130.306624185693,2.04958492358059));
#17022=CARTESIAN_POINT('',(128.501586322589,-130.306624185693,-0.05));
#17023=CARTESIAN_POINT('Origin',(132.72718799784,-125.6311549865,2.04958492358058));
#17024=CARTESIAN_POINT('Origin',(128.501586322589,-130.306624185693,-6.55));
#17025=CARTESIAN_POINT('',(128.761435260558,-130.529388473545,2.04958492358059));
#17026=CARTESIAN_POINT('',(128.761435260558,-130.529388473545,-0.05));
#17027=CARTESIAN_POINT('',(125.03252338554,-127.332652690077,2.04958492358059));
#17028=CARTESIAN_POINT('Origin',(132.79257991906,-125.5645286009,-6.55));
#17029=CARTESIAN_POINT('',(130.620356624888,-131.579626835595,2.04958492358059));
#17030=CARTESIAN_POINT('',(130.620356624888,-131.579626835595,-0.05));
#17031=CARTESIAN_POINT('Origin',(132.79257991906,-125.5645286009,2.04958492358059));
#17032=CARTESIAN_POINT('Origin',(130.620356624888,-131.579626835595,-6.55));
#17033=CARTESIAN_POINT('',(130.948159665056,-131.687837933627,2.04958492358058));
#17034=CARTESIAN_POINT('',(130.948159665056,-131.687837933627,-0.05));
#17035=CARTESIAN_POINT('',(134.716447916177,-132.931787987128,2.04958492358059));
#17036=CARTESIAN_POINT('Origin',(132.74494573923,-125.731468702,-6.55));
#17037=CARTESIAN_POINT('',(134.016288940009,-131.821662548312,2.04958492358057));
#17038=CARTESIAN_POINT('',(134.016288940009,-131.821662548312,-0.05));
#17039=CARTESIAN_POINT('Origin',(132.74494573923,-125.731468702,2.04958492358058));
#17040=CARTESIAN_POINT('Origin',(134.016288940009,-131.821662548312,-6.55));
#17041=CARTESIAN_POINT('',(134.379687232103,-131.734433755118,2.04958492358058));
#17042=CARTESIAN_POINT('',(134.379687232103,-131.734433755118,-0.05));
#17043=CARTESIAN_POINT('',(149.174285114722,-128.183192741695,2.04958492358057));
#17044=CARTESIAN_POINT('Origin',(132.672564751,-125.4912045397,-6.55));
#17045=CARTESIAN_POINT('',(135.703263880671,-131.210211634987,2.04958492358058));
#17046=CARTESIAN_POINT('',(135.703263880671,-131.210211634987,-0.05));
#17047=CARTESIAN_POINT('Origin',(132.672564751,-125.4912045397,2.04958492358058));
#17048=CARTESIAN_POINT('Origin',(135.703263880671,-131.210211634987,-6.55));
#17049=CARTESIAN_POINT('',(153.584404963734,-121.755302974185,2.04958492358058));
#17050=CARTESIAN_POINT('',(153.584404963734,-121.755302974185,-0.05));
#17051=CARTESIAN_POINT('',(152.680878761767,-122.233055354336,2.04958492358058));
#17052=CARTESIAN_POINT('Origin',(154.93864046916,-124.3155794252,-6.55));
#17053=CARTESIAN_POINT('',(154.39270031562,-121.471125407549,2.04958492358057));
#17054=CARTESIAN_POINT('',(154.39270031562,-121.471125407549,-0.05));
#17055=CARTESIAN_POINT('Origin',(154.93864046916,-124.3155794252,2.04958492358056));
#17056=CARTESIAN_POINT('Origin',(154.39270031562,-121.471125407549,-6.55));
#17057=CARTESIAN_POINT('',(154.618496490867,-121.436887510935,2.04958492358058));
#17058=CARTESIAN_POINT('',(154.618496490867,-121.436887510935,-0.05));
#17059=CARTESIAN_POINT('',(157.332630129737,-121.025338347967,2.04958492358057));
#17060=CARTESIAN_POINT('Origin',(154.94221493099,-124.3244562966,-6.55));
#17061=CARTESIAN_POINT('',(156.29978330166,-121.755437955019,2.04958492358058));
#17062=CARTESIAN_POINT('',(156.29978330166,-121.755437955019,-0.05));
#17063=CARTESIAN_POINT('Origin',(154.94221493099,-124.3244562966,2.04958492358058));
#17064=CARTESIAN_POINT('Origin',(156.299783304576,-121.755437949503,-6.55));
#17065=CARTESIAN_POINT('',(174.212825442093,-131.227276193875,2.04958492358058));
#17066=CARTESIAN_POINT('',(174.212825442093,-131.227276193875,-0.05));
#17067=CARTESIAN_POINT('',(148.262462315869,-117.505562147353,2.04958492358059));
#17068=CARTESIAN_POINT('Origin',(174.212825442093,-131.227276193875,-6.55));
#17069=CARTESIAN_POINT('',(174.602975902987,-131.416206988046,2.04958492358058));
#17070=CARTESIAN_POINT('',(174.602975902987,-131.416206988046,-0.05));
#17071=CARTESIAN_POINT('',(157.424048995299,-123.097292546083,2.04958492358058));
#17072=CARTESIAN_POINT('Origin',(174.602975902987,-131.416206988046,-6.55));
#17073=CARTESIAN_POINT('',(174.995020996184,-131.57254302217,2.04958492358058));
#17074=CARTESIAN_POINT('',(174.995020996184,-131.57254302217,-0.05));
#17075=CARTESIAN_POINT('',(158.209082664048,-124.878805303094,2.04958492358058));
#17076=CARTESIAN_POINT('Origin',(177.14683233057,-125.6888064763,-6.55));
#17077=CARTESIAN_POINT('',(176.383544289787,-131.907008718653,2.04958492358058));
#17078=CARTESIAN_POINT('',(176.383544289787,-131.907008718653,-0.05));
#17079=CARTESIAN_POINT('Origin',(177.14683233057,-125.6888064763,2.04958492358058));
#17080=CARTESIAN_POINT('Origin',(176.383544289787,-131.907008718653,-6.55));
#17081=CARTESIAN_POINT('',(176.745122985491,-131.940571552568,2.04958492358057));
#17082=CARTESIAN_POINT('',(176.745122985491,-131.940571552568,-0.05));
#17083=CARTESIAN_POINT('',(163.615327008302,-130.721823968819,2.04958492358058));
#17084=CARTESIAN_POINT('Origin',(177.13705503567,-125.7262785358,-6.55));
#17085=CARTESIAN_POINT('',(178.527816271221,-131.795613887871,2.04958492358058));
#17086=CARTESIAN_POINT('',(178.527816271221,-131.795613887871,-0.05));
#17087=CARTESIAN_POINT('Origin',(177.13705503567,-125.7262785358,2.04958492358057));
#17088=CARTESIAN_POINT('Origin',(178.527816271221,-131.795613887871,-6.55));
#17089=CARTESIAN_POINT('',(178.865055414986,-131.708655661822,2.04958492358059));
#17090=CARTESIAN_POINT('',(178.865055414986,-131.708655661822,-0.05));
#17091=CARTESIAN_POINT('',(173.075881093588,-133.201413363846,2.04958492358058));
#17092=CARTESIAN_POINT('Origin',(177.0957447183,-125.5724178542,-6.55));
#17093=CARTESIAN_POINT('',(180.79297836026,-130.77956084915,2.04958492358059));
#17094=CARTESIAN_POINT('',(180.79297836026,-130.77956084915,-0.05));
#17095=CARTESIAN_POINT('Origin',(177.0957447183,-125.5724178542,2.04958492358059));
#17096=CARTESIAN_POINT('Origin',(180.79297836026,-130.77956084915,-6.55));
#17097=CARTESIAN_POINT('',(181.066580203205,-130.574166379432,2.04958492358056));
#17098=CARTESIAN_POINT('',(181.066580203205,-130.574166379432,-0.05));
#17099=CARTESIAN_POINT('',(183.414482120818,-128.81158296944,2.04958492358059));
#17100=CARTESIAN_POINT('Origin',(177.12888199968,-125.6059411528,-6.55));
#17101=CARTESIAN_POINT('',(182.263589206894,-129.323939396582,2.04958492358057));
#17102=CARTESIAN_POINT('',(182.263589206894,-129.323939396582,-0.05));
#17103=CARTESIAN_POINT('Origin',(177.12888199968,-125.6059411528,2.04958492358056));
#17104=CARTESIAN_POINT('Origin',(182.263589206894,-129.323939396582,-6.55));
#17105=CARTESIAN_POINT('',(182.458653971151,-129.03772989256,2.04958492358056));
#17106=CARTESIAN_POINT('',(182.458653971151,-129.03772989256,-0.05));
#17107=CARTESIAN_POINT('',(188.145765199681,-120.693294698249,2.04958492358057));
#17108=CARTESIAN_POINT('Origin',(177.30621788274,-125.7235961787,-6.55));
#17109=CARTESIAN_POINT('',(183.377335819901,-126.543722334595,2.0495849235806));
#17110=CARTESIAN_POINT('',(183.377335819901,-126.543722334595,-0.05));
#17111=CARTESIAN_POINT('Origin',(177.30621788274,-125.7235961787,2.04958492358056));
#17112=CARTESIAN_POINT('Origin',(183.377335819901,-126.543722334595,-6.55));
#17113=CARTESIAN_POINT('',(183.415946252697,-126.174013279172,2.04958492358057));
#17114=CARTESIAN_POINT('',(183.415946252697,-126.174013279172,-0.05));
#17115=CARTESIAN_POINT('',(185.347954292879,-107.674327679228,2.0495849235806));
#17116=CARTESIAN_POINT('Origin',(177.06952306671,-125.7140372648,-6.55));
#17117=CARTESIAN_POINT('',(183.359730278934,-124.75385001839,2.04958492358057));
#17118=CARTESIAN_POINT('',(183.359730278934,-124.75385001839,-0.05));
#17119=CARTESIAN_POINT('Origin',(177.06952306671,-125.7140372648,2.04958492358057));
#17120=CARTESIAN_POINT('Origin',(183.359730278934,-124.75385001839,-6.55));
#17121=CARTESIAN_POINT('',(180.142090402871,-103.547589033107,2.04958492358058));
#17122=CARTESIAN_POINT('',(180.142090402871,-103.547589033107,-0.05));
#17123=CARTESIAN_POINT('',(180.123321641749,-103.423891148302,2.04958492358058));
#17124=CARTESIAN_POINT('Origin',(182.909721962791,-103.1266180517,-6.55));
#17125=CARTESIAN_POINT('',(180.235067383785,-102.30004446051,2.04958492358057));
#17126=CARTESIAN_POINT('',(180.235067383785,-102.30004446051,-0.05));
#17127=CARTESIAN_POINT('Origin',(182.909721962791,-103.1266180517,2.04958492358061));
#17128=CARTESIAN_POINT('Origin',(180.235067383785,-102.30004446051,-6.55));
#17129=CARTESIAN_POINT('',(180.304127014509,-102.102711350182,2.04958492358057));
#17130=CARTESIAN_POINT('',(180.304127014509,-102.102711350182,-0.05));
#17131=CARTESIAN_POINT('',(181.486022973121,-98.7255255304632,2.04958492358057));
#17132=CARTESIAN_POINT('Origin',(182.936680852889,-103.1359174386,-6.55));
#17133=CARTESIAN_POINT('',(180.898788406141,-101.175088810544,2.04958492358057));
#17134=CARTESIAN_POINT('',(180.898788406141,-101.175088810544,-0.05));
#17135=CARTESIAN_POINT('Origin',(182.936680852889,-103.1359174386,2.04958492358057));
#17136=CARTESIAN_POINT('Origin',(180.898788373139,-101.17508877879,-6.55));
#17137=CARTESIAN_POINT('',(195.673935830849,-85.7980582107383,2.0495849235806));
#17138=CARTESIAN_POINT('',(195.673935830849,-85.7980582107383,-0.05));
#17139=CARTESIAN_POINT('',(178.603226585591,-103.564162991349,2.04958492358058));
#17140=CARTESIAN_POINT('Origin',(195.673935830849,-85.7980582107383,-6.55));
#17141=CARTESIAN_POINT('',(195.955972515119,-85.4832099452636,2.04958492358059));
#17142=CARTESIAN_POINT('',(195.955972515119,-85.4832099452636,-0.05));
#17143=CARTESIAN_POINT('',(186.700112800122,-95.8158777834313,2.0495849235806));
#17144=CARTESIAN_POINT('Origin',(195.955972515119,-85.4832099452636,-6.55));
#17145=CARTESIAN_POINT('',(196.208144946228,-85.1581822417722,2.04958492358058));
#17146=CARTESIAN_POINT('',(196.208144946228,-85.1581822417722,-0.05));
#17147=CARTESIAN_POINT('',(188.264697689298,-95.3965751080198,2.04958492358058));
#17148=CARTESIAN_POINT('Origin',(191.22472522352,-81.51179431379,-6.55));
#17149=CARTESIAN_POINT('',(197.055969427749,-83.5433474350872,2.04958492358059));
#17150=CARTESIAN_POINT('',(197.055969427749,-83.5433474350872,-0.05));
#17151=CARTESIAN_POINT('Origin',(191.22472522352,-81.51179431379,2.04958492358058));
#17152=CARTESIAN_POINT('Origin',(197.055969427749,-83.5433474350872,-6.55));
#17153=CARTESIAN_POINT('',(197.161695357227,-83.2085594661683,2.04958492358058));
#17154=CARTESIAN_POINT('',(197.161695357227,-83.2085594661683,-0.05));
#17155=CARTESIAN_POINT('',(194.876420237904,-90.4450303999879,2.04958492358059));
#17156=CARTESIAN_POINT('Origin',(191.23651841257,-81.52516435584,-6.55));
#17157=CARTESIAN_POINT('',(197.396061531827,-81.485547629744,2.04958492358058));
#17158=CARTESIAN_POINT('',(197.396061531827,-81.485547629744,-0.05));
#17159=CARTESIAN_POINT('Origin',(191.23651841257,-81.52516435584,2.04958492358058));
#17160=CARTESIAN_POINT('Origin',(197.396061531827,-81.485547629744,-6.55));
#17161=CARTESIAN_POINT('',(197.384890779197,-81.1471210427342,2.04958492358057));
#17162=CARTESIAN_POINT('',(197.384890779197,-81.1471210427342,-0.05));
#17163=CARTESIAN_POINT('',(197.437883254375,-82.752569046613,2.04958492358058));
#17164=CARTESIAN_POINT('Origin',(191.07969815967,-81.53116235796,-6.55));
#17165=CARTESIAN_POINT('',(196.7439219068,-78.7348234937342,2.04958492358058));
#17166=CARTESIAN_POINT('',(196.7439219068,-78.7348234937342,-0.05));
#17167=CARTESIAN_POINT('Origin',(191.07969815967,-81.53116235796,2.04958492358057));
#17168=CARTESIAN_POINT('Origin',(196.7439219068,-78.7348234937342,-6.55));
#17169=CARTESIAN_POINT('',(196.588018680161,-78.4390089626002,2.04958492358058));
#17170=CARTESIAN_POINT('',(196.588018680161,-78.4390089626002,-0.05));
#17171=CARTESIAN_POINT('',(193.57988480981,-72.7313034222728,2.04958492358058));
#17172=CARTESIAN_POINT('Origin',(191.17328347827,-81.46518937171,-6.55));
#17173=CARTESIAN_POINT('',(193.807653907333,-75.8493886614324,2.04958492358058));
#17174=CARTESIAN_POINT('',(193.807653907333,-75.8493886614324,-6.55));
#17175=CARTESIAN_POINT('Origin',(191.17328347827,-81.46518937171,2.04958492358058));
#17176=CARTESIAN_POINT('Origin',(174.679569375087,-73.4602683168061,2.74979246179029));
#17177=CARTESIAN_POINT('',(192.130447503882,-75.3313746032082,2.04958492358058));
#17178=CARTESIAN_POINT('Ctrl Pts',(192.130447503882,-75.3313746032082,2.04958492358058));
#17179=CARTESIAN_POINT('Ctrl Pts',(192.103306136344,-75.4958164937278,2.16628617994886));
#17180=CARTESIAN_POINT('Ctrl Pts',(192.076172916911,-75.6602597264214,2.28298743631715));
#17181=CARTESIAN_POINT('Ctrl Pts',(192.021922774454,-75.9891488749454,2.51638994905372));
#17182=CARTESIAN_POINT('Ctrl Pts',(191.99480585143,-76.1535947907758,2.633091205422));
#17183=CARTESIAN_POINT('Ctrl Pts',(191.940588301991,-76.4824893043624,2.86649371815857));
#17184=CARTESIAN_POINT('Ctrl Pts',(191.913487675576,-76.6469379021185,2.98319497452686));
#17185=CARTESIAN_POINT('Ctrl Pts',(191.859302719553,-76.9758377783452,3.21659748726343));
#17186=CARTESIAN_POINT('Ctrl Pts',(191.832218389946,-77.1402890568158,3.33329874363171));
#17187=CARTESIAN_POINT('Ctrl Pts',(191.805142208841,-77.3047416750379,3.45));
#17188=CARTESIAN_POINT('',(171.876538864078,-71.9833494901072,2.04958492358059));
#17189=CARTESIAN_POINT('',(174.842658851268,-72.4736570343048,2.04958492358058));
#17190=CARTESIAN_POINT('',(171.551188945188,-73.9567089176516,3.45));
#17191=CARTESIAN_POINT('Origin',(172.34752290837,-69.1266688823598,2.74979246179029));
#17192=CARTESIAN_POINT('',(170.786200724915,-71.5648491677586,2.04958492358057));
#17193=CARTESIAN_POINT('Origin',(172.34752290837,-69.1266688823598,2.04958492358059));
#17194=CARTESIAN_POINT('Ctrl Pts',(169.671194999941,-73.2255349999588,3.45000000000004));
#17195=CARTESIAN_POINT('Ctrl Pts',(170.035565874947,-72.6850967681042,2.993656437584));
#17196=CARTESIAN_POINT('Ctrl Pts',(170.423641213415,-72.1077804621567,2.50663685332957));
#17197=CARTESIAN_POINT('Ctrl Pts',(170.786200724914,-71.5648491677583,2.04958492358059));
#17198=CARTESIAN_POINT('Origin',(168.126500564156,-70.9322481301105,2.74979246179029));
#17199=CARTESIAN_POINT('',(170.604988468698,-71.4387414162193,2.04958492358057));
#17200=CARTESIAN_POINT('',(168.697708662861,-70.1114428499285,2.04958492358057));
#17201=CARTESIAN_POINT('Ctrl Pts',(169.435760000002,-73.0616929999979,3.45000000000006));
#17202=CARTESIAN_POINT('Ctrl Pts',(169.815494610814,-72.5324734994459,2.9939592798449));
#17203=CARTESIAN_POINT('Ctrl Pts',(170.222280131708,-71.967179549602,2.50636594948334));
#17204=CARTESIAN_POINT('Ctrl Pts',(170.604988468698,-71.4387414162193,2.04958492358057));
#17205=CARTESIAN_POINT('Origin',(172.3158514214,-69.1676495455201,2.74979246179029));
#17206=CARTESIAN_POINT('',(169.807269908769,-70.506279114359,2.04958492358057));
#17207=CARTESIAN_POINT('Origin',(172.3158514214,-69.1676495455201,2.04958492358057));
#17208=CARTESIAN_POINT('Ctrl Pts',(167.961839217206,-71.2892241368802,3.45000000000001));
#17209=CARTESIAN_POINT('Ctrl Pts',(168.564672019664,-71.0391197716665,2.99383172353742));
#17210=CARTESIAN_POINT('Ctrl Pts',(169.20788107428,-70.7679718338489,2.50612764551895));
#17211=CARTESIAN_POINT('Ctrl Pts',(169.807269908769,-70.506279114359,2.04958492358057));
#17212=CARTESIAN_POINT('Origin',(170.372381090304,-75.1975384675579,2.74979246179029));
#17213=CARTESIAN_POINT('',(167.159683,-62.8548095752672,2.04958492358059));
#17214=CARTESIAN_POINT('',(171.317405286156,-74.8705380558558,2.04958492358057));
#17215=CARTESIAN_POINT('',(165.159683,-63.1910526023715,3.45));
#17216=CARTESIAN_POINT('Origin',(166.159683000001,-74.1392434341668,2.74979246179029));
#17217=CARTESIAN_POINT('',(167.159682999999,-53.0037062691554,2.04958492358057));
#17218=CARTESIAN_POINT('',(167.159683000001,-74.1392434341667,2.04958492358059));
#17219=CARTESIAN_POINT('',(165.159682999999,-51.8922933380328,3.45));
#17220=CARTESIAN_POINT('Origin',(154.956928448502,-59.4150192909547,2.74979246179028));
#17221=CARTESIAN_POINT('',(167.352059931825,-52.8840666013589,2.04958492358058));
#17222=CARTESIAN_POINT('',(155.485034510735,-60.2641977098006,2.04958492358057));
#17223=CARTESIAN_POINT('',(166.218525000001,-51.2337969999994,3.45));
#17224=CARTESIAN_POINT('Origin',(154.973857964718,-60.9889669234975,2.74979246179029));
#17225=CARTESIAN_POINT('',(167.676136466701,-52.6390485352945,2.04958492358059));
#17226=CARTESIAN_POINT('',(155.576942103591,-61.7866445033759,2.04958492358058));
#17227=CARTESIAN_POINT('Ctrl Pts',(166.436500000085,-51.0689969999271,3.45));
#17228=CARTESIAN_POINT('Ctrl Pts',(166.843467041936,-51.5813046937583,2.9920000404268));
#17229=CARTESIAN_POINT('Ctrl Pts',(167.272447213067,-52.1253203900027,2.50699410418933));
#17230=CARTESIAN_POINT('Ctrl Pts',(167.676136466702,-52.6390485352941,2.04958492358059));
#17231=CARTESIAN_POINT('Origin',(177.882148529611,-102.871309155982,2.74979246179029));
#17232=CARTESIAN_POINT('',(180.898788406141,-101.175088810544,2.04958492358057));
#17233=CARTESIAN_POINT('',(194.207557000001,-84.4375599999991,3.45));
#17234=CARTESIAN_POINT('Origin',(164.45279637142,-48.69101670102,2.7497924617903));
#17235=CARTESIAN_POINT('',(168.64643662061,-51.5876109416181,2.04958492358057));
#17236=CARTESIAN_POINT('Origin',(164.45279637142,-48.69101670102,2.04958492358059));
#17237=CARTESIAN_POINT('Ctrl Pts',(166.985499999997,-50.4729490000051,3.44999999999999));
#17238=CARTESIAN_POINT('Ctrl Pts',(167.527847371122,-50.8388363141496,2.99199281007737));
#17239=CARTESIAN_POINT('Ctrl Pts',(168.103267371896,-51.2245787367438,2.50699006351484));
#17240=CARTESIAN_POINT('Ctrl Pts',(168.64643662061,-51.5876109416189,2.0495849235806));
#17241=CARTESIAN_POINT('Origin',(158.073666694121,-66.1005193857668,2.74979246179028));
#17242=CARTESIAN_POINT('',(168.856798611977,-51.2622047184678,2.04958492358059));
#17243=CARTESIAN_POINT('',(158.913466280184,-66.6434159277055,2.04958492358057));
#17244=CARTESIAN_POINT('',(167.134326,-50.2427319999993,3.45));
#17245=CARTESIAN_POINT('Origin',(159.267576791742,-66.92242547852,2.74979246179029));
#17246=CARTESIAN_POINT('',(169.06181108615,-50.8823870720167,2.04958492358058));
#17247=CARTESIAN_POINT('',(160.147568438385,-67.3974146382254,2.04958492358059));
#17248=CARTESIAN_POINT('',(167.266466,-49.9979220000002,3.45));
#17249=CARTESIAN_POINT('Origin',(182.909721962791,-103.1266180517,2.7497924617903));
#17250=CARTESIAN_POINT('',(180.142090402871,-103.547589033107,2.04958492358058));
#17251=CARTESIAN_POINT('Ctrl Pts',(178.33676899973,-101.669580000771,3.45000000000001));
#17252=CARTESIAN_POINT('Ctrl Pts',(178.954175551633,-101.875928967397,2.99422644744336));
#17253=CARTESIAN_POINT('Ctrl Pts',(179.615679712008,-102.096032007681,2.50612738667687));
#17254=CARTESIAN_POINT('Ctrl Pts',(180.235067383786,-102.300044460508,2.0495849235806));
#17255=CARTESIAN_POINT('Origin',(160.535815883546,-67.4974123578488,2.74979246179029));
#17256=CARTESIAN_POINT('',(169.236384503965,-50.4920333954052,2.04958492358058));
#17257=CARTESIAN_POINT('',(161.448685116203,-67.9056644418233,2.04958492358058));
#17258=CARTESIAN_POINT('',(167.382161,-49.7392230000001,3.45));
#17259=CARTESIAN_POINT('Origin',(179.134637717585,-103.573904808014,2.74979246179029));
#17260=CARTESIAN_POINT('Ctrl Pts',(183.359730278934,-124.75385001839,2.04958492358057));
#17261=CARTESIAN_POINT('Ctrl Pts',(183.194955664708,-124.778892305752,2.16628617994886));
#17262=CARTESIAN_POINT('Ctrl Pts',(183.030182339682,-124.803943057232,2.28298743631715));
#17263=CARTESIAN_POINT('Ctrl Pts',(182.700638269331,-124.854061488228,2.51638994905372));
#17264=CARTESIAN_POINT('Ctrl Pts',(182.535867524008,-124.879129167745,2.633091205422));
#17265=CARTESIAN_POINT('Ctrl Pts',(182.206328614368,-124.929281454618,2.86649371815858));
#17266=CARTESIAN_POINT('Ctrl Pts',(182.041560450051,-124.954366061974,2.98319497452686));
#17267=CARTESIAN_POINT('Ctrl Pts',(181.71202670373,-125.004552204324,3.21659748726344));
#17268=CARTESIAN_POINT('Ctrl Pts',(181.547261121725,-125.029653739319,3.33329874363172));
#17269=CARTESIAN_POINT('Ctrl Pts',(181.382496831529,-125.054763738034,3.45000000000001));
#17270=CARTESIAN_POINT('Origin',(161.816766166037,-67.8582019298622,2.74979246179029));
#17271=CARTESIAN_POINT('',(169.382231358137,-50.0934664429517,2.04958492358057));
#17272=CARTESIAN_POINT('',(162.755866454279,-68.2018451294518,2.04958492358058));
#17273=CARTESIAN_POINT('',(167.481651,-49.4673390000001,3.45));
#17274=CARTESIAN_POINT('Origin',(163.072703686297,-68.0260639146177,2.74979246179029));
#17275=CARTESIAN_POINT('',(169.501198495257,-49.6884397801225,2.04958492358058));
#17276=CARTESIAN_POINT('',(164.032170670876,-68.3078849668887,2.04958492358057));
#17277=CARTESIAN_POINT('',(167.565176,-49.1829759999995,3.45));
#17278=CARTESIAN_POINT('Origin',(164.276738635001,-68.0266113397415,2.74979246179029));
#17279=CARTESIAN_POINT('',(169.595122086403,-49.2782094276498,2.04958492358059));
#17280=CARTESIAN_POINT('',(165.251516219427,-68.249789880154,2.04958492358058));
#17281=CARTESIAN_POINT('',(167.632978,-48.8868369999999,3.45));
#17282=CARTESIAN_POINT('Origin',(165.41177756988,-67.8862490596364,2.74979246179029));
#17283=CARTESIAN_POINT('',(169.665719277157,-48.8636631229621,2.04958492358058));
#17284=CARTESIAN_POINT('',(166.397584528348,-68.0541318778073,2.04958492358059));
#17285=CARTESIAN_POINT('',(167.685296,-48.5796260000001,3.45));
#17286=CARTESIAN_POINT('Origin',(166.468042761737,-67.6298351212028,2.74979246179029));
#17287=CARTESIAN_POINT('',(169.714548104487,-48.445416481011,2.04958492358057));
#17288=CARTESIAN_POINT('',(167.461296772076,-67.7457940404173,2.04958492358058));
#17289=CARTESIAN_POINT('',(167.722372,-48.2620490000001,3.45));
#17290=CARTESIAN_POINT('Origin',(167.44188035471,-67.2794764192656,2.74979246179028));
#17291=CARTESIAN_POINT('',(169.7429803546,-48.0238983580933,2.04958492358057));
#17292=CARTESIAN_POINT('',(168.439613200363,-67.3467755180986,2.04958492358057));
#17293=CARTESIAN_POINT('',(167.744445,-47.934809,3.45));
#17294=CARTESIAN_POINT('Origin',(168.333204533343,-66.8540824785731,2.74979246179028));
#17295=CARTESIAN_POINT('',(169.751757,-47.6203575169895,2.04958492358058));
#17296=CARTESIAN_POINT('',(169.332968105795,-66.8758264248243,2.04958492358057));
#17297=CARTESIAN_POINT('',(167.751756999218,-47.5986110359701,3.45));
#17298=CARTESIAN_POINT('Origin',(168.751757679992,-66.5220171746078,2.74979246179029));
#17299=CARTESIAN_POINT('',(169.751756911105,-45.1493485455002,2.04958492358058));
#17300=CARTESIAN_POINT('',(169.751757679992,-66.5220171386326,2.04958492358058));
#17301=CARTESIAN_POINT('',(167.751757538379,-45.1509325584912,3.45));
#17302=CARTESIAN_POINT('Origin',(164.41075458704,-45.15357865536,2.74979246179029));
#17303=CARTESIAN_POINT('',(169.56952207307,-43.7703065401999,2.04958492358059));
#17304=CARTESIAN_POINT('Origin',(164.41075458704,-45.15357865536,2.04958492358058));
#17305=CARTESIAN_POINT('Ctrl Pts',(167.642896999998,-44.3076689999942,3.45));
#17306=CARTESIAN_POINT('Ctrl Pts',(168.274667180515,-44.1325997937768,2.99100645445995));
#17307=CARTESIAN_POINT('Ctrl Pts',(168.939006861292,-43.9470667851223,2.50806764049545));
#17308=CARTESIAN_POINT('Ctrl Pts',(169.56952207307,-43.7703065402,2.04958492358058));
#17309=CARTESIAN_POINT('Origin',(173.646570966061,-61.2637513705889,2.74979246179029));
#17310=CARTESIAN_POINT('',(169.49487919056,-43.5152244347471,2.04958492358058));
#17311=CARTESIAN_POINT('',(174.606323885561,-60.9829056237605,2.04958492358059));
#17312=CARTESIAN_POINT('Ctrl Pts',(167.583381000016,-44.1042810000502,3.45000000000001));
#17313=CARTESIAN_POINT('Ctrl Pts',(168.211476059837,-43.9095644839061,2.98961258239393));
#17314=CARTESIAN_POINT('Ctrl Pts',(168.866732917954,-43.7078599136799,2.50959752091062));
#17315=CARTESIAN_POINT('Ctrl Pts',(169.49487919056,-43.5152244347471,2.04958492358057));
#17316=CARTESIAN_POINT('Origin',(163.98897433014,-45.28170870362,2.74979246179029));
#17317=CARTESIAN_POINT('',(169.089238261576,-42.5572339223343,2.04958492358059));
#17318=CARTESIAN_POINT('Origin',(163.98897433014,-45.28170870362,2.04958492358058));
#17319=CARTESIAN_POINT('Ctrl Pts',(167.333901999999,-43.5160489999989,3.45000000000005));
#17320=CARTESIAN_POINT('Ctrl Pts',(167.911412350958,-43.20161752666,2.98960968670012));
#17321=CARTESIAN_POINT('Ctrl Pts',(168.512996828334,-42.8728188134716,2.50959574282049));
#17322=CARTESIAN_POINT('Ctrl Pts',(169.089238261576,-42.5572339223345,2.04958492358058));
#17323=CARTESIAN_POINT('Origin',(175.670731197462,-56.3258765917662,2.74979246179029));
#17324=CARTESIAN_POINT('',(168.959941351367,-42.3268786550236,2.04958492358057));
#17325=CARTESIAN_POINT('',(176.542755935746,-55.8364147895584,2.04958492358059));
#17326=CARTESIAN_POINT('Ctrl Pts',(167.228472000038,-43.3282150000652,3.44999999999993));
#17327=CARTESIAN_POINT('Ctrl Pts',(167.798981054787,-42.9972703694128,2.98822519697374));
#17328=CARTESIAN_POINT('Ctrl Pts',(168.388970715937,-42.6562432143041,2.51110003727071));
#17329=CARTESIAN_POINT('Ctrl Pts',(168.959941351368,-42.3268786550246,2.04958492358058));
#17330=CARTESIAN_POINT('Origin',(163.46000420187,-45.58624808279,2.74979246179029));
#17331=CARTESIAN_POINT('',(168.379071918102,-41.5026748291057,2.04958492358057));
#17332=CARTESIAN_POINT('Origin',(163.46000420187,-45.58624808279,2.04958492358057));
#17333=CARTESIAN_POINT('Ctrl Pts',(166.851143000003,-42.7933570000035,3.44999999999989));
#17334=CARTESIAN_POINT('Ctrl Pts',(167.355425997065,-42.3682962846025,2.9882231261934));
#17335=CARTESIAN_POINT('Ctrl Pts',(167.875915869971,-41.9284667506429,2.51109870007204));
#17336=CARTESIAN_POINT('Ctrl Pts',(168.379071918101,-41.5026748291052,2.04958492358057));
#17337=CARTESIAN_POINT('Origin',(175.616889211507,-51.4244529921229,2.74979246179029));
#17338=CARTESIAN_POINT('',(168.205941382361,-41.3019652158358,2.04958492358059));
#17339=CARTESIAN_POINT('',(176.374103221615,-50.771286135266,2.04958492358057));
#17340=CARTESIAN_POINT('Ctrl Pts',(166.70639400003,-42.6255500000338,3.4500000000001));
#17341=CARTESIAN_POINT('Ctrl Pts',(167.201509251186,-42.1876199791289,2.98719812165735));
#17342=CARTESIAN_POINT('Ctrl Pts',(167.710198170673,-41.7387634754635,2.51220213727859));
#17343=CARTESIAN_POINT('Ctrl Pts',(168.20594138236,-41.3019652158351,2.04958492358059));
#17344=CARTESIAN_POINT('Origin',(148.729905260257,-116.621538904592,2.74979246179029));
#17345=CARTESIAN_POINT('',(156.29978330166,-121.755437955019,2.04958492358058));
#17346=CARTESIAN_POINT('',(175.11639,-129.442668,3.45));
#17347=CARTESIAN_POINT('Origin',(162.97386791459,-46.0105674793,2.74979246179029));
#17348=CARTESIAN_POINT('',(167.492310218354,-40.6134194180357,2.04958492358058));
#17349=CARTESIAN_POINT('Origin',(162.97386791459,-46.0105674793,2.04958492358059));
#17350=CARTESIAN_POINT('Ctrl Pts',(166.220994999996,-42.1574829999965,3.45000000000007));
#17351=CARTESIAN_POINT('Ctrl Pts',(166.641586457192,-41.6475732037642,2.98719700043775));
#17352=CARTESIAN_POINT('Ctrl Pts',(167.072723880679,-41.1237981935309,2.51220137112813));
#17353=CARTESIAN_POINT('Ctrl Pts',(167.492310218354,-40.613419418036,2.04958492358059));
#17354=CARTESIAN_POINT('Origin',(174.015344074958,-47.1642668419469,2.74979246179029));
#17355=CARTESIAN_POINT('',(167.283735209817,-40.4450483510977,2.04958492358057));
#17356=CARTESIAN_POINT('',(174.643470369956,-46.3861554376279,2.04958492358058));
#17357=CARTESIAN_POINT('Ctrl Pts',(166.043734000012,-42.0143900000101,3.45000000000008));
#17358=CARTESIAN_POINT('Ctrl Pts',(166.453558430762,-41.4947821906987,2.98664868041611));
#17359=CARTESIAN_POINT('Ctrl Pts',(166.873204620448,-40.9638139545045,2.51278795795811));
#17360=CARTESIAN_POINT('Ctrl Pts',(167.283735209817,-40.445048351098,2.04958492358057));
#17361=CARTESIAN_POINT('Origin',(162.68810701634,-46.36940207249,2.74979246179029));
#17362=CARTESIAN_POINT('',(165.630102680401,-39.4728502513624,2.04958492358058));
#17363=CARTESIAN_POINT('Origin',(162.68810701634,-46.36940207249,2.04958492358057));
#17364=CARTESIAN_POINT('Ctrl Pts',(164.860371000008,-41.3188940000034,3.44999999999994));
#17365=CARTESIAN_POINT('Ctrl Pts',(165.115541276716,-40.7082974230321,2.98664817837169));
#17366=CARTESIAN_POINT('Ctrl Pts',(165.375925831663,-40.0836201365083,2.51278762799324));
#17367=CARTESIAN_POINT('Ctrl Pts',(165.6301026804,-39.4728502513621,2.04958492358058));
#17368=CARTESIAN_POINT('Origin',(154.93864046916,-124.3155794252,2.74979246179028));
#17369=CARTESIAN_POINT('',(153.584404963734,-121.755302974185,2.04958492358058));
#17370=CARTESIAN_POINT('Ctrl Pts',(154.059213998657,-119.498831000204,3.45));
#17371=CARTESIAN_POINT('Ctrl Pts',(154.166620259534,-120.141730406208,2.99364970120781));
#17372=CARTESIAN_POINT('Ctrl Pts',(154.282210497992,-120.827672575247,2.50664204893234));
#17373=CARTESIAN_POINT('Ctrl Pts',(154.392700315619,-121.471125407549,2.04958492358057));
#17374=CARTESIAN_POINT('Origin',(152.213438187186,-121.349030858501,2.74979246179029));
#17375=CARTESIAN_POINT('Ctrl Pts',(135.703263880671,-131.210211634987,2.04958492358058));
#17376=CARTESIAN_POINT('Ctrl Pts',(135.625319877605,-131.062893875311,2.16628617994886));
#17377=CARTESIAN_POINT('Ctrl Pts',(135.547368348595,-130.915580100705,2.28298743631715));
#17378=CARTESIAN_POINT('Ctrl Pts',(135.391450239298,-130.620960522786,2.51638994905372));
#17379=CARTESIAN_POINT('Ctrl Pts',(135.313483659011,-130.473654719473,2.633091205422));
#17380=CARTESIAN_POINT('Ctrl Pts',(135.157535447773,-130.179051085294,2.86649371815857));
#17381=CARTESIAN_POINT('Ctrl Pts',(135.079553816821,-130.031753254428,2.98319497452686));
#17382=CARTESIAN_POINT('Ctrl Pts',(134.923575504864,-129.737165566296,3.21659748726343));
#17383=CARTESIAN_POINT('Ctrl Pts',(134.845578823858,-129.58987570903,3.33329874363171));
#17384=CARTESIAN_POINT('Ctrl Pts',(134.767574618131,-129.442589839141,3.45));
#17385=CARTESIAN_POINT('Origin',(162.76850870819,-46.14264262185,2.74979246179029));
#17386=CARTESIAN_POINT('',(165.382771212905,-39.3724822740924,2.04958492358058));
#17387=CARTESIAN_POINT('',(165.382771212905,-39.3724822740924,2.04958492358058));
#17388=CARTESIAN_POINT('',(164.127056109093,-39.0135621385474,2.04958492358058));
#17389=CARTESIAN_POINT('Origin',(162.76850870819,-46.14264262185,2.04958492358057));
#17390=CARTESIAN_POINT('Ctrl Pts',(163.771142999995,-40.9817629999991,3.45));
#17391=CARTESIAN_POINT('Ctrl Pts',(163.889464098259,-40.3310401013937,2.98692137195194));
#17392=CARTESIAN_POINT('Ctrl Pts',(164.009944003171,-39.6642496751572,2.51249771681569));
#17393=CARTESIAN_POINT('Ctrl Pts',(164.127056109093,-39.0135621385473,2.04958492358058));
#17394=CARTESIAN_POINT('Origin',(163.317655698239,-39.8906714124714,2.74979246179029));
#17395=CARTESIAN_POINT('',(163.862794148537,-38.9687858808069,2.04958492358057));
#17396=CARTESIAN_POINT('',(163.48471349781,-38.9047243086152,2.04958492358058));
#17397=CARTESIAN_POINT('Ctrl Pts',(163.547915696218,-40.9439396096493,3.44999999999991));
#17398=CARTESIAN_POINT('Ctrl Pts',(163.651369844,-40.2909626744138,2.98710432157966));
#17399=CARTESIAN_POINT('Ctrl Pts',(163.758906156968,-39.6170935301599,2.50930782727218));
#17400=CARTESIAN_POINT('Ctrl Pts',(163.862791389025,-38.9687854302785,2.0495849353447));
#17401=CARTESIAN_POINT('Origin',(162.87251267879,-45.52394845475,2.74979246179029));
#17402=CARTESIAN_POINT('',(162.877099836982,-38.894409,2.04958492358058));
#17403=CARTESIAN_POINT('Origin',(162.87251267879,-45.52394845475,2.04958492358057));
#17404=CARTESIAN_POINT('',(162.877099836982,-40.894409,3.45));
#17405=CARTESIAN_POINT('Origin',(158.909454407615,-39.894409,2.74979246179029));
#17406=CARTESIAN_POINT('',(147.335083125113,-38.894409,2.04958492358058));
#17407=CARTESIAN_POINT('',(158.909454407615,-38.894409,2.04958492358058));
#17408=CARTESIAN_POINT('',(147.360100999999,-40.894409,3.45));
#17409=CARTESIAN_POINT('Origin',(150.579321695128,-39.8135453393666,2.74979246179029));
#17410=CARTESIAN_POINT('',(147.062435967001,-38.9012311199707,2.04958492358058));
#17411=CARTESIAN_POINT('',(150.554307734265,-38.8138582374382,2.04958492358058));
#17412=CARTESIAN_POINT('Ctrl Pts',(147.136376000007,-40.9000069999974,3.45000000000002));
#17413=CARTESIAN_POINT('Ctrl Pts',(147.111209265794,-40.2399002838841,2.98749213206119));
#17414=CARTESIAN_POINT('Ctrl Pts',(147.086217088728,-39.5610795513395,2.51188772623008));
#17415=CARTESIAN_POINT('Ctrl Pts',(147.062435967,-38.9012311199707,2.04958492358058));
#17416=CARTESIAN_POINT('Origin',(147.38357428135,-45.724160142,2.74979246179029));
#17417=CARTESIAN_POINT('',(146.061783084842,-39.0227902604439,2.04958492358058));
#17418=CARTESIAN_POINT('Origin',(147.38357428135,-45.724160142,2.04958492358058));
#17419=CARTESIAN_POINT('Ctrl Pts',(146.465210999989,-40.9817799999994,3.44999999999997));
#17420=CARTESIAN_POINT('Ctrl Pts',(146.3325791984,-40.3346613203797,2.98749069841307));
#17421=CARTESIAN_POINT('Ctrl Pts',(146.195471731447,-39.6693771934838,2.5118867660155));
#17422=CARTESIAN_POINT('Ctrl Pts',(146.061783084843,-39.0227902604438,2.04958492358057));
#17423=CARTESIAN_POINT('Origin',(145.720477212561,-40.119748548536,2.74979246179029));
#17424=CARTESIAN_POINT('',(145.799313970735,-39.0795663073762,2.04958492358059));
#17425=CARTESIAN_POINT('',(145.509052038255,-39.1423543621047,2.04958492358058));
#17426=CARTESIAN_POINT('Ctrl Pts',(146.243123000117,-41.0298209999729,3.45000000000003));
#17427=CARTESIAN_POINT('Ctrl Pts',(146.095735378299,-40.3848960679321,2.98680757892618));
#17428=CARTESIAN_POINT('Ctrl Pts',(145.945546702247,-39.7245094291626,2.51261882163614));
#17429=CARTESIAN_POINT('Ctrl Pts',(145.799313970733,-39.0795663073765,2.04958492358058));
#17430=CARTESIAN_POINT('Origin',(147.53709552965,-46.35164970255,2.74979246179029));
#17431=CARTESIAN_POINT('',(144.321119125504,-39.6016430412462,2.04958492358058));
#17432=CARTESIAN_POINT('',(144.321119125504,-39.6016430412462,2.04958492358058));
#17433=CARTESIAN_POINT('',(142.952347781984,-40.4452817619336,2.04958492358058));
#17434=CARTESIAN_POINT('Origin',(147.53709552965,-46.35164970255,2.04958492358058));
#17435=CARTESIAN_POINT('Ctrl Pts',(144.192642999992,-42.0143870000058,3.44999999999998));
#17436=CARTESIAN_POINT('Ctrl Pts',(143.782735986678,-41.4948865420693,2.9866710292677));
#17437=CARTESIAN_POINT('Ctrl Pts',(143.362949844039,-40.9639459900118,2.5127640049329));
#17438=CARTESIAN_POINT('Ctrl Pts',(142.952347781984,-40.445281761934,2.04958492358058));
#17439=CARTESIAN_POINT('Origin',(132.77426207553,-125.7125852691,2.74979246179029));
#17440=CARTESIAN_POINT('',(126.524486568565,-124.752779258041,2.04958492358057));
#17441=CARTESIAN_POINT('Ctrl Pts',(128.460832,-126.000777999997,3.45));
#17442=CARTESIAN_POINT('Ctrl Pts',(127.803833864411,-126.056991236448,2.98836435000043));
#17443=CARTESIAN_POINT('Ctrl Pts',(127.124535889892,-126.116524602082,2.51095721599506));
#17444=CARTESIAN_POINT('Ctrl Pts',(126.468133379224,-126.174821498687,2.04958492358058));
#17445=CARTESIAN_POINT('Origin',(147.22469001525,-45.97095979114,2.74979246179029));
#17446=CARTESIAN_POINT('',(142.744545805721,-40.6130408371144,2.04958492358058));
#17447=CARTESIAN_POINT('',(142.744545805721,-40.6130408371144,2.04958492358058));
#17448=CARTESIAN_POINT('',(142.029930833979,-41.3026126848631,2.04958492358058));
#17449=CARTESIAN_POINT('Origin',(147.22469001525,-45.97095979114,2.04958492358059));
#17450=CARTESIAN_POINT('Ctrl Pts',(143.53004,-42.6255499999996,3.45000000000006));
#17451=CARTESIAN_POINT('Ctrl Pts',(143.034810006447,-42.187912977596,2.98727191607327));
#17452=CARTESIAN_POINT('Ctrl Pts',(142.525767091677,-41.7391305835705,2.51212271729618));
#17453=CARTESIAN_POINT('Ctrl Pts',(142.02993083398,-41.3026126848627,2.04958492358059));
#17454=CARTESIAN_POINT('Origin',(132.358458698748,-92.9710139374452,2.74979246179029));
#17455=CARTESIAN_POINT('',(129.742056500775,-103.548110311422,2.04958492358058));
#17456=CARTESIAN_POINT('Origin',(134.630286673034,-51.4141524957663,2.74979246179029));
#17457=CARTESIAN_POINT('',(141.857805111284,-41.5022029246857,2.04958492358059));
#17458=CARTESIAN_POINT('',(133.872999011869,-50.7610710320529,2.04958492358058));
#17459=CARTESIAN_POINT('Ctrl Pts',(143.385324000216,-42.7933569997371,3.45000000000007));
#17460=CARTESIAN_POINT('Ctrl Pts',(142.88130769768,-42.368224220051,2.98833099800988));
#17461=CARTESIAN_POINT('Ctrl Pts',(142.360710519929,-41.9280283423233,2.51098160279488));
#17462=CARTESIAN_POINT('Ctrl Pts',(141.857805111284,-41.5022029246857,2.04958492358058));
#17463=CARTESIAN_POINT('Origin',(146.7306302913,-45.5530026408,2.74979246179029));
#17464=CARTESIAN_POINT('',(141.276031968068,-42.3279816009826,2.04958492358058));
#17465=CARTESIAN_POINT('Origin',(146.7306302913,-45.5530026408,2.04958492358059));
#17466=CARTESIAN_POINT('Ctrl Pts',(143.008126,-43.3282150000006,3.44999999999995));
#17467=CARTESIAN_POINT('Ctrl Pts',(142.437534490272,-42.9977282317877,2.98833301775509));
#17468=CARTESIAN_POINT('Ctrl Pts',(141.847054764641,-42.6569145172173,2.5109829227242));
#17469=CARTESIAN_POINT('Ctrl Pts',(141.276031968068,-42.3279816009825,2.04958492358059));
#17470=CARTESIAN_POINT('Origin',(134.589085946928,-56.2907613429211,2.74979246179029));
#17471=CARTESIAN_POINT('',(141.147658659287,-42.5567977260956,2.04958492358057));
#17472=CARTESIAN_POINT('',(133.716964119689,-55.8014725545226,2.04958492358058));
#17473=CARTESIAN_POINT('Ctrl Pts',(142.902745000042,-43.5160489999181,3.44999999999993));
#17474=CARTESIAN_POINT('Ctrl Pts',(142.325480058126,-43.2015335836344,2.98972962199462));
#17475=CARTESIAN_POINT('Ctrl Pts',(141.723664296277,-42.8724162096149,2.5094642014482));
#17476=CARTESIAN_POINT('Ctrl Pts',(141.147658659288,-42.5567977260951,2.04958492358057));
#17477=CARTESIAN_POINT('Origin',(146.20774525861,-45.26392886857,2.74979246179029));
#17478=CARTESIAN_POINT('',(140.74154247496,-43.5164556804447,2.04958492358057));
#17479=CARTESIAN_POINT('Origin',(146.20774525861,-45.26392886857,2.04958492358057));
#17480=CARTESIAN_POINT('Ctrl Pts',(142.653405999999,-44.1042810000018,3.45000000000002));
#17481=CARTESIAN_POINT('Ctrl Pts',(142.025347189628,-43.9100436840768,2.98973242582916));
#17482=CARTESIAN_POINT('Ctrl Pts',(141.369622700729,-43.7086526713566,2.50946590186098));
#17483=CARTESIAN_POINT('Ctrl Pts',(140.74154247496,-43.5164556804444,2.04958492358057));
#17484=CARTESIAN_POINT('Origin',(131.654192233018,-102.630595835648,2.74979246179029));
#17485=CARTESIAN_POINT('',(128.964754713778,-101.153990927631,2.04958492358058));
#17486=CARTESIAN_POINT('',(130.615104,-99.9965820000001,3.45));
#17487=CARTESIAN_POINT('Origin',(136.615915858236,-61.1873038862082,2.74979246179029));
#17488=CARTESIAN_POINT('',(140.667207192253,-43.7706531765634,2.04958492358057));
#17489=CARTESIAN_POINT('',(135.656113346095,-60.9066276711711,2.04958492358057));
#17490=CARTESIAN_POINT('Ctrl Pts',(142.593928151725,-44.3076719007358,3.45000000000001));
#17491=CARTESIAN_POINT('Ctrl Pts',(141.961433972902,-44.1325245401226,2.9905033673676));
#17492=CARTESIAN_POINT('Ctrl Pts',(141.295250565733,-43.9466021274127,2.50624788154047));
#17493=CARTESIAN_POINT('Ctrl Pts',(140.667206147842,-43.7706568517379,2.04958494396007));
#17494=CARTESIAN_POINT('Origin',(124.626541291161,-95.1957144077863,2.74979246179029));
#17495=CARTESIAN_POINT('Ctrl Pts',(114.234950262398,-85.8240486176857,2.04958492358058));
#17496=CARTESIAN_POINT('Ctrl Pts',(114.355101405228,-85.7085432365274,2.16628617994887));
#17497=CARTESIAN_POINT('Ctrl Pts',(114.475246509177,-85.5930315778004,2.28298743631715));
#17498=CARTESIAN_POINT('Ctrl Pts',(114.715524638331,-85.3619957061559,2.51638994905372));
#17499=CARTESIAN_POINT('Ctrl Pts',(114.835657663535,-85.2464714932383,2.63309120542201));
#17500=CARTESIAN_POINT('Ctrl Pts',(115.075911634214,-85.0154105141599,2.86649371815857));
#17501=CARTESIAN_POINT('Ctrl Pts',(115.196032579689,-84.899873747999,2.98319497452686));
#17502=CARTESIAN_POINT('Ctrl Pts',(115.436262389926,-84.6687876633808,3.21659748726343));
#17503=CARTESIAN_POINT('Ctrl Pts',(115.556371254687,-84.5532383449235,3.33329874363171));
#17504=CARTESIAN_POINT('Ctrl Pts',(115.676474078601,-84.4376827507918,3.45));
#17505=CARTESIAN_POINT('Origin',(145.82833572819,-45.15354187355,2.74979246179029));
#17506=CARTESIAN_POINT('',(140.485152,-45.1493601836191,2.04958492358059));
#17507=CARTESIAN_POINT('Origin',(145.82833572819,-45.15354187355,2.04958492358057));
#17508=CARTESIAN_POINT('',(142.485152,-45.1493601836191,3.45));
#17509=CARTESIAN_POINT('Origin',(141.485152,-65.2865187383431,2.74979246179029));
#17510=CARTESIAN_POINT('',(140.485152,-47.6203432963321,2.04958492358059));
#17511=CARTESIAN_POINT('',(140.485152,-65.2865187383431,2.04958492358059));
#17512=CARTESIAN_POINT('',(142.485152,-47.5986110000001,3.45));
#17513=CARTESIAN_POINT('Origin',(141.898960114205,-66.6483880963449,2.74979246179029));
#17514=CARTESIAN_POINT('',(140.493921868326,-48.0238364525863,2.04958492358058));
#17515=CARTESIAN_POINT('',(140.899196232678,-66.6701178269787,2.04958492358059));
#17516=CARTESIAN_POINT('',(142.492459,-47.9347989999997,3.45));
#17517=CARTESIAN_POINT('Origin',(142.779275134518,-67.0566877435887,2.74979246179029));
#17518=CARTESIAN_POINT('',(140.522334301377,-48.4452974172157,2.04958492358059));
#17519=CARTESIAN_POINT('',(141.781539752351,-67.1239492271603,2.04958492358058));
#17520=CARTESIAN_POINT('',(142.514519,-48.2620300000004,3.45));
#17521=CARTESIAN_POINT('Origin',(143.740832065776,-67.4001969071008,2.74979246179029));
#17522=CARTESIAN_POINT('',(142.747570786803,-67.5160935493915,2.04958492358059));
#17523=CARTESIAN_POINT('Ctrl Pts',(142.551574000003,-48.5796000000257,3.44999999999999));
#17524=CARTESIAN_POINT('Ctrl Pts',(141.895157412242,-48.6643069755065,2.986595345573));
#17525=CARTESIAN_POINT('Ctrl Pts',(141.224003411881,-48.7501884403056,2.51284567047151));
#17526=CARTESIAN_POINT('Ctrl Pts',(140.567657452501,-48.8337274024427,2.0495849235806));
#17527=CARTESIAN_POINT('Origin',(146.226811701,-48.39575897061,2.7497924617903));
#17528=CARTESIAN_POINT('',(141.07569750067,-50.666614649498,2.04958492358058));
#17529=CARTESIAN_POINT('',(141.07569750067,-50.666614649498,2.04958492358058));
#17530=CARTESIAN_POINT('Origin',(146.226811701,-48.39575897061,2.0495849235806));
#17531=CARTESIAN_POINT('Ctrl Pts',(143.174598,-50.3596669999993,3.45000000000002));
#17532=CARTESIAN_POINT('Ctrl Pts',(142.626153685575,-50.7212714148876,2.9900456084239));
#17533=CARTESIAN_POINT('Ctrl Pts',(142.053257726655,-51.1001904849545,2.50911720012229));
#17534=CARTESIAN_POINT('Ctrl Pts',(141.506124411654,-51.4626587954151,2.04958492358059));
#17535=CARTESIAN_POINT('Origin',(145.78157981972,-48.6947719189,2.74979246179029));
#17536=CARTESIAN_POINT('',(141.602791035746,-51.6057725134535,2.04958492358058));
#17537=CARTESIAN_POINT('Ctrl Pts',(143.697612000004,-50.9799940000035,3.44999999999997));
#17538=CARTESIAN_POINT('Ctrl Pts',(143.262592325367,-51.4685143389578,2.99200094492368));
#17539=CARTESIAN_POINT('Ctrl Pts',(142.802821030382,-51.9866800683153,2.50696540797492));
#17540=CARTESIAN_POINT('Ctrl Pts',(142.36967677335,-52.4756604076992,2.04958492358058));
#17541=CARTESIAN_POINT('Origin',(154.762680224883,-61.9260319952415,2.74979246179029));
#17542=CARTESIAN_POINT('Ctrl Pts',(143.79994400008,-51.0689700000673,3.45000000000004));
#17543=CARTESIAN_POINT('Ctrl Pts',(143.376791094296,-51.5674950148522,2.99216648558557));
#17544=CARTESIAN_POINT('Ctrl Pts',(142.927230557863,-52.0951991728947,2.50678202316852));
#17545=CARTESIAN_POINT('Ctrl Pts',(142.503361244868,-52.5918968688005,2.04958492358057));
#17546=CARTESIAN_POINT('Origin',(145.331140794512,-71.7862886501002,2.74979246179029));
#17547=CARTESIAN_POINT('',(138.00733993952,-71.9833591161482,2.04958492358059));
#17548=CARTESIAN_POINT('',(118.078585,-77.304768,3.45));
#17549=CARTESIAN_POINT('Origin',(145.74946976061,-48.71603098214,2.74979246179028));
#17550=CARTESIAN_POINT('Ctrl Pts',(145.076702,-51.6966947091208,3.45));
#17551=CARTESIAN_POINT('Ctrl Pts',(144.456900774696,-52.1921920250585,3.01601050985067));
#17552=CARTESIAN_POINT('Ctrl Pts',(143.749782191644,-52.6336599244784,2.52088074758904));
#17553=CARTESIAN_POINT('Ctrl Pts',(143.076702,-53.0074024837926,2.04958492358058));
#17554=CARTESIAN_POINT('Origin',(144.076702,-69.2155398884299,2.74979246179029));
#17555=CARTESIAN_POINT('',(145.076702,-62.4759317510608,3.45));
#17556=CARTESIAN_POINT('Origin',(140.99627224446,-70.9079067260184,2.74979246179029));
#17557=CARTESIAN_POINT('',(140.085605094383,-70.4847583696636,2.04958492358058));
#17558=CARTESIAN_POINT('',(140.054773676806,-70.5708897426082,2.04958492358058));
#17559=CARTESIAN_POINT('',(141.920327014021,-71.2936551138573,3.45));
#17560=CARTESIAN_POINT('Origin',(139.506595507347,-73.716737416993,2.74979246179029));
#17561=CARTESIAN_POINT('',(138.62273554422,-73.2489858102811,2.04958492358058));
#17562=CARTESIAN_POINT('',(141.777944,-71.5627009999997,3.45));
#17563=CARTESIAN_POINT('Origin',(139.610740087423,-73.1976423914547,2.74979246179029));
#17564=CARTESIAN_POINT('Ctrl Pts',(141.626418999996,-71.811381999998,3.44999999999998));
#17565=CARTESIAN_POINT('Ctrl Pts',(141.075346764808,-71.4639833620994,2.99391385632876));
#17566=CARTESIAN_POINT('Ctrl Pts',(140.486826875263,-71.0917958589401,2.50640422452598));
#17567=CARTESIAN_POINT('Ctrl Pts',(139.936444023325,-70.7412535295126,2.04958492358059));
#17568=CARTESIAN_POINT('Origin',(137.56276062621,-69.1622662138697,2.74979246179029));
#17569=CARTESIAN_POINT('Ctrl Pts',(140.448172999836,-73.0616930001138,3.44999999999997));
#17570=CARTESIAN_POINT('Ctrl Pts',(140.068341338823,-72.5324633810611,2.99391463458985));
#17571=CARTESIAN_POINT('Ctrl Pts',(139.6615571968,-71.9673153040235,2.50640567835522));
#17572=CARTESIAN_POINT('Ctrl Pts',(139.278743125868,-71.4388816564884,2.04958492358058));
#17573=CARTESIAN_POINT('Origin',(141.847813926629,-70.8693447566286,2.74979246179029));
#17574=CARTESIAN_POINT('Ctrl Pts',(140.212738999997,-73.2255349999948,3.45));
#17575=CARTESIAN_POINT('Ctrl Pts',(139.84837694702,-72.6850770225213,2.99364863104837));
#17576=CARTESIAN_POINT('Ctrl Pts',(139.460330853539,-72.1077659653712,2.50664377609898));
#17577=CARTESIAN_POINT('Ctrl Pts',(139.097784791493,-71.5648132356967,2.04958492358059));
#17578=CARTESIAN_POINT('Origin',(137.53590546611,-69.1253722978301,2.74979246179029));
#17579=CARTESIAN_POINT('Origin',(134.828423935792,-72.9155029432892,2.74979246179029));
#17580=CARTESIAN_POINT('',(117.765794,-77.367686,3.45));
#17581=CARTESIAN_POINT('Origin',(133.784075222838,-71.9235025707361,2.74979246179029));
#17582=CARTESIAN_POINT('',(117.465184999999,-77.4503910000002,3.45));
#17583=CARTESIAN_POINT('Origin',(152.315638468442,-65.6794351005672,2.74979246179029));
#17584=CARTESIAN_POINT('Origin',(132.583945652836,-71.0614760111875,2.74979246179029));
#17585=CARTESIAN_POINT('Ctrl Pts',(117.177074000073,-77.5519359999718,3.44999999999999));
#17586=CARTESIAN_POINT('Ctrl Pts',(116.947321279702,-76.9342514014172,2.98861081755155));
#17587=CARTESIAN_POINT('Ctrl Pts',(116.710597770071,-76.2939877399223,2.51068814903444));
#17588=CARTESIAN_POINT('Ctrl Pts',(116.482882802527,-75.6760179454059,2.04958492358057));
#17589=CARTESIAN_POINT('Origin',(118.70932993504,-81.46357717657,2.74979246179029));
#17590=CARTESIAN_POINT('Ctrl Pts',(116.155914999998,-78.1275890000019,3.45000000000005));
#17591=CARTESIAN_POINT('Ctrl Pts',(115.746345820825,-77.6112802414253,2.98861090190863));
#17592=CARTESIAN_POINT('Ctrl Pts',(115.321061149994,-77.0773236624717,2.51068819912926));
#17593=CARTESIAN_POINT('Ctrl Pts',(114.910185767067,-76.5626168340386,2.04958492358058));
#17594=CARTESIAN_POINT('Origin',(149.288433177658,-67.4055983538483,2.74979246179029));
#17595=CARTESIAN_POINT('',(141.00738154825,-50.5061379851284,2.04958492358057));
#17596=CARTESIAN_POINT('Ctrl Pts',(141.00738154825,-50.5061379851284,2.04958492358057));
#17597=CARTESIAN_POINT('Ctrl Pts',(141.16103683409,-50.4415492601145,2.16628617994885));
#17598=CARTESIAN_POINT('Ctrl Pts',(141.314749939659,-50.3771003924957,2.28298743631714));
#17599=CARTESIAN_POINT('Ctrl Pts',(141.622291408879,-50.2484825285691,2.51638994905371));
#17600=CARTESIAN_POINT('Ctrl Pts',(141.776119772531,-50.1843135322612,2.633091205422));
#17601=CARTESIAN_POINT('Ctrl Pts',(142.08389137635,-50.0562555670151,2.86649371815857));
#17602=CARTESIAN_POINT('Ctrl Pts',(142.237834616518,-49.9923665980768,2.98319497452685));
#17603=CARTESIAN_POINT('Ctrl Pts',(142.545835591617,-49.8648688431662,3.21659748726343));
#17604=CARTESIAN_POINT('Ctrl Pts',(142.699893326547,-49.801260057194,3.33329874363171));
#17605=CARTESIAN_POINT('Ctrl Pts',(142.854008117888,-49.7377914402717,3.45));
#17606=CARTESIAN_POINT('',(148.368336413696,-67.7972894884762,2.04958492358058));
#17607=CARTESIAN_POINT('Origin',(125.317970847375,-69.3029792439405,2.74979246179029));
#17608=CARTESIAN_POINT('Ctrl Pts',(115.935024000155,-78.3091369998622,3.44999999999995));
#17609=CARTESIAN_POINT('Ctrl Pts',(115.507739957632,-77.8072753739257,2.98855003025755));
#17610=CARTESIAN_POINT('Ctrl Pts',(115.066354096826,-77.2867866079814,2.51075413265604));
#17611=CARTESIAN_POINT('Ctrl Pts',(114.640884997616,-76.7839523166505,2.04958492358058));
#17612=CARTESIAN_POINT('Origin',(147.03038059747,-48.0576479076,2.74979246179028));
#17613=CARTESIAN_POINT('',(140.731596807548,-49.6691515453482,2.04958492358058));
#17614=CARTESIAN_POINT('',(140.731596807548,-49.6691515453482,2.04958492358058));
#17615=CARTESIAN_POINT('Origin',(147.03038059747,-48.0576479076,2.04958492358057));
#17616=CARTESIAN_POINT('Origin',(118.73282749286,-81.48199768106,2.74979246179029));
#17617=CARTESIAN_POINT('Ctrl Pts',(115.198518000001,-79.1574749999978,3.45));
#17618=CARTESIAN_POINT('Ctrl Pts',(114.642122414638,-78.8041431298185,2.98854865003864));
#17619=CARTESIAN_POINT('Ctrl Pts',(114.065376045081,-78.4393473999319,2.51075324524128));
#17620=CARTESIAN_POINT('Ctrl Pts',(113.5083532289,-78.0878126101407,2.04958492358058));
#17621=CARTESIAN_POINT('Origin',(146.204701776497,-67.8541069019129,2.74979246179029));
#17622=CARTESIAN_POINT('Ctrl Pts',(140.689581295628,-49.4972107458575,2.0495849235806));
#17623=CARTESIAN_POINT('Ctrl Pts',(140.851656800845,-49.4583319831996,2.16628617994888));
#17624=CARTESIAN_POINT('Ctrl Pts',(141.013755045852,-49.4195499332832,2.28298743631716));
#17625=CARTESIAN_POINT('Ctrl Pts',(141.337996842425,-49.3421792992702,2.51638994905373));
#17626=CARTESIAN_POINT('Ctrl Pts',(141.50014039399,-49.3035907151735,2.63309120542201));
#17627=CARTESIAN_POINT('Ctrl Pts',(141.824472630619,-49.2266070529992,2.86649371815858));
#17628=CARTESIAN_POINT('Ctrl Pts',(141.986661315684,-49.1882119749216,2.98319497452686));
#17629=CARTESIAN_POINT('Ctrl Pts',(142.311083646223,-49.1116153648468,3.21659748726343));
#17630=CARTESIAN_POINT('Ctrl Pts',(142.473317291698,-49.0734138328498,3.33329874363171));
#17631=CARTESIAN_POINT('Ctrl Pts',(142.635573330817,-49.035309093855,3.44999999999999));
#17632=CARTESIAN_POINT('',(145.233283927475,-68.0914828960669,2.04958492358058));
#17633=CARTESIAN_POINT('Origin',(118.38300258282,-72.0472783252109,2.74979246179029));
#17634=CARTESIAN_POINT('Ctrl Pts',(115.052733000071,-79.3953639998705,3.45));
#17635=CARTESIAN_POINT('Ctrl Pts',(114.484988335225,-79.0600309111605,2.98835824595366));
#17636=CARTESIAN_POINT('Ctrl Pts',(113.8985075255,-78.7122041019204,2.51095961128252));
#17637=CARTESIAN_POINT('Ctrl Pts',(113.332062280409,-78.3754805968547,2.04958492358059));
#17638=CARTESIAN_POINT('Origin',(148.04568406112,-47.80248530019,2.7497924617903));
#17639=CARTESIAN_POINT('Origin',(118.8119414893,-81.53388900148,2.74979246179029));
#17640=CARTESIAN_POINT('Ctrl Pts',(114.524393000001,-80.9665569999958,3.45000000000004));
#17641=CARTESIAN_POINT('Ctrl Pts',(113.869369697459,-80.890863620643,2.98835845807609));
#17642=CARTESIAN_POINT('Ctrl Pts',(113.191865984739,-80.8138263179619,2.51095974603681));
#17643=CARTESIAN_POINT('Ctrl Pts',(112.537035850312,-80.7400508465394,2.04958492358059));
#17644=CARTESIAN_POINT('Origin',(113.508124800142,-81.0818060023223,2.74979246179029));
#17645=CARTESIAN_POINT('Ctrl Pts',(114.497007999994,-81.243566000031,3.44999999999994));
#17646=CARTESIAN_POINT('Ctrl Pts',(113.840449043345,-81.1887695995598,2.98872791616957));
#17647=CARTESIAN_POINT('Ctrl Pts',(113.159956369615,-81.1307711711534,2.51055798410959));
#17648=CARTESIAN_POINT('Ctrl Pts',(112.503999826517,-81.0742219589914,2.04958492358058));
#17649=CARTESIAN_POINT('Origin',(118.63284043599,-81.52521443698,2.74979246179029));
#17650=CARTESIAN_POINT('Ctrl Pts',(114.958771000002,-83.4450190000041,3.44999999999994));
#17651=CARTESIAN_POINT('Ctrl Pts',(114.380418905283,-83.7606389599744,2.98873074641941));
#17652=CARTESIAN_POINT('Ctrl Pts',(113.78157693904,-84.0890566329708,2.51055978321552));
#17653=CARTESIAN_POINT('Ctrl Pts',(113.204644741107,-84.4063206359227,2.04958492358057));
#17654=CARTESIAN_POINT('Origin',(119.401481276811,-93.2687836912555,2.74979246179028));
#17655=CARTESIAN_POINT('Ctrl Pts',(115.106330230944,-83.7041771619144,3.44999999999999));
#17656=CARTESIAN_POINT('Ctrl Pts',(114.538815947294,-84.0414791368105,2.98781346812787));
#17657=CARTESIAN_POINT('Ctrl Pts',(113.951158361822,-84.389134912091,2.50978282695826));
#17658=CARTESIAN_POINT('Ctrl Pts',(113.385048676325,-84.7231638633404,2.04958494538251));
#17659=CARTESIAN_POINT('Origin',(118.84402654569,-81.38725230672,2.74979246179029));
#17660=CARTESIAN_POINT('Origin',(131.091737227128,-102.179368624077,2.74979246179029));
#17661=CARTESIAN_POINT('',(130.790006,-100.213290000001,3.45));
#17662=CARTESIAN_POINT('Origin',(130.588153010857,-101.648720557149,2.74979246179028));
#17663=CARTESIAN_POINT('Ctrl Pts',(130.951328000002,-100.438496999998,3.45000000000002));
#17664=CARTESIAN_POINT('Ctrl Pts',(130.416782345475,-100.81016173339,2.99417072201834));
#17665=CARTESIAN_POINT('Ctrl Pts',(129.843977740135,-101.207296918608,2.50617747744769));
#17666=CARTESIAN_POINT('Ctrl Pts',(129.306891557038,-101.577286941413,2.04958492358057));
#17667=CARTESIAN_POINT('Origin',(126.96517018298,-103.1278021923,2.74979246179029));
#17668=CARTESIAN_POINT('Origin',(136.218037716793,-47.1671071637768,2.74979246179029));
#17669=CARTESIAN_POINT('',(135.589884139367,-46.3890177838424,2.04958492358058));
#17670=CARTESIAN_POINT('Origin',(125.512486291197,-107.384865619372,2.74979246179029));
#17671=CARTESIAN_POINT('Ctrl Pts',(128.492371000093,-126.302967000832,3.45000000000004));
#17672=CARTESIAN_POINT('Ctrl Pts',(127.838505979125,-126.383338718064,2.98879037480763));
#17673=CARTESIAN_POINT('Ctrl Pts',(127.160268777553,-126.465246827307,2.5104956859982));
#17674=CARTESIAN_POINT('Ctrl Pts',(126.506602693986,-126.543412885751,2.04958492358059));
#17675=CARTESIAN_POINT('Origin',(132.57008337375,-125.7257625224,2.74979246179029));
#17676=CARTESIAN_POINT('Ctrl Pts',(128.949248,-127.68802,3.44999999999998));
#17677=CARTESIAN_POINT('Ctrl Pts',(128.375425113477,-128.011604256526,2.98878877134681));
#17678=CARTESIAN_POINT('Ctrl Pts',(127.78102167506,-128.348322275767,2.51049467194867));
#17679=CARTESIAN_POINT('Ctrl Pts',(127.208580289671,-128.673411543225,2.04958492358058));
#17680=CARTESIAN_POINT('Origin',(140.61448289834,-42.3882355866008,2.74979246179029));
#17681=CARTESIAN_POINT('',(144.563961560293,-39.4910656904162,2.04958492358059));
#17682=CARTESIAN_POINT('Ctrl Pts',(144.563961560293,-39.4910656904162,2.04958492358059));
#17683=CARTESIAN_POINT('Ctrl Pts',(144.632220062815,-39.6431261652022,2.16628617994887));
#17684=CARTESIAN_POINT('Ctrl Pts',(144.700356807208,-39.7952404390942,2.28298743631716));
#17685=CARTESIAN_POINT('Ctrl Pts',(144.836386651556,-40.0995762930391,2.51638994905372));
#17686=CARTESIAN_POINT('Ctrl Pts',(144.904279751513,-40.2517978730918,2.63309120542201));
#17687=CARTESIAN_POINT('Ctrl Pts',(145.039822179126,-40.5563480471708,2.86649371815858));
#17688=CARTESIAN_POINT('Ctrl Pts',(145.107471506783,-40.7086766411969,2.98319497452686));
#17689=CARTESIAN_POINT('Ctrl Pts',(145.242526262245,-41.0134405508996,3.21659748726343));
#17690=CARTESIAN_POINT('Ctrl Pts',(145.309931690049,-41.1658758665761,3.33329874363171));
#17691=CARTESIAN_POINT('Ctrl Pts',(145.377215104307,-41.3183643968485,3.45));
#17692=CARTESIAN_POINT('',(140.200076169719,-41.4781437982221,2.04958492358058));
#17693=CARTESIAN_POINT('Origin',(122.183205279481,-118.125019560559,2.74979246179029));
#17694=CARTESIAN_POINT('Ctrl Pts',(129.094375000019,-127.935548000032,3.45000000000006));
#17695=CARTESIAN_POINT('Ctrl Pts',(128.531519796199,-128.278923517446,2.98840457657446));
#17696=CARTESIAN_POINT('Ctrl Pts',(127.94860847276,-128.6329802648,2.51091163290069));
#17697=CARTESIAN_POINT('Ctrl Pts',(127.385067500746,-128.97442738716,2.04958492358058));
#17698=CARTESIAN_POINT('Origin',(147.49671447906,-46.23535217467,2.74979246179029));
#17699=CARTESIAN_POINT('Origin',(147.49671447906,-46.23535217467,2.04958492358059));
#17700=CARTESIAN_POINT('Origin',(132.72718799784,-125.6311549865,2.74979246179029));
#17701=CARTESIAN_POINT('Ctrl Pts',(129.825071999996,-128.806887999996,3.44999999999998));
#17702=CARTESIAN_POINT('Ctrl Pts',(129.388076857628,-129.300575361077,2.9884029488113));
#17703=CARTESIAN_POINT('Ctrl Pts',(128.936946336512,-129.812045566763,2.51091058687773));
#17704=CARTESIAN_POINT('Ctrl Pts',(128.50158632259,-130.306624185694,2.04958492358059));
#17705=CARTESIAN_POINT('Origin',(125.683376446562,-126.573448967115,2.7497924617903));
#17706=CARTESIAN_POINT('Ctrl Pts',(130.040947999957,-128.991954999968,3.45));
#17707=CARTESIAN_POINT('Ctrl Pts',(129.619792465612,-129.499560058798,2.98822291804536));
#17708=CARTESIAN_POINT('Ctrl Pts',(129.183736661418,-130.023248322655,2.51110546851558));
#17709=CARTESIAN_POINT('Ctrl Pts',(128.761435260558,-130.529388473545,2.04958492358058));
#17710=CARTESIAN_POINT('Origin',(132.79257991906,-125.5645286009,2.74979246179029));
#17711=CARTESIAN_POINT('Ctrl Pts',(131.276073000006,-129.689930000002,3.45));
#17712=CARTESIAN_POINT('Ctrl Pts',(131.058876726555,-130.312720498305,2.98822348289093));
#17713=CARTESIAN_POINT('Ctrl Pts',(130.835643738226,-130.956590521042,2.51110583605545));
#17714=CARTESIAN_POINT('Ctrl Pts',(130.620356624887,-131.579626835595,2.04958492358058));
#17715=CARTESIAN_POINT('Origin',(135.029919661645,-131.982190459333,2.74979246179029));
#17716=CARTESIAN_POINT('Ctrl Pts',(131.54816100226,-129.779749000675,3.44999999999996));
#17717=CARTESIAN_POINT('Ctrl Pts',(131.351412010428,-130.408773446723,2.98856651714839));
#17718=CARTESIAN_POINT('Ctrl Pts',(131.146518674626,-131.059773530414,2.51073345051003));
#17719=CARTESIAN_POINT('Ctrl Pts',(130.948159665055,-131.687837933627,2.04958492358058));
#17720=CARTESIAN_POINT('Origin',(132.74494573923,-125.731468702,2.74979246179029));
#17721=CARTESIAN_POINT('Ctrl Pts',(133.581238000004,-129.869279999999,3.45000000000004));
#17722=CARTESIAN_POINT('Ctrl Pts',(133.723465444243,-130.51285095326,2.98856893722877));
#17723=CARTESIAN_POINT('Ctrl Pts',(133.872106694781,-131.17897351257,2.5107349963236));
#17724=CARTESIAN_POINT('Ctrl Pts',(134.016288940008,-131.821662548312,2.04958492358058));
#17725=CARTESIAN_POINT('Origin',(148.940878757728,-127.210813457406,2.74979246179028));
#17726=CARTESIAN_POINT('Ctrl Pts',(133.879599331304,-129.797662440337,3.45000000000001));
#17727=CARTESIAN_POINT('Ctrl Pts',(134.045806982275,-130.436770463552,2.98768844587702));
#17728=CARTESIAN_POINT('Ctrl Pts',(134.216204818339,-131.097483873918,2.50998167597185));
#17729=CARTESIAN_POINT('Ctrl Pts',(134.379690027162,-131.734433053046,2.04958494479363));
#17730=CARTESIAN_POINT('Origin',(132.672564751,-125.4912045397,2.74979246179029));
#17731=CARTESIAN_POINT('Origin',(168.670786280488,-41.7859721070558,2.74979246179029));
#17732=CARTESIAN_POINT('',(169.04680818394,-40.8593613321752,2.04958492358058));
#17733=CARTESIAN_POINT('Origin',(157.182711940276,-120.036639942755,2.74979246179029));
#17734=CARTESIAN_POINT('Ctrl Pts',(154.352067999991,-119.454424999926,3.44999999999999));
#17735=CARTESIAN_POINT('Ctrl Pts',(154.440153019981,-120.100330163461,2.99359705804736));
#17736=CARTESIAN_POINT('Ctrl Pts',(154.533165154254,-120.789551043436,2.50668968405301));
#17737=CARTESIAN_POINT('Ctrl Pts',(154.618496490867,-121.436887510935,2.04958492358057));
#17738=CARTESIAN_POINT('Origin',(154.94221493099,-124.3244562966,2.74979246179029));
#17739=CARTESIAN_POINT('Origin',(157.859887133031,-122.197267481044,2.74979246179029));
#17740=CARTESIAN_POINT('',(175.410252,-129.584971,3.45));
#17741=CARTESIAN_POINT('Origin',(158.579488642807,-123.949935338621,2.74979246179029));
#17742=CARTESIAN_POINT('Ctrl Pts',(175.706480000508,-129.703098000184,3.45000000000009));
#17743=CARTESIAN_POINT('Ctrl Pts',(175.473037225942,-130.31960140644,2.98847913987086));
#17744=CARTESIAN_POINT('Ctrl Pts',(175.230195591307,-130.957152702065,2.51083099734111));
#17745=CARTESIAN_POINT('Ctrl Pts',(174.995020996183,-131.57254302217,2.04958492358057));
#17746=CARTESIAN_POINT('Origin',(177.14683233057,-125.6888064763,2.74979246179029));
#17747=CARTESIAN_POINT('Ctrl Pts',(176.60067699999,-129.918565999999,3.45000000000003));
#17748=CARTESIAN_POINT('Ctrl Pts',(176.527990778512,-130.573771887469,2.98847962134991));
#17749=CARTESIAN_POINT('Ctrl Pts',(176.454129883163,-131.252000827178,2.51083131063389));
#17750=CARTESIAN_POINT('Ctrl Pts',(176.383544289787,-131.907008718653,2.04958492358058));
#17751=CARTESIAN_POINT('Origin',(163.707752727411,-129.726104386583,2.74979246179029));
#17752=CARTESIAN_POINT('Ctrl Pts',(176.897683000975,-129.946135000057,3.45000000000012));
#17753=CARTESIAN_POINT('Ctrl Pts',(176.848551412589,-130.603414786118,2.98855806732564));
#17754=CARTESIAN_POINT('Ctrl Pts',(176.796298091716,-131.283883558065,2.51074650377363));
#17755=CARTESIAN_POINT('Ctrl Pts',(176.745122985491,-131.940571552568,2.04958492358058));
#17756=CARTESIAN_POINT('Origin',(177.13705503567,-125.7262785358,2.74979246179029));
#17757=CARTESIAN_POINT('Ctrl Pts',(178.057220999993,-129.851540000001,3.45000000000006));
#17758=CARTESIAN_POINT('Ctrl Pts',(178.21127073578,-130.492383052459,2.9885565116834));
#17759=CARTESIAN_POINT('Ctrl Pts',(178.372013335176,-131.155640147654,2.51074550822246));
#17760=CARTESIAN_POINT('Ctrl Pts',(178.527816271221,-131.795613887871,2.04958492358059));
#17761=CARTESIAN_POINT('Origin',(172.826194835444,-132.233086573711,2.74979246179029));
#17762=CARTESIAN_POINT('Ctrl Pts',(178.335639000746,-129.779748999777,3.44999999999997));
#17763=CARTESIAN_POINT('Ctrl Pts',(178.511227304239,-130.415503563065,2.9882410233798));
#17764=CARTESIAN_POINT('Ctrl Pts',(178.691435742854,-131.072771487601,2.51108760011298));
#17765=CARTESIAN_POINT('Ctrl Pts',(178.865055414986,-131.708655661822,2.04958492358058));
#17766=CARTESIAN_POINT('Origin',(177.0957447183,-125.5724178542,2.74979246179029));
#17767=CARTESIAN_POINT('Ctrl Pts',(179.61545799999,-129.162685000007,3.44999999999988));
#17768=CARTESIAN_POINT('Ctrl Pts',(180.002932175284,-129.696412363238,2.98823994834723));
#17769=CARTESIAN_POINT('Ctrl Pts',(180.40427573913,-130.247216544329,2.51108690619372));
#17770=CARTESIAN_POINT('Ctrl Pts',(180.79297836026,-130.77956084915,2.04958492358059));
#17771=CARTESIAN_POINT('Origin',(182.814120973455,-128.011853957375,2.74979246179029));
#17772=CARTESIAN_POINT('Ctrl Pts',(179.842884001358,-128.991954998892,3.44999999999998));
#17773=CARTESIAN_POINT('Ctrl Pts',(180.247086551092,-129.512964396254,2.98832947702823));
#17774=CARTESIAN_POINT('Ctrl Pts',(180.664053537928,-130.052372932659,2.51098999167419));
#17775=CARTESIAN_POINT('Ctrl Pts',(181.066580203203,-130.574166379433,2.04958492358059));
#17776=CARTESIAN_POINT('Origin',(177.12888199968,-125.6059411528,2.74979246179028));
#17777=CARTESIAN_POINT('Ctrl Pts',(180.628481,-128.171814,3.45000000000008));
#17778=CARTESIAN_POINT('Ctrl Pts',(181.166916518014,-128.552516810633,2.9883307932661));
#17779=CARTESIAN_POINT('Ctrl Pts',(181.724357638927,-128.945072264037,2.51099083771089));
#17780=CARTESIAN_POINT('Ctrl Pts',(182.263589206895,-129.323939396581,2.04958492358056));
#17781=CARTESIAN_POINT('Origin',(187.319432947216,-120.130111771896,2.74979246179029));
#17782=CARTESIAN_POINT('Ctrl Pts',(180.789507000045,-127.93554799992,3.45000000000001));
#17783=CARTESIAN_POINT('Ctrl Pts',(181.339836765466,-128.297683299231,2.98877073724109));
#17784=CARTESIAN_POINT('Ctrl Pts',(181.909762618104,-128.674247420113,2.5105131659792));
#17785=CARTESIAN_POINT('Ctrl Pts',(182.458653971152,-129.037729892559,2.0495849235806));
#17786=CARTESIAN_POINT('Origin',(177.30621788274,-125.7235961787,2.74979246179028));
#17787=CARTESIAN_POINT('Ctrl Pts',(181.391602,-126.302966999996,3.45000000000009));
#17788=CARTESIAN_POINT('Ctrl Pts',(182.045479677741,-126.383448042929,2.98877305705204));
#17789=CARTESIAN_POINT('Ctrl Pts',(182.723653736607,-126.465455114498,2.51051463846079));
#17790=CARTESIAN_POINT('Ctrl Pts',(183.377335819902,-126.543722334592,2.04958492358058));
#17791=CARTESIAN_POINT('Origin',(184.353363384014,-107.570457933862,2.7497924617903));
#17792=CARTESIAN_POINT('Ctrl Pts',(181.423161241219,-126.000775690142,3.45));
#17793=CARTESIAN_POINT('Ctrl Pts',(182.08082396178,-126.056753827007,2.98791918297201));
#17794=CARTESIAN_POINT('Ctrl Pts',(182.761109868662,-126.116100864386,2.50983810394401));
#17795=CARTESIAN_POINT('Ctrl Pts',(183.415946514289,-126.174010487136,2.04958494446862));
#17796=CARTESIAN_POINT('Origin',(177.06952306671,-125.7140372648,2.74979246179029));
#17797=CARTESIAN_POINT('Origin',(180.542154240242,-98.3952047544086,2.74979246179028));
#17798=CARTESIAN_POINT('Ctrl Pts',(178.427089999987,-101.411493999995,3.45000000000008));
#17799=CARTESIAN_POINT('Ctrl Pts',(179.038626359177,-101.635372952067,2.99405151666728));
#17800=CARTESIAN_POINT('Ctrl Pts',(179.692529112714,-101.875764800713,2.50628359477112));
#17801=CARTESIAN_POINT('Ctrl Pts',(180.304127014509,-102.102711350182,2.04958492358058));
#17802=CARTESIAN_POINT('Origin',(182.936680852889,-103.1359174386,2.74979246179028));
#17803=CARTESIAN_POINT('Origin',(185.955259961323,-95.1486490006792,2.7497924617903));
#17804=CARTESIAN_POINT('',(194.419113,-84.2013919999998,3.45));
#17805=CARTESIAN_POINT('Origin',(187.47460754816,-94.7835844320086,2.74979246179029));
#17806=CARTESIAN_POINT('Ctrl Pts',(194.609023000023,-83.9566149999675,3.45));
#17807=CARTESIAN_POINT('Ctrl Pts',(195.136490989201,-84.3515738088919,2.98866593505472));
#17808=CARTESIAN_POINT('Ctrl Pts',(195.682237832961,-84.7618889530752,2.51062825604655));
#17809=CARTESIAN_POINT('Ctrl Pts',(196.208144946228,-85.1581822417718,2.04958492358059));
#17810=CARTESIAN_POINT('Origin',(191.22472522352,-81.51179431379,2.74979246179029));
#17811=CARTESIAN_POINT('Ctrl Pts',(195.158512,-82.910344,3.45000000000004));
#17812=CARTESIAN_POINT('Ctrl Pts',(195.783238471958,-83.1199660427561,2.98866671203697));
#17813=CARTESIAN_POINT('Ctrl Pts',(196.431005677459,-83.3358495118981,2.51062874997255));
#17814=CARTESIAN_POINT('Ctrl Pts',(197.055969427749,-83.543347435087,2.0495849235806));
#17815=CARTESIAN_POINT('Origin',(193.922840364294,-90.1438901923677,2.7497924617903));
#17816=CARTESIAN_POINT('Ctrl Pts',(195.244923000056,-82.6367179997963,3.44999999999998));
#17817=CARTESIAN_POINT('Ctrl Pts',(195.87665650253,-82.8239965114391,2.98869946237127));
#17818=CARTESIAN_POINT('Ctrl Pts',(196.53098769109,-83.0194195902328,2.51059299484504));
#17819=CARTESIAN_POINT('Ctrl Pts',(197.161695357227,-83.2085594661696,2.04958492358058));
#17820=CARTESIAN_POINT('Origin',(191.23651841257,-81.52516435584,2.74979246179029));
#17821=CARTESIAN_POINT('Ctrl Pts',(195.396188,-81.5223779999987,3.44999999999993));
#17822=CARTESIAN_POINT('Ctrl Pts',(196.054988415711,-81.5112874390784,2.9886978843842));
#17823=CARTESIAN_POINT('Ctrl Pts',(196.737745070422,-81.4985272303693,2.51059199164091));
#17824=CARTESIAN_POINT('Ctrl Pts',(197.396061531827,-81.485547629744,2.04958492358058));
#17825=CARTESIAN_POINT('Origin',(196.438427570528,-82.7855589848669,2.74979246179029));
#17826=CARTESIAN_POINT('Ctrl Pts',(195.386984999991,-81.2435659999203,3.45));
#17827=CARTESIAN_POINT('Ctrl Pts',(196.045529338208,-81.210721339601,2.98837457875577));
#17828=CARTESIAN_POINT('Ctrl Pts',(196.7266645234,-81.1780242413774,2.51094289496618));
#17829=CARTESIAN_POINT('Ctrl Pts',(197.384890779197,-81.1471210427357,2.04958492358055));
#17830=CARTESIAN_POINT('Origin',(191.07969815967,-81.53116235796,2.74979246179029));
#17831=CARTESIAN_POINT('Ctrl Pts',(194.961101000001,-79.6416800000025,3.45000000000003));
#17832=CARTESIAN_POINT('Ctrl Pts',(195.549248524586,-79.3436338618582,2.98837376354611));
#17833=CARTESIAN_POINT('Ctrl Pts',(196.156969079636,-79.034313133128,2.51094236567792));
#17834=CARTESIAN_POINT('Ctrl Pts',(196.7439219068,-78.7348234937335,2.04958492358059));
#17835=CARTESIAN_POINT('Origin',(192.695227249973,-73.1975447780341,2.74979246179029));
#17836=CARTESIAN_POINT('Ctrl Pts',(194.831285000114,-79.3953640002113,3.44999999999996));
#17837=CARTESIAN_POINT('Ctrl Pts',(195.409631642058,-79.0794280938394,2.98860446451456));
#17838=CARTESIAN_POINT('Ctrl Pts',(196.009223189308,-78.7532070601293,2.51069116078005));
#17839=CARTESIAN_POINT('Ctrl Pts',(196.588018680161,-78.4390089626004,2.04958492358057));
#17840=CARTESIAN_POINT('Origin',(191.08122368684,-81.71378343628,2.74979246179029));
#17841=CARTESIAN_POINT('',(193.472085732853,-75.7038091675778,2.04958492358058));
#17842=CARTESIAN_POINT('Origin',(191.08122368684,-81.71378343628,2.04958492358058));
#17843=CARTESIAN_POINT('Ctrl Pts',(192.706869893326,-77.5519350860621,3.45000000000008));
#17844=CARTESIAN_POINT('Ctrl Pts',(192.9584445202,-76.9413968033787,2.98770496099416));
#17845=CARTESIAN_POINT('Ctrl Pts',(193.219648324364,-76.3110494978936,2.51000191690641));
#17846=CARTESIAN_POINT('Ctrl Pts',(193.472083187359,-75.7038080942874,2.04958494350723));
#17847=CARTESIAN_POINT('Origin',(191.17328347827,-81.46518937171,2.74979246179029));
#17848=CARTESIAN_POINT('Ctrl Pts',(192.982184999998,-77.6713749999991,3.45000000000004));
#17849=CARTESIAN_POINT('Ctrl Pts',(193.255194957837,-77.0715407131983,2.98860729418206));
#17850=CARTESIAN_POINT('Ctrl Pts',(193.536714400532,-76.4496780208496,2.51069296570187));
#17851=CARTESIAN_POINT('Ctrl Pts',(193.807653907333,-75.8493886614326,2.04958492358058));
#17852=CARTESIAN_POINT('Origin',(178.802699197022,-70.4298409727554,2.74979246179029));
#17853=CARTESIAN_POINT('',(179.200690095453,-69.5124516089809,2.04958492358058));
#17854=CARTESIAN_POINT('Origin',(146.576702,-62.7357783962294,3.45));
#17855=CARTESIAN_POINT('',(146.576700944973,-52.34849469113,3.45));
#17856=CARTESIAN_POINT('Origin',(144.18745464125,-52.35340218629,3.45));
#17857=CARTESIAN_POINT('',(145.892846474048,-50.6800341215803,3.45));
#17858=CARTESIAN_POINT('Origin',(145.892846474048,-50.6800341215803,3.45));
#17859=CARTESIAN_POINT('',(145.823593109932,-50.6112266389314,3.45));
#17860=CARTESIAN_POINT('Origin',(144.09359400953,-52.42869092158,3.45));
#17861=CARTESIAN_POINT('',(145.141124122009,-50.1486132980012,3.45));
#17862=CARTESIAN_POINT('Origin',(145.141124122009,-50.1486132980012,3.45));
#17863=CARTESIAN_POINT('',(145.039772853687,-50.1003593021684,3.45));
#17864=CARTESIAN_POINT('Origin',(145.74946976061,-48.7160309821397,3.45));
#17865=CARTESIAN_POINT('',(144.768443264244,-49.9233509938841,3.45));
#17866=CARTESIAN_POINT('Origin',(144.768443264244,-49.9233509938841,3.45));
#17867=CARTESIAN_POINT('',(144.697428584794,-49.8616048917969,3.45));
#17868=CARTESIAN_POINT('Origin',(145.781579819719,-48.6947719189008,3.45));
#17869=CARTESIAN_POINT('',(144.485072965021,-49.6199492330136,3.45));
#17870=CARTESIAN_POINT('Origin',(144.485072965021,-49.6199492330136,3.45));
#17871=CARTESIAN_POINT('',(144.428218664991,-49.5357771587372,3.45));
#17872=CARTESIAN_POINT('Origin',(146.226811700998,-48.3957589706114,3.45));
#17873=CARTESIAN_POINT('',(144.285214963559,-49.2702762589458,3.45));
#17874=CARTESIAN_POINT('Origin',(144.285214963559,-49.2702762589458,3.45));
#17875=CARTESIAN_POINT('',(144.241068204815,-49.1665739122157,3.45));
#17876=CARTESIAN_POINT('Origin',(147.030380597468,-48.0576479076008,3.45));
#17877=CARTESIAN_POINT('',(144.126212980844,-48.8164568177143,3.45));
#17878=CARTESIAN_POINT('Origin',(144.126212980844,-48.8164568177143,3.45));
#17879=CARTESIAN_POINT('',(144.095889346392,-48.6923628887651,3.45));
#17880=CARTESIAN_POINT('Origin',(148.04568406112,-47.8024853001902,3.45));
#17881=CARTESIAN_POINT('',(144.039182300848,-48.3861839005628,3.45));
#17882=CARTESIAN_POINT('Origin',(144.039182300848,-48.3861839005628,3.45));
#17883=CARTESIAN_POINT('',(144.008657523967,-48.1245794370884,3.45));
#17884=CARTESIAN_POINT('Origin',(144.008657523967,-48.1245794370884,3.45));
#17885=CARTESIAN_POINT('',(143.991361848756,-47.8680209105603,3.45));
#17886=CARTESIAN_POINT('Origin',(143.991361848756,-47.8680209105603,3.45));
#17887=CARTESIAN_POINT('',(143.985152,-47.5823117777483,3.45));
#17888=CARTESIAN_POINT('Origin',(143.985152,-47.5823117777483,3.45));
#17889=CARTESIAN_POINT('',(143.985152141454,-45.1510451129459,3.45));
#17890=CARTESIAN_POINT('Origin',(145.82833572819,-45.15354187355,3.45));
#17891=CARTESIAN_POINT('',(144.040568796355,-44.7049648281443,3.45));
#17892=CARTESIAN_POINT('Origin',(144.040568796355,-44.7049648281443,3.45));
#17893=CARTESIAN_POINT('',(144.085780807858,-44.550357490925,3.45));
#17894=CARTESIAN_POINT('Origin',(146.207745258611,-45.2639288685704,3.45));
#17895=CARTESIAN_POINT('',(144.221192417841,-44.2316861393237,3.45));
#17896=CARTESIAN_POINT('Origin',(144.221192417841,-44.2316861393237,3.45));
#17897=CARTESIAN_POINT('',(144.30518086934,-44.0819828076005,3.45));
#17898=CARTESIAN_POINT('Origin',(146.730630291302,-45.5530026408011,3.45));
#17899=CARTESIAN_POINT('',(144.533110373177,-43.7592327398367,3.45));
#17900=CARTESIAN_POINT('Origin',(144.533110373177,-43.7592327398367,3.45));
#17901=CARTESIAN_POINT('',(144.65306718814,-43.6201355201123,3.45));
#17902=CARTESIAN_POINT('Origin',(147.22469001525,-45.97095979114,3.45));
#17903=CARTESIAN_POINT('',(144.970589696013,-43.3141477035094,3.45));
#17904=CARTESIAN_POINT('Origin',(144.970589696013,-43.3141477035094,3.45));
#17905=CARTESIAN_POINT('',(145.120813467887,-43.1928716622664,3.45));
#17906=CARTESIAN_POINT('Origin',(147.53709552965,-46.3516497025503,3.45));
#17907=CARTESIAN_POINT('',(145.803469034722,-42.7724267581299,3.45));
#17908=CARTESIAN_POINT('Origin',(145.803469034722,-42.7724267581299,3.45));
#17909=CARTESIAN_POINT('',(145.982775685564,-42.6907801774711,3.45));
#17910=CARTESIAN_POINT('Origin',(147.49671447906,-46.2353521746697,3.45));
#17911=CARTESIAN_POINT('',(146.578731489413,-42.4919167812783,3.45));
#17912=CARTESIAN_POINT('Origin',(146.578731489413,-42.4919167812783,3.45));
#17913=CARTESIAN_POINT('',(146.764926138151,-42.4516400570946,3.45));
#17914=CARTESIAN_POINT('Origin',(147.38357428135,-45.7241601420019,3.45));
#17915=CARTESIAN_POINT('',(147.195347174461,-42.3990009296577,3.45));
#17916=CARTESIAN_POINT('Origin',(147.195347174461,-42.3990009296577,3.45));
#17917=CARTESIAN_POINT('',(147.378864406165,-42.394409,3.45));
#17918=CARTESIAN_POINT('Origin',(147.378864406165,-42.394409,3.45));
#17919=CARTESIAN_POINT('',(162.875673871952,-42.3944090596688,3.45));
#17920=CARTESIAN_POINT('Origin',(162.87251267879,-45.5239484547522,3.45));
#17921=CARTESIAN_POINT('',(163.314726686477,-42.4258081109449,3.45));
#17922=CARTESIAN_POINT('Origin',(163.314726686477,-42.4258081109449,3.45));
#17923=CARTESIAN_POINT('',(163.50128851497,-42.4574189432322,3.45));
#17924=CARTESIAN_POINT('Origin',(162.76850870819,-46.1426426218507,3.45));
#17925=CARTESIAN_POINT('',(164.09874710349,-42.6286270245113,3.45));
#17926=CARTESIAN_POINT('Origin',(164.09874710349,-42.6286270245113,3.45));
#17927=CARTESIAN_POINT('',(164.2808160351,-42.7025112357368,3.45));
#17928=CARTESIAN_POINT('Origin',(162.688107016341,-46.3694020724884,3.45));
#17929=CARTESIAN_POINT('',(165.115806110734,-43.193069669516,3.45));
#17930=CARTESIAN_POINT('Origin',(165.115806110734,-43.193069669516,3.45));
#17931=CARTESIAN_POINT('',(165.265394831302,-43.3138243690383,3.45));
#17932=CARTESIAN_POINT('Origin',(162.973867914593,-46.0105674792969,3.45));
#17933=CARTESIAN_POINT('',(165.583821778005,-43.6206595640016,3.45));
#17934=CARTESIAN_POINT('Origin',(165.583821778005,-43.6206595640016,3.45));
#17935=CARTESIAN_POINT('',(165.702989103189,-43.7588098195258,3.45));
#17936=CARTESIAN_POINT('Origin',(163.460004201866,-45.5862480827925,3.45));
#17937=CARTESIAN_POINT('',(165.931926825797,-44.0828817219497,3.45));
#17938=CARTESIAN_POINT('Origin',(165.931926825797,-44.0828817219497,3.45));
#17939=CARTESIAN_POINT('',(166.015209575775,-44.2312581997943,3.45));
#17940=CARTESIAN_POINT('Origin',(163.988974330139,-45.2817087036205,3.45));
#17941=CARTESIAN_POINT('',(166.15131141976,-44.5513842260798,3.45));
#17942=CARTESIAN_POINT('Origin',(166.15131141976,-44.5513842260798,3.45));
#17943=CARTESIAN_POINT('',(166.196327945133,-44.7052222034685,3.45));
#17944=CARTESIAN_POINT('Origin',(164.410754587041,-45.1535786553598,3.45));
#17945=CARTESIAN_POINT('',(166.251757,-45.1510538406457,3.45));
#17946=CARTESIAN_POINT('Origin',(166.251757,-45.1510538406457,3.45));
#17947=CARTESIAN_POINT('',(166.251757,-47.5823011122577,3.45));
#17948=CARTESIAN_POINT('Origin',(166.251757,-47.5823011122577,3.45));
#17949=CARTESIAN_POINT('',(166.24554348405,-47.8679919814294,3.45));
#17950=CARTESIAN_POINT('Origin',(166.24554348405,-47.8679919814294,3.45));
#17951=CARTESIAN_POINT('',(166.228239921635,-48.1245233892417,3.45));
#17952=CARTESIAN_POINT('Origin',(166.228239921635,-48.1245233892417,3.45));
#17953=CARTESIAN_POINT('',(166.199978542133,-48.3665981577784,3.45));
#17954=CARTESIAN_POINT('Origin',(166.199978542133,-48.3665981577784,3.45));
#17955=CARTESIAN_POINT('',(166.161369935198,-48.5933076792625,3.45));
#17956=CARTESIAN_POINT('Origin',(166.161369935198,-48.5933076792625,3.45));
#17957=CARTESIAN_POINT('',(166.113159128557,-48.8038781649082,3.45));
#17958=CARTESIAN_POINT('Origin',(166.113159128557,-48.8038781649082,3.45));
#17959=CARTESIAN_POINT('',(166.056215731397,-48.9977434177861,3.45));
#17960=CARTESIAN_POINT('Origin',(166.056215731397,-48.9977434177861,3.45));
#17961=CARTESIAN_POINT('',(165.991493372026,-49.1746152034461,3.45));
#17962=CARTESIAN_POINT('Origin',(165.991493372026,-49.1746152034461,3.45));
#17963=CARTESIAN_POINT('',(165.919957185388,-49.3345731959876,3.45));
#17964=CARTESIAN_POINT('Origin',(165.919957185388,-49.3345731959876,3.45));
#17965=CARTESIAN_POINT('',(165.842471541025,-49.4781274611351,3.45));
#17966=CARTESIAN_POINT('Origin',(165.842471541025,-49.4781274611351,3.45));
#17967=CARTESIAN_POINT('',(165.744401373975,-49.6298309245523,3.45));
#17968=CARTESIAN_POINT('Origin',(164.45279637142,-48.6910167010198,3.45));
#17969=CARTESIAN_POINT('',(165.498514499594,-49.897701923164,3.45));
#17970=CARTESIAN_POINT('Origin',(165.498514499594,-49.897701923164,3.45));
#17971=CARTESIAN_POINT('',(165.368373801147,-49.9960947989709,3.45));
#17972=CARTESIAN_POINT('Origin',(165.368373801147,-49.9960947989709,3.45));
#17973=CARTESIAN_POINT('',(165.247850353304,-50.071048615548,3.45));
#17974=CARTESIAN_POINT('Origin',(165.247850353304,-50.071048615548,3.45));
#17975=CARTESIAN_POINT('',(165.078288893799,-50.1564098088896,3.45));
#17976=CARTESIAN_POINT('Origin',(166.13282952823,-52.41370438631,3.45));
#17977=CARTESIAN_POINT('',(163.99968979169,-51.1264011495726,3.45));
#17978=CARTESIAN_POINT('Origin',(163.99968979169,-51.1264011495726,3.45));
#17979=CARTESIAN_POINT('',(163.971118048847,-51.175424531632,3.45));
#17980=CARTESIAN_POINT('Origin',(166.03849064929,-52.35280426007,3.45));
#17981=CARTESIAN_POINT('',(163.687960461689,-51.9850267034222,3.45));
#17982=CARTESIAN_POINT('Origin',(163.687960461689,-51.9850267034222,3.45));
#17983=CARTESIAN_POINT('',(163.679645540697,-52.0431521846387,3.45));
#17984=CARTESIAN_POINT('Origin',(166.03507835803,-52.35046238479,3.45));
#17985=CARTESIAN_POINT('',(163.659683011907,-52.3509778484108,3.45));
#17986=CARTESIAN_POINT('Origin',(163.659683,-52.3509778484134,3.45));
#17987=CARTESIAN_POINT('',(163.659683,-63.452904888978,3.45));
#17988=CARTESIAN_POINT('Origin',(163.659683,-63.452904888978,3.45));
#17989=CARTESIAN_POINT('',(163.761195526394,-63.7366039028037,3.45));
#17990=CARTESIAN_POINT('Origin',(163.761195526394,-63.7366039028037,3.45));
#17991=CARTESIAN_POINT('',(166.53520771232,-71.7534397888643,3.45));
#17992=CARTESIAN_POINT('Origin',(166.53520771232,-71.7534397888643,3.45));
#17993=CARTESIAN_POINT('',(166.568946933309,-71.8542731782412,3.45));
#17994=CARTESIAN_POINT('Origin',(166.568946933309,-71.8542731782412,3.45));
#17995=CARTESIAN_POINT('',(166.620576173291,-71.9609511563239,3.45));
#17996=CARTESIAN_POINT('Origin',(172.3158514214,-69.16764954552,3.45));
#17997=CARTESIAN_POINT('',(168.562386116119,-74.2813754125071,3.45));
#17998=CARTESIAN_POINT('Origin',(168.562386116119,-74.2813754125071,3.45));
#17999=CARTESIAN_POINT('',(168.831352723648,-74.4685524546213,3.45));
#18000=CARTESIAN_POINT('Origin',(172.34752290837,-69.12666888236,3.45));
#18001=CARTESIAN_POINT('Origin',(140.085605094383,-70.4847583696636,-6.55));
#18002=CARTESIAN_POINT('',(140.085605094383,-70.4847583696636,-0.05));
#18003=CARTESIAN_POINT('Origin',(143.076702,-62.1287597376221,-6.55));
#18004=CARTESIAN_POINT('Origin',(146.226811701,-48.39575897061,-6.55));
#18005=CARTESIAN_POINT('',(141.07569750067,-50.666614649498,-6.55));
#18006=CARTESIAN_POINT('Origin',(141.00738154825,-50.5061379851284,-6.55));
#18007=CARTESIAN_POINT('',(141.00738154825,-50.5061379851284,-6.55));
#18008=CARTESIAN_POINT('Origin',(147.03038059747,-48.0576479076,-6.55));
#18009=CARTESIAN_POINT('',(140.731596807548,-49.6691515453482,-6.55));
#18010=CARTESIAN_POINT('Origin',(140.689581295628,-49.4972107458575,-6.55));
#18011=CARTESIAN_POINT('Origin',(140.522334301377,-48.4452974172157,-6.55));
#18012=CARTESIAN_POINT('',(140.522334301377,-48.4452974172157,-6.55));
#18013=CARTESIAN_POINT('Origin',(140.493921868326,-48.0238364525863,-6.55));
#18014=CARTESIAN_POINT('',(140.493921868326,-48.0238364525863,-6.55));
#18015=CARTESIAN_POINT('Origin',(140.485152,-47.6203432963321,-6.55));
#18016=CARTESIAN_POINT('',(140.485152,-47.6203432963321,-6.55));
#18017=CARTESIAN_POINT('Origin',(140.485152,-45.1493601836191,-6.55));
#18018=CARTESIAN_POINT('',(140.485152,-45.1493601836191,-6.55));
#18019=CARTESIAN_POINT('Origin',(145.82833572819,-45.15354187355,-6.55));
#18020=CARTESIAN_POINT('',(140.667207192253,-43.7706531765634,-6.55));
#18021=CARTESIAN_POINT('Origin',(140.74154247496,-43.5164556804447,-6.55));
#18022=CARTESIAN_POINT('',(140.74154247496,-43.5164556804447,-6.55));
#18023=CARTESIAN_POINT('Origin',(146.20774525861,-45.26392886857,-6.55));
#18024=CARTESIAN_POINT('',(141.147658659287,-42.5567977260956,-6.55));
#18025=CARTESIAN_POINT('Origin',(141.276031968068,-42.3279816009826,-6.55));
#18026=CARTESIAN_POINT('',(141.276031968068,-42.3279816009826,-6.55));
#18027=CARTESIAN_POINT('Origin',(146.7306302913,-45.5530026408,-6.55));
#18028=CARTESIAN_POINT('',(141.857805111284,-41.5022029246857,-6.55));
#18029=CARTESIAN_POINT('Origin',(142.029930833979,-41.3026126848631,-6.55));
#18030=CARTESIAN_POINT('',(142.029930833979,-41.3026126848631,-6.55));
#18031=CARTESIAN_POINT('Origin',(147.22469001525,-45.97095979114,-6.55));
#18032=CARTESIAN_POINT('',(142.744545805721,-40.6130408371144,-6.55));
#18033=CARTESIAN_POINT('Origin',(142.952347781984,-40.4452817619336,-6.55));
#18034=CARTESIAN_POINT('',(142.952347781984,-40.4452817619336,-6.55));
#18035=CARTESIAN_POINT('Origin',(147.53709552965,-46.35164970255,-6.55));
#18036=CARTESIAN_POINT('',(144.321119125504,-39.6016430412462,-6.55));
#18037=CARTESIAN_POINT('Origin',(144.563961560293,-39.4910656904162,-6.55));
#18038=CARTESIAN_POINT('',(144.563961560293,-39.4910656904162,-6.55));
#18039=CARTESIAN_POINT('Origin',(147.49671447906,-46.23535217467,-6.55));
#18040=CARTESIAN_POINT('',(145.799313970735,-39.0795663073762,-6.55));
#18041=CARTESIAN_POINT('Origin',(146.061783084842,-39.0227902604439,-6.55));
#18042=CARTESIAN_POINT('',(146.061783084842,-39.0227902604439,-6.55));
#18043=CARTESIAN_POINT('Origin',(147.38357428135,-45.724160142,-6.55));
#18044=CARTESIAN_POINT('',(147.062435967001,-38.9012311199707,-6.55));
#18045=CARTESIAN_POINT('Origin',(147.335083125113,-38.894409,-6.55));
#18046=CARTESIAN_POINT('',(147.335083125113,-38.894409,-6.55));
#18047=CARTESIAN_POINT('Origin',(162.877099836982,-38.894409,-6.55));
#18048=CARTESIAN_POINT('',(162.877099836982,-38.894409,-6.55));
#18049=CARTESIAN_POINT('Origin',(162.87251267879,-45.52394845475,-6.55));
#18050=CARTESIAN_POINT('',(163.862794148537,-38.9687858808069,-6.55));
#18051=CARTESIAN_POINT('Origin',(164.127056109093,-39.0135621385474,-6.55));
#18052=CARTESIAN_POINT('',(164.127056109093,-39.0135621385474,-6.55));
#18053=CARTESIAN_POINT('Origin',(162.76850870819,-46.14264262185,-6.55));
#18054=CARTESIAN_POINT('',(165.382771212905,-39.3724822740924,-6.55));
#18055=CARTESIAN_POINT('Origin',(165.630102680401,-39.4728502513624,-6.55));
#18056=CARTESIAN_POINT('',(165.630102680401,-39.4728502513624,-6.55));
#18057=CARTESIAN_POINT('Origin',(162.68810701634,-46.36940207249,-6.55));
#18058=CARTESIAN_POINT('',(167.283735209817,-40.4450483510977,-6.55));
#18059=CARTESIAN_POINT('Origin',(167.492310218354,-40.6134194180357,-6.55));
#18060=CARTESIAN_POINT('',(167.492310218354,-40.6134194180357,-6.55));
#18061=CARTESIAN_POINT('Origin',(162.97386791459,-46.0105674793,-6.55));
#18062=CARTESIAN_POINT('',(168.205941382361,-41.3019652158358,-6.55));
#18063=CARTESIAN_POINT('Origin',(168.379071918102,-41.5026748291057,-6.55));
#18064=CARTESIAN_POINT('',(168.379071918102,-41.5026748291057,-6.55));
#18065=CARTESIAN_POINT('Origin',(163.46000420187,-45.58624808279,-6.55));
#18066=CARTESIAN_POINT('',(168.959941351367,-42.3268786550236,-6.55));
#18067=CARTESIAN_POINT('Origin',(169.089238261576,-42.5572339223343,-6.55));
#18068=CARTESIAN_POINT('',(169.089238261576,-42.5572339223343,-6.55));
#18069=CARTESIAN_POINT('Origin',(163.98897433014,-45.28170870362,-6.55));
#18070=CARTESIAN_POINT('',(169.49487919056,-43.5152244347471,-6.55));
#18071=CARTESIAN_POINT('Origin',(169.56952207307,-43.7703065401999,-6.55));
#18072=CARTESIAN_POINT('',(169.56952207307,-43.7703065401999,-6.55));
#18073=CARTESIAN_POINT('Origin',(164.41075458704,-45.15357865536,-6.55));
#18074=CARTESIAN_POINT('',(169.751756911105,-45.1493485455002,-6.55));
#18075=CARTESIAN_POINT('Origin',(169.751757,-47.6203575169895,-6.55));
#18076=CARTESIAN_POINT('',(169.751757,-47.6203575169895,-6.55));
#18077=CARTESIAN_POINT('Origin',(169.7429803546,-48.0238983580933,-6.55));
#18078=CARTESIAN_POINT('',(169.7429803546,-48.0238983580933,-6.55));
#18079=CARTESIAN_POINT('Origin',(169.714548104487,-48.445416481011,-6.55));
#18080=CARTESIAN_POINT('',(169.714548104487,-48.445416481011,-6.55));
#18081=CARTESIAN_POINT('Origin',(169.665719277157,-48.8636631229621,-6.55));
#18082=CARTESIAN_POINT('',(169.665719277157,-48.8636631229621,-6.55));
#18083=CARTESIAN_POINT('Origin',(169.595122086403,-49.2782094276498,-6.55));
#18084=CARTESIAN_POINT('',(169.595122086403,-49.2782094276498,-6.55));
#18085=CARTESIAN_POINT('Origin',(169.501198495257,-49.6884397801225,-6.55));
#18086=CARTESIAN_POINT('',(169.501198495257,-49.6884397801225,-6.55));
#18087=CARTESIAN_POINT('Origin',(169.382231358137,-50.0934664429517,-6.55));
#18088=CARTESIAN_POINT('',(169.382231358137,-50.0934664429517,-6.55));
#18089=CARTESIAN_POINT('Origin',(169.236384503965,-50.4920333954052,-6.55));
#18090=CARTESIAN_POINT('',(169.236384503965,-50.4920333954052,-6.55));
#18091=CARTESIAN_POINT('Origin',(169.06181108615,-50.8823870720167,-6.55));
#18092=CARTESIAN_POINT('',(169.06181108615,-50.8823870720167,-6.55));
#18093=CARTESIAN_POINT('Origin',(168.856798611977,-51.2622047184678,-6.55));
#18094=CARTESIAN_POINT('',(168.856798611977,-51.2622047184678,-6.55));
#18095=CARTESIAN_POINT('Origin',(168.64643662061,-51.5876109416181,-6.55));
#18096=CARTESIAN_POINT('',(168.64643662061,-51.5876109416181,-6.55));
#18097=CARTESIAN_POINT('Origin',(164.45279637142,-48.69101670102,-6.55));
#18098=CARTESIAN_POINT('',(167.676136466701,-52.6390485352945,-6.55));
#18099=CARTESIAN_POINT('Origin',(167.352059931825,-52.8840666013589,-6.55));
#18100=CARTESIAN_POINT('',(167.352059931825,-52.8840666013589,-6.55));
#18101=CARTESIAN_POINT('Origin',(167.159682999999,-53.0037062691554,-6.55));
#18102=CARTESIAN_POINT('',(167.159682999999,-53.0037062691554,-6.55));
#18103=CARTESIAN_POINT('Origin',(167.159683,-62.8548095752672,-6.55));
#18104=CARTESIAN_POINT('',(167.159683,-62.8548095752672,-6.55));
#18105=CARTESIAN_POINT('Origin',(169.807269908769,-70.506279114359,-6.55));
#18106=CARTESIAN_POINT('',(169.807269908769,-70.506279114359,-6.55));
#18107=CARTESIAN_POINT('Origin',(172.3158514214,-69.1676495455201,-6.55));
#18108=CARTESIAN_POINT('',(170.604988468698,-71.4387414162193,-6.55));
#18109=CARTESIAN_POINT('Origin',(170.786200724915,-71.5648491677586,-6.55));
#18110=CARTESIAN_POINT('',(170.786200724915,-71.5648491677586,-6.55));
#18111=CARTESIAN_POINT('Origin',(172.34752290837,-69.1266688823598,-6.55));
#18112=CARTESIAN_POINT('',(171.876538864078,-71.9833494901072,-6.55));
#18113=CARTESIAN_POINT('Origin',(192.130447503882,-75.3313746032082,-6.55));
#18114=CARTESIAN_POINT('',(192.130447503882,-75.3313746032082,-0.05));
#18115=CARTESIAN_POINT('Origin',(191.08122368684,-81.71378343628,-6.55));
#18116=CARTESIAN_POINT('',(193.472085732853,-75.7038091675778,-0.05));
#18117=CARTESIAN_POINT('Origin',(193.807653907333,-75.8493886614324,-6.55));
#18118=UNCERTAINTY_MEASURE_WITH_UNIT(LENGTH_MEASURE(0.01),#18122,
'DISTANCE_ACCURACY_VALUE',
'Maximum model space distance between geometric entities at asserted c
onnectivities');
#18119=UNCERTAINTY_MEASURE_WITH_UNIT(LENGTH_MEASURE(0.01),#18122,
'DISTANCE_ACCURACY_VALUE',
'Maximum model space distance between geometric entities at asserted c
onnectivities');
#18120=(
GEOMETRIC_REPRESENTATION_CONTEXT(3)
GLOBAL_UNCERTAINTY_ASSIGNED_CONTEXT((#18118))
GLOBAL_UNIT_ASSIGNED_CONTEXT((#18122,#18124,#18125))
REPRESENTATION_CONTEXT('','3D')
);
#18121=(
GEOMETRIC_REPRESENTATION_CONTEXT(3)
GLOBAL_UNCERTAINTY_ASSIGNED_CONTEXT((#18119))
GLOBAL_UNIT_ASSIGNED_CONTEXT((#18122,#18124,#18125))
REPRESENTATION_CONTEXT('','3D')
);
#18122=(
LENGTH_UNIT()
NAMED_UNIT(*)
SI_UNIT(.MILLI.,.METRE.)
);
#18123=(
LENGTH_UNIT()
NAMED_UNIT(*)
SI_UNIT($,.METRE.)
);
#18124=(
NAMED_UNIT(*)
PLANE_ANGLE_UNIT()
SI_UNIT($,.RADIAN.)
);
#18125=(
NAMED_UNIT(*)
SI_UNIT($,.STERADIAN.)
SOLID_ANGLE_UNIT()
);
#18126=SHAPE_DEFINITION_REPRESENTATION(#18127,#18128);
#18127=PRODUCT_DEFINITION_SHAPE('',$,#18130);
#18128=SHAPE_REPRESENTATION('',(#10672),#18120);
#18129=PRODUCT_DEFINITION_CONTEXT('part definition',#18134,'design');
#18130=PRODUCT_DEFINITION('top half','top half',#18131,#18129);
#18131=PRODUCT_DEFINITION_FORMATION('',$,#18136);
#18132=PRODUCT_RELATED_PRODUCT_CATEGORY('top half','top half',(#18136));
#18133=APPLICATION_PROTOCOL_DEFINITION('international standard',
'automotive_design',2009,#18134);
#18134=APPLICATION_CONTEXT(
'Core Data for Automotive Mechanical Design Process');
#18135=PRODUCT_CONTEXT('part definition',#18134,'mechanical');
#18136=PRODUCT('top half','top half',$,(#18135));
#18137=PRESENTATION_STYLE_ASSIGNMENT((#18139));
#18138=PRESENTATION_STYLE_ASSIGNMENT((#18140));
#18139=SURFACE_STYLE_USAGE(.BOTH.,#18141);
#18140=SURFACE_STYLE_USAGE(.BOTH.,#18142);
#18141=SURFACE_SIDE_STYLE('',(#18143));
#18142=SURFACE_SIDE_STYLE('',(#18144));
#18143=SURFACE_STYLE_FILL_AREA(#18145);
#18144=SURFACE_STYLE_FILL_AREA(#18146);
#18145=FILL_AREA_STYLE('ABS (White)',(#18147));
#18146=FILL_AREA_STYLE('ABS (White) (4)',(#18148));
#18147=FILL_AREA_STYLE_COLOUR('ABS (White)',#18149);
#18148=FILL_AREA_STYLE_COLOUR('ABS (White) (4)',#18150);
#18149=COLOUR_RGB('ABS (White)',0.964705882352941,0.964705882352941,0.952941176470588);
#18150=COLOUR_RGB('ABS (White) (4)',0.631372549019608,0.486274509803922,
0.831372549019608);
ENDSEC;
END-ISO-10303-21;
